date,spy,qqq,dbc,agg,gld,cash
2007-10-10,0.3749964,0.1250003,0.1250003,0.12500171,0.1250003,0.125001
2007-10-11,0.16666482,0.16666482,0.16666482,0.16667305,0.16666482,0.16666763
2007-10-12,0.11111111,0.44444445,0.11111111,0.11111111,0.11111111,0.11111111
2007-10-15,0.0909182,0.0909182,0.0909182,0.09092764,0.5453963,0.09092141
2007-10-16,0.09090918,0.09090918,0.09090918,0.09090928,0.54545397,0.09090923
2007-10-17,0.090909086,0.090909086,0.090909086,0.090909086,0.54545456,0.090909086
2007-10-18,0.15727551,0.15727882,0.15727651,0.15727551,0.15727551,0.21361808
2007-10-19,0.37499955,0.12500003,0.12500003,0.1250002,0.12500003,0.1250001
2007-10-22,0.3749973,0.12500024,0.12500024,0.1250013,0.12500024,0.12500076
2007-10-23,0.37499934,0.12500006,0.12500006,0.12500031,0.12500006,0.12500018
2007-10-24,0.090909086,0.090909086,0.090909086,0.090909086,0.54545456,0.090909086
2007-10-25,0.09090909,0.09090909,0.09090909,0.090909116,0.54545444,0.09090909
2007-10-26,0.37499988,0.12500001,0.12500001,0.12500004,0.12500001,0.12500001
2007-10-29,0.11111111,0.44444445,0.11111111,0.11111111,0.11111111,0.11111111
2007-10-30,0.15727551,0.15727882,0.15727651,0.15727551,0.15727551,0.21361808
2007-10-31,0.16665053,0.16665053,0.16665053,0.1667227,0.16665053,0.16667514
2007-11-01,0.11111123,0.44444355,0.11111123,0.111111455,0.11111123,0.11111131
2007-11-02,0.16664931,0.16664931,0.16664931,0.16672696,0.16664931,0.16667578
2007-11-05,0.37498888,0.12500094,0.12500094,0.12500525,0.12500094,0.12500308
2007-11-06,0.15727551,0.15727882,0.15727651,0.15727551,0.15727551,0.21361808
2007-11-07,0.15727551,0.15727882,0.15727651,0.15727551,0.15727551,0.21361808
2007-11-08,0.0910817,0.0910817,0.0910817,0.09126101,0.54435116,0.09114276
2007-11-09,0.090963766,0.090963766,0.090963766,0.091020435,0.54510516,0.09098308
2007-11-12,0.090920314,0.090920314,0.090920314,0.090931945,0.5453828,0.09092428
2007-11-13,0.09091237,0.09091237,0.09091237,0.09091576,0.54543364,0.09091353
2007-11-14,0.09094495,0.09094495,0.09094495,0.09098212,0.5452253,0.09095762
2007-11-15,0.16666666,0.16666666,0.16666666,0.16666669,0.16666666,0.16666669
2007-11-16,0.16666667,0.16666667,0.16666667,0.16666667,0.16666667,0.16666667
2007-11-19,0.15727551,0.15727882,0.15727651,0.15727551,0.15727551,0.21361808
2007-11-20,0.37500003,0.125,0.125,0.125,0.125,0.125
2007-11-21,0.15727551,0.15727882,0.15727651,0.15727551,0.15727551,0.21361808
2007-11-23,0.16666667,0.16666667,0.16666667,0.16666667,0.16666667,0.16666667
2007-11-26,0.090909116,0.090909116,0.090909116,0.09090913,0.54545444,0.09090913
2007-11-27,0.16666666,0.16666666,0.16666666,0.16666669,0.16666666,0.16666667
2007-11-28,0.37500003,0.125,0.125,0.125,0.125,0.125
2007-11-29,0.11111111,0.44444445,0.11111111,0.11111111,0.11111111,0.11111111
2007-11-30,0.15727551,0.15727882,0.15727651,0.15727551,0.15727551,0.21361808
2007-12-03,0.111111164,0.44444403,0.111111164,0.11111127,0.111111164,0.1111112
2007-12-04,0.16654372,0.16654372,0.16654372,0.16709405,0.16654372,0.16673106
2007-12-05,0.15727551,0.15727882,0.15727651,0.15727551,0.15727551,0.21361808
2007-12-06,0.37499896,0.12500009,0.12500009,0.12500049,0.12500009,0.1250003
2007-12-07,0.09099485,0.09099485,0.09099485,0.091083795,0.5449065,0.09102516
2007-12-10,0.111111164,0.44444412,0.111111164,0.11111124,0.111111164,0.11111119
2007-12-11,0.37500003,0.125,0.125,0.125,0.125,0.125
2007-12-12,0.09090913,0.09090913,0.09090913,0.09090918,0.5454542,0.09090915
2007-12-13,0.15727551,0.15727882,0.15727651,0.15727551,0.15727551,0.21361808
2007-12-14,0.11111111,0.44444445,0.11111111,0.11111111,0.11111111,0.11111111
2007-12-17,0.37500003,0.125,0.125,0.125,0.125,0.125
2007-12-18,0.15727551,0.15727882,0.15727651,0.15727551,0.15727551,0.21361808
2007-12-19,0.37500003,0.125,0.125,0.125,0.125,0.125
2007-12-20,0.15727551,0.15727882,0.15727651,0.15727551,0.15727551,0.21361808
2007-12-21,0.090909086,0.090909086,0.090909086,0.090909086,0.54545456,0.090909086
2007-12-24,0.37499988,0.12500001,0.12500001,0.12500004,0.12500001,0.12500001
2007-12-26,0.16666661,0.16666661,0.16666661,0.16666688,0.16666661,0.1666667
2007-12-27,0.15727551,0.15727882,0.15727651,0.15727551,0.15727551,0.21361808
2007-12-28,0.09090909,0.09090909,0.09090909,0.090909116,0.54545444,0.09090909
2007-12-31,0.11111111,0.44444445,0.11111111,0.11111111,0.11111111,0.11111111
2008-01-02,0.09091024,0.09091024,0.09091024,0.09091145,0.5454472,0.09091066
2008-01-03,0.11111111,0.44444445,0.11111111,0.11111111,0.11111111,0.11111111
2008-01-04,0.11111111,0.44444445,0.11111111,0.11111111,0.11111111,0.11111111
2008-01-07,0.16664946,0.16664946,0.16664946,0.16672646,0.16664946,0.1666757
2008-01-08,0.16665314,0.16665314,0.16665314,0.16671363,0.16665314,0.16667375
2008-01-09,0.15727551,0.15727882,0.15727651,0.15727551,0.15727551,0.21361808
2008-01-10,0.16666341,0.16666341,0.16666341,0.16667801,0.16666341,0.16666839
2008-01-11,0.11111111,0.44444445,0.11111111,0.11111111,0.11111111,0.11111111
2008-01-14,0.11111111,0.44444445,0.11111111,0.11111111,0.11111111,0.11111111
2008-01-15,0.15727551,0.15727882,0.15727651,0.15727551,0.15727551,0.21361808
2008-01-16,0.16666663,0.16666663,0.16666663,0.16666682,0.16666663,0.1666667
2008-01-17,0.16666664,0.16666664,0.16666664,0.16666672,0.16666664,0.16666667
2008-01-18,0.11111111,0.44444445,0.11111111,0.11111111,0.11111111,0.11111111
2008-01-22,0.09090909,0.09090909,0.09090909,0.090909116,0.54545444,0.09090909
2008-01-23,0.16666667,0.16666667,0.16666667,0.16666669,0.16666667,0.16666667
2008-01-24,0.11111111,0.44444445,0.11111111,0.11111111,0.11111111,0.11111111
2008-01-25,0.15727551,0.15727882,0.15727651,0.15727551,0.15727551,0.21361808
2008-01-28,0.15727551,0.15727882,0.15727651,0.15727551,0.15727551,0.21361808
2008-01-29,0.11111111,0.44444445,0.11111111,0.11111111,0.11111111,0.11111111
2008-01-30,0.11111111,0.4444444,0.11111111,0.11111113,0.11111111,0.11111111
2008-01-31,0.111111194,0.44444382,0.111111194,0.11111136,0.111111194,0.111111246
2008-02-01,0.15727551,0.15727882,0.15727651,0.15727551,0.15727551,0.21361808
2008-02-04,0.16662571,0.16662571,0.16662571,0.166809,0.16662571,0.16668814
2008-02-05,0.15727551,0.15727882,0.15727651,0.15727551,0.15727551,0.21361808
2008-02-06,0.11111163,0.4444404,0.11111163,0.11111264,0.11111163,0.111111976
2008-02-07,0.15727551,0.15727882,0.15727651,0.15727551,0.15727551,0.21361808
2008-02-08,0.11111118,0.44444397,0.11111118,0.1111113,0.11111118,0.111111216
2008-02-11,0.09108695,0.09108695,0.09108695,0.09127171,0.54431766,0.09114987
2008-02-12,0.16666484,0.16666484,0.16666484,0.166673,0.16666484,0.16666763
2008-02-13,0.37499988,0.12500001,0.12500001,0.12500004,0.12500001,0.12500003
2008-02-14,0.11111111,0.44444445,0.11111111,0.11111111,0.11111111,0.11111111
2008-02-15,0.37500003,0.125,0.125,0.125,0.125,0.125
2008-02-19,0.15727551,0.15727882,0.15727651,0.15727551,0.15727551,0.21361808
2008-02-20,0.16666663,0.16666663,0.16666663,0.16666678,0.16666663,0.16666669
2008-02-21,0.37500003,0.125,0.125,0.125,0.125,0.125
2008-02-22,0.090909086,0.090909086,0.090909086,0.090909086,0.54545456,0.090909086
2008-02-25,0.37499997,0.125,0.125,0.12500001,0.125,0.125
2008-02-26,0.15727551,0.15727882,0.15727651,0.15727551,0.15727551,0.21361808
2008-02-27,0.15727551,0.15727882,0.15727651,0.15727551,0.15727551,0.21361808
2008-02-28,0.16666625,0.16666625,0.16666625,0.16666809,0.16666625,0.16666688
2008-02-29,0.16666399,0.16666399,0.16666399,0.16667594,0.16666399,0.16666807
2008-03-03,0.15727551,0.15727882,0.15727651,0.15727551,0.15727551,0.21361808
2008-03-04,0.16663958,0.16663958,0.16663958,0.1667608,0.16663958,0.16668087
2008-03-05,0.1666533,0.1666533,0.1666533,0.1667131,0.1666533,0.16667369
2008-03-06,0.16665368,0.16665368,0.16665368,0.16671176,0.16665368,0.16667348
2008-03-07,0.09100118,0.09100118,0.09100118,0.091096714,0.54486597,0.09103373
2008-03-10,0.11111111,0.44444445,0.11111111,0.11111111,0.11111111,0.11111111
2008-03-11,0.1666641,0.1666641,0.1666641,0.16667563,0.1666641,0.16666803
2008-03-12,0.09094115,0.09094115,0.09094115,0.090974376,0.5452497,0.09095247
2008-03-13,0.090913445,0.090913445,0.090913445,0.090917945,0.54542685,0.090914965
2008-03-14,0.09090951,0.09090951,0.09090951,0.090909936,0.54545194,0.09090965
2008-03-17,0.16666664,0.16666664,0.16666664,0.16666676,0.16666664,0.16666669
2008-03-18,0.15727551,0.15727882,0.15727651,0.15727551,0.15727551,0.21361808
2008-03-19,0.11111111,0.44444445,0.11111111,0.11111111,0.11111111,0.11111111
2008-03-20,0.09090912,0.09090912,0.09090912,0.090909176,0.5454544,0.090909146
2008-03-24,0.37500003,0.125,0.125,0.125,0.125,0.125
2008-03-25,0.15727551,0.15727882,0.15727651,0.15727551,0.15727551,0.21361808
2008-03-26,0.11111111,0.44444445,0.11111111,0.11111111,0.11111111,0.11111111
2008-03-27,0.16664898,0.16664898,0.16664898,0.1667281,0.16664898,0.16667596
2008-03-28,0.37499997,0.125,0.125,0.12500001,0.125,0.125
2008-03-31,0.11111111,0.44444445,0.11111111,0.11111111,0.11111111,0.11111111
2008-04-01,0.16573966,0.16573966,0.16573966,0.16989657,0.16573966,0.16714476
2008-04-02,0.11111113,0.44444436,0.11111113,0.11111116,0.11111113,0.11111114
2008-04-03,0.11111113,0.4444443,0.11111113,0.11111117,0.11111113,0.11111114
2008-04-04,0.111111164,0.44444412,0.111111164,0.11111124,0.111111164,0.11111119
2008-04-07,0.11111149,0.44444156,0.11111149,0.11111221,0.11111149,0.11111173
2008-04-08,0.37471893,0.1250236,0.1250236,0.12513234,0.12502362,0.12507798
2008-04-09,0.1664384,0.1664384,0.1664384,0.16746044,0.1664384,0.166786
2008-04-10,0.37487602,0.12501042,0.12501042,0.12505837,0.12501043,0.12503439
2008-04-11,0.16661143,0.16661143,0.16661143,0.16685861,0.16661143,0.16669564
2008-04-14,0.16661675,0.16661675,0.16661675,0.16684012,0.16661675,0.16669284
2008-04-15,0.16661133,0.16661133,0.16661133,0.16685903,0.16661133,0.1666957
2008-04-16,0.16665632,0.16665632,0.16665632,0.16670264,0.16665632,0.1666721
2008-04-17,0.090909086,0.090909086,0.090909086,0.090909086,0.54545456,0.090909086
2008-04-18,0.090909086,0.090909086,0.090909086,0.090909086,0.54545456,0.090909086
2008-04-21,0.37500003,0.125,0.125,0.125,0.125,0.125
2008-04-22,0.15727551,0.15727882,0.15727651,0.15727551,0.15727551,0.21361808
2008-04-23,0.11111111,0.44444445,0.11111111,0.11111111,0.11111111,0.11111111
2008-04-24,0.37499997,0.12500001,0.12500001,0.12500004,0.12500001,0.12500003
2008-04-25,0.09090909,0.09090909,0.09090909,0.090909116,0.54545444,0.09090909
2008-04-28,0.11111111,0.44444445,0.11111111,0.11111111,0.11111111,0.11111111
2008-04-29,0.09090946,0.09090946,0.09090946,0.09090984,0.5454522,0.090909585
2008-04-30,0.15727551,0.15727882,0.15727651,0.15727551,0.15727551,0.21361808
2008-05-01,0.15727551,0.15727882,0.15727651,0.15727551,0.15727551,0.21361808
2008-05-02,0.15727551,0.15727882,0.15727651,0.15727551,0.15727551,0.21361808
2008-05-05,0.16545838,0.16545838,0.16545838,0.17087999,0.16545838,0.16728646
2008-05-06,0.37333965,0.12513871,0.12513869,0.12578338,0.12513886,0.12546076
2008-05-07,0.15727551,0.15727882,0.15727651,0.15727551,0.15727551,0.21361808
2008-05-08,0.15727551,0.15727882,0.15727651,0.15727551,0.15727551,0.21361808
2008-05-09,0.090913594,0.090913594,0.090913594,0.09091825,0.54542583,0.09091519
2008-05-12,0.15727551,0.15727882,0.15727651,0.15727551,0.15727551,0.21361808
2008-05-13,0.090909965,0.090909965,0.090909965,0.09091088,0.54544896,0.09091028
2008-05-14,0.15727551,0.15727882,0.15727651,0.15727551,0.15727551,0.21361808
2008-05-15,0.11111111,0.44444445,0.11111111,0.11111111,0.11111111,0.11111111
2008-05-16,0.11111111,0.44444445,0.11111111,0.11111111,0.11111111,0.11111111
2008-05-19,0.16666606,0.16666606,0.16666606,0.16666874,0.16666606,0.16666698
2008-05-20,0.11111111,0.44444445,0.11111111,0.11111111,0.11111111,0.11111111
2008-05-21,0.11111111,0.44444445,0.11111111,0.11111111,0.11111111,0.11111111
2008-05-22,0.11111111,0.44444445,0.11111111,0.11111111,0.11111111,0.11111111
2008-05-23,0.16666657,0.16666657,0.16666657,0.16666701,0.16666657,0.16666672
2008-05-27,0.11111111,0.44444445,0.11111111,0.11111111,0.11111111,0.11111111
2008-05-28,0.11111111,0.44444445,0.11111111,0.11111111,0.11111111,0.11111111
2008-05-29,0.16666591,0.16666591,0.16666591,0.1666693,0.16666591,0.16666706
2008-05-30,0.11111111,0.44444445,0.11111111,0.11111111,0.11111111,0.11111111
2008-06-02,0.37497857,0.1250018,0.1250018,0.12501007,0.1250018,0.12500593
2008-06-03,0.16664286,0.16664286,0.16664286,0.16674943,0.16664286,0.16667916
2008-06-04,0.11111111,0.44444445,0.11111111,0.11111111,0.11111111,0.11111111
2008-06-05,0.09093232,0.09093232,0.09093232,0.090956375,0.5453062,0.09094051
2008-06-06,0.15727551,0.15727882,0.15727651,0.15727551,0.15727551,0.21361808
2008-06-09,0.16660756,0.16660756,0.16660756,0.16687214,0.16660756,0.16669768
2008-06-10,0.15727551,0.15727882,0.15727651,0.15727551,0.15727551,0.21361808
2008-06-11,0.3748834,0.12500979,0.12500979,0.12505487,0.1250098,0.12503232
2008-06-12,0.15727551,0.15727882,0.15727651,0.15727551,0.15727551,0.21361808
2008-06-13,0.3747652,0.1250197,0.1250197,0.12511054,0.12501973,0.12506513
2008-06-16,0.15727551,0.15727882,0.15727651,0.15727551,0.15727551,0.21361808
2008-06-17,0.09090916,0.09090916,0.09090916,0.09090924,0.5454541,0.090909176
2008-06-18,0.3749993,0.12500006,0.12500006,0.12500033,0.12500006,0.1250002
2008-06-19,0.11111111,0.44444445,0.11111111,0.11111111,0.11111111,0.11111111
2008-06-20,0.09090909,0.09090909,0.09090909,0.09090909,0.54545444,0.09090909
2008-06-23,0.11111111,0.44444445,0.11111111,0.11111111,0.11111111,0.11111111
2008-06-24,0.37499955,0.12500003,0.12500003,0.12500021,0.12500003,0.1250001
2008-06-25,0.15727551,0.15727882,0.15727651,0.15727551,0.15727551,0.21361808
2008-06-26,0.11111111,0.44444445,0.11111111,0.11111111,0.11111111,0.11111111
2008-06-27,0.37499955,0.12500003,0.12500003,0.1250002,0.12500003,0.1250001
2008-06-30,0.15727551,0.15727882,0.15727651,0.15727551,0.15727551,0.21361808
2008-07-01,0.37499127,0.12500073,0.12500073,0.12500413,0.12500073,0.12500243
2008-07-02,0.16665643,0.16665643,0.16665643,0.16670226,0.16665643,0.16667205
2008-07-03,0.37499577,0.12500036,0.12500036,0.125002,0.12500036,0.12500118
2008-07-07,0.15727551,0.15727882,0.15727651,0.15727551,0.15727551,0.21361808
2008-07-08,0.15727551,0.15727882,0.15727651,0.15727551,0.15727551,0.21361808
2008-07-09,0.16666363,0.16666363,0.16666363,0.16667719,0.16666363,0.16666825
2008-07-10,0.09091107,0.09091107,0.09091107,0.0909131,0.5454419,0.09091175
2008-07-11,0.37499803,0.12500016,0.12500016,0.12500092,0.12500016,0.12500055
2008-07-14,0.3749996,0.12500003,0.12500003,0.12500018,0.12500003,0.1250001
2008-07-15,0.37499997,0.12500001,0.12500001,0.12500004,0.12500001,0.12500003
2008-07-16,0.16666666,0.16666666,0.16666666,0.16666669,0.16666666,0.16666667
2008-07-17,0.15727551,0.15727882,0.15727651,0.15727551,0.15727551,0.21361808
2008-07-18,0.15727551,0.15727882,0.15727651,0.15727551,0.15727551,0.21361808
2008-07-21,0.11111111,0.44444445,0.11111111,0.11111111,0.11111111,0.11111111
2008-07-22,0.15727551,0.15727882,0.15727651,0.15727551,0.15727551,0.21361808
2008-07-23,0.11111111,0.44444445,0.11111111,0.11111111,0.11111111,0.11111111
2008-07-24,0.37500003,0.125,0.125,0.125,0.125,0.125
2008-07-25,0.15727551,0.15727882,0.15727651,0.15727551,0.15727551,0.21361808
2008-07-28,0.11111111,0.44444445,0.11111111,0.11111111,0.11111111,0.11111111
2008-07-29,0.16666663,0.16666663,0.16666663,0.16666684,0.16666663,0.16666669
2008-07-30,0.15727551,0.15727882,0.15727651,0.15727551,0.15727551,0.21361808
2008-07-31,0.11111111,0.44444445,0.11111111,0.11111111,0.11111111,0.11111111
2008-08-01,0.11111113,0.44444436,0.11111113,0.11111116,0.11111113,0.11111114
2008-08-04,0.11111113,0.44444436,0.11111113,0.11111116,0.11111113,0.11111114
2008-08-05,0.11111113,0.44444436,0.11111113,0.11111116,0.11111113,0.11111114
2008-08-06,0.11111113,0.4444443,0.11111113,0.11111116,0.11111113,0.11111114
2008-08-07,0.15727551,0.15727882,0.15727651,0.15727551,0.15727551,0.21361808
2008-08-08,0.37499917,0.12500007,0.12500007,0.1250004,0.12500007,0.12500024
2008-08-11,0.374999,0.12500009,0.12500009,0.12500048,0.12500009,0.12500028
2008-08-12,0.11111111,0.44444445,0.11111111,0.11111111,0.11111111,0.11111111
2008-08-13,0.16666481,0.16666481,0.16666481,0.16667312,0.16666481,0.16666766
2008-08-14,0.37499985,0.12500001,0.12500001,0.12500006,0.12500001,0.12500003
2008-08-15,0.166666,0.166666,0.166666,0.166669,0.166666,0.16666701
2008-08-18,0.090909086,0.090909086,0.090909086,0.090909086,0.54545456,0.090909086
2008-08-19,0.11111111,0.44444445,0.11111111,0.11111111,0.11111111,0.11111111
2008-08-20,0.11111111,0.44444445,0.11111111,0.11111111,0.11111111,0.11111111
2008-08-21,0.16666658,0.16666658,0.16666658,0.16666698,0.16666658,0.16666672
2008-08-22,0.15727551,0.15727882,0.15727651,0.15727551,0.15727551,0.21361808
2008-08-25,0.37500003,0.125,0.125,0.125,0.125,0.125
2008-08-26,0.1666665,0.1666665,0.1666665,0.1666673,0.1666665,0.16666676
2008-08-27,0.16666624,0.16666624,0.16666624,0.16666812,0.16666624,0.1666669
2008-08-28,0.15727551,0.15727882,0.15727651,0.15727551,0.15727551,0.21361808
2008-08-29,0.09090912,0.09090912,0.09090912,0.09090913,0.5454544,0.09090912
2008-09-02,0.16665517,0.16665517,0.16665517,0.16670659,0.16665517,0.16667269
2008-09-03,0.16665275,0.16665275,0.16665275,0.16671503,0.16665275,0.16667397
2008-09-04,0.37499997,0.125,0.125,0.12500001,0.125,0.125
2008-09-05,0.09090982,0.09090982,0.09090982,0.09091058,0.5454498,0.09091008
2008-09-08,0.16665195,0.16665195,0.16665195,0.1667178,0.16665195,0.16667439
2008-09-09,0.11111111,0.44444445,0.11111111,0.11111111,0.11111111,0.11111111
2008-09-10,0.16665214,0.16665214,0.16665214,0.1667171,0.16665214,0.16667427
2008-09-11,0.16665941,0.16665941,0.16665941,0.16669185,0.16665941,0.16667047
2008-09-12,0.090909496,0.090909496,0.090909496,0.09090991,0.545452,0.09090963
2008-09-15,0.16666315,0.16666315,0.16666315,0.16667886,0.16666315,0.1666685
2008-09-16,0.11111111,0.44444445,0.11111111,0.11111111,0.11111111,0.11111111
2008-09-17,0.37500003,0.125,0.125,0.125,0.125,0.125
2008-09-18,0.15727551,0.15727882,0.15727651,0.15727551,0.15727551,0.21361808
2008-09-19,0.09090909,0.09090909,0.09090909,0.090909116,0.54545444,0.09090909
2008-09-22,0.09090912,0.09090912,0.09090912,0.090909176,0.5454544,0.090909146
2008-09-23,0.09090912,0.09090912,0.09090912,0.090909176,0.5454544,0.090909146
2008-09-24,0.09090909,0.09090909,0.09090909,0.090909116,0.54545444,0.09090909
2008-09-25,0.1666666,0.1666666,0.1666666,0.1666669,0.1666666,0.16666669
2008-09-26,0.16666663,0.16666663,0.16666663,0.1666668,0.16666663,0.16666669
2008-09-29,0.1666666,0.1666666,0.1666666,0.16666691,0.1666666,0.1666667
2008-09-30,0.090909116,0.090909116,0.090909116,0.09090913,0.54545444,0.09090913
2008-10-01,0.16666661,0.16666661,0.16666661,0.16666688,0.16666661,0.16666669
2008-10-02,0.37500003,0.125,0.125,0.125,0.125,0.125
2008-10-03,0.37500003,0.125,0.125,0.125,0.125,0.125
2008-10-06,0.15727551,0.15727882,0.15727651,0.15727551,0.15727551,0.21361808
2008-10-07,0.15727551,0.15727882,0.15727651,0.15727551,0.15727551,0.21361808
2008-10-08,0.09091178,0.09091178,0.09091178,0.090914555,0.54543746,0.09091273
2008-10-09,0.11111113,0.44444445,0.11111113,0.11111113,0.11111113,0.11111113
2008-10-10,0.11111111,0.44444445,0.11111111,0.11111111,0.11111111,0.11111111
2008-10-13,0.1666665,0.1666665,0.1666665,0.16666727,0.1666665,0.16666676
2008-10-14,0.11111111,0.44444445,0.11111111,0.11111111,0.11111111,0.11111111
2008-10-15,0.09091056,0.09091056,0.09091056,0.090912074,0.54544514,0.090911075
2008-10-16,0.16666667,0.16666667,0.16666667,0.16666667,0.16666667,0.16666667
2008-10-17,0.37499988,0.12500001,0.12500001,0.12500004,0.12500001,0.12500001
2008-10-20,0.37499982,0.12500001,0.12500001,0.1250001,0.12500001,0.12500006
2008-10-21,0.09090938,0.09090938,0.09090938,0.09090968,0.54545265,0.090909496
2008-10-22,0.37499997,0.125,0.125,0.12500001,0.125,0.125
2008-10-23,0.11111111,0.44444445,0.11111111,0.11111111,0.11111111,0.11111111
2008-10-24,0.16666666,0.16666666,0.16666666,0.16666669,0.16666666,0.16666667
2008-10-27,0.15727551,0.15727882,0.15727651,0.15727551,0.15727551,0.21361808
2008-10-28,0.1666662,0.1666662,0.1666662,0.16666831,0.1666662,0.16666691
2008-10-29,0.16666394,0.16666394,0.16666394,0.16667612,0.16666394,0.1666681
2008-10-30,0.37499997,0.12500001,0.12500001,0.12500004,0.12500001,0.12500003
2008-10-31,0.37499988,0.12500001,0.12500001,0.12500004,0.12500001,0.12500003
2008-11-03,0.3749996,0.12500003,0.12500003,0.12500018,0.12500003,0.1250001
2008-11-04,0.15727551,0.15727882,0.15727651,0.15727551,0.15727551,0.21361808
2008-11-05,0.16646263,0.16646263,0.16646263,0.16737612,0.16646263,0.1667734
2008-11-06,0.16510898,0.16510898,0.16510898,0.17210382,0.16510898,0.16746028
2008-11-07,0.0943009,0.09430097,0.0943009,0.09804953,0.5234856,0.09556205
2008-11-10,0.0934021,0.09340214,0.0934021,0.09610971,0.5293678,0.094316185
2008-11-11,0.16596319,0.16596319,0.16596319,0.16911614,0.16596319,0.16703105
2008-11-12,0.37500003,0.125,0.125,0.125,0.125,0.125
2008-11-13,0.37500003,0.125,0.125,0.125,0.125,0.125
2008-11-14,0.1666439,0.1666439,0.1666439,0.16674575,0.1666439,0.16667862
2008-11-17,0.111111216,0.44444358,0.111111216,0.11111142,0.111111216,0.11111128
2008-11-18,0.11111111,0.4444444,0.11111111,0.11111113,0.11111111,0.11111111
2008-11-19,0.16666284,0.16666284,0.16666284,0.16667993,0.16666284,0.16666867
2008-11-20,0.09090925,0.09090925,0.09090925,0.09090943,0.5454534,0.09090932
2008-11-21,0.1666659,0.1666659,0.1666659,0.16666934,0.1666659,0.16666707
2008-11-24,0.16666573,0.16666573,0.16666573,0.16666992,0.16666573,0.16666716
2008-11-25,0.37500003,0.125,0.125,0.125,0.125,0.125
2008-11-26,0.15727551,0.15727882,0.15727651,0.15727551,0.15727551,0.21361808
2008-11-28,0.15727551,0.15727882,0.15727651,0.15727551,0.15727551,0.21361808
2008-12-01,0.111111335,0.44444275,0.111111335,0.11111176,0.111111335,0.111111484
2008-12-02,0.15727551,0.15727882,0.15727651,0.15727551,0.15727551,0.21361808
2008-12-03,0.11111203,0.44443747,0.11111203,0.111113764,0.11111203,0.11111262
2008-12-04,0.37500003,0.125,0.125,0.125,0.125,0.125
2008-12-05,0.37500003,0.125,0.125,0.125,0.125,0.125
2008-12-08,0.09260168,0.09260171,0.09260168,0.09441181,0.5345685,0.09321463
2008-12-09,0.09342786,0.093427904,0.09342786,0.09616484,0.52919984,0.09435175
2008-12-10,0.11111148,0.4444417,0.11111148,0.11111216,0.11111148,0.111111715
2008-12-11,0.111111164,0.44444406,0.111111164,0.11111127,0.111111164,0.1111112
2008-12-12,0.15727551,0.15727882,0.15727651,0.15727551,0.15727551,0.21361808
2008-12-15,0.11111111,0.4444444,0.11111111,0.11111113,0.11111111,0.11111111
2008-12-16,0.11111111,0.44444445,0.11111111,0.11111111,0.11111111,0.11111111
2008-12-17,0.15727551,0.15727882,0.15727651,0.15727551,0.15727551,0.21361808
2008-12-18,0.37500003,0.125,0.125,0.125,0.125,0.125
2008-12-19,0.090909086,0.090909086,0.090909086,0.090909086,0.54545456,0.090909086
2008-12-22,0.16666666,0.16666666,0.16666666,0.16666669,0.16666666,0.16666667
2008-12-23,0.090909086,0.090909086,0.090909086,0.090909086,0.54545456,0.090909086
2008-12-24,0.16666667,0.16666667,0.16666667,0.16666667,0.16666667,0.16666667
2008-12-26,0.11111111,0.44444445,0.11111111,0.11111111,0.11111111,0.11111111
2008-12-29,0.090909086,0.090909086,0.090909086,0.090909086,0.54545456,0.090909086
2008-12-30,0.16666663,0.16666663,0.16666663,0.1666668,0.16666663,0.16666669
2008-12-31,0.37500003,0.125,0.125,0.125,0.125,0.125
2009-01-02,0.16666621,0.16666621,0.16666621,0.16666825,0.16666621,0.16666691
2009-01-05,0.11111166,0.44444034,0.11111166,0.111112684,0.11111166,0.111112006
2009-01-06,0.090931155,0.090931155,0.090931155,0.09095399,0.5453136,0.09093893
2009-01-07,0.11111151,0.44444153,0.11111151,0.11111224,0.11111151,0.11111176
2009-01-08,0.16666634,0.16666634,0.16666634,0.16666777,0.16666634,0.16666684
2009-01-09,0.09092057,0.09092057,0.09092057,0.090932466,0.5453812,0.09092462
2009-01-12,0.15727551,0.15727882,0.15727651,0.15727551,0.15727551,0.21361808
2009-01-13,0.15727551,0.15727882,0.15727651,0.15727551,0.15727551,0.21361808
2009-01-14,0.37500003,0.125,0.125,0.125,0.125,0.125
2009-01-15,0.11111111,0.44444445,0.11111111,0.11111111,0.11111111,0.11111111
2009-01-16,0.15727551,0.15727882,0.15727651,0.15727551,0.15727551,0.21361808
2009-01-20,0.15727551,0.15727882,0.15727651,0.15727551,0.15727551,0.21361808
2009-01-21,0.11111111,0.44444445,0.11111111,0.11111111,0.11111111,0.11111111
2009-01-22,0.090909086,0.090909086,0.090909086,0.090909086,0.54545456,0.090909086
2009-01-23,0.16666655,0.16666655,0.16666655,0.1666671,0.16666655,0.16666673
2009-01-26,0.16666636,0.16666636,0.16666636,0.16666776,0.16666636,0.16666684
2009-01-27,0.37500003,0.125,0.125,0.125,0.125,0.125
2009-01-28,0.11111111,0.44444445,0.11111111,0.11111111,0.11111111,0.11111111
2009-01-29,0.37499997,0.125,0.125,0.12500001,0.125,0.12500001
2009-01-30,0.16660997,0.16660997,0.16660997,0.1668637,0.16660997,0.16669638
2009-02-02,0.16654272,0.16654272,0.16654272,0.16709754,0.16654272,0.1667316
2009-02-03,0.094339415,0.09433948,0.094339415,0.09813345,0.5232326,0.09561565
2009-02-04,0.37480798,0.12501612,0.12501612,0.1250904,0.12501614,0.12505329
2009-02-05,0.111209005,0.44370985,0.111209005,0.111391865,0.111209005,0.11127129
2009-02-06,0.16665275,0.16665275,0.16665275,0.166715,0.16665275,0.16667396
2009-02-09,0.0946271,0.09462718,0.0946271,0.09876242,0.5213396,0.0960166
2009-02-10,0.16666433,0.16666433,0.16666433,0.16667476,0.16666433,0.1666679
2009-02-11,0.1111114,0.44444233,0.1111114,0.11111193,0.1111114,0.11111159
2009-02-12,0.16666612,0.16666612,0.16666612,0.1666686,0.16666612,0.16666695
2009-02-13,0.11111113,0.44444445,0.11111113,0.11111113,0.11111113,0.11111113
2009-02-17,0.1666666,0.1666666,0.1666666,0.16666695,0.1666666,0.16666672
2009-02-18,0.11111111,0.44444445,0.11111111,0.11111111,0.11111111,0.11111111
2009-02-19,0.37499875,0.1250001,0.1250001,0.1250006,0.1250001,0.12500034
2009-02-20,0.09090915,0.09090915,0.09090915,0.0909092,0.5454542,0.090909176
2009-02-23,0.09091077,0.09091077,0.09091077,0.09091252,0.5454438,0.09091137
2009-02-24,0.37499997,0.125,0.125,0.12500001,0.125,0.125
2009-02-25,0.15727551,0.15727882,0.15727651,0.15727551,0.15727551,0.21361808
2009-02-26,0.16666201,0.16666201,0.16666201,0.16668288,0.16666201,0.16666913
2009-02-27,0.15727551,0.15727882,0.15727651,0.15727551,0.15727551,0.21361808
2009-03-02,0.1666628,0.1666628,0.1666628,0.16668007,0.1666628,0.16666868
2009-03-03,0.374993,0.1250006,0.1250006,0.12500331,0.1250006,0.12500195
2009-03-04,0.15727551,0.15727882,0.15727651,0.15727551,0.15727551,0.21361808
2009-03-05,0.15727551,0.15727882,0.15727651,0.15727551,0.15727551,0.21361808
2009-03-06,0.09166083,0.091660835,0.09166083,0.09245037,0.540638,0.091929145
2009-03-09,0.11111179,0.44443935,0.11111179,0.11111304,0.11111179,0.11111221
2009-03-10,0.16664878,0.16664878,0.16664878,0.16672884,0.16664878,0.16667604
2009-03-11,0.15727551,0.15727882,0.15727651,0.15727551,0.15727551,0.21361808
2009-03-12,0.111111246,0.4444435,0.111111246,0.111111484,0.111111246,0.11111133
2009-03-13,0.16666336,0.16666336,0.16666336,0.16667816,0.16666336,0.16666842
2009-03-16,0.37497374,0.1250022,0.1250022,0.12501237,0.1250022,0.1250073
2009-03-17,0.16666569,0.16666569,0.16666569,0.16667005,0.16666569,0.16666716
2009-03-18,0.37499794,0.12500015,0.12500015,0.12500095,0.12500015,0.12500055
2009-03-19,0.3749996,0.12500001,0.12500001,0.12500015,0.12500001,0.1250001
2009-03-20,0.15727551,0.15727882,0.15727651,0.15727551,0.15727551,0.21361808
2009-03-23,0.14558946,0.14559115,0.1455905,0.14558946,0.23746882,0.18017057
2009-03-24,0.15727551,0.15727882,0.15727651,0.15727551,0.15727551,0.21361808
2009-03-25,0.09132199,0.09132201,0.09132199,0.09175288,0.5428125,0.09146862
2009-03-26,0.37499997,0.12500001,0.12500001,0.12500004,0.12500001,0.12500003
2009-03-27,0.15727551,0.15727882,0.15727651,0.15727551,0.15727551,0.21361808
2009-03-30,0.15727551,0.15727882,0.15727651,0.15727551,0.15727551,0.21361808
2009-03-31,0.1665298,0.1665298,0.1665298,0.16714248,0.1665298,0.16673835
2009-04-01,0.11111123,0.44444355,0.11111123,0.111111455,0.11111123,0.11111131
2009-04-02,0.11111132,0.44444284,0.11111132,0.111111715,0.11111132,0.111111455
2009-04-03,0.37494522,0.12500462,0.12500462,0.1250258,0.12500462,0.1250152
2009-04-06,0.090913236,0.090913236,0.090913236,0.09091753,0.54542804,0.0909147
2009-04-07,0.090911046,0.090911046,0.090911046,0.09091305,0.5454421,0.09091172
2009-04-08,0.09091007,0.09091007,0.09091007,0.09091108,0.5454483,0.09091041
2009-04-09,0.090909764,0.090909764,0.090909764,0.09091045,0.5454503,0.090909995
2009-04-13,0.09090951,0.09090951,0.09090951,0.09090995,0.5454518,0.09090967
2009-04-14,0.09090919,0.09090919,0.09090919,0.0909093,0.54545385,0.09090922
2009-04-15,0.15727551,0.15727882,0.15727651,0.15727551,0.15727551,0.21361808
2009-04-16,0.090909086,0.090909086,0.090909086,0.090909086,0.54545456,0.090909086
2009-04-17,0.37500003,0.125,0.125,0.125,0.125,0.125
2009-04-20,0.11111111,0.44444445,0.11111111,0.11111111,0.11111111,0.11111111
2009-04-21,0.090909086,0.090909086,0.090909086,0.090909086,0.54545456,0.090909086
2009-04-22,0.37500003,0.125,0.125,0.125,0.125,0.125
2009-04-23,0.090909086,0.090909086,0.090909086,0.090909086,0.54545456,0.090909086
2009-04-24,0.37500003,0.125,0.125,0.125,0.125,0.125
2009-04-27,0.09090909,0.09090909,0.09090909,0.09090909,0.54545444,0.09090909
2009-04-28,0.09090912,0.09090912,0.09090912,0.09090917,0.5454544,0.090909146
2009-04-29,0.16663149,0.16663149,0.16663149,0.16678892,0.16663149,0.16668513
2009-04-30,0.16655137,0.16655137,0.16655137,0.16706748,0.16655137,0.16672708
2009-05-01,0.11112884,0.4443116,0.11112884,0.11116187,0.11112884,0.11114009
2009-05-04,0.1662507,0.1662507,0.1662507,0.16811386,0.1662507,0.16688333
2009-05-05,0.15727551,0.15727882,0.15727651,0.15727551,0.15727551,0.21361808
2009-05-06,0.37497145,0.12500238,0.12500238,0.12501343,0.12500238,0.1250079
2009-05-07,0.37496147,0.12500323,0.12500323,0.12501816,0.12500323,0.1250107
2009-05-08,0.15727551,0.15727882,0.15727651,0.15727551,0.15727551,0.21361808
2009-05-11,0.16654585,0.16654585,0.16654585,0.16708657,0.16654585,0.16672994
2009-05-12,0.37498656,0.12500113,0.12500113,0.12500633,0.12500113,0.12500374
2009-05-13,0.37499085,0.12500077,0.12500077,0.1250043,0.12500077,0.12500255
2009-05-14,0.11111113,0.44444436,0.11111113,0.11111114,0.11111113,0.11111114
2009-05-15,0.11111111,0.44444445,0.11111111,0.11111111,0.11111111,0.11111111
2009-05-18,0.16666616,0.16666616,0.16666616,0.1666684,0.16666616,0.16666692
2009-05-19,0.37500003,0.125,0.125,0.125,0.125,0.125
2009-05-20,0.090909086,0.090909086,0.090909086,0.090909086,0.54545456,0.090909086
2009-05-21,0.090909086,0.090909086,0.090909086,0.090909086,0.54545456,0.090909086
2009-05-22,0.16666634,0.16666634,0.16666634,0.16666776,0.16666634,0.16666682
2009-05-26,0.090909086,0.090909086,0.090909086,0.090909086,0.54545456,0.090909086
2009-05-27,0.090909086,0.090909086,0.090909086,0.090909086,0.54545456,0.090909086
2009-05-28,0.11111111,0.44444445,0.11111111,0.11111111,0.11111111,0.11111111
2009-05-29,0.11111111,0.44444445,0.11111111,0.11111111,0.11111111,0.11111111
2009-06-01,0.37499896,0.12500009,0.12500009,0.12500049,0.12500009,0.1250003
2009-06-02,0.15727551,0.15727882,0.15727651,0.15727551,0.15727551,0.21361808
2009-06-03,0.16661267,0.16661267,0.16661267,0.16685434,0.16661267,0.16669498
2009-06-04,0.37499574,0.12500036,0.12500036,0.12500201,0.12500036,0.12500119
2009-06-05,0.11111114,0.4444442,0.11111114,0.1111112,0.11111114,0.11111117
2009-06-08,0.15727551,0.15727882,0.15727651,0.15727551,0.15727551,0.21361808
2009-06-09,0.37499815,0.12500015,0.12500015,0.12500086,0.12500015,0.1250005
2009-06-10,0.16666213,0.16666213,0.16666213,0.16668244,0.16666213,0.16666904
2009-06-11,0.37499383,0.12500052,0.12500052,0.12500294,0.12500052,0.12500173
2009-06-12,0.16666509,0.16666509,0.16666509,0.16667213,0.16666509,0.16666749
2009-06-15,0.15727551,0.15727882,0.15727651,0.15727551,0.15727551,0.21361808
2009-06-16,0.090909086,0.090909086,0.090909086,0.090909086,0.54545456,0.090909086
2009-06-17,0.37499985,0.12500001,0.12500001,0.12500006,0.12500001,0.12500003
2009-06-18,0.090909086,0.090909086,0.090909086,0.090909086,0.54545456,0.090909086
2009-06-19,0.16666663,0.16666663,0.16666663,0.16666688,0.16666663,0.1666667
2009-06-22,0.11111111,0.44444445,0.11111111,0.11111111,0.11111111,0.11111111
2009-06-23,0.11111111,0.44444445,0.11111111,0.11111111,0.11111111,0.11111111
2009-06-24,0.11111111,0.44444445,0.11111111,0.11111111,0.11111111,0.11111111
2009-06-25,0.11111111,0.44444445,0.11111111,0.11111111,0.11111111,0.11111111
2009-06-26,0.09090909,0.09090909,0.09090909,0.09090909,0.54545444,0.09090909
2009-06-29,0.37500003,0.125,0.125,0.125,0.125,0.125
2009-06-30,0.15727551,0.15727882,0.15727651,0.15727551,0.15727551,0.21361808
2009-07-01,0.111111194,0.44444388,0.111111194,0.11111133,0.111111194,0.111111246
2009-07-02,0.37499955,0.12500003,0.12500003,0.1250002,0.12500003,0.1250001
2009-07-06,0.16663541,0.16663541,0.16663541,0.16677529,0.16663541,0.16668306
2009-07-07,0.090910584,0.090910584,0.090910584,0.09091213,0.54544497,0.09091112
2009-07-08,0.37499955,0.12500004,0.12500004,0.12500021,0.12500004,0.12500013
2009-07-09,0.3749997,0.12500001,0.12500001,0.12500015,0.12500001,0.12500009
2009-07-10,0.15727551,0.15727882,0.15727651,0.15727551,0.15727551,0.21361808
2009-07-13,0.15727551,0.15727882,0.15727651,0.15727551,0.15727551,0.21361808
2009-07-14,0.0909109,0.0909109,0.0909109,0.09091278,0.54544294,0.090911545
2009-07-15,0.11111111,0.44444445,0.11111111,0.11111111,0.11111111,0.11111111
2009-07-16,0.090909086,0.090909086,0.090909086,0.090909086,0.54545456,0.090909086
2009-07-17,0.15727551,0.15727882,0.15727651,0.15727551,0.15727551,0.21361808
2009-07-20,0.16666664,0.16666664,0.16666664,0.1666667,0.16666664,0.16666667
2009-07-21,0.11111111,0.44444445,0.11111111,0.11111111,0.11111111,0.11111111
2009-07-22,0.16666666,0.16666666,0.16666666,0.16666669,0.16666666,0.16666669
2009-07-23,0.11111111,0.44444445,0.11111111,0.11111111,0.11111111,0.11111111
2009-07-24,0.37500003,0.125,0.125,0.125,0.125,0.125
2009-07-27,0.16666664,0.16666664,0.16666664,0.16666672,0.16666664,0.16666667
2009-07-28,0.11111111,0.44444445,0.11111111,0.11111111,0.11111111,0.11111111
2009-07-29,0.15727551,0.15727882,0.15727651,0.15727551,0.15727551,0.21361808
2009-07-30,0.15727551,0.15727882,0.15727651,0.15727551,0.15727551,0.21361808
2009-07-31,0.11111111,0.4444444,0.11111111,0.11111113,0.11111111,0.11111111
2009-08-03,0.09090912,0.09090912,0.09090912,0.090909176,0.5454544,0.090909146
2009-08-04,0.37499815,0.12500016,0.12500016,0.1250009,0.12500016,0.12500052
2009-08-05,0.37499878,0.1250001,0.1250001,0.12500057,0.1250001,0.12500033
2009-08-06,0.09090926,0.09090926,0.09090926,0.090909414,0.54545355,0.0909093
2009-08-07,0.37499696,0.12500025,0.12500025,0.12500143,0.12500025,0.12500083
2009-08-10,0.37499896,0.12500009,0.12500009,0.12500049,0.12500009,0.1250003
2009-08-11,0.09090912,0.09090912,0.09090912,0.090909146,0.5454544,0.09090912
2009-08-12,0.37499937,0.12500006,0.12500006,0.1250003,0.12500006,0.12500018
2009-08-13,0.090909086,0.090909086,0.090909086,0.090909086,0.54545456,0.090909086
2009-08-14,0.11111111,0.44444445,0.11111111,0.11111111,0.11111111,0.11111111
2009-08-17,0.15727551,0.15727882,0.15727651,0.15727551,0.15727551,0.21361808
2009-08-18,0.11111111,0.44444445,0.11111111,0.11111111,0.11111111,0.11111111
2009-08-19,0.37500003,0.125,0.125,0.125,0.125,0.125
2009-08-20,0.16666666,0.16666666,0.16666666,0.1666667,0.16666666,0.16666667
2009-08-21,0.11111111,0.44444445,0.11111111,0.11111111,0.11111111,0.11111111
2009-08-24,0.090909086,0.090909086,0.090909086,0.090909086,0.54545456,0.090909086
2009-08-25,0.11111111,0.44444445,0.11111111,0.11111111,0.11111111,0.11111111
2009-08-26,0.090909086,0.090909086,0.090909086,0.090909086,0.54545456,0.090909086
2009-08-27,0.37500003,0.125,0.125,0.125,0.125,0.125
2009-08-28,0.166666,0.166666,0.166666,0.16666897,0.166666,0.16666703
2009-08-31,0.16666362,0.16666362,0.16666362,0.1666773,0.16666362,0.16666828
2009-09-01,0.37500003,0.125,0.125,0.125,0.125,0.125
2009-09-02,0.090909265,0.090909265,0.090909265,0.09090946,0.54545337,0.09090933
2009-09-03,0.16665283,0.16665283,0.16665283,0.16671477,0.16665283,0.16667394
2009-09-04,0.111111164,0.44444406,0.111111164,0.11111127,0.111111164,0.1111112
2009-09-08,0.11111128,0.44444323,0.11111128,0.111111596,0.11111128,0.11111139
2009-09-09,0.37499982,0.12500001,0.12500001,0.12500009,0.12500001,0.12500006
2009-09-10,0.111111976,0.44443804,0.111111976,0.11111356,0.111111976,0.11111252
2009-09-11,0.15727551,0.15727882,0.15727651,0.15727551,0.15727551,0.21361808
2009-09-14,0.16666576,0.16666576,0.16666576,0.16666977,0.16666576,0.16666712
2009-09-15,0.15727551,0.15727882,0.15727651,0.15727551,0.15727551,0.21361808
2009-09-16,0.11111111,0.44444445,0.11111111,0.11111111,0.11111111,0.11111111
2009-09-17,0.090909086,0.090909086,0.090909086,0.090909086,0.54545456,0.090909086
2009-09-18,0.090909086,0.090909086,0.090909086,0.090909086,0.54545456,0.090909086
2009-09-21,0.37500003,0.125,0.125,0.125,0.125,0.125
2009-09-22,0.37500003,0.125,0.125,0.125,0.125,0.125
2009-09-23,0.11111111,0.44444445,0.11111111,0.11111111,0.11111111,0.11111111
2009-09-24,0.11111111,0.44444445,0.11111111,0.11111111,0.11111111,0.11111111
2009-09-25,0.16666666,0.16666666,0.16666666,0.16666675,0.16666666,0.16666669
2009-09-28,0.37500003,0.125,0.125,0.125,0.125,0.125
2009-09-29,0.37500003,0.125,0.125,0.125,0.125,0.125
2009-09-30,0.09090915,0.09090915,0.09090915,0.09090923,0.5454541,0.090909176
2009-10-01,0.111111164,0.44444412,0.111111164,0.11111124,0.111111164,0.11111119
2009-10-02,0.1111112,0.4444437,0.1111112,0.11111137,0.1111112,0.11111125
2009-10-05,0.15727551,0.15727882,0.15727651,0.15727551,0.15727551,0.21361808
2009-10-06,0.090915196,0.090915196,0.090915196,0.090921514,0.5454156,0.09091735
2009-10-07,0.16650513,0.16650513,0.16650513,0.16722822,0.16650513,0.1667512
2009-10-08,0.3749954,0.12500037,0.12500037,0.12500216,0.12500037,0.12500128
2009-10-09,0.1111117,0.44444013,0.1111117,0.11111278,0.1111117,0.111112066
2009-10-12,0.166653,0.166653,0.166653,0.16671418,0.166653,0.16667385
2009-10-13,0.37499946,0.12500004,0.12500004,0.12500025,0.12500004,0.12500015
2009-10-14,0.16666456,0.16666456,0.16666456,0.16667399,0.16666456,0.16666777
2009-10-15,0.091164954,0.091164954,0.091164954,0.09143116,0.54381835,0.09125559
2009-10-16,0.16666651,0.16666651,0.16666651,0.16666722,0.16666651,0.16666676
2009-10-19,0.11111111,0.44444445,0.11111111,0.11111111,0.11111111,0.11111111
2009-10-20,0.090909116,0.090909116,0.090909116,0.09090913,0.54545444,0.09090913
2009-10-21,0.15727551,0.15727882,0.15727651,0.15727551,0.15727551,0.21361808
2009-10-22,0.16666667,0.16666667,0.16666667,0.16666669,0.16666667,0.16666667
2009-10-23,0.37500003,0.125,0.125,0.125,0.125,0.125
2009-10-26,0.11111111,0.44444445,0.11111111,0.11111111,0.11111111,0.11111111
2009-10-27,0.16666664,0.16666664,0.16666664,0.1666668,0.16666664,0.16666669
2009-10-28,0.11111111,0.44444445,0.11111111,0.11111111,0.11111111,0.11111111
2009-10-29,0.37499812,0.12500016,0.12500016,0.12500091,0.12500016,0.12500055
2009-10-30,0.1666328,0.1666328,0.1666328,0.16678438,0.1666328,0.16668443
2009-11-02,0.37480843,0.12501608,0.12501608,0.12509017,0.1250161,0.12505314
2009-11-03,0.09092955,0.09092955,0.09092955,0.090950735,0.54532385,0.09093678
2009-11-04,0.16609786,0.16609786,0.16609786,0.16864648,0.16609786,0.16696207
2009-11-05,0.091405444,0.09140545,0.091405444,0.09192423,0.54227746,0.09158192
2009-11-06,0.09248597,0.092486,0.09248597,0.09416859,0.5353175,0.09305599
2009-11-09,0.37482005,0.12501511,0.12501511,0.12508471,0.12501512,0.1250499
2009-11-10,0.11114166,0.4442154,0.11114166,0.111198604,0.11114166,0.11116105
2009-11-11,0.3749781,0.12500183,0.12500183,0.1250103,0.12500183,0.12500605
2009-11-12,0.16665407,0.16665407,0.16665407,0.16671053,0.16665407,0.1666733
2009-11-13,0.37470353,0.12502488,0.12502488,0.1251396,0.1250249,0.12508224
2009-11-16,0.15727551,0.15727882,0.15727651,0.15727551,0.15727551,0.21361808
2009-11-17,0.091877855,0.09187787,0.091877855,0.09289958,0.539242,0.092224784
2009-11-18,0.11111111,0.44444445,0.11111111,0.11111111,0.11111111,0.11111111
2009-11-19,0.3749997,0.12500001,0.12500001,0.12500015,0.12500001,0.12500009
2009-11-20,0.11111111,0.44444445,0.11111111,0.11111111,0.11111111,0.11111111
2009-11-23,0.15727551,0.15727882,0.15727651,0.15727551,0.15727551,0.21361808
2009-11-24,0.09090909,0.09090909,0.09090909,0.090909116,0.54545444,0.09090909
2009-11-25,0.16666663,0.16666663,0.16666663,0.16666688,0.16666663,0.1666667
2009-11-27,0.16666651,0.16666651,0.16666651,0.16666722,0.16666651,0.16666676
2009-11-30,0.16666588,0.16666588,0.16666588,0.16666937,0.16666588,0.16666707
2009-12-01,0.1111113,0.44444314,0.1111113,0.111111626,0.1111113,0.1111114
2009-12-02,0.16665715,0.16665715,0.16665715,0.16669977,0.16665715,0.16667165
2009-12-03,0.15727551,0.15727882,0.15727651,0.15727551,0.15727551,0.21361808
2009-12-04,0.09091077,0.09091077,0.09091077,0.090912506,0.5454439,0.09091135
2009-12-07,0.09091054,0.09091054,0.09091054,0.090912044,0.5454453,0.09091105
2009-12-08,0.16665329,0.16665329,0.16665329,0.16671318,0.16665329,0.16667369
2009-12-09,0.16666356,0.16666356,0.16666356,0.16667746,0.16666356,0.1666683
2009-12-10,0.09090917,0.09090917,0.09090917,0.090909265,0.545454,0.090909205
2009-12-11,0.11111111,0.44444445,0.11111111,0.11111111,0.11111111,0.11111111
2009-12-14,0.11111111,0.44444445,0.11111111,0.11111111,0.11111111,0.11111111
2009-12-15,0.15727551,0.15727882,0.15727651,0.15727551,0.15727551,0.21361808
2009-12-16,0.11111111,0.44444445,0.11111111,0.11111111,0.11111111,0.11111111
2009-12-17,0.15727551,0.15727882,0.15727651,0.15727551,0.15727551,0.21361808
2009-12-18,0.15727551,0.15727882,0.15727651,0.15727551,0.15727551,0.21361808
2009-12-21,0.1666663,0.1666663,0.1666663,0.16666792,0.1666663,0.16666685
2009-12-22,0.37500003,0.125,0.125,0.125,0.125,0.125
2009-12-23,0.15727551,0.15727882,0.15727651,0.15727551,0.15727551,0.21361808
2009-12-24,0.15727551,0.15727882,0.15727651,0.15727551,0.15727551,0.21361808
2009-12-28,0.11111111,0.44444445,0.11111111,0.11111111,0.11111111,0.11111111
2009-12-29,0.15727551,0.15727882,0.15727651,0.15727551,0.15727551,0.21361808
2009-12-30,0.16666302,0.16666302,0.16666302,0.16667935,0.16666302,0.1666686
2009-12-31,0.3749928,0.12500061,0.12500061,0.12500341,0.12500061,0.12500203
2010-01-04,0.15727551,0.15727882,0.15727651,0.15727551,0.15727551,0.21361808
2010-01-05,0.15727551,0.15727882,0.15727651,0.15727551,0.15727551,0.21361808
2010-01-06,0.11111179,0.44443935,0.11111179,0.11111304,0.11111179,0.11111221
2010-01-07,0.37328026,0.12514365,0.12514365,0.12581146,0.1251438,0.12547724
2010-01-08,0.15727551,0.15727882,0.15727651,0.15727551,0.15727551,0.21361808
2010-01-11,0.111111686,0.44444013,0.111111686,0.11111276,0.111111686,0.11111206
2010-01-12,0.15727551,0.15727882,0.15727651,0.15727551,0.15727551,0.21361808
2010-01-13,0.16664198,0.16664198,0.16664198,0.16675243,0.16664198,0.1666796
2010-01-14,0.15727551,0.15727882,0.15727651,0.15727551,0.15727551,0.21361808
2010-01-15,0.11111111,0.44444445,0.11111111,0.11111111,0.11111111,0.11111111
2010-01-19,0.1666666,0.1666666,0.1666666,0.1666669,0.1666666,0.16666669
2010-01-20,0.37499997,0.12500001,0.12500001,0.12500004,0.12500001,0.12500003
2010-01-21,0.11111111,0.44444445,0.11111111,0.11111111,0.11111111,0.11111111
2010-01-22,0.16666666,0.16666666,0.16666666,0.16666669,0.16666666,0.16666669
2010-01-25,0.37500003,0.125,0.125,0.125,0.125,0.125
2010-01-26,0.37500003,0.125,0.125,0.125,0.125,0.125
2010-01-27,0.37500003,0.125,0.125,0.125,0.125,0.125
2010-01-28,0.1666607,0.1666607,0.1666607,0.16668743,0.1666607,0.1666698
2010-01-29,0.09092639,0.09092639,0.09092639,0.09094429,0.5453441,0.09093249
2010-02-01,0.37498635,0.12500113,0.12500113,0.12500642,0.12500113,0.12500377
2010-02-02,0.11117054,0.4439986,0.11117054,0.111281425,0.11117054,0.11120831
2010-02-03,0.11124388,0.44344786,0.11124388,0.11149212,0.11124388,0.111328416
2010-02-04,0.093648635,0.09364869,0.093648635,0.09663826,0.5277588,0.09465697
2010-02-05,0.09427953,0.094279595,0.09427953,0.098002985,0.523626,0.0955323
2010-02-08,0.3749659,0.12500288,0.12500288,0.12501608,0.12500288,0.12500948
2010-02-09,0.16655211,0.16655211,0.16655211,0.1670648,0.16655211,0.16672666
2010-02-10,0.16664577,0.16664577,0.16664577,0.16673926,0.16664577,0.16667762
2010-02-11,0.111111164,0.44444406,0.111111164,0.11111125,0.111111164,0.11111119
2010-02-12,0.1666656,0.1666656,0.1666656,0.16667032,0.1666656,0.16666721
2010-02-16,0.37499848,0.12500013,0.12500013,0.12500072,0.12500013,0.12500042
2010-02-17,0.11111111,0.44444445,0.11111111,0.11111111,0.11111111,0.11111111
2010-02-18,0.11111111,0.44444445,0.11111111,0.11111111,0.11111111,0.11111111
2010-02-19,0.11111111,0.44444445,0.11111111,0.11111111,0.11111111,0.11111111
2010-02-22,0.15727551,0.15727882,0.15727651,0.15727551,0.15727551,0.21361808
2010-02-23,0.11111111,0.44444445,0.11111111,0.11111111,0.11111111,0.11111111
2010-02-24,0.09091056,0.09091056,0.09091056,0.090912096,0.54544514,0.09091108
2010-02-25,0.37500003,0.125,0.125,0.125,0.125,0.125
2010-02-26,0.090911716,0.090911716,0.090911716,0.09091441,0.5454379,0.090912625
2010-03-01,0.090913765,0.090913765,0.090913765,0.09091861,0.54542464,0.090915404
2010-03-02,0.15727551,0.15727882,0.15727651,0.15727551,0.15727551,0.21361808
2010-03-03,0.11111118,0.44444397,0.11111118,0.1111113,0.11111118,0.111111216
2010-03-04,0.37499654,0.1250003,0.1250003,0.12500167,0.1250003,0.12500098
2010-03-05,0.37499654,0.12500028,0.12500028,0.12500162,0.12500028,0.12500095
2010-03-08,0.15727551,0.15727882,0.15727651,0.15727551,0.15727551,0.21361808
2010-03-09,0.09091035,0.09091035,0.09091035,0.090911664,0.5454464,0.0909108
2010-03-10,0.11111111,0.4444444,0.11111111,0.11111113,0.11111111,0.11111111
2010-03-11,0.11111113,0.44444445,0.11111113,0.11111113,0.11111113,0.11111113
2010-03-12,0.11111111,0.4444444,0.11111111,0.11111113,0.11111111,0.11111111
2010-03-15,0.15727551,0.15727882,0.15727651,0.15727551,0.15727551,0.21361808
2010-03-16,0.37499657,0.12500028,0.12500028,0.12500161,0.12500028,0.12500094
2010-03-17,0.09090912,0.09090912,0.09090912,0.09090917,0.5454544,0.090909146
2010-03-18,0.11111111,0.44444445,0.11111111,0.11111111,0.11111111,0.11111111
2010-03-19,0.11111111,0.44444445,0.11111111,0.11111111,0.11111111,0.11111111
2010-03-22,0.37500003,0.125,0.125,0.125,0.125,0.125
2010-03-23,0.37500003,0.125,0.125,0.125,0.125,0.125
2010-03-24,0.16666654,0.16666654,0.16666654,0.16666712,0.16666654,0.16666675
2010-03-25,0.16666639,0.16666639,0.16666639,0.16666764,0.16666639,0.1666668
2010-03-26,0.11111111,0.4444444,0.11111111,0.11111113,0.11111111,0.11111111
2010-03-29,0.37499985,0.12500001,0.12500001,0.12500006,0.12500001,0.12500003
2010-03-30,0.090913445,0.090913445,0.090913445,0.09091797,0.54542667,0.09091499
2010-03-31,0.15727551,0.15727882,0.15727651,0.15727551,0.15727551,0.21361808
2010-04-01,0.37416556,0.1250699,0.1250699,0.12539317,0.12506998,0.12523149
2010-04-05,0.37324288,0.12514675,0.12514673,0.12582913,0.12514688,0.1254876
2010-04-06,0.16581503,0.16581503,0.16581503,0.16963336,0.16581503,0.16710655
2010-04-07,0.11115093,0.44414583,0.11115093,0.11122518,0.11115093,0.11117622
2010-04-08,0.0909926,0.0909926,0.0909926,0.09107921,0.54492086,0.09102211
2010-04-09,0.090982124,0.090982124,0.090982124,0.09105784,0.54498786,0.09100791
2010-04-12,0.090962104,0.090962104,0.090962104,0.09101705,0.54511577,0.09098082
2010-04-13,0.09092905,0.09092905,0.09092905,0.09094973,0.54532707,0.09093611
2010-04-14,0.37474746,0.12502119,0.12502119,0.12511888,0.1250212,0.12507007
2010-04-15,0.09090926,0.09090926,0.09090926,0.090909414,0.54545355,0.0909093
2010-04-16,0.15727551,0.15727882,0.15727651,0.15727551,0.15727551,0.21361808
2010-04-19,0.15727551,0.15727882,0.15727651,0.15727551,0.15727551,0.21361808
2010-04-20,0.11111111,0.44444445,0.11111111,0.11111111,0.11111111,0.11111111
2010-04-21,0.11111111,0.44444445,0.11111111,0.11111111,0.11111111,0.11111111
2010-04-22,0.090909086,0.090909086,0.090909086,0.090909086,0.54545456,0.090909086
2010-04-23,0.37500003,0.125,0.125,0.125,0.125,0.125
2010-04-26,0.16666666,0.16666666,0.16666666,0.1666667,0.16666666,0.16666667
2010-04-27,0.15727551,0.15727882,0.15727651,0.15727551,0.15727551,0.21361808
2010-04-28,0.15727551,0.15727882,0.15727651,0.15727551,0.15727551,0.21361808
2010-04-29,0.09090971,0.09090971,0.09090971,0.09091035,0.54545057,0.09090992
2010-04-30,0.15727551,0.15727882,0.15727651,0.15727551,0.15727551,0.21361808
2010-05-03,0.15727551,0.15727882,0.15727651,0.15727551,0.15727551,0.21361808
2010-05-04,0.16637728,0.16637728,0.16637728,0.16767311,0.16637728,0.16681777
2010-05-05,0.3746326,0.12503082,0.12503082,0.125173,0.12503085,0.12510191
2010-05-06,0.11111945,0.444382,0.11111945,0.11113498,0.11111945,0.11112473
2010-05-07,0.15727551,0.15727882,0.15727651,0.15727551,0.15727551,0.21361808
2010-05-10,0.15727551,0.15727882,0.15727651,0.15727551,0.15727551,0.21361808
2010-05-11,0.11111954,0.44438115,0.11111954,0.111135274,0.11111954,0.11112489
2010-05-12,0.11111594,0.44440824,0.11111594,0.11112493,0.11111594,0.111118995
2010-05-13,0.11111151,0.44444147,0.11111151,0.11111225,0.11111151,0.11111176
2010-05-14,0.16666614,0.16666614,0.16666614,0.16666855,0.16666614,0.16666695
2010-05-17,0.09090916,0.09090916,0.09090916,0.09090924,0.5454541,0.090909176
2010-05-18,0.11111111,0.44444445,0.11111111,0.11111111,0.11111111,0.11111111
2010-05-19,0.09090909,0.09090909,0.09090909,0.090909116,0.54545444,0.09090909
2010-05-20,0.09090909,0.09090909,0.09090909,0.090909116,0.54545444,0.09090909
2010-05-21,0.16666666,0.16666666,0.16666666,0.16666675,0.16666666,0.16666669
2010-05-24,0.11111111,0.44444445,0.11111111,0.11111111,0.11111111,0.11111111
2010-05-25,0.11111111,0.44444445,0.11111111,0.11111111,0.11111111,0.11111111
2010-05-26,0.15727551,0.15727882,0.15727651,0.15727551,0.15727551,0.21361808
2010-05-27,0.37500003,0.125,0.125,0.125,0.125,0.125
2010-05-28,0.37499997,0.12500001,0.12500001,0.12500004,0.12500001,0.12500003
2010-06-01,0.11111381,0.44442418,0.11111381,0.111118846,0.11111381,0.111115515
2010-06-02,0.37499803,0.12500016,0.12500016,0.12500092,0.12500016,0.12500054
2010-06-03,0.16663222,0.16663222,0.16663222,0.16678633,0.16663222,0.16668473
2010-06-04,0.15727551,0.15727882,0.15727651,0.15727551,0.15727551,0.21361808
2010-06-07,0.3749974,0.12500022,0.12500022,0.12500122,0.12500022,0.12500073
2010-06-08,0.111113414,0.44442722,0.111113414,0.11111769,0.111113414,0.11111487
2010-06-09,0.11111217,0.4444365,0.11111217,0.111114144,0.11111217,0.11111284
2010-06-10,0.090926096,0.090926096,0.090926096,0.090943694,0.54534596,0.090932086
2010-06-11,0.11111191,0.44443846,0.11111191,0.11111339,0.11111191,0.11111241
2010-06-14,0.111111924,0.44443837,0.111111924,0.11111344,0.111111924,0.11111244
2010-06-15,0.37499976,0.12500001,0.12500001,0.1250001,0.12500001,0.12500006
2010-06-16,0.37500003,0.125,0.125,0.125,0.125,0.125
2010-06-17,0.37500003,0.125,0.125,0.125,0.125,0.125
2010-06-18,0.37500003,0.125,0.125,0.125,0.125,0.125
2010-06-21,0.37500003,0.125,0.125,0.125,0.125,0.125
2010-06-22,0.15727551,0.15727882,0.15727651,0.15727551,0.15727551,0.21361808
2010-06-23,0.37500003,0.125,0.125,0.125,0.125,0.125
2010-06-24,0.11111111,0.44444445,0.11111111,0.11111111,0.11111111,0.11111111
2010-06-25,0.11111111,0.44444445,0.11111111,0.11111111,0.11111111,0.11111111
2010-06-28,0.16666666,0.16666666,0.16666666,0.1666667,0.16666666,0.16666667
2010-06-29,0.16666658,0.16666658,0.16666658,0.16666695,0.16666658,0.1666667
2010-06-30,0.09090912,0.09090912,0.09090912,0.09090913,0.5454544,0.09090912
2010-07-01,0.15727551,0.15727882,0.15727651,0.15727551,0.15727551,0.21361808
2010-07-02,0.37499946,0.12500004,0.12500004,0.12500024,0.12500004,0.12500015
2010-07-06,0.37499952,0.12500004,0.12500004,0.12500024,0.12500004,0.12500015
2010-07-07,0.15727551,0.15727882,0.15727651,0.15727551,0.15727551,0.21361808
2010-07-08,0.11111123,0.44444358,0.11111123,0.11111144,0.11111123,0.11111131
2010-07-09,0.15727551,0.15727882,0.15727651,0.15727551,0.15727551,0.21361808
2010-07-12,0.16666363,0.16666363,0.16666363,0.16667719,0.16666363,0.16666825
2010-07-13,0.1111112,0.4444437,0.1111112,0.11111137,0.1111112,0.11111127
2010-07-14,0.11111111,0.44444445,0.11111111,0.11111111,0.11111111,0.11111111
2010-07-15,0.090909116,0.090909116,0.090909116,0.09090913,0.54545444,0.09090913
2010-07-16,0.15727551,0.15727882,0.15727651,0.15727551,0.15727551,0.21361808
2010-07-19,0.11111111,0.44444445,0.11111111,0.11111111,0.11111111,0.11111111
2010-07-20,0.16666667,0.16666667,0.16666667,0.16666667,0.16666667,0.16666667
2010-07-21,0.37500003,0.125,0.125,0.125,0.125,0.125
2010-07-22,0.16666667,0.16666667,0.16666667,0.16666667,0.16666667,0.16666667
2010-07-23,0.37500003,0.125,0.125,0.125,0.125,0.125
2010-07-26,0.16666667,0.16666667,0.16666667,0.16666667,0.16666667,0.16666667
2010-07-27,0.11111111,0.44444445,0.11111111,0.11111111,0.11111111,0.11111111
2010-07-28,0.37500003,0.125,0.125,0.125,0.125,0.125
2010-07-29,0.090909086,0.090909086,0.090909086,0.090909086,0.54545456,0.090909086
2010-07-30,0.11111111,0.44444445,0.11111111,0.11111111,0.11111111,0.11111111
2010-08-02,0.09090924,0.09090924,0.09090924,0.09090941,0.54545355,0.090909295
2010-08-03,0.3749997,0.12500001,0.12500001,0.12500015,0.12500001,0.12500009
2010-08-04,0.15727551,0.15727882,0.15727651,0.15727551,0.15727551,0.21361808
2010-08-05,0.37499928,0.12500006,0.12500006,0.12500033,0.12500006,0.1250002
2010-08-06,0.11111118,0.44444397,0.11111118,0.1111113,0.11111118,0.111111216
2010-08-09,0.15727551,0.15727882,0.15727651,0.15727551,0.15727551,0.21361808
2010-08-10,0.09090956,0.09090956,0.09090956,0.09091005,0.5454516,0.090909734
2010-08-11,0.37499985,0.12500001,0.12500001,0.12500006,0.12500001,0.12500003
2010-08-12,0.11111111,0.44444445,0.11111111,0.11111111,0.11111111,0.11111111
2010-08-13,0.11111111,0.44444445,0.11111111,0.11111111,0.11111111,0.11111111
2010-08-16,0.11111111,0.44444445,0.11111111,0.11111111,0.11111111,0.11111111
2010-08-17,0.090909086,0.090909086,0.090909086,0.090909086,0.54545456,0.090909086
2010-08-18,0.11111111,0.44444445,0.11111111,0.11111111,0.11111111,0.11111111
2010-08-19,0.37500003,0.125,0.125,0.125,0.125,0.125
2010-08-20,0.15727551,0.15727882,0.15727651,0.15727551,0.15727551,0.21361808
2010-08-23,0.16666667,0.16666667,0.16666667,0.16666667,0.16666667,0.16666667
2010-08-24,0.11111111,0.44444445,0.11111111,0.11111111,0.11111111,0.11111111
2010-08-25,0.090909086,0.090909086,0.090909086,0.090909086,0.54545456,0.090909086
2010-08-26,0.15727551,0.15727882,0.15727651,0.15727551,0.15727551,0.21361808
2010-08-27,0.37500003,0.125,0.125,0.125,0.125,0.125
2010-08-30,0.37500003,0.125,0.125,0.125,0.125,0.125
2010-08-31,0.090909466,0.090909466,0.090909466,0.09090986,0.5454522,0.0909096
2010-09-01,0.15727551,0.15727882,0.15727651,0.15727551,0.15727551,0.21361808
2010-09-02,0.37499973,0.12500001,0.12500001,0.12500013,0.12500001,0.12500009
2010-09-03,0.16666114,0.16666114,0.16666114,0.16668588,0.16666114,0.16666958
2010-09-07,0.15727551,0.15727882,0.15727651,0.15727551,0.15727551,0.21361808
2010-09-08,0.16665602,0.16665602,0.16665602,0.16670369,0.16665602,0.16667226
2010-09-09,0.37499976,0.12500001,0.12500001,0.1250001,0.12500001,0.12500006
2010-09-10,0.11111114,0.4444442,0.11111114,0.11111121,0.11111114,0.11111117
2010-09-13,0.09091206,0.09091206,0.09091206,0.090915136,0.54543555,0.09091312
2010-09-14,0.15727551,0.15727882,0.15727651,0.15727551,0.15727551,0.21361808
2010-09-15,0.37500003,0.125,0.125,0.125,0.125,0.125
2010-09-16,0.15727551,0.15727882,0.15727651,0.15727551,0.15727551,0.21361808
2010-09-17,0.37500003,0.125,0.125,0.125,0.125,0.125
2010-09-20,0.090909086,0.090909086,0.090909086,0.090909086,0.54545456,0.090909086
2010-09-21,0.37500003,0.125,0.125,0.125,0.125,0.125
2010-09-22,0.090909086,0.090909086,0.090909086,0.090909086,0.54545456,0.090909086
2010-09-23,0.37500003,0.125,0.125,0.125,0.125,0.125
2010-09-24,0.16666667,0.16666667,0.16666667,0.16666667,0.16666667,0.16666667
2010-09-27,0.090909086,0.090909086,0.090909086,0.090909086,0.54545456,0.090909086
2010-09-28,0.37500003,0.125,0.125,0.125,0.125,0.125
2010-09-29,0.37500003,0.125,0.125,0.125,0.125,0.125
2010-09-30,0.37499976,0.12500001,0.12500001,0.1250001,0.12500001,0.12500006
2010-10-01,0.37499696,0.12500025,0.12500025,0.1250014,0.12500025,0.12500083
2010-10-04,0.15727551,0.15727882,0.15727651,0.15727551,0.15727551,0.21361808
2010-10-05,0.11111123,0.44444355,0.11111123,0.111111455,0.11111123,0.11111131
2010-10-06,0.15727551,0.15727882,0.15727651,0.15727551,0.15727551,0.21361808
2010-10-07,0.16665085,0.16665085,0.16665085,0.16672158,0.16665085,0.16667496
2010-10-08,0.111111976,0.44443798,0.111111976,0.11111358,0.111111976,0.11111252
2010-10-11,0.15727551,0.15727882,0.15727651,0.15727551,0.15727551,0.21361808
2010-10-12,0.111111194,0.44444382,0.111111194,0.11111136,0.111111194,0.111111246
2010-10-13,0.0909104,0.0909104,0.0909104,0.090911746,0.5454463,0.09091085
2010-10-14,0.3749996,0.12500001,0.12500001,0.12500016,0.12500001,0.1250001
2010-10-15,0.16666666,0.16666666,0.16666666,0.16666669,0.16666666,0.16666667
2010-10-18,0.15727551,0.15727882,0.15727651,0.15727551,0.15727551,0.21361808
2010-10-19,0.09090909,0.09090909,0.09090909,0.090909116,0.54545444,0.09090909
2010-10-20,0.090909086,0.090909086,0.090909086,0.090909086,0.54545456,0.090909086
2010-10-21,0.37500003,0.125,0.125,0.125,0.125,0.125
2010-10-22,0.090909086,0.090909086,0.090909086,0.090909086,0.54545456,0.090909086
2010-10-25,0.090909086,0.090909086,0.090909086,0.090909086,0.54545456,0.090909086
2010-10-26,0.15727551,0.15727882,0.15727651,0.15727551,0.15727551,0.21361808
2010-10-27,0.15727551,0.15727882,0.15727651,0.15727551,0.15727551,0.21361808
2010-10-28,0.16666587,0.16666587,0.16666587,0.16666944,0.16666587,0.16666709
2010-10-29,0.37499452,0.12500045,0.12500045,0.12500256,0.12500045,0.1250015
2010-11-01,0.11111146,0.4444418,0.11111146,0.11111212,0.11111146,0.111111686
2010-11-02,0.09092258,0.09092258,0.09092258,0.09093655,0.5453683,0.09092735
2010-11-03,0.15727551,0.15727882,0.15727651,0.15727551,0.15727551,0.21361808
2010-11-04,0.15727551,0.15727882,0.15727651,0.15727551,0.15727551,0.21361808
2010-11-05,0.09098238,0.09098238,0.09098238,0.09105833,0.54498637,0.09100826
2010-11-08,0.15727551,0.15727882,0.15727651,0.15727551,0.15727551,0.21361808
2010-11-09,0.0909404,0.0909404,0.0909404,0.09097285,0.5452545,0.09095146
2010-11-10,0.16666572,0.16666572,0.16666572,0.16666995,0.16666572,0.16666716
2010-11-11,0.37499654,0.1250003,0.1250003,0.12500167,0.1250003,0.12500098
2010-11-12,0.16666664,0.16666664,0.16666664,0.1666668,0.16666664,0.16666669
2010-11-15,0.09097474,0.09097474,0.09097474,0.091042794,0.545035,0.09099793
2010-11-16,0.11111111,0.44444445,0.11111111,0.11111111,0.11111111,0.11111111
2010-11-17,0.11111111,0.44444445,0.11111111,0.11111111,0.11111111,0.11111111
2010-11-18,0.09090909,0.09090909,0.09090909,0.090909116,0.54545444,0.09090909
2010-11-19,0.15727551,0.15727882,0.15727651,0.15727551,0.15727551,0.21361808
2010-11-22,0.11111111,0.44444445,0.11111111,0.11111111,0.11111111,0.11111111
2010-11-23,0.37499997,0.12500001,0.12500001,0.12500004,0.12500001,0.12500003
2010-11-24,0.16666666,0.16666666,0.16666666,0.16666675,0.16666666,0.16666669
2010-11-26,0.11111111,0.44444445,0.11111111,0.11111111,0.11111111,0.11111111
2010-11-29,0.37499985,0.12500001,0.12500001,0.12500006,0.12500001,0.12500003
2010-11-30,0.09091467,0.09091467,0.09091467,0.090920456,0.5454188,0.09091664
2010-12-01,0.16664594,0.16664594,0.16664594,0.16673867,0.16664594,0.16667753
2010-12-02,0.15727551,0.15727882,0.15727651,0.15727551,0.15727551,0.21361808
2010-12-03,0.091055706,0.091055706,0.091055706,0.09120791,0.54451746,0.09110753
2010-12-06,0.111115225,0.4444136,0.111115225,0.111122884,0.111115225,0.11111784
2010-12-07,0.11111242,0.44443455,0.11111242,0.111114874,0.11111242,0.11111326
2010-12-08,0.16666031,0.16666031,0.16666031,0.16668878,0.16666031,0.16667001
2010-12-09,0.16666546,0.16666546,0.16666546,0.16667083,0.16666546,0.16666731
2010-12-10,0.09091035,0.09091035,0.09091035,0.090911664,0.5454464,0.0909108
2010-12-13,0.3749983,0.12500015,0.12500015,0.12500082,0.12500015,0.12500049
2010-12-14,0.09090966,0.09090966,0.09090966,0.09091024,0.5454509,0.09090985
2010-12-15,0.16666666,0.16666666,0.16666666,0.16666669,0.16666666,0.16666667
2010-12-16,0.090909086,0.090909086,0.090909086,0.090909086,0.54545456,0.090909086
2010-12-17,0.15727551,0.15727882,0.15727651,0.15727551,0.15727551,0.21361808
2010-12-20,0.37500003,0.125,0.125,0.125,0.125,0.125
2010-12-21,0.15727551,0.15727882,0.15727651,0.15727551,0.15727551,0.21361808
2010-12-22,0.11111111,0.44444445,0.11111111,0.11111111,0.11111111,0.11111111
2010-12-23,0.11111111,0.44444445,0.11111111,0.11111111,0.11111111,0.11111111
2010-12-27,0.15727551,0.15727882,0.15727651,0.15727551,0.15727551,0.21361808
2010-12-28,0.16666666,0.16666666,0.16666666,0.16666669,0.16666666,0.16666669
2010-12-29,0.11111111,0.44444445,0.11111111,0.11111111,0.11111111,0.11111111
2010-12-30,0.16666645,0.16666645,0.16666645,0.16666745,0.16666645,0.16666679
2010-12-31,0.11111113,0.4444443,0.11111113,0.11111117,0.11111113,0.11111114
2011-01-03,0.37493882,0.12500513,0.12500513,0.12502877,0.12500513,0.12501696
2011-01-04,0.16664125,0.16664125,0.16664125,0.16675499,0.16664125,0.16668001
2011-01-05,0.16661742,0.16661742,0.16661742,0.16683784,0.16661742,0.16669251
2011-01-06,0.0909303,0.0909303,0.0909303,0.09095226,0.545319,0.090937786
2011-01-07,0.09093351,0.09093351,0.09093351,0.09095881,0.5452985,0.09094213
2011-01-10,0.37494013,0.12500502,0.12500502,0.12502816,0.12500502,0.1250166
2011-01-11,0.09091424,0.09091424,0.09091424,0.09091958,0.5454216,0.09091607
2011-01-12,0.09091084,0.09091084,0.09091084,0.09091263,0.5454435,0.090911455
2011-01-13,0.15727551,0.15727882,0.15727651,0.15727551,0.15727551,0.21361808
2011-01-14,0.16666663,0.16666663,0.16666663,0.16666685,0.16666663,0.1666667
2011-01-18,0.16666663,0.16666663,0.16666663,0.1666668,0.16666663,0.16666669
2011-01-19,0.16666664,0.16666664,0.16666664,0.1666667,0.16666664,0.16666666
2011-01-20,0.09090909,0.09090909,0.09090909,0.090909116,0.54545444,0.09090909
2011-01-21,0.37500003,0.125,0.125,0.125,0.125,0.125
2011-01-24,0.37500003,0.125,0.125,0.125,0.125,0.125
2011-01-25,0.37500003,0.125,0.125,0.125,0.125,0.125
2011-01-26,0.15727551,0.15727882,0.15727651,0.15727551,0.15727551,0.21361808
2011-01-27,0.16666411,0.16666411,0.16666411,0.16667554,0.16666411,0.166668
2011-01-28,0.15727551,0.15727882,0.15727651,0.15727551,0.15727551,0.21361808
2011-01-31,0.37499508,0.12500042,0.12500042,0.12500234,0.12500042,0.12500137
2011-02-01,0.091038376,0.091038376,0.091038376,0.09117255,0.5446282,0.091084085
2011-02-02,0.111116625,0.4444032,0.111116625,0.11112688,0.111116625,0.11112012
2011-02-03,0.37489405,0.1250089,0.1250089,0.12504989,0.12500891,0.1250294
2011-02-04,0.11111722,0.44439858,0.11111722,0.11112862,0.11111722,0.1111211
2011-02-07,0.15727551,0.15727882,0.15727651,0.15727551,0.15727551,0.21361808
2011-02-08,0.37496525,0.12500292,0.12500292,0.12501635,0.12500292,0.12500964
2011-02-09,0.09091854,0.09091854,0.09091854,0.09092832,0.5453941,0.09092188
2011-02-10,0.1666648,0.1666648,0.1666648,0.16667312,0.1666648,0.16666764
2011-02-11,0.15727551,0.15727882,0.15727651,0.15727551,0.15727551,0.21361808
2011-02-14,0.15727551,0.15727882,0.15727651,0.15727551,0.15727551,0.21361808
2011-02-15,0.37499845,0.12500013,0.12500013,0.12500075,0.12500013,0.12500045
2011-02-16,0.15727551,0.15727882,0.15727651,0.15727551,0.15727551,0.21361808
2011-02-17,0.15727551,0.15727882,0.15727651,0.15727551,0.15727551,0.21361808
2011-02-18,0.16666667,0.16666667,0.16666667,0.16666667,0.16666667,0.16666667
2011-02-22,0.090909086,0.090909086,0.090909086,0.090909086,0.54545456,0.090909086
2011-02-23,0.37500003,0.125,0.125,0.125,0.125,0.125
2011-02-24,0.090909086,0.090909086,0.090909086,0.090909086,0.54545456,0.090909086
2011-02-25,0.37500003,0.125,0.125,0.125,0.125,0.125
2011-02-28,0.16666663,0.16666663,0.16666663,0.16666685,0.16666663,0.1666667
2011-03-01,0.11111111,0.44444445,0.11111111,0.11111111,0.11111111,0.11111111
2011-03-02,0.11111111,0.44444445,0.11111111,0.11111111,0.11111111,0.11111111
2011-03-03,0.16666545,0.16666545,0.16666545,0.16667089,0.16666545,0.16666731
2011-03-04,0.11111111,0.4444444,0.11111111,0.11111113,0.11111111,0.11111111
2011-03-07,0.15727551,0.15727882,0.15727651,0.15727551,0.15727551,0.21361808
2011-03-08,0.16666508,0.16666508,0.16666508,0.1666722,0.16666508,0.16666752
2011-03-09,0.16666621,0.16666621,0.16666621,0.16666828,0.16666621,0.16666692
2011-03-10,0.09091017,0.09091017,0.09091017,0.09091128,0.5454476,0.09091055
2011-03-11,0.37499866,0.1250001,0.1250001,0.12500064,0.1250001,0.12500037
2011-03-14,0.090910934,0.090910934,0.090910934,0.09091284,0.54544276,0.090911575
2011-03-15,0.11111111,0.44444445,0.11111111,0.11111111,0.11111111,0.11111111
2011-03-16,0.15727551,0.15727882,0.15727651,0.15727551,0.15727551,0.21361808
2011-03-17,0.11111111,0.44444445,0.11111111,0.11111111,0.11111111,0.11111111
2011-03-18,0.15727551,0.15727882,0.15727651,0.15727551,0.15727551,0.21361808
2011-03-21,0.09090909,0.09090909,0.09090909,0.09090909,0.54545444,0.09090909
2011-03-22,0.37500003,0.125,0.125,0.125,0.125,0.125
2011-03-23,0.37500003,0.125,0.125,0.125,0.125,0.125
2011-03-24,0.15727551,0.15727882,0.15727651,0.15727551,0.15727551,0.21361808
2011-03-25,0.16666663,0.16666663,0.16666663,0.1666668,0.16666663,0.16666669
2011-03-28,0.37500003,0.125,0.125,0.125,0.125,0.125
2011-03-29,0.37499997,0.12500001,0.12500001,0.12500004,0.12500001,0.12500003
2011-03-30,0.11111118,0.44444394,0.11111118,0.11111131,0.11111118,0.11111122
2011-03-31,0.16662556,0.16662556,0.16662556,0.16680956,0.16662556,0.16668823
2011-04-01,0.111113586,0.4444258,0.111113586,0.11111823,0.111113586,0.111115165
2011-04-04,0.37370193,0.12510857,0.12510855,0.12561207,0.12510867,0.12536016
2011-04-05,0.16649249,0.16649249,0.16649249,0.16727224,0.16649249,0.16675782
2011-04-06,0.09134156,0.09134157,0.09134156,0.091793016,0.5426871,0.09149517
2011-04-07,0.11111448,0.4444192,0.11111448,0.111120746,0.11111448,0.11111662
2011-04-08,0.37348142,0.12512693,0.1251269,0.12571628,0.12512706,0.12542136
2011-04-11,0.15727551,0.15727882,0.15727651,0.15727551,0.15727551,0.21361808
2011-04-12,0.09092514,0.09092514,0.09092514,0.090941764,0.54535204,0.090930805
2011-04-13,0.09091191,0.09091191,0.09091191,0.09091483,0.5454365,0.09091291
2011-04-14,0.16666663,0.16666663,0.16666663,0.16666688,0.16666663,0.1666667
2011-04-15,0.15727551,0.15727882,0.15727651,0.15727551,0.15727551,0.21361808
2011-04-18,0.3749997,0.12500001,0.12500001,0.12500015,0.12500001,0.12500009
2011-04-19,0.15727551,0.15727882,0.15727651,0.15727551,0.15727551,0.21361808
2011-04-20,0.090909086,0.090909086,0.090909086,0.090909086,0.54545456,0.090909086
2011-04-21,0.11111111,0.44444445,0.11111111,0.11111111,0.11111111,0.11111111
2011-04-25,0.15727551,0.15727882,0.15727651,0.15727551,0.15727551,0.21361808
2011-04-26,0.16666666,0.16666666,0.16666666,0.16666669,0.16666666,0.16666669
2011-04-27,0.16666664,0.16666664,0.16666664,0.1666667,0.16666664,0.16666667
2011-04-28,0.11111111,0.44444445,0.11111111,0.11111111,0.11111111,0.11111111
2011-04-29,0.15727551,0.15727882,0.15727651,0.15727551,0.15727551,0.21361808
2011-05-02,0.111111164,0.44444412,0.111111164,0.11111124,0.111111164,0.11111119
2011-05-03,0.15727551,0.15727882,0.15727651,0.15727551,0.15727551,0.21361808
2011-05-04,0.15727551,0.15727882,0.15727651,0.15727551,0.15727551,0.21361808
2011-05-05,0.15727551,0.15727882,0.15727651,0.15727551,0.15727551,0.21361808
2011-05-06,0.37497488,0.12500209,0.12500209,0.1250118,0.12500209,0.12500696
2011-05-09,0.111111216,0.4444437,0.111111216,0.11111141,0.111111216,0.11111128
2011-05-10,0.090922825,0.090922825,0.090922825,0.09093705,0.54536676,0.09092767
2011-05-11,0.09092166,0.09092166,0.09092166,0.09093469,0.54537416,0.090926096
2011-05-12,0.37499383,0.12500052,0.12500052,0.12500292,0.12500052,0.12500171
2011-05-13,0.16666621,0.16666621,0.16666621,0.1666683,0.16666621,0.16666691
2011-05-16,0.3749995,0.12500003,0.12500003,0.12500024,0.12500003,0.12500013
2011-05-17,0.090909116,0.090909116,0.090909116,0.09090913,0.54545444,0.09090913
2011-05-18,0.11111111,0.44444445,0.11111111,0.11111111,0.11111111,0.11111111
2011-05-19,0.15727551,0.15727882,0.15727651,0.15727551,0.15727551,0.21361808
2011-05-20,0.11111111,0.44444445,0.11111111,0.11111111,0.11111111,0.11111111
2011-05-23,0.15727551,0.15727882,0.15727651,0.15727551,0.15727551,0.21361808
2011-05-24,0.16666666,0.16666666,0.16666666,0.16666669,0.16666666,0.16666667
2011-05-25,0.37500003,0.125,0.125,0.125,0.125,0.125
2011-05-26,0.15727551,0.15727882,0.15727651,0.15727551,0.15727551,0.21361808
2011-05-27,0.09090928,0.09090928,0.09090928,0.09090947,0.54545337,0.090909354
2011-05-31,0.3749997,0.12500001,0.12500001,0.12500015,0.12500001,0.12500009
2011-06-01,0.16666183,0.16666183,0.16666183,0.16668348,0.16666183,0.1666692
2011-06-02,0.090917386,0.090917386,0.090917386,0.09092596,0.5454016,0.0909203
2011-06-03,0.111111335,0.44444284,0.111111335,0.11111173,0.111111335,0.11111146
2011-06-06,0.37499318,0.12500058,0.12500058,0.12500323,0.12500058,0.1250019
2011-06-07,0.09091251,0.09091251,0.09091251,0.09091606,0.5454327,0.090913735
2011-06-08,0.11111114,0.4444442,0.11111114,0.11111121,0.11111114,0.11111117
2011-06-09,0.16666618,0.16666618,0.16666618,0.16666839,0.16666618,0.16666694
2011-06-10,0.37499982,0.12500001,0.12500001,0.12500009,0.12500001,0.12500006
2011-06-13,0.15727551,0.15727882,0.15727651,0.15727551,0.15727551,0.21361808
2011-06-14,0.16666663,0.16666663,0.16666663,0.16666678,0.16666663,0.16666669
2011-06-15,0.11111111,0.44444445,0.11111111,0.11111111,0.11111111,0.11111111
2011-06-16,0.15727551,0.15727882,0.15727651,0.15727551,0.15727551,0.21361808
2011-06-17,0.090909086,0.090909086,0.090909086,0.090909086,0.54545456,0.090909086
2011-06-20,0.15727551,0.15727882,0.15727651,0.15727551,0.15727551,0.21361808
2011-06-21,0.37500003,0.125,0.125,0.125,0.125,0.125
2011-06-22,0.15727551,0.15727882,0.15727651,0.15727551,0.15727551,0.21361808
2011-06-23,0.11111111,0.44444445,0.11111111,0.11111111,0.11111111,0.11111111
2011-06-24,0.090909086,0.090909086,0.090909086,0.090909086,0.54545456,0.090909086
2011-06-27,0.11111111,0.44444445,0.11111111,0.11111111,0.11111111,0.11111111
2011-06-28,0.11111111,0.44444445,0.11111111,0.11111111,0.11111111,0.11111111
2011-06-29,0.16666661,0.16666661,0.16666661,0.16666688,0.16666661,0.1666667
2011-06-30,0.37499985,0.12500001,0.12500001,0.12500006,0.12500001,0.12500003
2011-07-01,0.090912394,0.090912394,0.090912394,0.09091582,0.54543346,0.09091357
2011-07-05,0.37499607,0.12500033,0.12500033,0.12500185,0.12500033,0.12500109
2011-07-06,0.090912595,0.090912595,0.090912595,0.09091623,0.54543215,0.09091383
2011-07-07,0.16666113,0.16666113,0.16666113,0.1666859,0.16666113,0.16666956
2011-07-08,0.37499535,0.12500039,0.12500039,0.12500218,0.12500039,0.12500127
2011-07-11,0.16666488,0.16666488,0.16666488,0.16667287,0.16666488,0.1666676
2011-07-12,0.15727551,0.15727882,0.15727651,0.15727551,0.15727551,0.21361808
2011-07-13,0.15727551,0.15727882,0.15727651,0.15727551,0.15727551,0.21361808
2011-07-14,0.15727551,0.15727882,0.15727651,0.15727551,0.15727551,0.21361808
2011-07-15,0.16666664,0.16666664,0.16666664,0.1666667,0.16666664,0.16666666
2011-07-18,0.11111111,0.44444445,0.11111111,0.11111111,0.11111111,0.11111111
2011-07-19,0.11111111,0.44444445,0.11111111,0.11111111,0.11111111,0.11111111
2011-07-20,0.37500003,0.125,0.125,0.125,0.125,0.125
2011-07-21,0.37500003,0.125,0.125,0.125,0.125,0.125
2011-07-22,0.090909086,0.090909086,0.090909086,0.090909086,0.54545456,0.090909086
2011-07-25,0.16666667,0.16666667,0.16666667,0.16666667,0.16666667,0.16666667
2011-07-26,0.37500003,0.125,0.125,0.125,0.125,0.125
2011-07-27,0.37500003,0.125,0.125,0.125,0.125,0.125
2011-07-28,0.11111111,0.44444445,0.11111111,0.11111111,0.11111111,0.11111111
2011-07-29,0.09090909,0.09090909,0.09090909,0.090909116,0.54545444,0.09090909
2011-08-01,0.1666666,0.1666666,0.1666666,0.16666691,0.1666666,0.1666667
2011-08-02,0.37499937,0.12500006,0.12500006,0.1250003,0.12500006,0.12500018
2011-08-03,0.15727551,0.15727882,0.15727651,0.15727551,0.15727551,0.21361808
2011-08-04,0.090909496,0.090909496,0.090909496,0.09090992,0.545452,0.09090963
2011-08-05,0.16666648,0.16666648,0.16666648,0.1666673,0.16666648,0.16666676
2011-08-08,0.09090971,0.09090971,0.09090971,0.09091035,0.54545057,0.09090992
2011-08-09,0.37500003,0.125,0.125,0.12500003,0.125,0.125
2011-08-10,0.37500003,0.125,0.125,0.125,0.125,0.125
2011-08-11,0.15727551,0.15727882,0.15727651,0.15727551,0.15727551,0.21361808
2011-08-12,0.16666667,0.16666667,0.16666667,0.16666667,0.16666667,0.16666667
2011-08-15,0.16666667,0.16666667,0.16666667,0.16666667,0.16666667,0.16666667
2011-08-16,0.09090915,0.09090915,0.09090915,0.09090922,0.5454541,0.090909176
2011-08-17,0.15727551,0.15727882,0.15727651,0.15727551,0.15727551,0.21361808
2011-08-18,0.090909116,0.090909116,0.090909116,0.09090913,0.54545444,0.09090913
2011-08-19,0.090909116,0.090909116,0.090909116,0.09090913,0.54545444,0.09090913
2011-08-22,0.11111111,0.44444445,0.11111111,0.11111111,0.11111111,0.11111111
2011-08-23,0.15727551,0.15727882,0.15727651,0.15727551,0.15727551,0.21361808
2011-08-24,0.16666667,0.16666667,0.16666667,0.16666667,0.16666667,0.16666667
2011-08-25,0.15727551,0.15727882,0.15727651,0.15727551,0.15727551,0.21361808
2011-08-26,0.37500003,0.125,0.125,0.125,0.125,0.125
2011-08-29,0.16666667,0.16666667,0.16666667,0.16666667,0.16666667,0.16666667
2011-08-30,0.11111111,0.44444445,0.11111111,0.11111111,0.11111111,0.11111111
2011-08-31,0.37499997,0.125,0.125,0.12500001,0.125,0.125
2011-09-01,0.15727551,0.15727882,0.15727651,0.15727551,0.15727551,0.21361808
2011-09-02,0.15727551,0.15727882,0.15727651,0.15727551,0.15727551,0.21361808
2011-09-06,0.16666655,0.16666655,0.16666655,0.16666706,0.16666655,0.1666667
2011-09-07,0.11111113,0.4444443,0.11111113,0.11111117,0.11111113,0.11111114
2011-09-08,0.090910025,0.090910025,0.090910025,0.09091098,0.5454486,0.090910345
2011-09-09,0.09090954,0.09090954,0.09090954,0.09091,0.54545164,0.090909705
2011-09-12,0.16666666,0.16666666,0.16666666,0.16666669,0.16666666,0.16666667
2011-09-13,0.09090921,0.09090921,0.09090921,0.09090933,0.5454538,0.09090925
2011-09-14,0.37500003,0.125,0.125,0.125,0.125,0.125
2011-09-15,0.15727551,0.15727882,0.15727651,0.15727551,0.15727551,0.21361808
2011-09-16,0.37500003,0.125,0.125,0.125,0.125,0.125
2011-09-19,0.11111111,0.44444445,0.11111111,0.11111111,0.11111111,0.11111111
2011-09-20,0.37500003,0.125,0.125,0.125,0.125,0.125
2011-09-21,0.11111111,0.44444445,0.11111111,0.11111111,0.11111111,0.11111111
2011-09-22,0.11111111,0.44444445,0.11111111,0.11111111,0.11111111,0.11111111
2011-09-23,0.15727551,0.15727882,0.15727651,0.15727551,0.15727551,0.21361808
2011-09-26,0.37500003,0.125,0.125,0.125,0.125,0.125
2011-09-27,0.15727551,0.15727882,0.15727651,0.15727551,0.15727551,0.21361808
2011-09-28,0.11111111,0.44444445,0.11111111,0.11111111,0.11111111,0.11111111
2011-09-29,0.11111111,0.44444445,0.11111111,0.11111111,0.11111111,0.11111111
2011-09-30,0.15727551,0.15727882,0.15727651,0.15727551,0.15727551,0.21361808
2011-10-03,0.09091,0.09091,0.09091,0.090910956,0.5454488,0.09091034
2011-10-04,0.15727551,0.15727882,0.15727651,0.15727551,0.15727551,0.21361808
2011-10-05,0.166654,0.166654,0.166654,0.16671067,0.166654,0.1666733
2011-10-06,0.11111675,0.44440216,0.11111675,0.11112725,0.11111675,0.11112033
2011-10-07,0.111126795,0.44432688,0.111126795,0.11115601,0.111126795,0.11113674
2011-10-10,0.16665863,0.16665863,0.16665863,0.1666946,0.16665863,0.16667089
2011-10-11,0.3749961,0.12500033,0.12500033,0.12500185,0.12500033,0.12500109
2011-10-12,0.11111348,0.44442654,0.11111348,0.11111792,0.11111348,0.11111499
2011-10-13,0.37499937,0.12500006,0.12500006,0.1250003,0.12500006,0.12500018
2011-10-14,0.091211334,0.09121134,0.091211334,0.09152606,0.5435214,0.091318466
2011-10-17,0.16666664,0.16666664,0.16666664,0.16666672,0.16666664,0.16666667
2011-10-18,0.37499997,0.12500001,0.12500001,0.12500004,0.12500001,0.12500003
2011-10-19,0.09090915,0.09090915,0.09090915,0.09090922,0.5454541,0.090909176
2011-10-20,0.16666667,0.16666667,0.16666667,0.16666667,0.16666667,0.16666667
2011-10-21,0.37499997,0.12500001,0.12500001,0.12500004,0.12500001,0.12500003
2011-10-24,0.37499997,0.125,0.125,0.12500001,0.125,0.12500001
2011-10-25,0.090909086,0.090909086,0.090909086,0.090909086,0.54545456,0.090909086
2011-10-26,0.15727551,0.15727882,0.15727651,0.15727551,0.15727551,0.21361808
2011-10-27,0.11111111,0.44444445,0.11111111,0.11111111,0.11111111,0.11111111
2011-10-28,0.09090912,0.09090912,0.09090912,0.09090913,0.5454544,0.09090912
2011-10-31,0.16666603,0.16666603,0.16666603,0.16666889,0.16666603,0.16666701
2011-11-01,0.09090968,0.09090968,0.09090968,0.09091031,0.54545075,0.0909099
2011-11-02,0.15727551,0.15727882,0.15727651,0.15727551,0.15727551,0.21361808
2011-11-03,0.15727551,0.15727882,0.15727651,0.15727551,0.15727551,0.21361808
2011-11-04,0.37494346,0.12500475,0.12500475,0.12502661,0.12500475,0.12501569
2011-11-07,0.09092463,0.09092463,0.09092463,0.090940736,0.54535526,0.09093011
2011-11-08,0.3749842,0.12500133,0.12500133,0.12500744,0.12500133,0.12500438
2011-11-09,0.11111144,0.4444419,0.11111144,0.11111208,0.11111144,0.111111656
2011-11-10,0.090910636,0.090910636,0.090910636,0.09091223,0.5454447,0.09091119
2011-11-11,0.11111111,0.4444444,0.11111111,0.11111113,0.11111111,0.11111111
2011-11-14,0.15727551,0.15727882,0.15727651,0.15727551,0.15727551,0.21361808
2011-11-15,0.37499747,0.12500021,0.12500021,0.12500119,0.12500021,0.1250007
2011-11-16,0.11111111,0.44444445,0.11111111,0.11111111,0.11111111,0.11111111
2011-11-17,0.16666667,0.16666667,0.16666667,0.16666667,0.16666667,0.16666667
2011-11-18,0.15727551,0.15727882,0.15727651,0.15727551,0.15727551,0.21361808
2011-11-21,0.090909086,0.090909086,0.090909086,0.090909086,0.54545456,0.090909086
2011-11-22,0.16666667,0.16666667,0.16666667,0.16666667,0.16666667,0.16666667
2011-11-23,0.16666667,0.16666667,0.16666667,0.16666667,0.16666667,0.16666667
2011-11-25,0.16666667,0.16666667,0.16666667,0.16666667,0.16666667,0.16666667
2011-11-28,0.37500003,0.125,0.125,0.125,0.125,0.125
2011-11-29,0.09090963,0.09090963,0.09090963,0.09091019,0.54545116,0.090909824
2011-11-30,0.11111118,0.44444397,0.11111118,0.1111113,0.11111118,0.111111216
2011-12-01,0.16665551,0.16665551,0.16665551,0.1667054,0.16665551,0.16667251
2011-12-02,0.11111318,0.444429,0.11111318,0.11111703,0.11111318,0.111114495
2011-12-05,0.11111395,0.44442305,0.11111395,0.11111926,0.11111395,0.11111577
2011-12-06,0.15727551,0.15727882,0.15727651,0.15727551,0.15727551,0.21361808
2011-12-07,0.3747654,0.12501968,0.12501968,0.12511046,0.12501973,0.12506509
2011-12-08,0.1666652,0.1666652,0.1666652,0.16667174,0.1666652,0.16666743
2011-12-09,0.09091086,0.09091086,0.09091086,0.090912715,0.5454432,0.09091149
2011-12-12,0.37499908,0.12500007,0.12500007,0.12500046,0.12500007,0.12500025
2011-12-13,0.09090912,0.09090912,0.09090912,0.090909146,0.5454544,0.09090912
2011-12-14,0.16666667,0.16666667,0.16666667,0.16666667,0.16666667,0.16666667
2011-12-15,0.11111111,0.44444445,0.11111111,0.11111111,0.11111111,0.11111111
2011-12-16,0.16666664,0.16666664,0.16666664,0.1666667,0.16666664,0.16666667
2011-12-19,0.16666664,0.16666664,0.16666664,0.1666668,0.16666664,0.16666669
2011-12-20,0.11111111,0.44444445,0.11111111,0.11111111,0.11111111,0.11111111
2011-12-21,0.15727551,0.15727882,0.15727651,0.15727551,0.15727551,0.21361808
2011-12-22,0.16666663,0.16666663,0.16666663,0.1666668,0.16666663,0.16666669
2011-12-23,0.11111111,0.44444445,0.11111111,0.11111111,0.11111111,0.11111111
2011-12-27,0.11111111,0.44444445,0.11111111,0.11111111,0.11111111,0.11111111
2011-12-28,0.11111111,0.44444445,0.11111111,0.11111111,0.11111111,0.11111111
2011-12-29,0.1666666,0.1666666,0.1666666,0.1666669,0.1666666,0.16666669
2011-12-30,0.11111111,0.4444444,0.11111111,0.11111113,0.11111111,0.11111111
2012-01-03,0.09090922,0.09090922,0.09090922,0.09090937,0.5454537,0.09090927
2012-01-04,0.16663343,0.16663343,0.16663343,0.1667822,0.16663343,0.16668412
2012-01-05,0.15727551,0.15727882,0.15727651,0.15727551,0.15727551,0.21361808
2012-01-06,0.3749937,0.12500052,0.12500052,0.12500295,0.12500052,0.12500174
2012-01-09,0.16663046,0.16663046,0.16663046,0.16679251,0.16663046,0.16668567
2012-01-10,0.37499097,0.12500076,0.12500076,0.12500425,0.12500076,0.1250025
2012-01-11,0.16665207,0.16665207,0.16665207,0.16671741,0.16665207,0.16667433
2012-01-12,0.0909102,0.0909102,0.0909102,0.09091134,0.5454475,0.090910584
2012-01-13,0.16666606,0.16666606,0.16666606,0.16666879,0.16666606,0.166667
2012-01-17,0.16666651,0.16666651,0.16666651,0.1666672,0.16666651,0.16666675
2012-01-18,0.11111111,0.44444445,0.11111111,0.11111111,0.11111111,0.11111111
2012-01-19,0.09090909,0.09090909,0.09090909,0.090909116,0.54545444,0.09090909
2012-01-20,0.09090909,0.09090909,0.09090909,0.090909116,0.54545444,0.09090909
2012-01-23,0.37500003,0.125,0.125,0.125,0.125,0.125
2012-01-24,0.15727551,0.15727882,0.15727651,0.15727551,0.15727551,0.21361808
2012-01-25,0.37500003,0.125,0.125,0.125,0.125,0.125
2012-01-26,0.11111111,0.44444445,0.11111111,0.11111111,0.11111111,0.11111111
2012-01-27,0.15727551,0.15727882,0.15727651,0.15727551,0.15727551,0.21361808
2012-01-30,0.11111132,0.44444284,0.11111132,0.111111715,0.11111132,0.111111455
2012-01-31,0.15727551,0.15727882,0.15727651,0.15727551,0.15727551,0.21361808
2012-02-01,0.09098809,0.09098809,0.09098809,0.09107001,0.54494965,0.091016
2012-02-02,0.3740242,0.1250817,0.12508169,0.1254599,0.12508178,0.12527072
2012-02-03,0.09098427,0.09098427,0.09098427,0.091062225,0.54497415,0.091010824
2012-02-06,0.15727551,0.15727882,0.15727651,0.15727551,0.15727551,0.21361808
2012-02-07,0.16666296,0.16666296,0.16666296,0.16667956,0.16666296,0.16666862
2012-02-08,0.37496972,0.12500253,0.12500253,0.12501426,0.12500253,0.1250084
2012-02-09,0.15727551,0.15727882,0.15727651,0.15727551,0.15727551,0.21361808
2012-02-10,0.15727551,0.15727882,0.15727651,0.15727551,0.15727551,0.21361808
2012-02-13,0.11111111,0.44444445,0.11111111,0.11111111,0.11111111,0.11111111
2012-02-14,0.37500003,0.125,0.125,0.125,0.125,0.125
2012-02-15,0.15727551,0.15727882,0.15727651,0.15727551,0.15727551,0.21361808
2012-02-16,0.37500003,0.125,0.125,0.125,0.125,0.125
2012-02-17,0.16666667,0.16666667,0.16666667,0.16666667,0.16666667,0.16666667
2012-02-21,0.37500003,0.125,0.125,0.125,0.125,0.125
2012-02-22,0.16666667,0.16666667,0.16666667,0.16666667,0.16666667,0.16666667
2012-02-23,0.11111111,0.44444445,0.11111111,0.11111111,0.11111111,0.11111111
2012-02-24,0.16666667,0.16666667,0.16666667,0.16666667,0.16666667,0.16666667
2012-02-27,0.15727551,0.15727882,0.15727651,0.15727551,0.15727551,0.21361808
2012-02-28,0.16666666,0.16666666,0.16666666,0.16666669,0.16666666,0.16666667
2012-02-29,0.11111111,0.44444445,0.11111111,0.11111111,0.11111111,0.11111111
2012-03-01,0.37499774,0.12500018,0.12500018,0.12500104,0.12500018,0.12500061
2012-03-02,0.16666427,0.16666427,0.16666427,0.16667499,0.16666427,0.16666791
2012-03-05,0.37498623,0.12500116,0.12500116,0.12500648,0.12500116,0.12500381
2012-03-06,0.3749838,0.12500136,0.12500136,0.12500761,0.12500136,0.12500449
2012-03-07,0.37498796,0.125001,0.125001,0.12500566,0.125001,0.12500332
2012-03-08,0.16666241,0.16666241,0.16666241,0.16668147,0.16666241,0.16666889
2012-03-09,0.3749989,0.12500009,0.12500009,0.1250005,0.12500009,0.12500028
2012-03-12,0.09091363,0.09091363,0.09091363,0.090918355,0.5454255,0.09091524
2012-03-13,0.1666665,0.1666665,0.1666665,0.1666673,0.1666665,0.16666676
2012-03-14,0.11111111,0.44444445,0.11111111,0.11111111,0.11111111,0.11111111
2012-03-15,0.37500003,0.125,0.125,0.125,0.125,0.125
2012-03-16,0.090909086,0.090909086,0.090909086,0.090909086,0.54545456,0.090909086
2012-03-19,0.37500003,0.125,0.125,0.125,0.125,0.125
2012-03-20,0.16666666,0.16666666,0.16666666,0.16666669,0.16666666,0.16666669
2012-03-21,0.11111111,0.44444445,0.11111111,0.11111111,0.11111111,0.11111111
2012-03-22,0.11111111,0.44444445,0.11111111,0.11111111,0.11111111,0.11111111
2012-03-23,0.37500003,0.125,0.125,0.125,0.125,0.125
2012-03-26,0.37500003,0.125,0.125,0.125,0.125,0.125
2012-03-27,0.11111111,0.44444445,0.11111111,0.11111111,0.11111111,0.11111111
2012-03-28,0.1666664,0.1666664,0.1666664,0.16666758,0.1666664,0.1666668
2012-03-29,0.15727551,0.15727882,0.15727651,0.15727551,0.15727551,0.21361808
2012-03-30,0.09091706,0.09091706,0.09091706,0.090925306,0.54540366,0.09091987
2012-04-02,0.090958886,0.090958886,0.090958886,0.09101049,0.5451364,0.090976454
2012-04-03,0.16662563,0.16662563,0.16662563,0.1668093,0.16662563,0.1666882
2012-04-04,0.15727551,0.15727882,0.15727651,0.15727551,0.15727551,0.21361808
2012-04-05,0.09102843,0.09102843,0.09102843,0.091152266,0.5446918,0.09107061
2012-04-09,0.15727551,0.15727882,0.15727651,0.15727551,0.15727551,0.21361808
2012-04-10,0.11112894,0.4443107,0.11112894,0.11116219,0.11112894,0.11114028
2012-04-11,0.09094932,0.09094932,0.09094932,0.09099101,0.5451974,0.09096353
2012-04-12,0.090932384,0.090932384,0.090932384,0.09095651,0.5453058,0.090940595
2012-04-13,0.11111113,0.44444436,0.11111113,0.11111116,0.11111113,0.11111114
2012-04-16,0.15727551,0.15727882,0.15727651,0.15727551,0.15727551,0.21361808
2012-04-17,0.15727551,0.15727882,0.15727651,0.15727551,0.15727551,0.21361808
2012-04-18,0.09090935,0.09090935,0.09090935,0.090909615,0.5454529,0.09090944
2012-04-19,0.37500003,0.125,0.125,0.125,0.125,0.125
2012-04-20,0.37500003,0.125,0.125,0.125,0.125,0.125
2012-04-23,0.16666667,0.16666667,0.16666667,0.16666667,0.16666667,0.16666667
2012-04-24,0.11111111,0.44444445,0.11111111,0.11111111,0.11111111,0.11111111
2012-04-25,0.15727551,0.15727882,0.15727651,0.15727551,0.15727551,0.21361808
2012-04-26,0.11111111,0.44444445,0.11111111,0.11111111,0.11111111,0.11111111
2012-04-27,0.15727551,0.15727882,0.15727651,0.15727551,0.15727551,0.21361808
2012-04-30,0.16666579,0.16666579,0.16666579,0.16666967,0.16666579,0.1666671
2012-05-01,0.11111234,0.44443512,0.11111234,0.11111466,0.11111234,0.11111314
2012-05-02,0.15727551,0.15727882,0.15727651,0.15727551,0.15727551,0.21361808
2012-05-03,0.111112185,0.44443634,0.111112185,0.1111142,0.111112185,0.11111288
2012-05-04,0.09093678,0.09093678,0.09093678,0.09096548,0.5452776,0.09094656
2012-05-07,0.1111117,0.44444013,0.1111117,0.11111278,0.1111117,0.111112066
2012-05-08,0.15727551,0.15727882,0.15727651,0.15727551,0.15727551,0.21361808
2012-05-09,0.37499782,0.1250002,0.1250002,0.12500104,0.1250002,0.1250006
2012-05-10,0.111111164,0.44444406,0.111111164,0.11111125,0.111111164,0.11111119
2012-05-11,0.3749996,0.12500003,0.12500003,0.12500018,0.12500003,0.1250001
2012-05-14,0.11111114,0.44444427,0.11111114,0.11111119,0.11111114,0.11111116
2012-05-15,0.09091199,0.09091199,0.09091199,0.090914994,0.5454361,0.09091301
2012-05-16,0.37500003,0.125,0.125,0.125,0.125,0.125
2012-05-17,0.37500003,0.125,0.125,0.125,0.125,0.125
2012-05-18,0.090909086,0.090909086,0.090909086,0.090909086,0.54545456,0.090909086
2012-05-21,0.37500003,0.125,0.125,0.125,0.125,0.125
2012-05-22,0.15727551,0.15727882,0.15727651,0.15727551,0.15727551,0.21361808
2012-05-23,0.15727551,0.15727882,0.15727651,0.15727551,0.15727551,0.21361808
2012-05-24,0.37500003,0.125,0.125,0.125,0.125,0.125
2012-05-25,0.11111111,0.44444445,0.11111111,0.11111111,0.11111111,0.11111111
2012-05-29,0.37500003,0.125,0.125,0.125,0.125,0.125
2012-05-30,0.15727551,0.15727882,0.15727651,0.15727551,0.15727551,0.21361808
2012-05-31,0.09091149,0.09091149,0.09091149,0.09091399,0.5454391,0.090912335
2012-06-01,0.16664596,0.16664596,0.16664596,0.16673861,0.16664596,0.16667753
2012-06-04,0.16663903,0.16663903,0.16663903,0.1667627,0.16663903,0.16668119
2012-06-05,0.15727551,0.15727882,0.15727651,0.15727551,0.15727551,0.21361808
2012-06-06,0.3749431,0.1250048,0.1250048,0.1250268,0.1250048,0.1250158
2012-06-07,0.15727551,0.15727882,0.15727651,0.15727551,0.15727551,0.21361808
2012-06-08,0.15727551,0.15727882,0.15727651,0.15727551,0.15727551,0.21361808
2012-06-11,0.16666293,0.16666293,0.16666293,0.1666796,0.16666293,0.16666862
2012-06-12,0.3749996,0.12500001,0.12500001,0.12500015,0.12500001,0.1250001
2012-06-13,0.111111216,0.44444358,0.111111216,0.11111142,0.111111216,0.11111128
2012-06-14,0.11111111,0.4444444,0.11111111,0.11111113,0.11111111,0.11111111
2012-06-15,0.15727551,0.15727882,0.15727651,0.15727551,0.15727551,0.21361808
2012-06-18,0.090909086,0.090909086,0.090909086,0.090909086,0.54545456,0.090909086
2012-06-19,0.16666664,0.16666664,0.16666664,0.1666667,0.16666664,0.16666666
2012-06-20,0.090909086,0.090909086,0.090909086,0.090909086,0.54545456,0.090909086
2012-06-21,0.16666667,0.16666667,0.16666667,0.16666667,0.16666667,0.16666667
2012-06-22,0.11111111,0.44444445,0.11111111,0.11111111,0.11111111,0.11111111
2012-06-25,0.11111111,0.44444445,0.11111111,0.11111111,0.11111111,0.11111111
2012-06-26,0.15727551,0.15727882,0.15727651,0.15727551,0.15727551,0.21361808
2012-06-27,0.37500003,0.125,0.125,0.125,0.125,0.125
2012-06-28,0.16666664,0.16666664,0.16666664,0.1666667,0.16666664,0.16666667
2012-06-29,0.37499997,0.125,0.125,0.12500001,0.125,0.12500001
2012-07-02,0.15727551,0.15727882,0.15727651,0.15727551,0.15727551,0.21361808
2012-07-03,0.16666599,0.16666599,0.16666599,0.16666901,0.16666599,0.16666701
2012-07-05,0.09090939,0.09090939,0.09090939,0.0909097,0.5454526,0.090909496
2012-07-06,0.09090934,0.09090934,0.09090934,0.09090959,0.545453,0.09090943
2012-07-09,0.09090943,0.09090943,0.09090943,0.09090978,0.54545236,0.090909556
2012-07-10,0.3749991,0.12500006,0.12500006,0.12500042,0.12500006,0.12500025
2012-07-11,0.16666657,0.16666657,0.16666657,0.16666701,0.16666657,0.16666672
2012-07-12,0.16666666,0.16666666,0.16666666,0.16666675,0.16666666,0.16666669
2012-07-13,0.37500003,0.125,0.125,0.125,0.125,0.125
2012-07-16,0.16666667,0.16666667,0.16666667,0.16666667,0.16666667,0.16666667
2012-07-17,0.37500003,0.125,0.125,0.125,0.125,0.125
2012-07-18,0.15727551,0.15727882,0.15727651,0.15727551,0.15727551,0.21361808
2012-07-19,0.11111111,0.44444445,0.11111111,0.11111111,0.11111111,0.11111111
2012-07-20,0.37500003,0.125,0.125,0.125,0.125,0.125
2012-07-23,0.090909086,0.090909086,0.090909086,0.090909086,0.54545456,0.090909086
2012-07-24,0.090909086,0.090909086,0.090909086,0.090909086,0.54545456,0.090909086
2012-07-25,0.15727551,0.15727882,0.15727651,0.15727551,0.15727551,0.21361808
2012-07-26,0.37500003,0.125,0.125,0.125,0.125,0.125
2012-07-27,0.16666667,0.16666667,0.16666667,0.16666667,0.16666667,0.16666667
2012-07-30,0.37500003,0.125,0.125,0.125,0.125,0.125
2012-07-31,0.09090913,0.09090913,0.09090913,0.09090918,0.5454542,0.09090915
2012-08-01,0.37499988,0.12500001,0.12500001,0.12500006,0.12500001,0.12500003
2012-08-02,0.16666616,0.16666616,0.16666616,0.1666684,0.16666616,0.16666692
2012-08-03,0.0909093,0.0909093,0.0909093,0.090909526,0.5454532,0.090909384
2012-08-06,0.11111111,0.4444444,0.11111111,0.11111113,0.11111111,0.11111111
2012-08-07,0.11111113,0.44444436,0.11111113,0.11111116,0.11111113,0.11111114
2012-08-08,0.15727551,0.15727882,0.15727651,0.15727551,0.15727551,0.21361808
2012-08-09,0.09090959,0.09090959,0.09090959,0.090910114,0.5454514,0.09090976
2012-08-10,0.16666664,0.16666664,0.16666664,0.16666672,0.16666664,0.16666667
2012-08-13,0.37500003,0.125,0.125,0.125,0.125,0.125
2012-08-14,0.090909086,0.090909086,0.090909086,0.090909086,0.54545456,0.090909086
2012-08-15,0.15727551,0.15727882,0.15727651,0.15727551,0.15727551,0.21361808
2012-08-16,0.11111111,0.44444445,0.11111111,0.11111111,0.11111111,0.11111111
2012-08-17,0.090909086,0.090909086,0.090909086,0.090909086,0.54545456,0.090909086
2012-08-20,0.15727551,0.15727882,0.15727651,0.15727551,0.15727551,0.21361808
2012-08-21,0.16666667,0.16666667,0.16666667,0.16666667,0.16666667,0.16666667
2012-08-22,0.11111111,0.44444445,0.11111111,0.11111111,0.11111111,0.11111111
2012-08-23,0.090909086,0.090909086,0.090909086,0.090909086,0.54545456,0.090909086
2012-08-24,0.16666667,0.16666667,0.16666667,0.16666667,0.16666667,0.16666667
2012-08-27,0.11111111,0.44444445,0.11111111,0.11111111,0.11111111,0.11111111
2012-08-28,0.37500003,0.125,0.125,0.125,0.125,0.125
2012-08-29,0.15727551,0.15727882,0.15727651,0.15727551,0.15727551,0.21361808
2012-08-30,0.16666664,0.16666664,0.16666664,0.1666667,0.16666664,0.16666667
2012-08-31,0.37499982,0.12500001,0.12500001,0.12500009,0.12500001,0.12500006
2012-09-04,0.15727551,0.15727882,0.15727651,0.15727551,0.15727551,0.21361808
2012-09-05,0.37499794,0.12500018,0.12500018,0.12500098,0.12500018,0.12500058
2012-09-06,0.0909102,0.0909102,0.0909102,0.09091134,0.5454475,0.090910584
2012-09-07,0.16666633,0.16666633,0.16666633,0.16666783,0.16666633,0.16666685
2012-09-10,0.37499908,0.12500007,0.12500007,0.12500046,0.12500007,0.12500025
2012-09-11,0.16666651,0.16666651,0.16666651,0.16666721,0.16666651,0.16666675
2012-09-12,0.15727551,0.15727882,0.15727651,0.15727551,0.15727551,0.21361808
2012-09-13,0.090909295,0.090909295,0.090909295,0.090909496,0.54545325,0.09090937
2012-09-14,0.37500003,0.125,0.125,0.125,0.125,0.125
2012-09-17,0.37500003,0.125,0.125,0.125,0.125,0.125
2012-09-18,0.15727551,0.15727882,0.15727651,0.15727551,0.15727551,0.21361808
2012-09-19,0.16666667,0.16666667,0.16666667,0.16666667,0.16666667,0.16666667
2012-09-20,0.37500003,0.125,0.125,0.125,0.125,0.125
2012-09-21,0.16666667,0.16666667,0.16666667,0.16666667,0.16666667,0.16666667
2012-09-24,0.11111111,0.44444445,0.11111111,0.11111111,0.11111111,0.11111111
2012-09-25,0.16666667,0.16666667,0.16666667,0.16666667,0.16666667,0.16666667
2012-09-26,0.16666667,0.16666667,0.16666667,0.16666667,0.16666667,0.16666667
2012-09-27,0.37500003,0.125,0.125,0.125,0.125,0.125
2012-09-28,0.37500003,0.125,0.125,0.125,0.125,0.125
2012-10-01,0.16666663,0.16666663,0.16666663,0.16666682,0.16666663,0.1666667
2012-10-02,0.16666658,0.16666658,0.16666658,0.16666695,0.16666658,0.1666667
2012-10-03,0.37499908,0.12500007,0.12500007,0.12500043,0.12500007,0.12500025
2012-10-04,0.16666648,0.16666648,0.16666648,0.1666673,0.16666648,0.16666676
2012-10-05,0.16666639,0.16666639,0.16666639,0.16666767,0.16666639,0.16666684
2012-10-08,0.16666628,0.16666628,0.16666628,0.16666794,0.16666628,0.16666685
2012-10-09,0.15727551,0.15727882,0.15727651,0.15727551,0.15727551,0.21361808
2012-10-10,0.16666663,0.16666663,0.16666663,0.16666678,0.16666663,0.16666669
2012-10-11,0.37499976,0.12500001,0.12500001,0.1250001,0.12500001,0.12500006
2012-10-12,0.15727551,0.15727882,0.15727651,0.15727551,0.15727551,0.21361808
2012-10-15,0.091261335,0.09126134,0.091261335,0.091628484,0.5432012,0.091386296
2012-10-16,0.37499928,0.12500006,0.12500006,0.12500033,0.12500006,0.1250002
2012-10-17,0.37499997,0.125,0.125,0.12500001,0.125,0.12500001
2012-10-18,0.11111111,0.44444445,0.11111111,0.11111111,0.11111111,0.11111111
2012-10-19,0.11111111,0.44444445,0.11111111,0.11111111,0.11111111,0.11111111
2012-10-22,0.11111111,0.44444445,0.11111111,0.11111111,0.11111111,0.11111111
2012-10-23,0.37500003,0.125,0.125,0.125,0.125,0.125
2012-10-24,0.16666667,0.16666667,0.16666667,0.16666667,0.16666667,0.16666667
2012-10-25,0.11111111,0.44444445,0.11111111,0.11111111,0.11111111,0.11111111
2012-10-26,0.09090913,0.09090913,0.09090913,0.09090918,0.5454542,0.09090915
2012-10-31,0.1666666,0.1666666,0.1666666,0.16666692,0.1666666,0.16666672
2012-11-01,0.16666606,0.16666606,0.16666606,0.16666879,0.16666606,0.16666698
2012-11-02,0.15727551,0.15727882,0.15727651,0.15727551,0.15727551,0.21361808
2012-11-05,0.111111365,0.44444257,0.111111365,0.11111184,0.111111365,0.11111153
2012-11-06,0.3749571,0.12500359,0.12500359,0.12502019,0.12500359,0.12501189
2012-11-07,0.37497735,0.1250019,0.1250019,0.12501068,0.1250019,0.12500629
2012-11-08,0.090911426,0.090911426,0.090911426,0.09091384,0.54543966,0.09091224
2012-11-09,0.15727551,0.15727882,0.15727651,0.15727551,0.15727551,0.21361808
2012-11-12,0.15727551,0.15727882,0.15727651,0.15727551,0.15727551,0.21361808
2012-11-13,0.37499964,0.12500003,0.12500003,0.12500016,0.12500003,0.12500009
2012-11-14,0.37499955,0.12500003,0.12500003,0.1250002,0.12500003,0.1250001
2012-11-15,0.15727551,0.15727882,0.15727651,0.15727551,0.15727551,0.21361808
2012-11-16,0.11111111,0.44444445,0.11111111,0.11111111,0.11111111,0.11111111
2012-11-19,0.16666667,0.16666667,0.16666667,0.16666667,0.16666667,0.16666667
2012-11-20,0.37500003,0.125,0.125,0.125,0.125,0.125
2012-11-21,0.11111111,0.44444445,0.11111111,0.11111111,0.11111111,0.11111111
2012-11-23,0.090909116,0.090909116,0.090909116,0.09090913,0.54545444,0.09090913
2012-11-26,0.37500003,0.125,0.125,0.125,0.125,0.125
2012-11-27,0.15727551,0.15727882,0.15727651,0.15727551,0.15727551,0.21361808
2012-11-28,0.37499997,0.125,0.125,0.12500001,0.125,0.125
2012-11-29,0.16666663,0.16666663,0.16666663,0.16666684,0.16666663,0.16666669
2012-11-30,0.11111118,0.44444394,0.11111118,0.11111131,0.11111118,0.11111122
2012-12-03,0.37491655,0.125007,0.125007,0.12503926,0.12500702,0.12502314
2012-12-04,0.09094003,0.09094003,0.09094003,0.09097208,0.5452569,0.090950936
2012-12-05,0.111112736,0.4444323,0.111112736,0.11111575,0.111112736,0.11111377
2012-12-06,0.37470677,0.1250246,0.1250246,0.12513804,0.12502463,0.12508135
2012-12-07,0.09091522,0.09091522,0.09091522,0.09092156,0.5454154,0.09091739
2012-12-10,0.37495437,0.12500383,0.12500383,0.12502147,0.12500383,0.12501265
2012-12-11,0.111111306,0.444443,0.111111306,0.11111166,0.111111306,0.111111425
2012-12-12,0.09090919,0.09090919,0.09090919,0.0909093,0.54545385,0.09090922
2012-12-13,0.15727551,0.15727882,0.15727651,0.15727551,0.15727551,0.21361808
2012-12-14,0.37499988,0.12500001,0.12500001,0.12500004,0.12500001,0.12500001
2012-12-17,0.11111111,0.44444445,0.11111111,0.11111111,0.11111111,0.11111111
2012-12-18,0.16666667,0.16666667,0.16666667,0.16666669,0.16666667,0.16666667
2012-12-19,0.15727551,0.15727882,0.15727651,0.15727551,0.15727551,0.21361808
2012-12-20,0.090909086,0.090909086,0.090909086,0.090909086,0.54545456,0.090909086
2012-12-21,0.16666667,0.16666667,0.16666667,0.16666667,0.16666667,0.16666667
2012-12-24,0.090909086,0.090909086,0.090909086,0.090909086,0.54545456,0.090909086
2012-12-26,0.16666666,0.16666666,0.16666666,0.16666669,0.16666666,0.16666669
2012-12-27,0.11111111,0.44444445,0.11111111,0.11111111,0.11111111,0.11111111
2012-12-28,0.11111111,0.4444444,0.11111111,0.11111113,0.11111111,0.11111111
2012-12-31,0.37499988,0.12500001,0.12500001,0.12500004,0.12500001,0.12500001
2013-01-02,0.37499684,0.12500027,0.12500027,0.12500149,0.12500027,0.12500088
2013-01-03,0.09091258,0.09091258,0.09091258,0.09091619,0.54543227,0.09091382
2013-01-04,0.09091297,0.09091297,0.09091297,0.09091699,0.5454297,0.09091434
2013-01-07,0.16664894,0.16664894,0.16664894,0.16672826,0.16664894,0.16667597
2013-01-08,0.09091698,0.09091698,0.09091698,0.09092515,0.54540414,0.090919755
2013-01-09,0.16665308,0.16665308,0.16665308,0.16671386,0.16665308,0.16667378
2013-01-10,0.090912856,0.090912856,0.090912856,0.09091676,0.5454305,0.09091419
2013-01-11,0.15727551,0.15727882,0.15727651,0.15727551,0.15727551,0.21361808
2013-01-14,0.37499982,0.12500001,0.12500001,0.12500009,0.12500001,0.12500006
2013-01-15,0.090909325,0.090909325,0.090909325,0.09090956,0.54545313,0.0909094
2013-01-16,0.090909116,0.090909116,0.090909116,0.09090913,0.54545444,0.09090913
2013-01-17,0.15727551,0.15727882,0.15727651,0.15727551,0.15727551,0.21361808
2013-01-18,0.15727551,0.15727882,0.15727651,0.15727551,0.15727551,0.21361808
2013-01-22,0.11111111,0.44444445,0.11111111,0.11111111,0.11111111,0.11111111
2013-01-23,0.11111111,0.44444445,0.11111111,0.11111111,0.11111111,0.11111111
2013-01-24,0.11111111,0.44444445,0.11111111,0.11111111,0.11111111,0.11111111
2013-01-25,0.37500003,0.125,0.125,0.125,0.125,0.125
2013-01-28,0.09090913,0.09090913,0.09090913,0.09090918,0.5454542,0.09090915
2013-01-29,0.37499985,0.12500001,0.12500001,0.12500006,0.12500001,0.12500003
2013-01-30,0.37499472,0.12500042,0.12500042,0.12500247,0.12500042,0.12500145
2013-01-31,0.37489638,0.1250087,0.1250087,0.12504879,0.12500873,0.12502876
2013-02-01,0.09099266,0.09099266,0.09099266,0.09107931,0.5449205,0.09102217
2013-02-04,0.372858,0.12517868,0.12517865,0.12601136,0.12517886,0.12559448
2013-02-05,0.37232146,0.12522304,0.12522301,0.12626572,0.12522328,0.12574351
2013-02-06,0.111136205,0.44425625,0.111136205,0.11118298,0.111136205,0.111152135
2013-02-07,0.16659191,0.16659191,0.16659191,0.1669265,0.16659191,0.16670586
2013-02-08,0.09095554,0.09095554,0.09095554,0.0910037,0.5451577,0.090971954
2013-02-11,0.09091726,0.09091726,0.09091726,0.09092572,0.54540235,0.09092014
2013-02-12,0.11111114,0.4444442,0.11111114,0.1111112,0.11111114,0.11111116
2013-02-13,0.16666655,0.16666655,0.16666655,0.16666704,0.16666655,0.16666672
2013-02-14,0.16666664,0.16666664,0.16666664,0.16666675,0.16666664,0.16666669
2013-02-15,0.37499997,0.125,0.125,0.12500001,0.125,0.125
2013-02-19,0.11111111,0.44444445,0.11111111,0.11111111,0.11111111,0.11111111
2013-02-20,0.11111111,0.44444445,0.11111111,0.11111111,0.11111111,0.11111111
2013-02-21,0.090909086,0.090909086,0.090909086,0.090909086,0.54545456,0.090909086
2013-02-22,0.11111111,0.44444445,0.11111111,0.11111111,0.11111111,0.11111111
2013-02-25,0.16666666,0.16666666,0.16666666,0.16666669,0.16666666,0.16666669
2013-02-26,0.11111111,0.44444445,0.11111111,0.11111111,0.11111111,0.11111111
2013-02-27,0.37500003,0.125,0.125,0.125,0.125,0.125
2013-02-28,0.15727551,0.15727882,0.15727651,0.15727551,0.15727551,0.21361808
2013-03-01,0.37499943,0.12500003,0.12500003,0.12500028,0.12500003,0.12500016
2013-03-04,0.11111165,0.44444045,0.11111165,0.11111264,0.11111165,0.11111199
2013-03-05,0.37499395,0.1250005,0.1250005,0.12500285,0.1250005,0.12500167
2013-03-06,0.37499624,0.12500031,0.12500031,0.12500176,0.12500031,0.12500103
2013-03-07,0.111112475,0.4444343,0.111112475,0.11111501,0.111112475,0.11111334
2013-03-08,0.09091281,0.09091281,0.09091281,0.090916656,0.5454308,0.090914115
2013-03-11,0.11111158,0.44444078,0.11111158,0.1111125,0.11111158,0.11111189
2013-03-12,0.111111216,0.4444437,0.111111216,0.1111114,0.111111216,0.11111128
2013-03-13,0.15727551,0.15727882,0.15727651,0.15727551,0.15727551,0.21361808
2013-03-14,0.16666654,0.16666654,0.16666654,0.16666712,0.16666654,0.16666675
2013-03-15,0.15727551,0.15727882,0.15727651,0.15727551,0.15727551,0.21361808
2013-03-18,0.15727551,0.15727882,0.15727651,0.15727551,0.15727551,0.21361808
2013-03-19,0.11111111,0.44444445,0.11111111,0.11111111,0.11111111,0.11111111
2013-03-20,0.090909086,0.090909086,0.090909086,0.090909086,0.54545456,0.090909086
2013-03-21,0.15727551,0.15727882,0.15727651,0.15727551,0.15727551,0.21361808
2013-03-22,0.37500003,0.125,0.125,0.125,0.125,0.125
2013-03-25,0.15727551,0.15727882,0.15727651,0.15727551,0.15727551,0.21361808
2013-03-26,0.15727551,0.15727882,0.15727651,0.15727551,0.15727551,0.21361808
2013-03-27,0.09090909,0.09090909,0.09090909,0.090909116,0.54545444,0.09090909
2013-03-28,0.11111113,0.4444443,0.11111113,0.11111117,0.11111113,0.11111114
2013-04-01,0.09091135,0.09091135,0.09091135,0.09091369,0.54544014,0.09091214
2013-04-02,0.090915434,0.090915434,0.090915434,0.09092201,0.545414,0.09091767
2013-04-03,0.37498835,0.12500098,0.12500098,0.12500547,0.12500098,0.12500322
2013-04-04,0.15727551,0.15727882,0.15727651,0.15727551,0.15727551,0.21361808
2013-04-05,0.15727551,0.15727882,0.15727651,0.15727551,0.15727551,0.21361808
2013-04-08,0.15727551,0.15727882,0.15727651,0.15727551,0.15727551,0.21361808
2013-04-09,0.09091363,0.09091363,0.09091363,0.09091832,0.5454256,0.09091523
2013-04-10,0.09091164,0.09091164,0.09091164,0.09091429,0.5454383,0.09091254
2013-04-11,0.11111114,0.44444427,0.11111114,0.111111194,0.11111114,0.11111116
2013-04-12,0.374999,0.12500009,0.12500009,0.12500049,0.12500009,0.12500028
2013-04-15,0.09091931,0.09091931,0.09091931,0.09092988,0.5453893,0.09092291
2013-04-16,0.37499997,0.125,0.125,0.12500001,0.125,0.12500001
2013-04-17,0.15727551,0.15727882,0.15727651,0.15727551,0.15727551,0.21361808
2013-04-18,0.37500003,0.125,0.125,0.125,0.125,0.125
2013-04-19,0.090909086,0.090909086,0.090909086,0.090909086,0.54545456,0.090909086
2013-04-22,0.090909086,0.090909086,0.090909086,0.090909086,0.54545456,0.090909086
2013-04-23,0.090909086,0.090909086,0.090909086,0.090909086,0.54545456,0.090909086
2013-04-24,0.15727551,0.15727882,0.15727651,0.15727551,0.15727551,0.21361808
2013-04-25,0.1666649,0.1666649,0.1666649,0.16667281,0.1666649,0.1666676
2013-04-26,0.1666639,0.1666639,0.1666639,0.1666763,0.1666639,0.16666812
2013-04-29,0.16666132,0.16666132,0.16666132,0.16668521,0.16666132,0.16666946
2013-04-30,0.09091076,0.09091076,0.09091076,0.090912476,0.54544395,0.09091135
2013-05-01,0.15727551,0.15727882,0.15727651,0.15727551,0.15727551,0.21361808
2013-05-02,0.11111949,0.44438154,0.11111949,0.11113512,0.11111949,0.11112481
2013-05-03,0.15727551,0.15727882,0.15727651,0.15727551,0.15727551,0.21361808
2013-05-06,0.11111516,0.4444142,0.11111516,0.111122675,0.11111516,0.11111773
2013-05-07,0.15727551,0.15727882,0.15727651,0.15727551,0.15727551,0.21361808
2013-05-08,0.0909147,0.0909147,0.0909147,0.09092049,0.54541874,0.09091668
2013-05-09,0.16664916,0.16664916,0.16664916,0.16672745,0.16664916,0.16667584
2013-05-10,0.16665843,0.16665843,0.16665843,0.16669525,0.16665843,0.166671
2013-05-13,0.11111139,0.44444233,0.11111139,0.11111192,0.11111139,0.111111574
2013-05-14,0.15727551,0.15727882,0.15727651,0.15727551,0.15727551,0.21361808
2013-05-15,0.37500003,0.125,0.125,0.125,0.125,0.125
2013-05-16,0.16666624,0.16666624,0.16666624,0.16666815,0.16666624,0.1666669
2013-05-17,0.090909086,0.090909086,0.090909086,0.090909086,0.54545456,0.090909086
2013-05-20,0.11111111,0.44444445,0.11111111,0.11111111,0.11111111,0.11111111
2013-05-21,0.11111111,0.44444445,0.11111111,0.11111111,0.11111111,0.11111111
2013-05-22,0.11111111,0.44444445,0.11111111,0.11111111,0.11111111,0.11111111
2013-05-23,0.11111111,0.44444445,0.11111111,0.11111111,0.11111111,0.11111111
2013-05-24,0.37500003,0.125,0.125,0.125,0.125,0.125
2013-05-28,0.15727551,0.15727882,0.15727651,0.15727551,0.15727551,0.21361808
2013-05-29,0.15727551,0.15727882,0.15727651,0.15727551,0.15727551,0.21361808
2013-05-30,0.15727551,0.15727882,0.15727651,0.15727551,0.15727551,0.21361808
2013-05-31,0.15727551,0.15727882,0.15727651,0.15727551,0.15727551,0.21361808
2013-06-03,0.09091047,0.09091047,0.09091047,0.0909119,0.54544574,0.090910956
2013-06-04,0.37465674,0.12502879,0.12502879,0.1251616,0.12502882,0.1250952
2013-06-05,0.11111357,0.44442597,0.11111357,0.11111815,0.11111357,0.111115135
2013-06-06,0.11111383,0.4444239,0.11111383,0.111118935,0.11111383,0.11111557
2013-06-07,0.11111476,0.4444171,0.11111476,0.11112156,0.11111476,0.11111708
2013-06-10,0.37493902,0.12500511,0.12500511,0.1250287,0.12500511,0.1250169
2013-06-11,0.37497002,0.12500252,0.12500252,0.12501413,0.12500252,0.12500833
2013-06-12,0.16666332,0.16666332,0.16666332,0.16667831,0.16666332,0.16666843
2013-06-13,0.37499696,0.12500025,0.12500025,0.12500143,0.12500025,0.12500083
2013-06-14,0.15727551,0.15727882,0.15727651,0.15727551,0.15727551,0.21361808
2013-06-17,0.15727551,0.15727882,0.15727651,0.15727551,0.15727551,0.21361808
2013-06-18,0.11111111,0.44444445,0.11111111,0.11111111,0.11111111,0.11111111
2013-06-19,0.16666666,0.16666666,0.16666666,0.16666675,0.16666666,0.16666669
2013-06-20,0.15727551,0.15727882,0.15727651,0.15727551,0.15727551,0.21361808
2013-06-21,0.16666667,0.16666667,0.16666667,0.16666667,0.16666667,0.16666667
2013-06-24,0.16666666,0.16666666,0.16666666,0.16666669,0.16666666,0.16666669
2013-06-25,0.16666666,0.16666666,0.16666666,0.16666669,0.16666666,0.16666667
2013-06-26,0.37500003,0.125,0.125,0.125,0.125,0.125
2013-06-27,0.37500003,0.125,0.125,0.125,0.125,0.125
2013-06-28,0.37499982,0.12500001,0.12500001,0.12500009,0.12500001,0.12500003
2013-07-01,0.374996,0.12500034,0.12500034,0.1250019,0.12500034,0.12500112
2013-07-02,0.37498817,0.125001,0.125001,0.12500559,0.125001,0.12500328
2013-07-03,0.37499017,0.12500082,0.12500082,0.12500465,0.12500082,0.12500274
2013-07-05,0.16664323,0.16664323,0.16664323,0.16674806,0.16664323,0.16667895
2013-07-08,0.0909094,0.0909094,0.0909094,0.09090972,0.5454526,0.09090951
2013-07-09,0.111111164,0.44444403,0.111111164,0.11111127,0.111111164,0.1111112
2013-07-10,0.3749989,0.1250001,0.1250001,0.12500054,0.1250001,0.12500033
2013-07-11,0.3749988,0.1250001,0.1250001,0.12500055,0.1250001,0.12500031
2013-07-12,0.15727551,0.15727882,0.15727651,0.15727551,0.15727551,0.21361808
2013-07-15,0.09090912,0.09090912,0.09090912,0.090909146,0.5454544,0.09090912
2013-07-16,0.1666662,0.1666662,0.1666662,0.16666834,0.1666662,0.16666692
2013-07-17,0.37500003,0.125,0.125,0.125,0.125,0.125
2013-07-18,0.090909086,0.090909086,0.090909086,0.090909086,0.54545456,0.090909086
2013-07-19,0.37500003,0.125,0.125,0.125,0.125,0.125
2013-07-22,0.11111111,0.44444445,0.11111111,0.11111111,0.11111111,0.11111111
2013-07-23,0.11111111,0.44444445,0.11111111,0.11111111,0.11111111,0.11111111
2013-07-24,0.090909086,0.090909086,0.090909086,0.090909086,0.54545456,0.090909086
2013-07-25,0.15727551,0.15727882,0.15727651,0.15727551,0.15727551,0.21361808
2013-07-26,0.090909086,0.090909086,0.090909086,0.090909086,0.54545456,0.090909086
2013-07-29,0.37500003,0.125,0.125,0.125,0.125,0.125
2013-07-30,0.15727551,0.15727882,0.15727651,0.15727551,0.15727551,0.21361808
2013-07-31,0.37500003,0.125,0.125,0.125,0.125,0.125
2013-08-01,0.09090915,0.09090915,0.09090915,0.09090922,0.5454541,0.090909176
2013-08-02,0.15727551,0.15727882,0.15727651,0.15727551,0.15727551,0.21361808
2013-08-05,0.3749992,0.12500006,0.12500006,0.12500039,0.12500006,0.12500024
2013-08-06,0.15727551,0.15727882,0.15727651,0.15727551,0.15727551,0.21361808
2013-08-07,0.09090938,0.09090938,0.09090938,0.09090967,0.5454528,0.09090947
2013-08-08,0.15727551,0.15727882,0.15727651,0.15727551,0.15727551,0.21361808
2013-08-09,0.111111164,0.44444403,0.111111164,0.11111127,0.111111164,0.1111112
2013-08-12,0.090909116,0.090909116,0.090909116,0.09090913,0.54545444,0.09090913
2013-08-13,0.16666663,0.16666663,0.16666663,0.1666668,0.16666663,0.16666669
2013-08-14,0.11111111,0.44444445,0.11111111,0.11111111,0.11111111,0.11111111
2013-08-15,0.16666667,0.16666667,0.16666667,0.16666667,0.16666667,0.16666667
2013-08-16,0.090909086,0.090909086,0.090909086,0.090909086,0.54545456,0.090909086
2013-08-19,0.090909086,0.090909086,0.090909086,0.090909086,0.54545456,0.090909086
2013-08-20,0.11111111,0.44444445,0.11111111,0.11111111,0.11111111,0.11111111
2013-08-21,0.37500003,0.125,0.125,0.125,0.125,0.125
2013-08-22,0.16666667,0.16666667,0.16666667,0.16666667,0.16666667,0.16666667
2013-08-23,0.090909086,0.090909086,0.090909086,0.090909086,0.54545456,0.090909086
2013-08-26,0.15727551,0.15727882,0.15727651,0.15727551,0.15727551,0.21361808
2013-08-27,0.37500003,0.125,0.125,0.125,0.125,0.125
2013-08-28,0.090909086,0.090909086,0.090909086,0.090909086,0.54545456,0.090909086
2013-08-29,0.090909086,0.090909086,0.090909086,0.090909086,0.54545456,0.090909086
2013-08-30,0.09090912,0.09090912,0.09090912,0.090909146,0.5454544,0.09090912
2013-09-03,0.37499937,0.12500006,0.12500006,0.1250003,0.12500006,0.12500018
2013-09-04,0.11111111,0.4444444,0.11111111,0.11111113,0.11111111,0.11111111
2013-09-05,0.09090982,0.09090982,0.09090982,0.09091057,0.54545,0.09091008
2013-09-06,0.11111118,0.44444394,0.11111118,0.11111131,0.11111118,0.11111122
2013-09-09,0.37499517,0.12500039,0.12500039,0.12500225,0.12500039,0.12500134
2013-09-10,0.16666563,0.16666563,0.16666563,0.16667026,0.16666563,0.16666722
2013-09-11,0.15727551,0.15727882,0.15727651,0.15727551,0.15727551,0.21361808
2013-09-12,0.1666665,0.1666665,0.1666665,0.16666727,0.1666665,0.16666676
2013-09-13,0.09090913,0.09090913,0.09090913,0.09090918,0.54545426,0.09090916
2013-09-16,0.37499902,0.12500006,0.12500006,0.12500045,0.12500006,0.12500027
2013-09-17,0.090909086,0.090909086,0.090909086,0.090909086,0.54545456,0.090909086
2013-09-18,0.11111111,0.44444445,0.11111111,0.11111111,0.11111111,0.11111111
2013-09-19,0.15727551,0.15727882,0.15727651,0.15727551,0.15727551,0.21361808
2013-09-20,0.16666666,0.16666666,0.16666666,0.16666669,0.16666666,0.16666669
2013-09-23,0.15727551,0.15727882,0.15727651,0.15727551,0.15727551,0.21361808
2013-09-24,0.16666666,0.16666666,0.16666666,0.1666667,0.16666666,0.16666667
2013-09-25,0.15727551,0.15727882,0.15727651,0.15727551,0.15727551,0.21361808
2013-09-26,0.16666663,0.16666663,0.16666663,0.16666678,0.16666663,0.16666669
2013-09-27,0.15727551,0.15727882,0.15727651,0.15727551,0.15727551,0.21361808
2013-09-30,0.15727551,0.15727882,0.15727651,0.15727551,0.15727551,0.21361808
2013-10-01,0.37500003,0.125,0.125,0.125,0.125,0.125
2013-10-02,0.15727551,0.15727882,0.15727651,0.15727551,0.15727551,0.21361808
2013-10-03,0.09090961,0.09090961,0.09090961,0.090910144,0.5454512,0.090909794
2013-10-04,0.09090995,0.09090995,0.09090995,0.090910845,0.545449,0.090910256
2013-10-07,0.37499925,0.12500006,0.12500006,0.12500034,0.12500006,0.12500021
2013-10-08,0.15727551,0.15727882,0.15727651,0.15727551,0.15727551,0.21361808
2013-10-09,0.111111976,0.44443798,0.111111976,0.11111358,0.111111976,0.11111252
2013-10-10,0.16666347,0.16666347,0.16666347,0.16667776,0.16666347,0.16666834
2013-10-11,0.09091173,0.09091173,0.09091173,0.090914465,0.5454377,0.09091266
2013-10-14,0.37499946,0.12500004,0.12500004,0.12500025,0.12500004,0.12500015
2013-10-15,0.11111161,0.44444063,0.11111161,0.11111256,0.11111161,0.11111193
2013-10-16,0.1666662,0.1666662,0.1666662,0.16666834,0.1666662,0.16666692
2013-10-17,0.11111111,0.44444445,0.11111111,0.11111111,0.11111111,0.11111111
2013-10-18,0.090909086,0.090909086,0.090909086,0.090909086,0.54545456,0.090909086
2013-10-21,0.37500003,0.125,0.125,0.125,0.125,0.125
2013-10-22,0.15727551,0.15727882,0.15727651,0.15727551,0.15727551,0.21361808
2013-10-23,0.15727551,0.15727882,0.15727651,0.15727551,0.15727551,0.21361808
2013-10-24,0.11111111,0.44444445,0.11111111,0.11111111,0.11111111,0.11111111
2013-10-25,0.090909086,0.090909086,0.090909086,0.090909086,0.54545456,0.090909086
2013-10-28,0.090909086,0.090909086,0.090909086,0.090909086,0.54545456,0.090909086
2013-10-29,0.090909116,0.090909116,0.090909116,0.09090913,0.54545444,0.09090913
2013-10-30,0.15727551,0.15727882,0.15727651,0.15727551,0.15727551,0.21361808
2013-10-31,0.3749989,0.1250001,0.1250001,0.12500055,0.1250001,0.12500033
2013-11-01,0.090911046,0.090911046,0.090911046,0.09091309,0.545442,0.09091174
2013-11-04,0.16664422,0.16664422,0.16664422,0.16674463,0.16664422,0.16667844
2013-11-05,0.0909154,0.0909154,0.0909154,0.090921916,0.5454143,0.09091762
2013-11-06,0.15727551,0.15727882,0.15727651,0.15727551,0.15727551,0.21361808
2013-11-07,0.37492356,0.12500642,0.12500642,0.125036,0.12500642,0.12502122
2013-11-08,0.11117653,0.4439536,0.11117653,0.111298636,0.11117653,0.111218125
2013-11-11,0.37499228,0.12500064,0.12500064,0.12500362,0.12500064,0.12500213
2013-11-12,0.37499732,0.12500021,0.12500021,0.12500125,0.12500021,0.12500073
2013-11-13,0.09090915,0.09090915,0.09090915,0.0909092,0.5454542,0.090909176
2013-11-14,0.3749989,0.12500009,0.12500009,0.1250005,0.12500009,0.12500028
2013-11-15,0.090909116,0.090909116,0.090909116,0.09090913,0.54545444,0.090909116
2013-11-18,0.37499988,0.12500001,0.12500001,0.12500004,0.12500001,0.12500003
2013-11-19,0.1666666,0.1666666,0.1666666,0.16666692,0.1666666,0.16666672
2013-11-20,0.11111111,0.44444445,0.11111111,0.11111111,0.11111111,0.11111111
2013-11-21,0.090909086,0.090909086,0.090909086,0.090909086,0.54545456,0.090909086
2013-11-22,0.15727551,0.15727882,0.15727651,0.15727551,0.15727551,0.21361808
2013-11-25,0.090909086,0.090909086,0.090909086,0.090909086,0.54545456,0.090909086
2013-11-26,0.37500003,0.125,0.125,0.125,0.125,0.125
2013-11-27,0.37500003,0.125,0.125,0.125,0.125,0.125
2013-11-29,0.11111118,0.44444397,0.11111118,0.1111113,0.11111118,0.111111216
2013-12-02,0.16664693,0.16664693,0.16664693,0.16673525,0.16664693,0.16667704
2013-12-03,0.1666185,0.1666185,0.1666185,0.16683406,0.1666185,0.16669193
2013-12-04,0.1111122,0.4444362,0.1111122,0.11111424,0.1111122,0.11111291
2013-12-05,0.090909325,0.090909325,0.090909325,0.09090957,0.5454531,0.090909414
2013-12-06,0.37499344,0.12500054,0.12500054,0.12500307,0.12500054,0.1250018
2013-12-09,0.15727551,0.15727882,0.15727651,0.15727551,0.15727551,0.21361808
2013-12-10,0.09090921,0.09090921,0.09090921,0.09090934,0.5454538,0.09090925
2013-12-11,0.15727551,0.15727882,0.15727651,0.15727551,0.15727551,0.21361808
2013-12-12,0.37499902,0.12500006,0.12500006,0.12500045,0.12500006,0.12500027
2013-12-13,0.16666098,0.16666098,0.16666098,0.16668642,0.16666098,0.16666965
2013-12-16,0.090909086,0.090909086,0.090909086,0.090909086,0.54545456,0.090909086
2013-12-17,0.15727551,0.15727882,0.15727651,0.15727551,0.15727551,0.21361808
2013-12-18,0.15727551,0.15727882,0.15727651,0.15727551,0.15727551,0.21361808
2013-12-19,0.37500003,0.125,0.125,0.125,0.125,0.125
2013-12-20,0.11111111,0.44444445,0.11111111,0.11111111,0.11111111,0.11111111
2013-12-23,0.15727551,0.15727882,0.15727651,0.15727551,0.15727551,0.21361808
2013-12-24,0.16666666,0.16666666,0.16666666,0.16666669,0.16666666,0.16666667
2013-12-26,0.090909086,0.090909086,0.090909086,0.090909086,0.54545456,0.090909086
2013-12-27,0.090909086,0.090909086,0.090909086,0.090909086,0.54545456,0.090909086
2013-12-30,0.16666634,0.16666634,0.16666634,0.16666776,0.16666634,0.16666682
2013-12-31,0.16666447,0.16666447,0.16666447,0.16667435,0.16666447,0.16666782
2014-01-02,0.0909097,0.0909097,0.0909097,0.09091032,0.5454507,0.09090991
2014-01-03,0.15727551,0.15727882,0.15727651,0.15727551,0.15727551,0.21361808
2014-01-06,0.16657113,0.16657113,0.16657113,0.16699876,0.16657113,0.16671674
2014-01-07,0.16657214,0.16657214,0.16657214,0.1669952,0.16657214,0.1667162
2014-01-08,0.1665958,0.1665958,0.1665958,0.166913,0.1665958,0.16670382
2014-01-09,0.16664106,0.16664106,0.16664106,0.1667557,0.16664106,0.16668011
2014-01-10,0.15727551,0.15727882,0.15727651,0.15727551,0.15727551,0.21361808
2014-01-13,0.16666421,0.16666421,0.16666421,0.16667518,0.16666421,0.16666797
2014-01-14,0.11111113,0.4444443,0.11111113,0.11111117,0.11111113,0.11111114
2014-01-15,0.090909086,0.090909086,0.090909086,0.090909086,0.54545456,0.090909086
2014-01-16,0.090909086,0.090909086,0.090909086,0.090909086,0.54545456,0.090909086
2014-01-17,0.090909086,0.090909086,0.090909086,0.090909086,0.54545456,0.090909086
2014-01-21,0.090909086,0.090909086,0.090909086,0.090909086,0.54545456,0.090909086
2014-01-22,0.37500003,0.125,0.125,0.125,0.125,0.125
2014-01-23,0.11111111,0.44444445,0.11111111,0.11111111,0.11111111,0.11111111
2014-01-24,0.37500003,0.125,0.125,0.125,0.125,0.125
2014-01-27,0.15727551,0.15727882,0.15727651,0.15727551,0.15727551,0.21361808
2014-01-28,0.1666666,0.1666666,0.1666666,0.16666691,0.1666666,0.16666669
2014-01-29,0.090909205,0.090909205,0.090909205,0.090909325,0.5454538,0.09090924
2014-01-30,0.09091091,0.09091091,0.09091091,0.09091281,0.5454428,0.09091157
2014-01-31,0.11112078,0.44437188,0.11112078,0.11113882,0.11112078,0.11112694
2014-02-03,0.11116539,0.44403717,0.11116539,0.11126668,0.11116539,0.111199915
2014-02-04,0.16646032,0.16646032,0.16646032,0.16738415,0.16646032,0.16677459
2014-02-05,0.15727551,0.15727882,0.15727651,0.15727551,0.15727551,0.21361808
2014-02-06,0.15727551,0.15727882,0.15727651,0.15727551,0.15727551,0.21361808
2014-02-07,0.37488142,0.12500997,0.12500997,0.12505583,0.12500998,0.12503289
2014-02-10,0.11121517,0.44366357,0.11121517,0.11140957,0.11121517,0.111281395
2014-02-11,0.111122824,0.4443565,0.111122824,0.11114468,0.111122824,0.11113028
2014-02-12,0.15727551,0.15727882,0.15727651,0.15727551,0.15727551,0.21361808
2014-02-13,0.09090934,0.09090934,0.09090934,0.09090959,0.545453,0.09090943
2014-02-14,0.11111111,0.44444445,0.11111111,0.11111111,0.11111111,0.11111111
2014-02-18,0.090909086,0.090909086,0.090909086,0.090909086,0.54545456,0.090909086
2014-02-19,0.16666666,0.16666666,0.16666666,0.16666669,0.16666666,0.16666667
2014-02-20,0.11111111,0.44444445,0.11111111,0.11111111,0.11111111,0.11111111
2014-02-21,0.15727551,0.15727882,0.15727651,0.15727551,0.15727551,0.21361808
2014-02-24,0.15727551,0.15727882,0.15727651,0.15727551,0.15727551,0.21361808
2014-02-25,0.11111111,0.44444445,0.11111111,0.11111111,0.11111111,0.11111111
2014-02-26,0.090909086,0.090909086,0.090909086,0.090909086,0.54545456,0.090909086
2014-02-27,0.16666663,0.16666663,0.16666663,0.16666685,0.16666663,0.1666667
2014-02-28,0.09090915,0.09090915,0.09090915,0.09090922,0.5454541,0.090909176
2014-03-03,0.090909764,0.090909764,0.090909764,0.090910435,0.5454503,0.090909995
2014-03-04,0.09091129,0.09091129,0.09091129,0.09091358,0.5454404,0.090912074
2014-03-05,0.1666588,0.1666588,0.1666588,0.16669399,0.1666588,0.16667078
2014-03-06,0.1111117,0.44443992,0.1111117,0.111112826,0.1111117,0.11111209
2014-03-07,0.15727551,0.15727882,0.15727651,0.15727551,0.15727551,0.21361808
2014-03-10,0.3749977,0.1250002,0.1250002,0.12500107,0.1250002,0.12500064
2014-03-11,0.09090936,0.09090936,0.09090936,0.090909645,0.5454528,0.09090946
2014-03-12,0.09090913,0.09090913,0.09090913,0.09090918,0.54545426,0.09090915
2014-03-13,0.11111111,0.4444444,0.11111111,0.11111113,0.11111111,0.11111111
2014-03-14,0.090909086,0.090909086,0.090909086,0.090909086,0.54545456,0.090909086
2014-03-17,0.15727551,0.15727882,0.15727651,0.15727551,0.15727551,0.21361808
2014-03-18,0.15727551,0.15727882,0.15727651,0.15727551,0.15727551,0.21361808
2014-03-19,0.16666667,0.16666667,0.16666667,0.16666667,0.16666667,0.16666667
2014-03-20,0.11111111,0.44444445,0.11111111,0.11111111,0.11111111,0.11111111
2014-03-21,0.090909086,0.090909086,0.090909086,0.090909086,0.54545456,0.090909086
2014-03-24,0.11111111,0.44444445,0.11111111,0.11111111,0.11111111,0.11111111
2014-03-25,0.37500003,0.125,0.125,0.125,0.125,0.125
2014-03-26,0.090909086,0.090909086,0.090909086,0.090909086,0.54545456,0.090909086
2014-03-27,0.37500003,0.125,0.125,0.125,0.125,0.125
2014-03-28,0.11111148,0.44444168,0.11111148,0.11111216,0.11111148,0.111111715
2014-03-31,0.09091331,0.09091331,0.09091331,0.09091768,0.54542756,0.09091479
2014-04-01,0.09092983,0.09092983,0.09092983,0.090951316,0.545322,0.09093715
2014-04-02,0.16630238,0.16630238,0.16630238,0.16793387,0.16630238,0.16685659
2014-04-03,0.111120865,0.44437137,0.111120865,0.111139044,0.111120865,0.11112705
2014-04-04,0.16619247,0.16619247,0.16619247,0.16831669,0.16619247,0.16691338
2014-04-07,0.15727551,0.15727882,0.15727651,0.15727551,0.15727551,0.21361808
2014-04-08,0.09091821,0.09091821,0.09091821,0.090927646,0.54539627,0.09092143
2014-04-09,0.3749752,0.12500207,0.12500207,0.12501165,0.12500207,0.12500687
2014-04-10,0.11111154,0.44444135,0.11111154,0.11111232,0.11111154,0.111111805
2014-04-11,0.15727551,0.15727882,0.15727651,0.15727551,0.15727551,0.21361808
2014-04-14,0.15727551,0.15727882,0.15727651,0.15727551,0.15727551,0.21361808
2014-04-15,0.15727551,0.15727882,0.15727651,0.15727551,0.15727551,0.21361808
2014-04-16,0.37499997,0.125,0.125,0.12500001,0.125,0.125
2014-04-17,0.090909086,0.090909086,0.090909086,0.090909086,0.54545456,0.090909086
2014-04-21,0.090909086,0.090909086,0.090909086,0.090909086,0.54545456,0.090909086
2014-04-22,0.37500003,0.125,0.125,0.125,0.125,0.125
2014-04-23,0.16666664,0.16666664,0.16666664,0.1666667,0.16666664,0.16666666
2014-04-24,0.16666666,0.16666666,0.16666666,0.16666675,0.16666666,0.16666669
2014-04-25,0.16666663,0.16666663,0.16666663,0.16666682,0.16666663,0.1666667
2014-04-28,0.16666654,0.16666654,0.16666654,0.16666709,0.16666654,0.16666673
2014-04-29,0.15727551,0.15727882,0.15727651,0.15727551,0.15727551,0.21361808
2014-04-30,0.15727551,0.15727882,0.15727651,0.15727551,0.15727551,0.21361808
2014-05-01,0.15727551,0.15727882,0.15727651,0.15727551,0.15727551,0.21361808
2014-05-02,0.11111211,0.444437,0.11111211,0.111113966,0.11111211,0.11111275
2014-05-05,0.16654173,0.16654173,0.16654173,0.16710101,0.16654173,0.16673212
2014-05-06,0.09091335,0.09091335,0.09091335,0.09091778,0.54542726,0.09091486
2014-05-07,0.16654073,0.16654073,0.16654073,0.16710444,0.16654073,0.16673262
2014-05-08,0.15727551,0.15727882,0.15727651,0.15727551,0.15727551,0.21361808
2014-05-09,0.090910405,0.090910405,0.090910405,0.09091177,0.54544616,0.09091087
2014-05-12,0.16665244,0.16665244,0.16665244,0.1667161,0.16665244,0.16667414
2014-05-13,0.16666104,0.16666104,0.16666104,0.16668624,0.16666104,0.1666696
2014-05-14,0.15727551,0.15727882,0.15727651,0.15727551,0.15727551,0.21361808
2014-05-15,0.15727551,0.15727882,0.15727651,0.15727551,0.15727551,0.21361808
2014-05-16,0.37500003,0.125,0.125,0.125,0.125,0.125
2014-05-19,0.16666664,0.16666664,0.16666664,0.1666667,0.16666664,0.16666666
2014-05-20,0.15727551,0.15727882,0.15727651,0.15727551,0.15727551,0.21361808
2014-05-21,0.37500003,0.125,0.125,0.125,0.125,0.125
2014-05-22,0.11111111,0.44444445,0.11111111,0.11111111,0.11111111,0.11111111
2014-05-23,0.15727551,0.15727882,0.15727651,0.15727551,0.15727551,0.21361808
2014-05-27,0.090909086,0.090909086,0.090909086,0.090909086,0.54545456,0.090909086
2014-05-28,0.37500003,0.125,0.125,0.125,0.125,0.125
2014-05-29,0.37500003,0.125,0.125,0.125,0.125,0.125
2014-05-30,0.16666503,0.16666503,0.16666503,0.16667232,0.16666503,0.1666675
2014-06-02,0.15727551,0.15727882,0.15727651,0.15727551,0.15727551,0.21361808
2014-06-03,0.111111805,0.44443926,0.111111805,0.11111309,0.111111805,0.11111224
2014-06-04,0.37499535,0.12500039,0.12500039,0.12500218,0.12500039,0.12500127
2014-06-05,0.16662648,0.16662648,0.16662648,0.1668063,0.16662648,0.16668776
2014-06-06,0.09090985,0.09090985,0.09090985,0.090910636,0.54544973,0.09091014
2014-06-09,0.09090965,0.09090965,0.09090965,0.09091025,0.54545087,0.09090986
2014-06-10,0.16662748,0.16662748,0.16662748,0.16680284,0.16662748,0.16668722
2014-06-11,0.09090923,0.09090923,0.09090923,0.09090938,0.54545367,0.09090928
2014-06-12,0.16664542,0.16664542,0.16664542,0.16674049,0.16664542,0.16667782
2014-06-13,0.11111113,0.4444443,0.11111113,0.11111116,0.11111113,0.11111114
2014-06-16,0.15727551,0.15727882,0.15727651,0.15727551,0.15727551,0.21361808
2014-06-17,0.15727551,0.15727882,0.15727651,0.15727551,0.15727551,0.21361808
2014-06-18,0.090909086,0.090909086,0.090909086,0.090909086,0.54545456,0.090909086
2014-06-19,0.37500003,0.125,0.125,0.125,0.125,0.125
2014-06-20,0.15727551,0.15727882,0.15727651,0.15727551,0.15727551,0.21361808
2014-06-23,0.37500003,0.125,0.125,0.125,0.125,0.125
2014-06-24,0.16666664,0.16666664,0.16666664,0.1666667,0.16666664,0.16666667
2014-06-25,0.16666666,0.16666666,0.16666666,0.1666667,0.16666666,0.16666667
2014-06-26,0.11111111,0.44444445,0.11111111,0.11111111,0.11111111,0.11111111
2014-06-27,0.16666663,0.16666663,0.16666663,0.1666668,0.16666663,0.16666669
2014-06-30,0.1666665,0.1666665,0.1666665,0.1666673,0.1666665,0.16666676
2014-07-01,0.15727551,0.15727882,0.15727651,0.15727551,0.15727551,0.21361808
2014-07-02,0.09090916,0.09090916,0.09090916,0.09090924,0.5454541,0.090909176
2014-07-03,0.111111164,0.44444403,0.111111164,0.11111127,0.111111164,0.1111112
2014-07-07,0.3749996,0.12500003,0.12500003,0.12500018,0.12500003,0.1250001
2014-07-08,0.3749996,0.12500003,0.12500003,0.12500018,0.12500003,0.1250001
2014-07-09,0.11111114,0.44444427,0.11111114,0.11111119,0.11111114,0.11111116
2014-07-10,0.11111113,0.44444436,0.11111113,0.11111116,0.11111113,0.11111114
2014-07-11,0.090909086,0.090909086,0.090909086,0.090909086,0.54545456,0.090909086
2014-07-14,0.15727551,0.15727882,0.15727651,0.15727551,0.15727551,0.21361808
2014-07-15,0.37500003,0.125,0.125,0.125,0.125,0.125
2014-07-16,0.11111111,0.44444445,0.11111111,0.11111111,0.11111111,0.11111111
2014-07-17,0.15727551,0.15727882,0.15727651,0.15727551,0.15727551,0.21361808
2014-07-18,0.15727551,0.15727882,0.15727651,0.15727551,0.15727551,0.21361808
2014-07-21,0.37500003,0.125,0.125,0.125,0.125,0.125
2014-07-22,0.11111111,0.44444445,0.11111111,0.11111111,0.11111111,0.11111111
2014-07-23,0.090909086,0.090909086,0.090909086,0.090909086,0.54545456,0.090909086
2014-07-24,0.16666667,0.16666667,0.16666667,0.16666667,0.16666667,0.16666667
2014-07-25,0.37500003,0.125,0.125,0.125,0.125,0.125
2014-07-28,0.11111111,0.44444445,0.11111111,0.11111111,0.11111111,0.11111111
2014-07-29,0.15727551,0.15727882,0.15727651,0.15727551,0.15727551,0.21361808
2014-07-30,0.090909086,0.090909086,0.090909086,0.090909086,0.54545456,0.090909086
2014-07-31,0.37499997,0.125,0.125,0.12500001,0.125,0.125
2014-08-01,0.111111306,0.44444293,0.111111306,0.11111168,0.111111306,0.111111425
2014-08-04,0.16666189,0.16666189,0.16666189,0.16668326,0.16666189,0.16666918
2014-08-05,0.11111144,0.444442,0.11111144,0.11111205,0.11111144,0.11111165
2014-08-06,0.11111161,0.44444078,0.11111161,0.11111253,0.11111161,0.11111192
2014-08-07,0.0909094,0.0909094,0.0909094,0.09090973,0.5454526,0.09090951
2014-08-08,0.1666551,0.1666551,0.1666551,0.16670686,0.1666551,0.16667274
2014-08-11,0.09090918,0.09090918,0.09090918,0.09090928,0.54545397,0.09090923
2014-08-12,0.37499997,0.125,0.125,0.12500001,0.125,0.125
2014-08-13,0.15727551,0.15727882,0.15727651,0.15727551,0.15727551,0.21361808
2014-08-14,0.11111111,0.44444445,0.11111111,0.11111111,0.11111111,0.11111111
2014-08-15,0.16666663,0.16666663,0.16666663,0.16666678,0.16666663,0.16666669
2014-08-18,0.15727551,0.15727882,0.15727651,0.15727551,0.15727551,0.21361808
2014-08-19,0.11111111,0.44444445,0.11111111,0.11111111,0.11111111,0.11111111
2014-08-20,0.11111111,0.44444445,0.11111111,0.11111111,0.11111111,0.11111111
2014-08-21,0.11111111,0.44444445,0.11111111,0.11111111,0.11111111,0.11111111
2014-08-22,0.11111111,0.44444445,0.11111111,0.11111111,0.11111111,0.11111111
2014-08-25,0.11111111,0.44444445,0.11111111,0.11111111,0.11111111,0.11111111
2014-08-26,0.15727551,0.15727882,0.15727651,0.15727551,0.15727551,0.21361808
2014-08-27,0.16666667,0.16666667,0.16666667,0.16666669,0.16666667,0.16666667
2014-08-28,0.16666664,0.16666664,0.16666664,0.1666668,0.16666664,0.16666669
2014-08-29,0.15727551,0.15727882,0.15727651,0.15727551,0.15727551,0.21361808
2014-09-02,0.090909086,0.090909086,0.090909086,0.090909086,0.54545456,0.090909086
2014-09-03,0.090909086,0.090909086,0.090909086,0.090909086,0.54545456,0.090909086
2014-09-04,0.16666402,0.16666402,0.16666402,0.16667588,0.16666402,0.16666807
2014-09-05,0.16666262,0.16666262,0.16666262,0.16668071,0.16666262,0.16666879
2014-09-08,0.15727551,0.15727882,0.15727651,0.15727551,0.15727551,0.21361808
2014-09-09,0.15727551,0.15727882,0.15727651,0.15727551,0.15727551,0.21361808
2014-09-10,0.37499997,0.125,0.125,0.12500001,0.125,0.12500001
2014-09-11,0.15727551,0.15727882,0.15727651,0.15727551,0.15727551,0.21361808
2014-09-12,0.16666533,0.16666533,0.16666533,0.16667134,0.16666533,0.16666739
2014-09-15,0.11111113,0.44444436,0.11111113,0.11111116,0.11111113,0.11111114
2014-09-16,0.15727551,0.15727882,0.15727651,0.15727551,0.15727551,0.21361808
2014-09-17,0.37500003,0.125,0.125,0.125,0.125,0.125
2014-09-18,0.37500003,0.125,0.125,0.125,0.125,0.125
2014-09-19,0.090909086,0.090909086,0.090909086,0.090909086,0.54545456,0.090909086
2014-09-22,0.15727551,0.15727882,0.15727651,0.15727551,0.15727551,0.21361808
2014-09-23,0.37500003,0.125,0.125,0.125,0.125,0.125
2014-09-24,0.15727551,0.15727882,0.15727651,0.15727551,0.15727551,0.21361808
2014-09-25,0.090909086,0.090909086,0.090909086,0.090909086,0.54545456,0.090909086
2014-09-26,0.11111111,0.44444445,0.11111111,0.11111111,0.11111111,0.11111111
2014-09-29,0.090909086,0.090909086,0.090909086,0.090909086,0.54545456,0.090909086
2014-09-30,0.15727551,0.15727882,0.15727651,0.15727551,0.15727551,0.21361808
2014-10-01,0.111111365,0.44444257,0.111111365,0.11111184,0.111111365,0.11111153
2014-10-02,0.37499258,0.12500061,0.12500061,0.12500346,0.12500061,0.12500203
2014-10-03,0.15727551,0.15727882,0.15727651,0.15727551,0.15727551,0.21361808
2014-10-06,0.37497598,0.12500201,0.12500201,0.12501128,0.12500201,0.12500666
2014-10-07,0.11111305,0.44442993,0.11111305,0.11111666,0.11111305,0.11111428
2014-10-08,0.09091034,0.09091034,0.09091034,0.09091162,0.5454466,0.090910785
2014-10-09,0.11111434,0.44442034,0.11111434,0.11112034,0.11111434,0.11111638
2014-10-10,0.37499988,0.12500001,0.12500001,0.12500004,0.12500001,0.12500003
2014-10-13,0.37499988,0.12500001,0.12500001,0.12500004,0.12500001,0.12500003
2014-10-14,0.15727551,0.15727882,0.15727651,0.15727551,0.15727551,0.21361808
2014-10-15,0.090909086,0.090909086,0.090909086,0.090909086,0.54545456,0.090909086
2014-10-16,0.111111164,0.44444403,0.111111164,0.11111127,0.111111164,0.1111112
2014-10-17,0.37500003,0.125,0.125,0.125,0.125,0.125
2014-10-20,0.090909086,0.090909086,0.090909086,0.090909086,0.54545456,0.090909086
2014-10-21,0.16666667,0.16666667,0.16666667,0.16666667,0.16666667,0.16666667
2014-10-22,0.15727551,0.15727882,0.15727651,0.15727551,0.15727551,0.21361808
2014-10-23,0.15727551,0.15727882,0.15727651,0.15727551,0.15727551,0.21361808
2014-10-24,0.37500003,0.125,0.125,0.125,0.125,0.125
2014-10-27,0.11111111,0.44444445,0.11111111,0.11111111,0.11111111,0.11111111
2014-10-28,0.11111111,0.4444444,0.11111111,0.11111113,0.11111111,0.11111111
2014-10-29,0.09090912,0.09090912,0.09090912,0.09090913,0.5454544,0.09090912
2014-10-30,0.15727551,0.15727882,0.15727651,0.15727551,0.15727551,0.21361808
2014-10-31,0.1111169,0.44440112,0.1111169,0.11112767,0.1111169,0.11112057
2014-11-03,0.11112912,0.44430938,0.11112912,0.1111627,0.11112912,0.11114056
2014-11-04,0.11113394,0.44427326,0.11113394,0.111176506,0.11113394,0.11114845
2014-11-05,0.1664562,0.1664562,0.1664562,0.16739845,0.1664562,0.16677673
2014-11-06,0.16627406,0.16627406,0.16627406,0.1680325,0.16627406,0.16687125
2014-11-07,0.111276574,0.44320208,0.111276574,0.11158622,0.111276574,0.11138201
2014-11-10,0.16564718,0.16564718,0.16564718,0.17021978,0.16564718,0.16719154
2014-11-11,0.37490422,0.12500803,0.12500803,0.12504505,0.12500805,0.12502655
2014-11-12,0.15727551,0.15727882,0.15727651,0.15727551,0.15727551,0.21361808
2014-11-13,0.15727551,0.15727882,0.15727651,0.15727551,0.15727551,0.21361808
2014-11-14,0.16644856,0.16644856,0.16644856,0.1674251,0.16644856,0.16678073
2014-11-17,0.15727551,0.15727882,0.15727651,0.15727551,0.15727551,0.21361808
2014-11-18,0.111111164,0.44444412,0.111111164,0.11111124,0.111111164,0.11111119
2014-11-19,0.37499997,0.125,0.125,0.12500001,0.125,0.12500001
2014-11-20,0.11111111,0.44444445,0.11111111,0.11111111,0.11111111,0.11111111
2014-11-21,0.15727551,0.15727882,0.15727651,0.15727551,0.15727551,0.21361808
2014-11-24,0.11111113,0.4444443,0.11111113,0.11111117,0.11111113,0.11111114
2014-11-25,0.15727551,0.15727882,0.15727651,0.15727551,0.15727551,0.21361808
2014-11-26,0.16666654,0.16666654,0.16666654,0.16666712,0.16666654,0.16666672
2014-11-28,0.11111151,0.44444144,0.11111151,0.11111227,0.11111151,0.11111176
2014-12-01,0.09090916,0.09090916,0.09090916,0.09090924,0.5454541,0.090909176
2014-12-02,0.37499878,0.1250001,0.1250001,0.12500055,0.1250001,0.12500033
2014-12-03,0.111115694,0.44441012,0.111115694,0.11112424,0.111115694,0.11111861
2014-12-04,0.16666433,0.16666433,0.16666433,0.16667472,0.16666433,0.16666788
2014-12-05,0.16666433,0.16666433,0.16666433,0.16667472,0.16666433,0.16666788
2014-12-08,0.09090912,0.09090912,0.09090912,0.090909146,0.5454544,0.09090912
2014-12-09,0.11111274,0.4444321,0.11111274,0.1111158,0.11111274,0.11111379
2014-12-10,0.37499997,0.125,0.125,0.12500001,0.125,0.125
2014-12-11,0.37500003,0.125,0.125,0.125,0.125,0.125
2014-12-12,0.11118842,0.44386443,0.11118842,0.11133274,0.11118842,0.11123758
2014-12-15,0.11189919,0.43849534,0.11189919,0.11339902,0.111899205,0.11240808
2014-12-16,0.37500003,0.125,0.125,0.125,0.125,0.125
2014-12-17,0.15727551,0.15727882,0.15727651,0.15727551,0.15727551,0.21361808
2014-12-18,0.16666667,0.16666667,0.16666667,0.16666667,0.16666667,0.16666667
2014-12-19,0.16666667,0.16666667,0.16666667,0.16666667,0.16666667,0.16666667
2014-12-22,0.090909086,0.090909086,0.090909086,0.090909086,0.54545456,0.090909086
2014-12-23,0.16666667,0.16666667,0.16666667,0.16666667,0.16666667,0.16666667
2014-12-24,0.15727551,0.15727882,0.15727651,0.15727551,0.15727551,0.21361808
2014-12-26,0.1111112,0.4444437,0.1111112,0.11111137,0.1111112,0.11111125
2014-12-29,0.090909086,0.090909086,0.090909086,0.090909086,0.54545456,0.090909086
2014-12-30,0.11111168,0.44444022,0.11111168,0.11111274,0.11111168,0.111112036
2014-12-31,0.37499976,0.12500001,0.12500001,0.1250001,0.12500001,0.12500006
2015-01-02,0.15727551,0.15727882,0.15727651,0.15727551,0.15727551,0.21361808
2015-01-05,0.16663668,0.16663668,0.16663668,0.16677092,0.16663668,0.1666824
2015-01-06,0.11121568,0.44365963,0.11121568,0.11141105,0.11121568,0.11128223
2015-01-07,0.37473246,0.12502246,0.12502246,0.12512597,0.12502249,0.12507422
2015-01-08,0.090910174,0.090910174,0.090910174,0.09091131,0.5454476,0.09091058
2015-01-09,0.111275285,0.44321173,0.111275285,0.111582495,0.111275285,0.11137989
2015-01-12,0.15727551,0.15727882,0.15727651,0.15727551,0.15727551,0.21361808
2015-01-13,0.11119694,0.44380045,0.11119694,0.111357205,0.11119694,0.111251526
2015-01-14,0.15727551,0.15727882,0.15727651,0.15727551,0.15727551,0.21361808
2015-01-15,0.090909086,0.090909086,0.090909086,0.090909086,0.54545456,0.090909086
2015-01-16,0.15727551,0.15727882,0.15727651,0.15727551,0.15727551,0.21361808
2015-01-20,0.16666667,0.16666667,0.16666667,0.16666669,0.16666667,0.16666667
2015-01-21,0.16666667,0.16666667,0.16666667,0.16666667,0.16666667,0.16666667
2015-01-22,0.11111111,0.4444444,0.11111111,0.11111113,0.11111111,0.11111111
2015-01-23,0.16666667,0.16666667,0.16666667,0.16666667,0.16666667,0.16666667
2015-01-26,0.16666667,0.16666667,0.16666667,0.16666667,0.16666667,0.16666667
2015-01-27,0.15727551,0.15727882,0.15727651,0.15727551,0.15727551,0.21361808
2015-01-28,0.09090909,0.09090909,0.09090909,0.090909116,0.54545444,0.09090909
2015-01-29,0.16666634,0.16666634,0.16666634,0.16666776,0.16666634,0.16666682
2015-01-30,0.090910286,0.090910286,0.090910286,0.09091153,0.54544693,0.09091071
2015-02-02,0.16665737,0.16665737,0.16665737,0.16669892,0.16665737,0.16667154
2015-02-03,0.15727551,0.15727882,0.15727651,0.15727551,0.15727551,0.21361808
2015-02-04,0.15727551,0.15727882,0.15727651,0.15727551,0.15727551,0.21361808
2015-02-05,0.16663805,0.16663805,0.16663805,0.16676617,0.16663805,0.1666817
2015-02-06,0.11306777,0.42951816,0.11306777,0.11691427,0.11306778,0.11436423
2015-02-09,0.11266587,0.43262744,0.11266587,0.11568809,0.11266589,0.11368686
2015-02-10,0.11158816,0.440853,0.11158816,0.11248839,0.11158816,0.11189414
2015-02-11,0.09090912,0.09090912,0.09090912,0.09090917,0.5454544,0.090909146
2015-02-12,0.15727551,0.15727882,0.15727651,0.15727551,0.15727551,0.21361808
2015-02-13,0.090909086,0.090909086,0.090909086,0.090909086,0.54545456,0.090909086
2015-02-17,0.16666645,0.16666645,0.16666645,0.16666743,0.16666645,0.16666679
2015-02-18,0.16666658,0.16666658,0.16666658,0.16666698,0.16666658,0.16666672
2015-02-19,0.090909086,0.090909086,0.090909086,0.090909086,0.54545456,0.090909086
2015-02-20,0.37500003,0.125,0.125,0.125,0.125,0.125
2015-02-23,0.15727551,0.15727882,0.15727651,0.15727551,0.15727551,0.21361808
2015-02-24,0.11111111,0.44444445,0.11111111,0.11111111,0.11111111,0.11111111
2015-02-25,0.15727551,0.15727882,0.15727651,0.15727551,0.15727551,0.21361808
2015-02-26,0.15727551,0.15727882,0.15727651,0.15727551,0.15727551,0.21361808
2015-02-27,0.37499976,0.12500001,0.12500001,0.1250001,0.12500001,0.12500006
2015-03-02,0.11111279,0.4444318,0.11111279,0.11111592,0.11111279,0.11111386
2015-03-03,0.11111412,0.44442195,0.11111412,0.11111971,0.11111412,0.11111603
2015-03-04,0.15727551,0.15727882,0.15727651,0.15727551,0.15727551,0.21361808
2015-03-05,0.16662723,0.16662723,0.16662723,0.16680375,0.16662723,0.16668735
2015-03-06,0.15727551,0.15727882,0.15727651,0.15727551,0.15727551,0.21361808
2015-03-09,0.09090912,0.09090912,0.09090912,0.090909176,0.5454544,0.090909146
2015-03-10,0.090909116,0.090909116,0.090909116,0.09090913,0.54545444,0.09090913
2015-03-11,0.11111395,0.44442317,0.11111395,0.11111923,0.11111395,0.111115746
2015-03-12,0.11111466,0.4444179,0.11111466,0.11112127,0.11111466,0.11111691
2015-03-13,0.15727551,0.15727882,0.15727651,0.15727551,0.15727551,0.21361808
2015-03-16,0.16664287,0.16664287,0.16664287,0.16674934,0.16664287,0.16667916
2015-03-17,0.090909086,0.090909086,0.090909086,0.090909086,0.54545456,0.090909086
2015-03-18,0.37500003,0.125,0.125,0.125,0.125,0.125
2015-03-19,0.090909086,0.090909086,0.090909086,0.090909086,0.54545456,0.090909086
2015-03-20,0.11111137,0.44444248,0.11111137,0.111111864,0.11111137,0.111111544
2015-03-23,0.090909086,0.090909086,0.090909086,0.090909086,0.54545456,0.090909086
2015-03-24,0.37500003,0.125,0.125,0.125,0.125,0.125
2015-03-25,0.16666587,0.16666587,0.16666587,0.16666944,0.16666587,0.16666709
2015-03-26,0.37500003,0.125,0.125,0.125,0.125,0.125
2015-03-27,0.09090915,0.09090915,0.09090915,0.0909092,0.5454542,0.090909176
2015-03-30,0.15727551,0.15727882,0.15727651,0.15727551,0.15727551,0.21361808
2015-03-31,0.15727551,0.15727882,0.15727651,0.15727551,0.15727551,0.21361808
2015-04-01,0.16649385,0.16649385,0.16649385,0.16726749,0.16649385,0.1667571
2015-04-02,0.16651738,0.16651738,0.16651738,0.16718565,0.16651738,0.16674483
2015-04-06,0.09094349,0.09094349,0.09094349,0.09097914,0.54523474,0.090955645
2015-04-07,0.15727551,0.15727882,0.15727651,0.15727551,0.15727551,0.21361808
2015-04-08,0.090928085,0.090928085,0.090928085,0.09094776,0.54533315,0.0909348
2015-04-09,0.11115523,0.44411352,0.11115523,0.11123752,0.11115523,0.11118326
2015-04-10,0.16664815,0.16664815,0.16664815,0.166731,0.16664815,0.16667639
2015-04-13,0.11114225,0.44421098,0.11114225,0.11120029,0.11114225,0.11116203
2015-04-14,0.16666308,0.16666308,0.16666308,0.16667913,0.16666308,0.16666856
2015-04-15,0.37500003,0.125,0.125,0.125,0.125,0.125
2015-04-16,0.37500003,0.125,0.125,0.125,0.125,0.125
2015-04-17,0.090909086,0.090909086,0.090909086,0.090909086,0.54545456,0.090909086
2015-04-20,0.15727551,0.15727882,0.15727651,0.15727551,0.15727551,0.21361808
2015-04-21,0.090909086,0.090909086,0.090909086,0.090909086,0.54545456,0.090909086
2015-04-22,0.37500003,0.125,0.125,0.125,0.125,0.125
2015-04-23,0.37500003,0.125,0.125,0.125,0.125,0.125
2015-04-24,0.37500003,0.125,0.125,0.125,0.125,0.125
2015-04-27,0.16666664,0.16666664,0.16666664,0.16666672,0.16666664,0.16666667
2015-04-28,0.090909086,0.090909086,0.090909086,0.090909086,0.54545456,0.090909086
2015-04-29,0.09090909,0.09090909,0.09090909,0.090909116,0.54545444,0.09090909
2015-04-30,0.15727551,0.15727882,0.15727651,0.15727551,0.15727551,0.21361808
2015-05-01,0.11112031,0.44437551,0.11112031,0.111137435,0.11112031,0.11112614
2015-05-04,0.37494105,0.12500495,0.12500495,0.12502773,0.12500495,0.12501635
2015-05-05,0.09091162,0.09091162,0.09091162,0.09091422,0.54543847,0.0909125
2015-05-06,0.111136906,0.44425106,0.111136906,0.111184984,0.111136906,0.11115328
2015-05-07,0.111146584,0.44417846,0.111146584,0.11121269,0.111146584,0.1111691
2015-05-08,0.111129515,0.4443064,0.111129515,0.111163825,0.111129515,0.11114119
2015-05-11,0.111131795,0.44428933,0.111131795,0.11117035,0.111131795,0.111144945
2015-05-12,0.15727551,0.15727882,0.15727651,0.15727551,0.15727551,0.21361808
2015-05-13,0.16664508,0.16664508,0.16664508,0.16674167,0.16664508,0.166678
2015-05-14,0.16666022,0.16666022,0.16666022,0.1666891,0.16666022,0.16667005
2015-05-15,0.16666533,0.16666533,0.16666533,0.16667132,0.16666533,0.16666737
2015-05-18,0.1666665,0.1666665,0.1666665,0.16666725,0.1666665,0.16666676
2015-05-19,0.090909086,0.090909086,0.090909086,0.090909086,0.54545456,0.090909086
2015-05-20,0.37500003,0.125,0.125,0.125,0.125,0.125
2015-05-21,0.16666664,0.16666664,0.16666664,0.1666667,0.16666664,0.16666667
2015-05-22,0.090909086,0.090909086,0.090909086,0.090909086,0.54545456,0.090909086
2015-05-26,0.37500003,0.125,0.125,0.125,0.125,0.125
2015-05-27,0.15727551,0.15727882,0.15727651,0.15727551,0.15727551,0.21361808
2015-05-28,0.15727551,0.15727882,0.15727651,0.15727551,0.15727551,0.21361808
2015-05-29,0.090909086,0.090909086,0.090909086,0.090909086,0.54545456,0.090909086
2015-06-01,0.37499642,0.12500028,0.12500028,0.12500168,0.12500028,0.12500098
2015-06-02,0.37498167,0.12500153,0.12500153,0.12500863,0.12500153,0.12500508
2015-06-03,0.09090921,0.09090921,0.09090921,0.09090934,0.5454538,0.09090925
2015-06-04,0.15727551,0.15727882,0.15727651,0.15727551,0.15727551,0.21361808
2015-06-05,0.1666483,0.1666483,0.1666483,0.16673048,0.1666483,0.16667631
2015-06-08,0.09090922,0.09090922,0.09090922,0.09090936,0.5454537,0.09090927
2015-06-09,0.11119003,0.4438523,0.11119003,0.11133737,0.11119003,0.11124022
2015-06-10,0.16664688,0.16664688,0.16664688,0.16673544,0.16664688,0.16667706
2015-06-11,0.09090909,0.09090909,0.09090909,0.090909116,0.54545444,0.09090909
2015-06-12,0.111323826,0.44284663,0.111323826,0.11172237,0.111323826,0.1114595
2015-06-15,0.090909086,0.090909086,0.090909086,0.090909086,0.54545456,0.090909086
2015-06-16,0.11111324,0.44442847,0.11111324,0.1111172,0.11111324,0.11111459
2015-06-17,0.16666628,0.16666628,0.16666628,0.16666797,0.16666628,0.16666685
2015-06-18,0.11111111,0.44444445,0.11111111,0.11111111,0.11111111,0.11111111
2015-06-19,0.37500003,0.125,0.125,0.125,0.125,0.125
2015-06-22,0.090909086,0.090909086,0.090909086,0.090909086,0.54545456,0.090909086
2015-06-23,0.16666664,0.16666664,0.16666664,0.1666668,0.16666664,0.16666669
2015-06-24,0.37500003,0.125,0.125,0.125,0.125,0.125
2015-06-25,0.16666663,0.16666663,0.16666663,0.1666668,0.16666663,0.16666669
2015-06-26,0.090909086,0.090909086,0.090909086,0.090909086,0.54545456,0.090909086
2015-06-29,0.090909086,0.090909086,0.090909086,0.090909086,0.54545456,0.090909086
2015-06-30,0.16666548,0.16666548,0.16666548,0.16667077,0.16666548,0.16666728
2015-07-01,0.09090915,0.09090915,0.09090915,0.09090923,0.5454541,0.090909176
2015-07-02,0.3749944,0.12500048,0.12500048,0.12500265,0.12500048,0.12500156
2015-07-06,0.15727551,0.15727882,0.15727651,0.15727551,0.15727551,0.21361808
2015-07-07,0.15727551,0.15727882,0.15727651,0.15727551,0.15727551,0.21361808
2015-07-08,0.16665642,0.16665642,0.16665642,0.1667023,0.16665642,0.16667207
2015-07-09,0.15727551,0.15727882,0.15727651,0.15727551,0.15727551,0.21361808
2015-07-10,0.11111215,0.44443664,0.11111215,0.1111141,0.11111215,0.11111281
2015-07-13,0.37499997,0.125,0.125,0.12500001,0.125,0.125
2015-07-14,0.15727551,0.15727882,0.15727651,0.15727551,0.15727551,0.21361808
2015-07-15,0.37500003,0.125,0.125,0.125,0.125,0.125
2015-07-16,0.15727551,0.15727882,0.15727651,0.15727551,0.15727551,0.21361808
2015-07-17,0.16666666,0.16666666,0.16666666,0.1666667,0.16666666,0.16666667
2015-07-20,0.16666666,0.16666666,0.16666666,0.16666669,0.16666666,0.16666669
2015-07-21,0.16666667,0.16666667,0.16666667,0.16666667,0.16666667,0.16666667
2015-07-22,0.16666667,0.16666667,0.16666667,0.16666667,0.16666667,0.16666667
2015-07-23,0.37500003,0.125,0.125,0.125,0.125,0.125
2015-07-24,0.090909086,0.090909086,0.090909086,0.090909086,0.54545456,0.090909086
2015-07-27,0.37500003,0.125,0.125,0.125,0.125,0.125
2015-07-28,0.11111111,0.44444445,0.11111111,0.11111111,0.11111111,0.11111111
2015-07-29,0.11111111,0.4444444,0.11111111,0.11111113,0.11111111,0.11111111
2015-07-30,0.37500003,0.125,0.125,0.125,0.125,0.125
2015-07-31,0.1111117,0.44444013,0.1111117,0.11111277,0.1111117,0.111112066
2015-08-03,0.16663475,0.16663475,0.16663475,0.16677755,0.16663475,0.1666834
2015-08-04,0.3749993,0.12500006,0.12500006,0.1250003,0.12500006,0.1250002
2015-08-05,0.1665934,0.1665934,0.1665934,0.16692135,0.1665934,0.16670509
2015-08-06,0.16656941,0.16656941,0.16656941,0.16700473,0.16656941,0.16671765
2015-08-07,0.15727551,0.15727882,0.15727651,0.15727551,0.15727551,0.21361808
2015-08-10,0.09090918,0.09090918,0.09090918,0.09090928,0.54545397,0.09090923
2015-08-11,0.09090912,0.09090912,0.09090912,0.090909146,0.5454544,0.09090912
2015-08-12,0.11118863,0.44386292,0.11118863,0.111333326,0.11118863,0.11123791
2015-08-13,0.15727551,0.15727882,0.15727651,0.15727551,0.15727551,0.21361808
2015-08-14,0.11112221,0.4443612,0.11112221,0.11114291,0.11112221,0.11112928
2015-08-17,0.15727551,0.15727882,0.15727651,0.15727551,0.15727551,0.21361808
2015-08-18,0.090909086,0.090909086,0.090909086,0.090909086,0.54545456,0.090909086
2015-08-19,0.11111114,0.44444427,0.11111114,0.111111194,0.11111114,0.11111116
2015-08-20,0.090909086,0.090909086,0.090909086,0.090909086,0.54545456,0.090909086
2015-08-21,0.090909086,0.090909086,0.090909086,0.090909086,0.54545456,0.090909086
2015-08-24,0.11111111,0.4444444,0.11111111,0.11111113,0.11111111,0.11111111
2015-08-25,0.15727551,0.15727882,0.15727651,0.15727551,0.15727551,0.21361808
2015-08-26,0.090909086,0.090909086,0.090909086,0.090909086,0.54545456,0.090909086
2015-08-27,0.16666666,0.16666666,0.16666666,0.1666667,0.16666666,0.16666667
2015-08-28,0.16666661,0.16666661,0.16666661,0.16666688,0.16666661,0.1666667
2015-08-31,0.37500003,0.125,0.125,0.125,0.125,0.125
2015-09-01,0.11111204,0.44443756,0.11111204,0.11111375,0.11111204,0.111112624
2015-09-02,0.15727551,0.15727882,0.15727651,0.15727551,0.15727551,0.21361808
2015-09-03,0.16666172,0.16666172,0.16666172,0.16668382,0.16666172,0.16666925
2015-09-04,0.15727551,0.15727882,0.15727651,0.15727551,0.15727551,0.21361808
2015-09-08,0.15727551,0.15727882,0.15727651,0.15727551,0.15727551,0.21361808
2015-09-09,0.15727551,0.15727882,0.15727651,0.15727551,0.15727551,0.21361808
2015-09-10,0.15727551,0.15727882,0.15727651,0.15727551,0.15727551,0.21361808
2015-09-11,0.11111129,0.44444302,0.11111129,0.11111163,0.11111129,0.11111141
2015-09-14,0.09090909,0.09090909,0.09090909,0.090909116,0.54545444,0.09090909
2015-09-15,0.090909086,0.090909086,0.090909086,0.090909086,0.54545456,0.090909086
2015-09-16,0.15727551,0.15727882,0.15727651,0.15727551,0.15727551,0.21361808
2015-09-17,0.090909086,0.090909086,0.090909086,0.090909086,0.54545456,0.090909086
2015-09-18,0.090909086,0.090909086,0.090909086,0.090909086,0.54545456,0.090909086
2015-09-21,0.15727551,0.15727882,0.15727651,0.15727551,0.15727551,0.21361808
2015-09-22,0.16666664,0.16666664,0.16666664,0.1666667,0.16666664,0.16666666
2015-09-23,0.11111111,0.44444445,0.11111111,0.11111111,0.11111111,0.11111111
2015-09-24,0.16666664,0.16666664,0.16666664,0.1666668,0.16666664,0.16666669
2015-09-25,0.090909086,0.090909086,0.090909086,0.090909086,0.54545456,0.090909086
2015-09-28,0.16666655,0.16666655,0.16666655,0.16666706,0.16666655,0.1666667
2015-09-29,0.090909086,0.090909086,0.090909086,0.090909086,0.54545456,0.090909086
2015-09-30,0.37500003,0.125,0.125,0.125,0.125,0.125
2015-10-01,0.16665922,0.16665922,0.16665922,0.16669255,0.16665922,0.16667058
2015-10-02,0.16665497,0.16665497,0.16665497,0.1667073,0.16665497,0.1666728
2015-10-05,0.09090973,0.09090973,0.09090973,0.09091039,0.54545045,0.090909965
2015-10-06,0.16663486,0.16663486,0.16663486,0.1667772,0.16663486,0.16668336
2015-10-07,0.37498415,0.12500134,0.12500134,0.12500748,0.12500134,0.1250044
2015-10-08,0.1666235,0.1666235,0.1666235,0.16681667,0.1666235,0.1666893
2015-10-09,0.0909093,0.0909093,0.0909093,0.090909526,0.5454532,0.090909384
2015-10-12,0.090909116,0.090909116,0.090909116,0.09090913,0.54545444,0.090909116
2015-10-13,0.11111539,0.44441232,0.11111539,0.11112336,0.11111539,0.1111181
2015-10-14,0.11111407,0.44442222,0.11111407,0.11111959,0.11111407,0.111115955
2015-10-15,0.37500003,0.125,0.125,0.125,0.125,0.125
2015-10-16,0.11111113,0.44444436,0.11111113,0.11111116,0.11111113,0.11111114
2015-10-19,0.090909086,0.090909086,0.090909086,0.090909086,0.54545456,0.090909086
2015-10-20,0.16666666,0.16666666,0.16666666,0.16666669,0.16666666,0.16666667
2015-10-21,0.37500003,0.125,0.125,0.125,0.125,0.125
2015-10-22,0.15727551,0.15727882,0.15727651,0.15727551,0.15727551,0.21361808
2015-10-23,0.11111111,0.44444445,0.11111111,0.11111111,0.11111111,0.11111111
2015-10-26,0.11111111,0.44444445,0.11111111,0.11111111,0.11111111,0.11111111
2015-10-27,0.37500003,0.125,0.125,0.125,0.125,0.125
2015-10-28,0.16666655,0.16666655,0.16666655,0.16666706,0.16666655,0.16666673
2015-10-29,0.11111552,0.4444114,0.11111552,0.11112373,0.11111552,0.11111832
2015-10-30,0.16666217,0.16666217,0.16666217,0.16668226,0.16666217,0.16666901
2015-11-02,0.15727551,0.15727882,0.15727651,0.15727551,0.15727551,0.21361808
2015-11-03,0.111326836,0.442824,0.111326836,0.11173105,0.111326836,0.11146441
2015-11-04,0.37479287,0.12501737,0.12501737,0.12509748,0.12501739,0.12505744
2015-11-05,0.16655605,0.16655605,0.16655605,0.16705114,0.16655605,0.16672462
2015-11-06,0.16650365,0.16650365,0.16650365,0.16723342,0.16650365,0.166752
2015-11-09,0.090910405,0.090910405,0.090910405,0.09091177,0.54544616,0.09091087
2015-11-10,0.16653301,0.16653301,0.16653301,0.16713129,0.16653301,0.16673666
2015-11-11,0.37493837,0.12500517,0.12500517,0.125029,0.12500517,0.12501709
2015-11-12,0.090909116,0.090909116,0.090909116,0.09090913,0.54545444,0.09090913
2015-11-13,0.15727551,0.15727882,0.15727651,0.15727551,0.15727551,0.21361808
2015-11-16,0.374831,0.12501419,0.12501419,0.12507956,0.1250142,0.12504688
2015-11-17,0.16649605,0.16649605,0.16649605,0.16725984,0.16649605,0.16675596
2015-11-18,0.11111246,0.4444343,0.11111246,0.11111498,0.11111246,0.111113325
2015-11-19,0.15727551,0.15727882,0.15727651,0.15727551,0.15727551,0.21361808
2015-11-20,0.37499037,0.12500082,0.12500082,0.12500453,0.12500082,0.12500267
2015-11-23,0.16664228,0.16664228,0.16664228,0.16675147,0.16664228,0.16667947
2015-11-24,0.37499988,0.12500001,0.12500001,0.12500004,0.12500001,0.12500001
2015-11-25,0.11111852,0.44438893,0.11111852,0.11113232,0.11111852,0.11112322
2015-11-27,0.15727551,0.15727882,0.15727651,0.15727551,0.15727551,0.21361808
2015-11-30,0.15727551,0.15727882,0.15727651,0.15727551,0.15727551,0.21361808
2015-12-01,0.09090967,0.09090967,0.09090967,0.09091028,0.5454508,0.090909876
2015-12-02,0.166544,0.166544,0.166544,0.16709308,0.166544,0.16673093
2015-12-03,0.11120048,0.44377378,0.11120048,0.111367404,0.11120048,0.11125735
2015-12-04,0.09090918,0.09090918,0.09090918,0.09090928,0.54545397,0.09090923
2015-12-07,0.16655599,0.16655599,0.16655599,0.16705143,0.16655599,0.16672467
2015-12-08,0.11111851,0.44438902,0.11111851,0.11113226,0.11111851,0.11112319
2015-12-09,0.09090909,0.09090909,0.09090909,0.090909116,0.54545444,0.09090909
2015-12-10,0.090909086,0.090909086,0.090909086,0.090909086,0.54545456,0.090909086
2015-12-11,0.090909086,0.090909086,0.090909086,0.090909086,0.54545456,0.090909086
2015-12-14,0.15727551,0.15727882,0.15727651,0.15727551,0.15727551,0.21361808
2015-12-15,0.37500003,0.125,0.125,0.125,0.125,0.125
2015-12-16,0.090909086,0.090909086,0.090909086,0.090909086,0.54545456,0.090909086
2015-12-17,0.16666664,0.16666664,0.16666664,0.16666678,0.16666664,0.16666669
2015-12-18,0.16666667,0.16666667,0.16666667,0.16666669,0.16666667,0.16666667
2015-12-21,0.090909086,0.090909086,0.090909086,0.090909086,0.54545456,0.090909086
2015-12-22,0.37500003,0.125,0.125,0.125,0.125,0.125
2015-12-23,0.16666667,0.16666667,0.16666667,0.16666667,0.16666667,0.16666667
2015-12-24,0.15727551,0.15727882,0.15727651,0.15727551,0.15727551,0.21361808
2015-12-28,0.15727551,0.15727882,0.15727651,0.15727551,0.15727551,0.21361808
2015-12-29,0.090909086,0.090909086,0.090909086,0.090909086,0.54545456,0.090909086
2015-12-30,0.37500003,0.125,0.125,0.125,0.125,0.125
2015-12-31,0.11116931,0.44400784,0.11116931,0.11127789,0.11116931,0.11120629
2016-01-04,0.16664954,0.16664954,0.16664954,0.1667262,0.16664954,0.16667567
2016-01-05,0.15727551,0.15727882,0.15727651,0.15727551,0.15727551,0.21361808
2016-01-06,0.37450448,0.12504156,0.12504156,0.12523335,0.12504159,0.12513746
2016-01-07,0.37413934,0.12507209,0.12507209,0.12540555,0.12507218,0.12523878
2016-01-08,0.15727551,0.15727882,0.15727651,0.15727551,0.15727551,0.21361808
2016-01-11,0.37478197,0.1250183,0.1250183,0.12510264,0.12501831,0.12506048
2016-01-12,0.111345366,0.44268453,0.111345366,0.11178453,0.111345366,0.111494824
2016-01-13,0.090909526,0.090909526,0.090909526,0.09090997,0.5454518,0.090909675
2016-01-14,0.16666466,0.16666466,0.16666466,0.16667365,0.16666466,0.16666771
2016-01-15,0.37500003,0.125,0.125,0.125,0.125,0.125
2016-01-19,0.37500003,0.125,0.125,0.125,0.125,0.125
2016-01-20,0.090909086,0.090909086,0.090909086,0.090909086,0.54545456,0.090909086
2016-01-21,0.37500003,0.125,0.125,0.125,0.125,0.125
2016-01-22,0.090909086,0.090909086,0.090909086,0.090909086,0.54545456,0.090909086
2016-01-25,0.15727551,0.15727882,0.15727651,0.15727551,0.15727551,0.21361808
2016-01-26,0.37500003,0.125,0.125,0.125,0.125,0.125
2016-01-27,0.09090915,0.09090915,0.09090915,0.09090922,0.5454542,0.090909176
2016-01-28,0.37499985,0.12500001,0.12500001,0.12500006,0.12500001,0.12500003
2016-01-29,0.37499762,0.12500021,0.12500021,0.12500115,0.12500021,0.12500069
2016-02-01,0.16661629,0.16661629,0.16661629,0.16684172,0.16661629,0.16669308
2016-02-02,0.37482,0.12501511,0.12501511,0.12508471,0.12501511,0.12504992
2016-02-03,0.11315767,0.42881957,0.11315767,0.117191084,0.11315767,0.11451639
2016-02-04,0.37483382,0.12501395,0.12501395,0.1250782,0.12501396,0.12504607
2016-02-05,0.37491098,0.12500748,0.12500748,0.12504189,0.12500748,0.12502468
2016-02-08,0.09092559,0.09092559,0.09092559,0.09094269,0.54534906,0.090931416
2016-02-09,0.11144157,0.44195983,0.11144157,0.11206266,0.11144157,0.111652836
2016-02-10,0.15727551,0.15727882,0.15727651,0.15727551,0.15727551,0.21361808
2016-02-11,0.16666618,0.16666618,0.16666618,0.16666839,0.16666618,0.16666694
2016-02-12,0.15727551,0.15727882,0.15727651,0.15727551,0.15727551,0.21361808
2016-02-16,0.15727551,0.15727882,0.15727651,0.15727551,0.15727551,0.21361808
2016-02-17,0.090909086,0.090909086,0.090909086,0.090909086,0.54545456,0.090909086
2016-02-18,0.111111194,0.44444388,0.111111194,0.11111134,0.111111194,0.111111246
2016-02-19,0.090909086,0.090909086,0.090909086,0.090909086,0.54545456,0.090909086
2016-02-22,0.090909086,0.090909086,0.090909086,0.090909086,0.54545456,0.090909086
2016-02-23,0.37500003,0.125,0.125,0.125,0.125,0.125
2016-02-24,0.16666664,0.16666664,0.16666664,0.1666667,0.16666664,0.16666667
2016-02-25,0.11111232,0.4444354,0.11111232,0.11111457,0.11111232,0.11111309
2016-02-26,0.111114256,0.44442084,0.111114256,0.11112013,0.111114256,0.11111626
2016-02-29,0.11111666,0.4444029,0.11111666,0.11112699,0.11111666,0.11112019
2016-03-01,0.15727551,0.15727882,0.15727651,0.15727551,0.15727551,0.21361808
2016-03-02,0.37499633,0.12500031,0.12500031,0.12500173,0.12500031,0.12500103
2016-03-03,0.16665626,0.16665626,0.16665626,0.16670287,0.16665626,0.16667214
2016-03-04,0.1666523,0.1666523,0.1666523,0.16671656,0.1666523,0.1666742
2016-03-07,0.090909205,0.090909205,0.090909205,0.090909325,0.5454538,0.09090924
2016-03-08,0.16666037,0.16666037,0.16666037,0.16668859,0.16666037,0.16666996
2016-03-09,0.09090909,0.09090909,0.09090909,0.090909116,0.54545444,0.09090909
2016-03-10,0.16666634,0.16666634,0.16666634,0.16666779,0.16666634,0.16666684
2016-03-11,0.16666657,0.16666657,0.16666657,0.16666704,0.16666657,0.16666673
2016-03-14,0.16666655,0.16666655,0.16666655,0.16666704,0.16666655,0.16666672
2016-03-15,0.15727551,0.15727882,0.15727651,0.15727551,0.15727551,0.21361808
2016-03-16,0.15727551,0.15727882,0.15727651,0.15727551,0.15727551,0.21361808
2016-03-17,0.090909086,0.090909086,0.090909086,0.090909086,0.54545456,0.090909086
2016-03-18,0.11111111,0.4444444,0.11111111,0.11111113,0.11111111,0.11111111
2016-03-21,0.090909086,0.090909086,0.090909086,0.090909086,0.54545456,0.090909086
2016-03-22,0.11111111,0.4444444,0.11111111,0.11111113,0.11111111,0.11111111
2016-03-23,0.090909086,0.090909086,0.090909086,0.090909086,0.54545456,0.090909086
2016-03-24,0.15727551,0.15727882,0.15727651,0.15727551,0.15727551,0.21361808
2016-03-28,0.16666664,0.16666664,0.16666664,0.1666668,0.16666664,0.16666669
2016-03-29,0.16666627,0.16666627,0.16666627,0.166668,0.16666627,0.16666687
2016-03-30,0.15727551,0.15727882,0.15727651,0.15727551,0.15727551,0.21361808
2016-03-31,0.15727551,0.15727882,0.15727651,0.15727551,0.15727551,0.21361808
2016-04-01,0.09091407,0.09091407,0.09091407,0.090919234,0.5454227,0.09091583
2016-04-04,0.15727551,0.15727882,0.15727651,0.15727551,0.15727551,0.21361808
2016-04-05,0.15727551,0.15727882,0.15727651,0.15727551,0.15727551,0.21361808
2016-04-06,0.15727551,0.15727882,0.15727651,0.15727551,0.15727551,0.21361808
2016-04-07,0.37494054,0.12500498,0.12500498,0.12502797,0.12500498,0.12501648
2016-04-08,0.11284843,0.431218,0.11284843,0.11624278,0.112848446,0.11399393
2016-04-11,0.1665968,0.1665968,0.1665968,0.16690952,0.1665968,0.16670331
2016-04-12,0.37499985,0.12500001,0.12500001,0.12500006,0.12500001,0.12500003
2016-04-13,0.1666611,0.1666611,0.1666611,0.16668601,0.1666611,0.16666958
2016-04-14,0.090909086,0.090909086,0.090909086,0.090909086,0.54545456,0.090909086
2016-04-15,0.090909086,0.090909086,0.090909086,0.090909086,0.54545456,0.090909086
2016-04-18,0.16666661,0.16666661,0.16666661,0.16666685,0.16666661,0.16666669
2016-04-19,0.111111805,0.44443926,0.111111805,0.11111309,0.111111805,0.11111224
2016-04-20,0.090909086,0.090909086,0.090909086,0.090909086,0.54545456,0.090909086
2016-04-21,0.16666666,0.16666666,0.16666666,0.16666669,0.16666666,0.16666667
2016-04-22,0.16666663,0.16666663,0.16666663,0.16666678,0.16666663,0.16666669
2016-04-25,0.090909086,0.090909086,0.090909086,0.090909086,0.54545456,0.090909086
2016-04-26,0.090909086,0.090909086,0.090909086,0.090909086,0.54545456,0.090909086
2016-04-27,0.11111124,0.4444434,0.11111124,0.111111484,0.11111124,0.11111131
2016-04-28,0.16666493,0.16666493,0.16666493,0.16667274,0.16666493,0.16666758
2016-04-29,0.15727551,0.15727882,0.15727651,0.15727551,0.15727551,0.21361808
2016-05-02,0.15727551,0.15727882,0.15727651,0.15727551,0.15727551,0.21361808
2016-05-03,0.16652668,0.16652668,0.16652668,0.16715336,0.16652668,0.16673999
2016-05-04,0.11111646,0.44440427,0.11111646,0.11112643,0.11111646,0.11111986
2016-05-05,0.3749667,0.12500279,0.12500279,0.12501569,0.12500279,0.12500922
2016-05-06,0.16662043,0.16662043,0.16662043,0.1668273,0.16662043,0.1666909
2016-05-09,0.15727551,0.15727882,0.15727651,0.15727551,0.15727551,0.21361808
2016-05-10,0.11111528,0.4444132,0.11111528,0.111123055,0.11111528,0.11111793
2016-05-11,0.37499988,0.12500001,0.12500001,0.12500004,0.12500001,0.12500003
2016-05-12,0.15727551,0.15727882,0.15727651,0.15727551,0.15727551,0.21361808
2016-05-13,0.37500003,0.125,0.125,0.125,0.125,0.125
2016-05-16,0.1111113,0.44444314,0.1111113,0.111111626,0.1111113,0.11111142
2016-05-17,0.15727551,0.15727882,0.15727651,0.15727551,0.15727551,0.21361808
2016-05-18,0.11111115,0.44444415,0.11111115,0.111111216,0.11111115,0.11111117
2016-05-19,0.090909086,0.090909086,0.090909086,0.090909086,0.54545456,0.090909086
2016-05-20,0.15727551,0.15727882,0.15727651,0.15727551,0.15727551,0.21361808
2016-05-23,0.15727551,0.15727882,0.15727651,0.15727551,0.15727551,0.21361808
2016-05-24,0.090909086,0.090909086,0.090909086,0.090909086,0.54545456,0.090909086
2016-05-25,0.37500003,0.125,0.125,0.125,0.125,0.125
2016-05-26,0.090909086,0.090909086,0.090909086,0.090909086,0.54545456,0.090909086
2016-05-27,0.37500003,0.125,0.125,0.125,0.125,0.125
2016-05-31,0.15727551,0.15727882,0.15727651,0.15727551,0.15727551,0.21361808
2016-06-01,0.3749973,0.12500022,0.12500022,0.12500127,0.12500022,0.12500073
2016-06-02,0.15727551,0.15727882,0.15727651,0.15727551,0.15727551,0.21361808
2016-06-03,0.11111469,0.4444177,0.11111469,0.111121334,0.11111469,0.11111695
2016-06-06,0.15727551,0.15727882,0.15727651,0.15727551,0.15727551,0.21361808
2016-06-07,0.11111454,0.4444188,0.11111454,0.11112091,0.11111454,0.11111671
2016-06-08,0.37499875,0.1250001,0.1250001,0.12500058,0.1250001,0.12500034
2016-06-09,0.15727551,0.15727882,0.15727651,0.15727551,0.15727551,0.21361808
2016-06-10,0.11111566,0.44441035,0.11111566,0.111124136,0.11111566,0.11111855
2016-06-13,0.090909086,0.090909086,0.090909086,0.090909086,0.54545456,0.090909086
2016-06-14,0.111112274,0.44443575,0.111112274,0.11111443,0.111112274,0.11111301
2016-06-15,0.37500003,0.125,0.125,0.125,0.125,0.125
2016-06-16,0.15727551,0.15727882,0.15727651,0.15727551,0.15727551,0.21361808
2016-06-17,0.090909086,0.090909086,0.090909086,0.090909086,0.54545456,0.090909086
2016-06-20,0.37500003,0.125,0.125,0.125,0.125,0.125
2016-06-21,0.37500003,0.125,0.125,0.125,0.125,0.125
2016-06-22,0.16666667,0.16666667,0.16666667,0.16666667,0.16666667,0.16666667
2016-06-23,0.090909086,0.090909086,0.090909086,0.090909086,0.54545456,0.090909086
2016-06-24,0.15727551,0.15727882,0.15727651,0.15727551,0.15727551,0.21361808
2016-06-27,0.090909086,0.090909086,0.090909086,0.090909086,0.54545456,0.090909086
2016-06-28,0.090909086,0.090909086,0.090909086,0.090909086,0.54545456,0.090909086
2016-06-29,0.37500003,0.125,0.125,0.125,0.125,0.125
2016-06-30,0.16666573,0.16666573,0.16666573,0.16666992,0.16666573,0.16666716
2016-07-01,0.15727551,0.15727882,0.15727651,0.15727551,0.15727551,0.21361808
2016-07-05,0.15727551,0.15727882,0.15727651,0.15727551,0.15727551,0.21361808
2016-07-06,0.11111175,0.44443965,0.11111175,0.111112945,0.11111175,0.11111216
2016-07-07,0.16666068,0.16666068,0.16666068,0.16668749,0.16666068,0.16666983
2016-07-08,0.16666308,0.16666308,0.16666308,0.16667916,0.16666308,0.16666856
2016-07-11,0.1111114,0.44444224,0.1111114,0.11111195,0.1111114,0.11111159
2016-07-12,0.15727551,0.15727882,0.15727651,0.15727551,0.15727551,0.21361808
2016-07-13,0.15727551,0.15727882,0.15727651,0.15727551,0.15727551,0.21361808
2016-07-14,0.16666667,0.16666667,0.16666667,0.16666669,0.16666667,0.16666667
2016-07-15,0.11111111,0.44444445,0.11111111,0.11111111,0.11111111,0.11111111
2016-07-18,0.090909086,0.090909086,0.090909086,0.090909086,0.54545456,0.090909086
2016-07-19,0.15727551,0.15727882,0.15727651,0.15727551,0.15727551,0.21361808
2016-07-20,0.090909086,0.090909086,0.090909086,0.090909086,0.54545456,0.090909086
2016-07-21,0.11111111,0.44444445,0.11111111,0.11111111,0.11111111,0.11111111
2016-07-22,0.37500003,0.125,0.125,0.125,0.125,0.125
2016-07-25,0.37500003,0.125,0.125,0.125,0.125,0.125
2016-07-26,0.15727551,0.15727882,0.15727651,0.15727551,0.15727551,0.21361808
2016-07-27,0.11111111,0.44444445,0.11111111,0.11111111,0.11111111,0.11111111
2016-07-28,0.15727551,0.15727882,0.15727651,0.15727551,0.15727551,0.21361808
2016-07-29,0.37500003,0.125,0.125,0.125,0.125,0.125
2016-08-01,0.37500003,0.125,0.125,0.125,0.125,0.125
2016-08-02,0.16666463,0.16666463,0.16666463,0.16667372,0.16666463,0.16666773
2016-08-03,0.111112095,0.444437,0.111112095,0.11111395,0.111112095,0.111112736
2016-08-04,0.090909086,0.090909086,0.090909086,0.090909086,0.54545456,0.090909086
2016-08-05,0.37499997,0.12500001,0.12500001,0.12500004,0.12500001,0.12500003
2016-08-08,0.11113723,0.44424862,0.11113723,0.11118593,0.11113723,0.111153826
2016-08-09,0.37500003,0.125,0.125,0.125,0.125,0.125
2016-08-10,0.16666618,0.16666618,0.16666618,0.16666839,0.16666618,0.16666694
2016-08-11,0.37500003,0.125,0.125,0.125,0.125,0.125
2016-08-12,0.16666658,0.16666658,0.16666658,0.166667,0.16666658,0.16666673
2016-08-15,0.1113521,0.4426338,0.1113521,0.111803986,0.1113521,0.111505896
2016-08-16,0.37500003,0.125,0.125,0.125,0.125,0.125
2016-08-17,0.11111113,0.4444443,0.11111113,0.11111116,0.11111113,0.11111114
2016-08-18,0.11111111,0.44444445,0.11111111,0.11111111,0.11111111,0.11111111
2016-08-19,0.11111111,0.44444445,0.11111111,0.11111111,0.11111111,0.11111111
2016-08-22,0.11111111,0.44444445,0.11111111,0.11111111,0.11111111,0.11111111
2016-08-23,0.11111111,0.44444445,0.11111111,0.11111111,0.11111111,0.11111111
2016-08-24,0.37500003,0.125,0.125,0.125,0.125,0.125
2016-08-25,0.37500003,0.125,0.125,0.125,0.125,0.125
2016-08-26,0.37500003,0.125,0.125,0.125,0.125,0.125
2016-08-29,0.11111111,0.44444445,0.11111111,0.11111111,0.11111111,0.11111111
2016-08-30,0.11111113,0.44444436,0.11111113,0.11111116,0.11111113,0.11111114
2016-08-31,0.37499997,0.125,0.125,0.12500001,0.125,0.125
2016-09-01,0.37499982,0.12500001,0.12500001,0.12500009,0.12500001,0.12500003
2016-09-02,0.16665632,0.16665632,0.16665632,0.1667027,0.16665632,0.16667213
2016-09-06,0.11111151,0.44444147,0.11111151,0.11111224,0.11111151,0.11111176
2016-09-07,0.374999,0.12500009,0.12500009,0.12500048,0.12500009,0.12500028
2016-09-08,0.15727551,0.15727882,0.15727651,0.15727551,0.15727551,0.21361808
2016-09-09,0.1666494,0.1666494,0.1666494,0.16672668,0.1666494,0.16667573
2016-09-12,0.111142874,0.44420627,0.111142874,0.11120209,0.111142874,0.11116305
2016-09-13,0.090909086,0.090909086,0.090909086,0.090909086,0.54545456,0.090909086
2016-09-14,0.37500003,0.125,0.125,0.125,0.125,0.125
2016-09-15,0.090909086,0.090909086,0.090909086,0.090909086,0.54545456,0.090909086
2016-09-16,0.090909086,0.090909086,0.090909086,0.090909086,0.54545456,0.090909086
2016-09-19,0.15727551,0.15727882,0.15727651,0.15727551,0.15727551,0.21361808
2016-09-20,0.37500003,0.125,0.125,0.125,0.125,0.125
2016-09-21,0.37500003,0.125,0.125,0.125,0.125,0.125
2016-09-22,0.11111111,0.4444444,0.11111111,0.11111113,0.11111111,0.11111111
2016-09-23,0.11111111,0.44444445,0.11111111,0.11111111,0.11111111,0.11111111
2016-09-26,0.37500003,0.125,0.125,0.125,0.125,0.125
2016-09-27,0.090909086,0.090909086,0.090909086,0.090909086,0.54545456,0.090909086
2016-09-28,0.37500003,0.125,0.125,0.125,0.125,0.125
2016-09-29,0.15727551,0.15727882,0.15727651,0.15727551,0.15727551,0.21361808
2016-09-30,0.09090909,0.09090909,0.09090909,0.090909116,0.54545444,0.09090909
2016-10-03,0.16665845,0.16665845,0.16665845,0.1666952,0.16665845,0.16667096
2016-10-04,0.09090917,0.09090917,0.09090917,0.090909265,0.545454,0.090909205
2016-10-05,0.09090926,0.09090926,0.09090926,0.090909414,0.54545355,0.0909093
2016-10-06,0.11111827,0.44439077,0.11111827,0.11113161,0.11111827,0.11112282
2016-10-07,0.37499577,0.12500036,0.12500036,0.125002,0.12500036,0.12500118
2016-10-10,0.37499812,0.12500016,0.12500016,0.12500091,0.12500016,0.12500055
2016-10-11,0.15727551,0.15727882,0.15727651,0.15727551,0.15727551,0.21361808
2016-10-12,0.15727551,0.15727882,0.15727651,0.15727551,0.15727551,0.21361808
2016-10-13,0.1666546,0.1666546,0.1666546,0.16670853,0.1666546,0.16667297
2016-10-14,0.37500003,0.125,0.125,0.125,0.125,0.125
2016-10-17,0.090909086,0.090909086,0.090909086,0.090909086,0.54545456,0.090909086
2016-10-18,0.37500003,0.125,0.125,0.125,0.125,0.125
2016-10-19,0.16666554,0.16666554,0.16666554,0.16667064,0.16666554,0.16666727
2016-10-20,0.111111164,0.44444412,0.111111164,0.11111124,0.111111164,0.11111119
2016-10-21,0.16666646,0.16666646,0.16666646,0.16666737,0.16666646,0.16666678
2016-10-24,0.090909086,0.090909086,0.090909086,0.090909086,0.54545456,0.090909086
2016-10-25,0.1666664,0.1666664,0.1666664,0.16666757,0.1666664,0.1666668
2016-10-26,0.1666663,0.1666663,0.1666663,0.16666791,0.1666663,0.16666687
2016-10-27,0.11111251,0.44443384,0.11111251,0.11111515,0.11111251,0.111113414
2016-10-28,0.15727551,0.15727882,0.15727651,0.15727551,0.15727551,0.21361808
2016-10-31,0.37499923,0.12500007,0.12500007,0.12500039,0.12500007,0.12500024
2016-11-01,0.16662453,0.16662453,0.16662453,0.16681315,0.16662453,0.16668878
2016-11-02,0.15727551,0.15727882,0.15727651,0.15727551,0.15727551,0.21361808
2016-11-03,0.1111319,0.44428852,0.1111319,0.11117068,0.1111319,0.11114512
2016-11-04,0.374852,0.12501241,0.12501241,0.12506965,0.12501243,0.12504105
2016-11-07,0.15727551,0.15727882,0.15727651,0.15727551,0.15727551,0.21361808
2016-11-08,0.37490398,0.12500806,0.12500806,0.12504518,0.12500808,0.12502663
2016-11-09,0.16665469,0.16665469,0.16665469,0.16670829,0.16665469,0.16667297
2016-11-10,0.09090923,0.09090923,0.09090923,0.090909384,0.54545367,0.09090929
2016-11-11,0.11147824,0.441683,0.11147824,0.112169005,0.11147824,0.11171318
2016-11-14,0.37499955,0.12500003,0.12500003,0.1250002,0.12500003,0.1250001
2016-11-15,0.09090909,0.09090909,0.09090909,0.090909116,0.54545444,0.09090909
2016-11-16,0.1120959,0.43699744,0.1120959,0.11398025,0.112095915,0.11273456
2016-11-17,0.15727551,0.15727882,0.15727651,0.15727551,0.15727551,0.21361808
2016-11-18,0.090909086,0.090909086,0.090909086,0.090909086,0.54545456,0.090909086
2016-11-21,0.15727551,0.15727882,0.15727651,0.15727551,0.15727551,0.21361808
2016-11-22,0.090909086,0.090909086,0.090909086,0.090909086,0.54545456,0.090909086
2016-11-23,0.15727551,0.15727882,0.15727651,0.15727551,0.15727551,0.21361808
2016-11-25,0.16666658,0.16666658,0.16666658,0.166667,0.16666658,0.16666672
2016-11-28,0.11111175,0.44443956,0.11111175,0.111112975,0.11111175,0.11111216
2016-11-29,0.15727551,0.15727882,0.15727651,0.15727551,0.15727551,0.21361808
2016-11-30,0.15727551,0.15727882,0.15727651,0.15727551,0.15727551,0.21361808
2016-12-01,0.09090924,0.09090924,0.09090924,0.09090941,0.54545355,0.090909295
2016-12-02,0.16636395,0.16636395,0.16636395,0.16771948,0.16636395,0.1668247
2016-12-05,0.37340805,0.12513302,0.12513301,0.125751,0.12513316,0.12544176
2016-12-06,0.37334815,0.125138,0.125138,0.12577935,0.12513816,0.12545837
2016-12-07,0.15727551,0.15727882,0.15727651,0.15727551,0.15727551,0.21361808
2016-12-08,0.16651556,0.16651556,0.16651556,0.16719198,0.16651556,0.16674578
2016-12-09,0.15727551,0.15727882,0.15727651,0.15727551,0.15727551,0.21361808
2016-12-12,0.15727551,0.15727882,0.15727651,0.15727551,0.15727551,0.21361808
2016-12-13,0.11111118,0.44444394,0.11111118,0.11111131,0.11111118,0.11111122
2016-12-14,0.15727551,0.15727882,0.15727651,0.15727551,0.15727551,0.21361808
2016-12-15,0.090909086,0.090909086,0.090909086,0.090909086,0.54545456,0.090909086
2016-12-16,0.090909086,0.090909086,0.090909086,0.090909086,0.54545456,0.090909086
2016-12-19,0.16666643,0.16666643,0.16666643,0.16666752,0.16666643,0.1666668
2016-12-20,0.15727551,0.15727882,0.15727651,0.15727551,0.15727551,0.21361808
2016-12-21,0.090909086,0.090909086,0.090909086,0.090909086,0.54545456,0.090909086
2016-12-22,0.16666664,0.16666664,0.16666664,0.16666676,0.16666664,0.16666669
2016-12-23,0.11111111,0.44444445,0.11111111,0.11111111,0.11111111,0.11111111
2016-12-27,0.11111111,0.44444445,0.11111111,0.11111111,0.11111111,0.11111111
2016-12-28,0.1666666,0.1666666,0.1666666,0.16666695,0.1666666,0.16666672
2016-12-29,0.37500003,0.125,0.125,0.125,0.125,0.125
2016-12-30,0.37499985,0.12500001,0.12500001,0.12500006,0.12500001,0.12500003
2017-01-03,0.090909116,0.090909116,0.090909116,0.09090913,0.54545444,0.09090913
2017-01-04,0.09090913,0.09090913,0.09090913,0.09090918,0.5454542,0.09090915
2017-01-05,0.37489298,0.12500899,0.12500899,0.12505038,0.125009,0.12502968
2017-01-06,0.09090921,0.09090921,0.09090921,0.09090933,0.5454538,0.09090925
2017-01-09,0.15727551,0.15727882,0.15727651,0.15727551,0.15727551,0.21361808
2017-01-10,0.15727551,0.15727882,0.15727651,0.15727551,0.15727551,0.21361808
2017-01-11,0.37498397,0.12500136,0.12500136,0.12500757,0.12500136,0.12500447
2017-01-12,0.15727551,0.15727882,0.15727651,0.15727551,0.15727551,0.21361808
2017-01-13,0.37499997,0.12500001,0.12500001,0.12500004,0.12500001,0.12500003
2017-01-17,0.090909086,0.090909086,0.090909086,0.090909086,0.54545456,0.090909086
2017-01-18,0.11111242,0.44443455,0.11111242,0.111114874,0.11111242,0.11111326
2017-01-19,0.11111225,0.44443592,0.11111225,0.11111437,0.11111225,0.11111297
2017-01-20,0.090909086,0.090909086,0.090909086,0.090909086,0.54545456,0.090909086
2017-01-23,0.15727551,0.15727882,0.15727651,0.15727551,0.15727551,0.21361808
2017-01-24,0.11111174,0.44443974,0.11111174,0.1111129,0.11111174,0.11111213
2017-01-25,0.15727551,0.15727882,0.15727651,0.15727551,0.15727551,0.21361808
2017-01-26,0.15727551,0.15727882,0.15727651,0.15727551,0.15727551,0.21361808
2017-01-27,0.37499988,0.12500001,0.12500001,0.12500004,0.12500001,0.12500003
2017-01-30,0.16666348,0.16666348,0.16666348,0.16667773,0.16666348,0.16666834
2017-01-31,0.37496978,0.12500253,0.12500253,0.12501422,0.12500253,0.12500837
2017-02-01,0.15727551,0.15727882,0.15727651,0.15727551,0.15727551,0.21361808
2017-02-02,0.09091998,0.09091998,0.09091998,0.09093127,0.5453848,0.09092383
2017-02-03,0.3743643,0.12505329,0.12505329,0.12529947,0.12505335,0.12517636
2017-02-06,0.11167964,0.44016093,0.11167964,0.11275516,0.11167964,0.11204501
2017-02-07,0.15727551,0.15727882,0.15727651,0.15727551,0.15727551,0.21361808
2017-02-08,0.16662866,0.16662866,0.16662866,0.16679876,0.16662866,0.16668661
2017-02-09,0.3749922,0.12500064,0.12500064,0.12500368,0.12500064,0.12500216
2017-02-10,0.090909086,0.090909086,0.090909086,0.090909086,0.54545456,0.090909086
2017-02-13,0.090909086,0.090909086,0.090909086,0.090909086,0.54545456,0.090909086
2017-02-14,0.11111232,0.44443536,0.11111232,0.111114584,0.11111232,0.111113094
2017-02-15,0.090909086,0.090909086,0.090909086,0.090909086,0.54545456,0.090909086
2017-02-16,0.37500003,0.125,0.125,0.125,0.125,0.125
2017-02-17,0.090909086,0.090909086,0.090909086,0.090909086,0.54545456,0.090909086
2017-02-21,0.11111111,0.44444445,0.11111111,0.11111111,0.11111111,0.11111111
2017-02-22,0.11111111,0.44444445,0.11111111,0.11111111,0.11111111,0.11111111
2017-02-23,0.11111111,0.44444445,0.11111111,0.11111111,0.11111111,0.11111111
2017-02-24,0.16666667,0.16666667,0.16666667,0.16666667,0.16666667,0.16666667
2017-02-27,0.090909086,0.090909086,0.090909086,0.090909086,0.54545456,0.090909086
2017-02-28,0.090909086,0.090909086,0.090909086,0.090909086,0.54545456,0.090909086
2017-03-01,0.37499997,0.125,0.125,0.12500001,0.125,0.125
2017-03-02,0.15727551,0.15727882,0.15727651,0.15727551,0.15727551,0.21361808
2017-03-03,0.37499943,0.12500003,0.12500003,0.12500028,0.12500003,0.12500016
2017-03-06,0.16666292,0.16666292,0.16666292,0.16667973,0.16666292,0.16666865
2017-03-07,0.09090909,0.09090909,0.09090909,0.090909116,0.54545444,0.09090909
2017-03-08,0.15727551,0.15727882,0.15727651,0.15727551,0.15727551,0.21361808
2017-03-09,0.090909086,0.090909086,0.090909086,0.090909086,0.54545456,0.090909086
2017-03-10,0.15727551,0.15727882,0.15727651,0.15727551,0.15727551,0.21361808
2017-03-13,0.37499997,0.12500001,0.12500001,0.12500004,0.12500001,0.12500003
2017-03-14,0.15727551,0.15727882,0.15727651,0.15727551,0.15727551,0.21361808
2017-03-15,0.16666606,0.16666606,0.16666606,0.16666876,0.16666606,0.16666698
2017-03-16,0.111111306,0.444443,0.111111306,0.11111166,0.111111306,0.111111425
2017-03-17,0.15727551,0.15727882,0.15727651,0.15727551,0.15727551,0.21361808
2017-03-20,0.15727551,0.15727882,0.15727651,0.15727551,0.15727551,0.21361808
2017-03-21,0.37500003,0.125,0.125,0.125,0.125,0.125
2017-03-22,0.090909086,0.090909086,0.090909086,0.090909086,0.54545456,0.090909086
2017-03-23,0.1111112,0.4444438,0.1111112,0.11111136,0.1111112,0.11111125
2017-03-24,0.37500003,0.125,0.125,0.125,0.125,0.125
2017-03-27,0.16666664,0.16666664,0.16666664,0.16666679,0.16666664,0.16666667
2017-03-28,0.090909086,0.090909086,0.090909086,0.090909086,0.54545456,0.090909086
2017-03-29,0.11113176,0.44428957,0.11113176,0.111170225,0.11113176,0.11114487
2017-03-30,0.1666499,0.1666499,0.1666499,0.16672492,0.1666499,0.16667545
2017-03-31,0.111553065,0.4411182,0.111553065,0.11238628,0.111553065,0.111836314
2017-04-03,0.16645892,0.16645892,0.16645892,0.16738904,0.16645892,0.16677533
2017-04-04,0.16642705,0.16642705,0.16642705,0.16749991,0.16642705,0.16679192
2017-04-05,0.37479836,0.12501693,0.12501693,0.12509495,0.12501694,0.12505594
2017-04-06,0.09095416,0.09095416,0.09095416,0.091000855,0.5451666,0.09097007
2017-04-07,0.3748747,0.12501052,0.12501052,0.12505895,0.12501052,0.12503475
2017-04-10,0.090921395,0.090921395,0.090921395,0.09093413,0.545376,0.09092574
2017-04-11,0.15727551,0.15727882,0.15727651,0.15727551,0.15727551,0.21361808
2017-04-12,0.11170329,0.43998176,0.11170329,0.112824306,0.11170329,0.11208409
2017-04-13,0.090909116,0.090909116,0.090909116,0.09090913,0.54545444,0.090909116
2017-04-17,0.37500003,0.125,0.125,0.125,0.125,0.125
2017-04-18,0.11111411,0.44442198,0.11111411,0.111119695,0.11111411,0.111116014
2017-04-19,0.11111224,0.44443595,0.11111224,0.111114345,0.11111224,0.11111295
2017-04-20,0.15727551,0.15727882,0.15727651,0.15727551,0.15727551,0.21361808
2017-04-21,0.37500003,0.125,0.125,0.125,0.125,0.125
2017-04-24,0.090909086,0.090909086,0.090909086,0.090909086,0.54545456,0.090909086
2017-04-25,0.37500003,0.125,0.125,0.125,0.125,0.125
2017-04-26,0.37500003,0.125,0.125,0.125,0.125,0.125
2017-04-27,0.16666584,0.16666584,0.16666584,0.16666953,0.16666584,0.16666709
2017-04-28,0.15727551,0.15727882,0.15727651,0.15727551,0.15727551,0.21361808
2017-05-01,0.11112484,0.44434148,0.11112484,0.11115044,0.11112484,0.11113357
2017-05-02,0.3749949,0.12500043,0.12500043,0.12500243,0.12500043,0.12500145
2017-05-03,0.09090924,0.09090924,0.09090924,0.09090941,0.54545355,0.090909295
2017-05-04,0.090909205,0.090909205,0.090909205,0.090909325,0.5454538,0.09090924
2017-05-05,0.37499535,0.12500039,0.12500039,0.12500218,0.12500039,0.12500127
2017-05-08,0.09090917,0.09090917,0.09090917,0.090909265,0.545454,0.090909205
2017-05-09,0.15727551,0.15727882,0.15727651,0.15727551,0.15727551,0.21361808
2017-05-10,0.09090909,0.09090909,0.09090909,0.090909116,0.54545444,0.09090909
2017-05-11,0.114765756,0.41610885,0.114765756,0.122310534,0.11476581,0.117283225
2017-05-12,0.15727551,0.15727882,0.15727651,0.15727551,0.15727551,0.21361808
2017-05-15,0.16662127,0.16662127,0.16662127,0.16682442,0.16662127,0.16669047
2017-05-16,0.37500003,0.125,0.125,0.125,0.125,0.125
2017-05-17,0.15727551,0.15727882,0.15727651,0.15727551,0.15727551,0.21361808
2017-05-18,0.090909086,0.090909086,0.090909086,0.090909086,0.54545456,0.090909086
2017-05-19,0.37500003,0.125,0.125,0.125,0.125,0.125
2017-05-22,0.37500003,0.125,0.125,0.125,0.125,0.125
2017-05-23,0.15727551,0.15727882,0.15727651,0.15727551,0.15727551,0.21361808
2017-05-24,0.090909086,0.090909086,0.090909086,0.090909086,0.54545456,0.090909086
2017-05-25,0.16666657,0.16666657,0.16666657,0.16666704,0.16666657,0.16666673
2017-05-26,0.090909086,0.090909086,0.090909086,0.090909086,0.54545456,0.090909086
2017-05-30,0.16666606,0.16666606,0.16666606,0.16666882,0.16666606,0.166667
2017-05-31,0.11111227,0.44443583,0.11111227,0.11111441,0.11111227,0.111113
2017-06-01,0.16664964,0.16664964,0.16664964,0.16672587,0.16664964,0.16667561
2017-06-02,0.15727551,0.15727882,0.15727651,0.15727551,0.15727551,0.21361808
2017-06-05,0.090909265,0.090909265,0.090909265,0.09090946,0.54545337,0.09090933
2017-06-06,0.15727551,0.15727882,0.15727651,0.15727551,0.15727551,0.21361808
2017-06-07,0.37499654,0.12500028,0.12500028,0.12500162,0.12500028,0.12500095
2017-06-08,0.15727551,0.15727882,0.15727651,0.15727551,0.15727551,0.21361808
2017-06-09,0.15727551,0.15727882,0.15727651,0.15727551,0.15727551,0.21361808
2017-06-12,0.11117095,0.44399557,0.11117095,0.1112826,0.11117095,0.11120899
2017-06-13,0.090909086,0.090909086,0.090909086,0.090909086,0.54545456,0.090909086
2017-06-14,0.11111826,0.44439077,0.11111826,0.11113158,0.11111826,0.1111228
2017-06-15,0.111111544,0.44444123,0.111111544,0.111112334,0.111111544,0.11111182
2017-06-16,0.15727551,0.15727882,0.15727651,0.15727551,0.15727551,0.21361808
2017-06-19,0.090909086,0.090909086,0.090909086,0.090909086,0.54545456,0.090909086
2017-06-20,0.15727551,0.15727882,0.15727651,0.15727551,0.15727551,0.21361808
2017-06-21,0.11111111,0.44444445,0.11111111,0.11111111,0.11111111,0.11111111
2017-06-22,0.11111111,0.44444445,0.11111111,0.11111111,0.11111111,0.11111111
2017-06-23,0.090909086,0.090909086,0.090909086,0.090909086,0.54545456,0.090909086
2017-06-26,0.15727551,0.15727882,0.15727651,0.15727551,0.15727551,0.21361808
2017-06-27,0.11111111,0.4444444,0.11111111,0.11111113,0.11111111,0.11111111
2017-06-28,0.090909086,0.090909086,0.090909086,0.090909086,0.54545456,0.090909086
2017-06-29,0.15727551,0.15727882,0.15727651,0.15727551,0.15727551,0.21361808
2017-06-30,0.11111338,0.44442743,0.11111338,0.1111176,0.11111338,0.11111482
2017-07-03,0.15727551,0.15727882,0.15727651,0.15727551,0.15727551,0.21361808
2017-07-05,0.11112326,0.44435337,0.11112326,0.1111459,0.11112326,0.111130975
2017-07-06,0.37499928,0.12500006,0.12500006,0.12500033,0.12500006,0.1250002
2017-07-07,0.09090909,0.09090909,0.09090909,0.090909116,0.54545444,0.09090909
2017-07-10,0.11111495,0.44441572,0.11111495,0.11112209,0.11111495,0.111117385
2017-07-11,0.15727551,0.15727882,0.15727651,0.15727551,0.15727551,0.21361808
2017-07-12,0.16665497,0.16665497,0.16665497,0.16670729,0.16665497,0.16667281
2017-07-13,0.37500003,0.125,0.125,0.125,0.125,0.125
2017-07-14,0.37500003,0.125,0.125,0.125,0.125,0.125
2017-07-17,0.16666631,0.16666631,0.16666631,0.16666792,0.16666631,0.16666685
2017-07-18,0.11111111,0.44444445,0.11111111,0.11111111,0.11111111,0.11111111
2017-07-19,0.15727551,0.15727882,0.15727651,0.15727551,0.15727551,0.21361808
2017-07-20,0.16666664,0.16666664,0.16666664,0.16666678,0.16666664,0.16666669
2017-07-21,0.15727551,0.15727882,0.15727651,0.15727551,0.15727551,0.21361808
2017-07-24,0.16666666,0.16666666,0.16666666,0.1666667,0.16666666,0.16666667
2017-07-25,0.37500003,0.125,0.125,0.125,0.125,0.125
2017-07-26,0.15727551,0.15727882,0.15727651,0.15727551,0.15727551,0.21361808
2017-07-27,0.37500003,0.125,0.125,0.125,0.125,0.125
2017-07-28,0.15727551,0.15727882,0.15727651,0.15727551,0.15727551,0.21361808
2017-07-31,0.090909086,0.090909086,0.090909086,0.090909086,0.54545456,0.090909086
2017-08-01,0.16666533,0.16666533,0.16666533,0.1666713,0.16666533,0.16666737
2017-08-02,0.111111335,0.44444275,0.111111335,0.111111745,0.111111335,0.111111484
2017-08-03,0.111111335,0.44444284,0.111111335,0.11111173,0.111111335,0.11111146
2017-08-04,0.16666274,0.16666274,0.16666274,0.16668026,0.16666274,0.16666871
2017-08-07,0.37499973,0.12500001,0.12500001,0.12500013,0.12500001,0.12500009
2017-08-08,0.15727551,0.15727882,0.15727651,0.15727551,0.15727551,0.21361808
2017-08-09,0.090909086,0.090909086,0.090909086,0.090909086,0.54545456,0.090909086
2017-08-10,0.15727551,0.15727882,0.15727651,0.15727551,0.15727551,0.21361808
2017-08-11,0.090909086,0.090909086,0.090909086,0.090909086,0.54545456,0.090909086
2017-08-14,0.16666646,0.16666646,0.16666646,0.1666674,0.16666646,0.16666678
2017-08-15,0.37500003,0.125,0.125,0.125,0.125,0.125
2017-08-16,0.090909086,0.090909086,0.090909086,0.090909086,0.54545456,0.090909086
2017-08-17,0.37500003,0.125,0.125,0.125,0.125,0.125
2017-08-18,0.11111111,0.44444445,0.11111111,0.11111111,0.11111111,0.11111111
2017-08-21,0.16666667,0.16666667,0.16666667,0.16666667,0.16666667,0.16666667
2017-08-22,0.090909086,0.090909086,0.090909086,0.090909086,0.54545456,0.090909086
2017-08-23,0.37500003,0.125,0.125,0.125,0.125,0.125
2017-08-24,0.16666667,0.16666667,0.16666667,0.16666667,0.16666667,0.16666667
2017-08-25,0.15727551,0.15727882,0.15727651,0.15727551,0.15727551,0.21361808
2017-08-28,0.37500003,0.125,0.125,0.125,0.125,0.125
2017-08-29,0.15727551,0.15727882,0.15727651,0.15727551,0.15727551,0.21361808
2017-08-30,0.16666652,0.16666652,0.16666652,0.16666715,0.16666652,0.16666673
2017-08-31,0.37500003,0.125,0.125,0.125,0.125,0.125
2017-09-01,0.37499988,0.12500001,0.12500001,0.12500004,0.12500001,0.12500001
2017-09-05,0.37499973,0.12500001,0.12500001,0.12500013,0.12500001,0.12500009
2017-09-06,0.15727551,0.15727882,0.15727651,0.15727551,0.15727551,0.21361808
2017-09-07,0.15727551,0.15727882,0.15727651,0.15727551,0.15727551,0.21361808
2017-09-08,0.1666623,0.1666623,0.1666623,0.1666818,0.1666623,0.16666895
2017-09-11,0.11111403,0.4444225,0.11111403,0.111119494,0.11111403,0.11111589
2017-09-12,0.15727551,0.15727882,0.15727651,0.15727551,0.15727551,0.21361808
2017-09-13,0.37500003,0.125,0.125,0.125,0.125,0.125
2017-09-14,0.11111132,0.44444284,0.11111132,0.111111715,0.11111132,0.111111455
2017-09-15,0.37500003,0.125,0.125,0.125,0.125,0.125
2017-09-18,0.090909086,0.090909086,0.090909086,0.090909086,0.54545456,0.090909086
2017-09-19,0.37500003,0.125,0.125,0.125,0.125,0.125
2017-09-20,0.090909086,0.090909086,0.090909086,0.090909086,0.54545456,0.090909086
2017-09-21,0.37500003,0.125,0.125,0.125,0.125,0.125
2017-09-22,0.11111111,0.44444445,0.11111111,0.11111111,0.11111111,0.11111111
2017-09-25,0.11111111,0.44444445,0.11111111,0.11111111,0.11111111,0.11111111
2017-09-26,0.37500003,0.125,0.125,0.125,0.125,0.125
2017-09-27,0.37500003,0.125,0.125,0.125,0.125,0.125
2017-09-28,0.1111112,0.4444438,0.1111112,0.11111136,0.1111112,0.11111125
2017-09-29,0.16666521,0.16666521,0.16666521,0.16667171,0.16666521,0.16666743
2017-10-02,0.15727551,0.15727882,0.15727651,0.15727551,0.15727551,0.21361808
2017-10-03,0.11111372,0.4444249,0.11111372,0.111118585,0.11111372,0.11111538
2017-10-04,0.15727551,0.15727882,0.15727651,0.15727551,0.15727551,0.21361808
2017-10-05,0.15727551,0.15727882,0.15727651,0.15727551,0.15727551,0.21361808
2017-10-06,0.15727551,0.15727882,0.15727651,0.15727551,0.15727551,0.21361808
2017-10-09,0.1666098,0.1666098,0.1666098,0.16686437,0.1666098,0.1666965
2017-10-10,0.15727551,0.15727882,0.15727651,0.15727551,0.15727551,0.21361808
2017-10-11,0.090909086,0.090909086,0.090909086,0.090909086,0.54545456,0.090909086
2017-10-12,0.11133902,0.44273227,0.11133902,0.11176622,0.11133902,0.11148442
2017-10-13,0.3749996,0.12500001,0.12500001,0.12500015,0.12500001,0.1250001
2017-10-16,0.090909086,0.090909086,0.090909086,0.090909086,0.54545456,0.090909086
2017-10-17,0.090909086,0.090909086,0.090909086,0.090909086,0.54545456,0.090909086
2017-10-18,0.090909086,0.090909086,0.090909086,0.090909086,0.54545456,0.090909086
2017-10-19,0.090909086,0.090909086,0.090909086,0.090909086,0.54545456,0.090909086
2017-10-20,0.37500003,0.125,0.125,0.125,0.125,0.125
2017-10-23,0.37500003,0.125,0.125,0.125,0.125,0.125
2017-10-24,0.15727551,0.15727882,0.15727651,0.15727551,0.15727551,0.21361808
2017-10-25,0.090909086,0.090909086,0.090909086,0.090909086,0.54545456,0.090909086
2017-10-26,0.090909086,0.090909086,0.090909086,0.090909086,0.54545456,0.090909086
2017-10-27,0.37500003,0.125,0.125,0.125,0.125,0.125
2017-10-30,0.16666228,0.16666228,0.16666228,0.16668187,0.16666228,0.16666895
2017-10-31,0.11113398,0.44427294,0.11113398,0.11117661,0.11113398,0.1111485
2017-11-01,0.37498185,0.12500152,0.12500152,0.12500851,0.12500152,0.12500502
2017-11-02,0.1665561,0.1665561,0.1665561,0.16705096,0.1665561,0.16672458
2017-11-03,0.3748465,0.12501289,0.12501289,0.12507229,0.1250129,0.1250426
2017-11-06,0.09091011,0.09091011,0.09091011,0.09091116,0.54544806,0.090910465
2017-11-07,0.11120476,0.44374186,0.11120476,0.11137961,0.11120476,0.11126432
2017-11-08,0.15727551,0.15727882,0.15727651,0.15727551,0.15727551,0.21361808
2017-11-09,0.16664685,0.16664685,0.16664685,0.16673553,0.16664685,0.16667707
2017-11-10,0.11112911,0.44430947,0.11112911,0.11116267,0.11112911,0.11114054
2017-11-13,0.15727551,0.15727882,0.15727651,0.15727551,0.15727551,0.21361808
2017-11-14,0.090909086,0.090909086,0.090909086,0.090909086,0.54545456,0.090909086
2017-11-15,0.090909086,0.090909086,0.090909086,0.090909086,0.54545456,0.090909086
2017-11-16,0.090909086,0.090909086,0.090909086,0.090909086,0.54545456,0.090909086
2017-11-17,0.15727551,0.15727882,0.15727651,0.15727551,0.15727551,0.21361808
2017-11-20,0.090909086,0.090909086,0.090909086,0.090909086,0.54545456,0.090909086
2017-11-21,0.15727551,0.15727882,0.15727651,0.15727551,0.15727551,0.21361808
2017-11-22,0.16666667,0.16666667,0.16666667,0.16666667,0.16666667,0.16666667
2017-11-24,0.37500003,0.125,0.125,0.125,0.125,0.125
2017-11-27,0.16666667,0.16666667,0.16666667,0.16666669,0.16666667,0.16666667
2017-11-28,0.16666664,0.16666664,0.16666664,0.16666678,0.16666664,0.16666669
2017-11-29,0.15727551,0.15727882,0.15727651,0.15727551,0.15727551,0.21361808
2017-11-30,0.09090909,0.09090909,0.09090909,0.090909116,0.54545444,0.09090909
2017-12-01,0.15727551,0.15727882,0.15727651,0.15727551,0.15727551,0.21361808
2017-12-04,0.37494585,0.12500454,0.12500454,0.12502547,0.12500454,0.12501504
2017-12-05,0.15727551,0.15727882,0.15727651,0.15727551,0.15727551,0.21361808
2017-12-06,0.11115953,0.44408116,0.11115953,0.11124989,0.11115953,0.111190334
2017-12-07,0.11112693,0.4443259,0.11112693,0.1111564,0.11112693,0.11113697
2017-12-08,0.09090912,0.09090912,0.09090912,0.090909146,0.5454544,0.09090912
2017-12-11,0.3749979,0.12500018,0.12500018,0.125001,0.12500018,0.12500058
2017-12-12,0.090909086,0.090909086,0.090909086,0.090909086,0.54545456,0.090909086
2017-12-13,0.090909086,0.090909086,0.090909086,0.090909086,0.54545456,0.090909086
2017-12-14,0.16666573,0.16666573,0.16666573,0.16666992,0.16666573,0.16666716
2017-12-15,0.11111144,0.4444419,0.11111144,0.111112066,0.11111144,0.111111656
2017-12-18,0.16666652,0.16666652,0.16666652,0.16666716,0.16666652,0.16666675
2017-12-19,0.16666661,0.16666661,0.16666661,0.16666688,0.16666661,0.1666667
2017-12-20,0.15727551,0.15727882,0.15727651,0.15727551,0.15727551,0.21361808
2017-12-21,0.15727551,0.15727882,0.15727651,0.15727551,0.15727551,0.21361808
2017-12-22,0.15727551,0.15727882,0.15727651,0.15727551,0.15727551,0.21361808
2017-12-26,0.090909086,0.090909086,0.090909086,0.090909086,0.54545456,0.090909086
2017-12-27,0.15727551,0.15727882,0.15727651,0.15727551,0.15727551,0.21361808
2017-12-28,0.11111158,0.44444078,0.11111158,0.1111125,0.11111158,0.11111189
2017-12-29,0.090909086,0.090909086,0.090909086,0.090909086,0.54545456,0.090909086
2018-01-02,0.090909086,0.090909086,0.090909086,0.090909086,0.54545456,0.090909086
2018-01-03,0.09090909,0.09090909,0.09090909,0.09090909,0.54545444,0.09090909
2018-01-04,0.09090909,0.09090909,0.09090909,0.090909116,0.54545444,0.09090909
2018-01-05,0.37498838,0.12500097,0.12500097,0.12500545,0.12500097,0.12500322
2018-01-08,0.090909116,0.090909116,0.090909116,0.09090913,0.54545444,0.090909116
2018-01-09,0.15727551,0.15727882,0.15727651,0.15727551,0.15727551,0.21361808
2018-01-10,0.16666262,0.16666262,0.16666262,0.16668072,0.16666262,0.16666879
2018-01-11,0.16666538,0.16666538,0.16666538,0.1666711,0.16666538,0.16666734
2018-01-12,0.111122824,0.4443565,0.111122824,0.11114468,0.111122824,0.11113028
2018-01-16,0.1666665,0.1666665,0.1666665,0.16666722,0.1666665,0.16666675
2018-01-17,0.16666663,0.16666663,0.16666663,0.1666668,0.16666663,0.16666669
2018-01-18,0.16666664,0.16666664,0.16666664,0.1666667,0.16666664,0.16666667
2018-01-19,0.090909086,0.090909086,0.090909086,0.090909086,0.54545456,0.090909086
2018-01-22,0.37500003,0.125,0.125,0.125,0.125,0.125
2018-01-23,0.11111144,0.44444194,0.11111144,0.11111205,0.11111144,0.111111656
2018-01-24,0.16666664,0.16666664,0.16666664,0.16666672,0.16666664,0.16666667
2018-01-25,0.090909086,0.090909086,0.090909086,0.090909086,0.54545456,0.090909086
2018-01-26,0.090909086,0.090909086,0.090909086,0.090909086,0.54545456,0.090909086
2018-01-29,0.37499875,0.1250001,0.1250001,0.12500061,0.1250001,0.12500037
2018-01-30,0.37498775,0.12500101,0.12500101,0.12500574,0.12500101,0.12500337
2018-01-31,0.16662925,0.16662925,0.16662925,0.16679665,0.16662925,0.1666863
2018-02-01,0.111183755,0.44389948,0.111183755,0.11131934,0.111183755,0.11122994
2018-02-02,0.16655569,0.16655569,0.16655569,0.1670524,0.16655569,0.1667248
2018-02-05,0.09090989,0.09090989,0.09090989,0.0909107,0.54544955,0.090910174
2018-02-06,0.11136117,0.4425655,0.11136117,0.111830175,0.11136117,0.11152079
2018-02-07,0.1116101,0.44068706,0.1116101,0.11255232,0.1116101,0.11193032
2018-02-08,0.37471727,0.12502374,0.12502374,0.12513313,0.12502377,0.12507844
2018-02-09,0.37497038,0.12500247,0.12500247,0.12501395,0.12500247,0.1250082
2018-02-12,0.09090915,0.09090915,0.09090915,0.0909092,0.5454542,0.090909176
2018-02-13,0.16666615,0.16666615,0.16666615,0.16666847,0.16666615,0.16666694
2018-02-14,0.15727551,0.15727882,0.15727651,0.15727551,0.15727551,0.21361808
2018-02-15,0.37499997,0.12500001,0.12500001,0.12500004,0.12500001,0.12500003
2018-02-16,0.37500003,0.125,0.125,0.125,0.125,0.125
2018-02-20,0.37500003,0.125,0.125,0.125,0.125,0.125
2018-02-21,0.16666667,0.16666667,0.16666667,0.16666667,0.16666667,0.16666667
2018-02-22,0.090909086,0.090909086,0.090909086,0.090909086,0.54545456,0.090909086
2018-02-23,0.37500003,0.125,0.125,0.125,0.125,0.125
2018-02-26,0.15727551,0.15727882,0.15727651,0.15727551,0.15727551,0.21361808
2018-02-27,0.11111158,0.44444096,0.11111158,0.11111245,0.11111158,0.11111187
2018-02-28,0.11111241,0.44443464,0.11111241,0.11111484,0.11111241,0.111113235
2018-03-01,0.11111475,0.44441712,0.11111475,0.11112153,0.11111475,0.111117065
2018-03-02,0.15727551,0.15727882,0.15727651,0.15727551,0.15727551,0.21361808
2018-03-05,0.09090909,0.09090909,0.09090909,0.090909116,0.54545444,0.09090909
2018-03-06,0.1666584,0.1666584,0.1666584,0.16669542,0.1666584,0.16667101
2018-03-07,0.37497133,0.12500241,0.12500241,0.12501352,0.12500241,0.12500797
2018-03-08,0.15727551,0.15727882,0.15727651,0.15727551,0.15727551,0.21361808
2018-03-09,0.37499407,0.12500049,0.12500049,0.12500279,0.12500049,0.12500164
2018-03-12,0.374998,0.12500016,0.12500016,0.12500094,0.12500016,0.12500055
2018-03-13,0.090909086,0.090909086,0.090909086,0.090909086,0.54545456,0.090909086
2018-03-14,0.37499997,0.12500001,0.12500001,0.12500004,0.12500001,0.12500003
2018-03-15,0.15727551,0.15727882,0.15727651,0.15727551,0.15727551,0.21361808
2018-03-16,0.11111111,0.4444444,0.11111111,0.11111113,0.11111111,0.11111111
2018-03-19,0.37500003,0.125,0.125,0.125,0.125,0.125
2018-03-20,0.37500003,0.125,0.125,0.125,0.125,0.125
2018-03-21,0.16666667,0.16666667,0.16666667,0.16666667,0.16666667,0.16666667
2018-03-22,0.090909086,0.090909086,0.090909086,0.090909086,0.54545456,0.090909086
2018-03-23,0.11111111,0.4444444,0.11111111,0.11111113,0.11111111,0.11111111
2018-03-26,0.15727551,0.15727882,0.15727651,0.15727551,0.15727551,0.21361808
2018-03-27,0.111111194,0.44444388,0.111111194,0.11111134,0.111111194,0.111111246
2018-03-28,0.111111596,0.44444087,0.111111596,0.1111125,0.111111596,0.1111119
2018-03-29,0.15727551,0.15727882,0.15727651,0.15727551,0.15727551,0.21361808
2018-04-02,0.111134745,0.44426724,0.111134745,0.11117881,0.111134745,0.111149766
2018-04-03,0.11116677,0.44402698,0.11116677,0.11127061,0.11116677,0.11120214
2018-04-04,0.11117303,0.44397992,0.11117303,0.111288585,0.11117303,0.1112124
2018-04-05,0.090910226,0.090910226,0.090910226,0.09091142,0.5454473,0.090910636
2018-04-06,0.15727551,0.15727882,0.15727651,0.15727551,0.15727551,0.21361808
2018-04-09,0.09090969,0.09090969,0.09090969,0.09091034,0.5454506,0.090909906
2018-04-10,0.15727551,0.15727882,0.15727651,0.15727551,0.15727551,0.21361808
2018-04-11,0.090909116,0.090909116,0.090909116,0.09090913,0.54545444,0.09090913
2018-04-12,0.15727551,0.15727882,0.15727651,0.15727551,0.15727551,0.21361808
2018-04-13,0.090909086,0.090909086,0.090909086,0.090909086,0.54545456,0.090909086
2018-04-16,0.11111886,0.44438633,0.11111886,0.11113331,0.11111886,0.11112377
2018-04-17,0.090909086,0.090909086,0.090909086,0.090909086,0.54545456,0.090909086
2018-04-18,0.15727551,0.15727882,0.15727651,0.15727551,0.15727551,0.21361808
2018-04-19,0.1666666,0.1666666,0.1666666,0.1666669,0.1666666,0.1666667
2018-04-20,0.15727551,0.15727882,0.15727651,0.15727551,0.15727551,0.21361808
2018-04-23,0.15727551,0.15727882,0.15727651,0.15727551,0.15727551,0.21361808
2018-04-24,0.16666658,0.16666658,0.16666658,0.16666698,0.16666658,0.16666672
2018-04-25,0.090909086,0.090909086,0.090909086,0.090909086,0.54545456,0.090909086
2018-04-26,0.16666639,0.16666639,0.16666639,0.1666676,0.16666639,0.1666668
2018-04-27,0.37499982,0.12500001,0.12500001,0.12500009,0.12500001,0.12500006
2018-04-30,0.11111301,0.44443017,0.11111301,0.111116566,0.11111301,0.11111422
2018-05-01,0.09090915,0.09090915,0.09090915,0.09090923,0.5454541,0.090909176
2018-05-02,0.111122645,0.44435796,0.111122645,0.111144155,0.111122645,0.111129984
2018-05-03,0.37475738,0.12502035,0.12502035,0.1251142,0.12502038,0.1250673
2018-05-04,0.15727551,0.15727882,0.15727651,0.15727551,0.15727551,0.21361808
2018-05-07,0.111121126,0.44436935,0.111121126,0.11113981,0.111121126,0.11112748
2018-05-08,0.09090913,0.09090913,0.09090913,0.09090918,0.54545426,0.09090916
2018-05-09,0.37496376,0.12500305,0.12500305,0.12501708,0.12500305,0.12501007
2018-05-10,0.37498617,0.12500116,0.12500116,0.1250065,0.12500116,0.12500381
2018-05-11,0.3749854,0.12500122,0.12500122,0.12500684,0.12500122,0.12500402
2018-05-14,0.1666383,0.1666383,0.1666383,0.16676524,0.1666383,0.16668156
2018-05-15,0.15727551,0.15727882,0.15727651,0.15727551,0.15727551,0.21361808
2018-05-16,0.090909086,0.090909086,0.090909086,0.090909086,0.54545456,0.090909086
2018-05-17,0.16666657,0.16666657,0.16666657,0.16666704,0.16666657,0.16666673
2018-05-18,0.090909086,0.090909086,0.090909086,0.090909086,0.54545456,0.090909086
2018-05-21,0.15727551,0.15727882,0.15727651,0.15727551,0.15727551,0.21361808
2018-05-22,0.11111111,0.44444445,0.11111111,0.11111111,0.11111111,0.11111111
2018-05-23,0.11111111,0.44444445,0.11111111,0.11111111,0.11111111,0.11111111
2018-05-24,0.15727551,0.15727882,0.15727651,0.15727551,0.15727551,0.21361808
2018-05-25,0.11111111,0.44444445,0.11111111,0.11111111,0.11111111,0.11111111
2018-05-29,0.11111111,0.4444444,0.11111111,0.11111113,0.11111111,0.11111111
2018-05-30,0.090909086,0.090909086,0.090909086,0.090909086,0.54545456,0.090909086
2018-05-31,0.09090909,0.09090909,0.09090909,0.09090909,0.54545444,0.09090909
2018-06-01,0.09090916,0.09090916,0.09090916,0.09090924,0.5454541,0.090909176
2018-06-04,0.11111386,0.44442374,0.11111386,0.111119,0.11111386,0.11111561
2018-06-05,0.15727551,0.15727882,0.15727651,0.15727551,0.15727551,0.21361808
2018-06-06,0.16656646,0.16656646,0.16656646,0.16701497,0.16656646,0.16671918
2018-06-07,0.16658227,0.16658227,0.16658227,0.16695999,0.16658227,0.1667109
2018-06-08,0.11111687,0.44440132,0.11111687,0.1111276,0.11111687,0.11112052
2018-06-11,0.090909086,0.090909086,0.090909086,0.090909086,0.54545456,0.090909086
2018-06-12,0.15727551,0.15727882,0.15727651,0.15727551,0.15727551,0.21361808
2018-06-13,0.11113321,0.44427863,0.11113321,0.111174434,0.11113321,0.11114726
2018-06-14,0.16666536,0.16666536,0.16666536,0.1666712,0.16666536,0.16666736
2018-06-15,0.1666664,0.1666664,0.1666664,0.1666676,0.1666664,0.16666682
2018-06-18,0.11111111,0.44444445,0.11111111,0.11111111,0.11111111,0.11111111
2018-06-19,0.16666664,0.16666664,0.16666664,0.16666672,0.16666664,0.16666667
2018-06-20,0.090909086,0.090909086,0.090909086,0.090909086,0.54545456,0.090909086
2018-06-21,0.16666666,0.16666666,0.16666666,0.16666669,0.16666666,0.16666667
2018-06-22,0.11111111,0.44444445,0.11111111,0.11111111,0.11111111,0.11111111
2018-06-25,0.37500003,0.125,0.125,0.125,0.125,0.125
2018-06-26,0.16666664,0.16666664,0.16666664,0.16666672,0.16666664,0.16666667
2018-06-27,0.11111111,0.4444444,0.11111111,0.11111113,0.11111111,0.11111111
2018-06-28,0.15727551,0.15727882,0.15727651,0.15727551,0.15727551,0.21361808
2018-06-29,0.16666548,0.16666548,0.16666548,0.1666708,0.16666548,0.1666673
2018-07-02,0.37499937,0.12500006,0.12500006,0.12500031,0.12500006,0.12500018
2018-07-03,0.16665542,0.16665542,0.16665542,0.16670576,0.16665542,0.16667257
2018-07-05,0.090909086,0.090909086,0.090909086,0.090909086,0.54545456,0.090909086
2018-07-06,0.37499785,0.12500018,0.12500018,0.125001,0.12500018,0.1250006
2018-07-09,0.15727551,0.15727882,0.15727651,0.15727551,0.15727551,0.21361808
2018-07-10,0.37499836,0.12500015,0.12500015,0.12500079,0.12500015,0.12500048
2018-07-11,0.37499964,0.12500003,0.12500003,0.12500016,0.12500003,0.12500009
2018-07-12,0.15727551,0.15727882,0.15727651,0.15727551,0.15727551,0.21361808
2018-07-13,0.16666268,0.16666268,0.16666268,0.16668054,0.16666268,0.16666877
2018-07-16,0.090909086,0.090909086,0.090909086,0.090909086,0.54545456,0.090909086
2018-07-17,0.090909086,0.090909086,0.090909086,0.090909086,0.54545456,0.090909086
2018-07-18,0.16666654,0.16666654,0.16666654,0.16666709,0.16666654,0.16666672
2018-07-19,0.15727551,0.15727882,0.15727651,0.15727551,0.15727551,0.21361808
2018-07-20,0.090909086,0.090909086,0.090909086,0.090909086,0.54545456,0.090909086
2018-07-23,0.16666664,0.16666664,0.16666664,0.16666675,0.16666664,0.16666667
2018-07-24,0.11111111,0.44444445,0.11111111,0.11111111,0.11111111,0.11111111
2018-07-25,0.16666663,0.16666663,0.16666663,0.1666668,0.16666663,0.16666669
2018-07-26,0.16666661,0.16666661,0.16666661,0.16666687,0.16666661,0.1666667
2018-07-27,0.11111113,0.44444436,0.11111113,0.11111116,0.11111113,0.11111114
2018-07-30,0.16666621,0.16666621,0.16666621,0.16666824,0.16666621,0.1666669
2018-07-31,0.090909086,0.090909086,0.090909086,0.090909086,0.54545456,0.090909086
2018-08-01,0.11111227,0.44443578,0.11111227,0.11111443,0.11111227,0.11111301
2018-08-02,0.16665447,0.16665447,0.16665447,0.16670904,0.16665447,0.16667305
2018-08-03,0.111112066,0.4444373,0.111112066,0.11111384,0.111112066,0.11111267
2018-08-06,0.090909086,0.090909086,0.090909086,0.090909086,0.54545456,0.090909086
2018-08-07,0.16664392,0.16664392,0.16664392,0.16674572,0.16664392,0.1666786
2018-08-08,0.090909086,0.090909086,0.090909086,0.090909086,0.54545456,0.090909086
2018-08-09,0.37499902,0.12500006,0.12500006,0.12500046,0.12500006,0.12500027
2018-08-10,0.16665877,0.16665877,0.16665877,0.16669409,0.16665877,0.16667081
2018-08-13,0.11111275,0.4444322,0.11111275,0.1111158,0.11111275,0.11111379
2018-08-14,0.16666566,0.16666566,0.16666566,0.1666702,0.16666566,0.16666721
2018-08-15,0.15727551,0.15727882,0.15727651,0.15727551,0.15727551,0.21361808
2018-08-16,0.16666663,0.16666663,0.16666663,0.1666668,0.16666663,0.16666669
2018-08-17,0.37500003,0.125,0.125,0.125,0.125,0.125
2018-08-20,0.16666666,0.16666666,0.16666666,0.16666669,0.16666666,0.16666669
2018-08-21,0.16666667,0.16666667,0.16666667,0.16666667,0.16666667,0.16666667
2018-08-22,0.090909086,0.090909086,0.090909086,0.090909086,0.54545456,0.090909086
2018-08-23,0.090909086,0.090909086,0.090909086,0.090909086,0.54545456,0.090909086
2018-08-24,0.090909086,0.090909086,0.090909086,0.090909086,0.54545456,0.090909086
2018-08-27,0.37500003,0.125,0.125,0.125,0.125,0.125
2018-08-28,0.16666664,0.16666664,0.16666664,0.16666675,0.16666664,0.16666669
2018-08-29,0.15727551,0.15727882,0.15727651,0.15727551,0.15727551,0.21361808
2018-08-30,0.111111164,0.44444406,0.111111164,0.11111127,0.111111164,0.1111112
2018-08-31,0.11111127,0.44444323,0.11111127,0.111111574,0.11111127,0.11111137
2018-09-04,0.37499988,0.12500001,0.12500001,0.12500004,0.12500001,0.12500003
2018-09-05,0.090909086,0.090909086,0.090909086,0.090909086,0.54545456,0.090909086
2018-09-06,0.16665114,0.16665114,0.16665114,0.16672061,0.16665114,0.16667482
2018-09-07,0.16664846,0.16664846,0.16664846,0.1667299,0.16664846,0.16667621
2018-09-10,0.16665018,0.16665018,0.16665018,0.16672395,0.16665018,0.16667531
2018-09-11,0.090909086,0.090909086,0.090909086,0.090909086,0.54545456,0.090909086
2018-09-12,0.37499747,0.12500021,0.12500021,0.12500119,0.12500021,0.1250007
2018-09-13,0.090909086,0.090909086,0.090909086,0.090909086,0.54545456,0.090909086
2018-09-14,0.090909086,0.090909086,0.090909086,0.090909086,0.54545456,0.090909086
2018-09-17,0.37499997,0.125,0.125,0.12500001,0.125,0.12500001
2018-09-18,0.11111111,0.44444445,0.11111111,0.11111111,0.11111111,0.11111111
2018-09-19,0.090909086,0.090909086,0.090909086,0.090909086,0.54545456,0.090909086
2018-09-20,0.15727551,0.15727882,0.15727651,0.15727551,0.15727551,0.21361808
2018-09-21,0.15727551,0.15727882,0.15727651,0.15727551,0.15727551,0.21361808
2018-09-24,0.090909086,0.090909086,0.090909086,0.090909086,0.54545456,0.090909086
2018-09-25,0.37500003,0.125,0.125,0.125,0.125,0.125
2018-09-26,0.090909086,0.090909086,0.090909086,0.090909086,0.54545456,0.090909086
2018-09-27,0.15727551,0.15727882,0.15727651,0.15727551,0.15727551,0.21361808
2018-09-28,0.111111246,0.4444434,0.111111246,0.1111115,0.111111246,0.11111134
2018-10-01,0.37499982,0.12500001,0.12500001,0.12500009,0.12500001,0.12500006
2018-10-02,0.16665831,0.16665831,0.16665831,0.1666957,0.16665831,0.16667105
2018-10-03,0.090909086,0.090909086,0.090909086,0.090909086,0.54545456,0.090909086
2018-10-04,0.090909086,0.090909086,0.090909086,0.090909086,0.54545456,0.090909086
2018-10-05,0.37497342,0.12500224,0.12500224,0.1250125,0.12500224,0.12500738
2018-10-08,0.37495208,0.12500401,0.12500401,0.12502253,0.12500401,0.12501328
2018-10-09,0.090909086,0.090909086,0.090909086,0.090909086,0.54545456,0.090909086
2018-10-10,0.15727551,0.15727882,0.15727651,0.15727551,0.15727551,0.21361808
2018-10-11,0.11111199,0.4444379,0.11111199,0.11111362,0.11111199,0.11111255
2018-10-12,0.3746163,0.12503219,0.12503219,0.12518069,0.12503222,0.12510645
2018-10-15,0.3736666,0.12511152,0.12511149,0.12562877,0.12511162,0.12536998
2018-10-16,0.37482843,0.1250144,0.1250144,0.12508075,0.12501441,0.12504758
2018-10-17,0.090909086,0.090909086,0.090909086,0.090909086,0.54545456,0.090909086
2018-10-18,0.11111111,0.44444445,0.11111111,0.11111111,0.11111111,0.11111111
2018-10-19,0.11111111,0.44444445,0.11111111,0.11111111,0.11111111,0.11111111
2018-10-22,0.15727551,0.15727882,0.15727651,0.15727551,0.15727551,0.21361808
2018-10-23,0.1666666,0.1666666,0.1666666,0.16666692,0.1666666,0.1666667
2018-10-24,0.1666666,0.1666666,0.1666666,0.1666669,0.1666666,0.16666669
2018-10-25,0.090909086,0.090909086,0.090909086,0.090909086,0.54545456,0.090909086
2018-10-26,0.37499997,0.125,0.125,0.12500001,0.125,0.125
2018-10-29,0.090909086,0.090909086,0.090909086,0.090909086,0.54545456,0.090909086
2018-10-30,0.15727551,0.15727882,0.15727651,0.15727551,0.15727551,0.21361808
2018-10-31,0.090909265,0.090909265,0.090909265,0.09090946,0.54545337,0.09090933
2018-11-01,0.3747606,0.12502009,0.12502009,0.1251127,0.1250201,0.1250664
2018-11-02,0.11118828,0.44386557,0.11118828,0.111332305,0.11118828,0.11123734
2018-11-05,0.3732541,0.12514582,0.1251458,0.12582387,0.12514597,0.12548453
2018-11-06,0.15727551,0.15727882,0.15727651,0.15727551,0.15727551,0.21361808
2018-11-07,0.166441,0.166441,0.166441,0.16745135,0.166441,0.16678464
2018-11-08,0.37270147,0.12519163,0.1251916,0.1260855,0.12519182,0.12563793
2018-11-09,0.15727551,0.15727882,0.15727651,0.15727551,0.15727551,0.21361808
2018-11-12,0.15727551,0.15727882,0.15727651,0.15727551,0.15727551,0.21361808
2018-11-13,0.15727551,0.15727882,0.15727651,0.15727551,0.15727551,0.21361808
2018-11-14,0.090909086,0.090909086,0.090909086,0.090909086,0.54545456,0.090909086
2018-11-15,0.11136096,0.4425672,0.11136096,0.11182953,0.11136096,0.11152042
2018-11-16,0.090909086,0.090909086,0.090909086,0.090909086,0.54545456,0.090909086
2018-11-19,0.090909086,0.090909086,0.090909086,0.090909086,0.54545456,0.090909086
2018-11-20,0.111111164,0.44444406,0.111111164,0.11111127,0.111111164,0.1111112
2018-11-21,0.090909086,0.090909086,0.090909086,0.090909086,0.54545456,0.090909086
2018-11-23,0.16666658,0.16666658,0.16666658,0.16666698,0.16666658,0.16666672
2018-11-26,0.16666655,0.16666655,0.16666655,0.16666706,0.16666655,0.16666673
2018-11-27,0.37500003,0.125,0.125,0.125,0.125,0.125
2018-11-28,0.111111686,0.44444013,0.111111686,0.11111276,0.111111686,0.11111204
2018-11-29,0.15727551,0.15727882,0.15727651,0.15727551,0.15727551,0.21361808
2018-11-30,0.09090913,0.09090913,0.09090913,0.09090918,0.5454542,0.09090915
2018-12-03,0.1115686,0.44100076,0.1115686,0.11243147,0.1115686,0.111861914
2018-12-04,0.11282698,0.4313838,0.11282698,0.11617741,0.112826996,0.113957815
2018-12-06,0.16657084,0.16657084,0.16657084,0.16699971,0.16657084,0.16671687
2018-12-07,0.090909414,0.090909414,0.090909414,0.09090976,0.5454524,0.09090954
2018-12-10,0.15727551,0.15727882,0.15727651,0.15727551,0.15727551,0.21361808
2018-12-11,0.37473977,0.12502182,0.12502182,0.12512249,0.12502185,0.12507217
2018-12-12,0.16665995,0.16665995,0.16665995,0.16668998,0.16665995,0.16667017
2018-12-13,0.090909086,0.090909086,0.090909086,0.090909086,0.54545456,0.090909086
2018-12-14,0.37499556,0.12500037,0.12500037,0.12500209,0.12500037,0.12500122
2018-12-17,0.090909086,0.090909086,0.090909086,0.090909086,0.54545456,0.090909086
2018-12-18,0.15727551,0.15727882,0.15727651,0.15727551,0.15727551,0.21361808
2018-12-19,0.11111111,0.44444445,0.11111111,0.11111111,0.11111111,0.11111111
2018-12-20,0.37500003,0.125,0.125,0.125,0.125,0.125
2018-12-21,0.15727551,0.15727882,0.15727651,0.15727551,0.15727551,0.21361808
2018-12-24,0.11111111,0.44444445,0.11111111,0.11111111,0.11111111,0.11111111
2018-12-26,0.15727551,0.15727882,0.15727651,0.15727551,0.15727551,0.21361808
2018-12-27,0.11111114,0.4444442,0.11111114,0.1111112,0.11111114,0.11111116
2018-12-28,0.37499997,0.125,0.125,0.12500001,0.125,0.125
2018-12-31,0.15727551,0.15727882,0.15727651,0.15727551,0.15727551,0.21361808
2019-01-02,0.111134864,0.4442664,0.111134864,0.11117911,0.111134864,0.11114994
2019-01-03,0.15727551,0.15727882,0.15727651,0.15727551,0.15727551,0.21361808
2019-01-04,0.090916045,0.090916045,0.090916045,0.090923235,0.54541016,0.09091849
2019-01-07,0.16664371,0.16664371,0.16664371,0.16674645,0.16664371,0.16667871
2019-01-08,0.15727551,0.15727882,0.15727651,0.15727551,0.15727551,0.21361808
2019-01-09,0.15727551,0.15727882,0.15727651,0.15727551,0.15727551,0.21361808
2019-01-10,0.37499192,0.12500069,0.12500069,0.12500381,0.12500069,0.12500225
2019-01-11,0.090909086,0.090909086,0.090909086,0.090909086,0.54545456,0.090909086
2019-01-14,0.090909086,0.090909086,0.090909086,0.090909086,0.54545456,0.090909086
2019-01-15,0.16666652,0.16666652,0.16666652,0.16666718,0.16666652,0.16666675
2019-01-16,0.37500003,0.125,0.125,0.125,0.125,0.125
2019-01-17,0.16666666,0.16666666,0.16666666,0.1666667,0.16666666,0.16666667
2019-01-18,0.16666666,0.16666666,0.16666666,0.16666669,0.16666666,0.16666669
2019-01-22,0.37500003,0.125,0.125,0.125,0.125,0.125
2019-01-23,0.15727551,0.15727882,0.15727651,0.15727551,0.15727551,0.21361808
2019-01-24,0.090909086,0.090909086,0.090909086,0.090909086,0.54545456,0.090909086
2019-01-25,0.090909086,0.090909086,0.090909086,0.090909086,0.54545456,0.090909086
2019-01-28,0.090909086,0.090909086,0.090909086,0.090909086,0.54545456,0.090909086
2019-01-29,0.090909086,0.090909086,0.090909086,0.090909086,0.54545456,0.090909086
2019-01-30,0.11111429,0.4444207,0.11111429,0.11112019,0.11111429,0.111116305
2019-01-31,0.15727551,0.15727882,0.15727651,0.15727551,0.15727551,0.21361808
2019-02-01,0.16635288,0.16635288,0.16635288,0.16775805,0.1663529,0.16683044
2019-02-04,0.37411502,0.12507412,0.1250741,0.12541705,0.1250742,0.12524553
2019-02-05,0.15727551,0.15727882,0.15727651,0.15727551,0.15727551,0.21361808
2019-02-06,0.37406427,0.12507837,0.12507835,0.125441,0.12507844,0.12525961
2019-02-07,0.37435424,0.12505414,0.12505412,0.12530419,0.12505418,0.12517914
2019-02-08,0.11211317,0.43686575,0.11211317,0.11403146,0.1121132,0.11276327
2019-02-11,0.09090909,0.09090909,0.09090909,0.090909116,0.54545444,0.09090909
2019-02-12,0.111186005,0.44388247,0.111186005,0.11132582,0.111186005,0.111233644
2019-02-13,0.090909086,0.090909086,0.090909086,0.090909086,0.54545456,0.090909086
2019-02-14,0.37499997,0.12500001,0.12500001,0.12500004,0.12500001,0.12500003
2019-02-15,0.15727551,0.15727882,0.15727651,0.15727551,0.15727551,0.21361808
2019-02-19,0.11111111,0.4444444,0.11111111,0.11111113,0.11111111,0.11111111
2019-02-20,0.16666666,0.16666666,0.16666666,0.16666669,0.16666666,0.16666669
2019-02-21,0.16666667,0.16666667,0.16666667,0.16666667,0.16666667,0.16666667
2019-02-22,0.11111111,0.4444444,0.11111111,0.11111113,0.11111111,0.11111111
2019-02-25,0.16666667,0.16666667,0.16666667,0.16666667,0.16666667,0.16666667
2019-02-26,0.37500003,0.125,0.125,0.125,0.125,0.125
2019-02-27,0.37500003,0.125,0.125,0.125,0.125,0.125
2019-02-28,0.15727551,0.15727882,0.15727651,0.15727551,0.15727551,0.21361808
2019-03-01,0.11111369,0.44442505,0.11111369,0.11111851,0.11111369,0.11111534
2019-03-04,0.15727551,0.15727882,0.15727651,0.15727551,0.15727551,0.21361808
2019-03-05,0.15727551,0.15727882,0.15727651,0.15727551,0.15727551,0.21361808
2019-03-06,0.16664673,0.16664673,0.16664673,0.16673595,0.16664673,0.16667713
2019-03-07,0.37498522,0.12500125,0.12500125,0.12500699,0.12500125,0.12500411
2019-03-08,0.37499118,0.12500075,0.12500075,0.12500417,0.12500075,0.12500246
2019-03-11,0.16664961,0.16664961,0.16664961,0.1667259,0.16664961,0.16667561
2019-03-12,0.111118786,0.4443869,0.111118786,0.11113309,0.111118786,0.111123666
2019-03-13,0.16666439,0.16666439,0.16666439,0.16667457,0.16666439,0.16666786
2019-03-14,0.37499997,0.12500001,0.12500001,0.12500004,0.12500001,0.12500003
2019-03-15,0.15727551,0.15727882,0.15727651,0.15727551,0.15727551,0.21361808
2019-03-18,0.15727551,0.15727882,0.15727651,0.15727551,0.15727551,0.21361808
2019-03-19,0.37500003,0.125,0.125,0.125,0.125,0.125
2019-03-20,0.090909086,0.090909086,0.090909086,0.090909086,0.54545456,0.090909086
2019-03-21,0.15727551,0.15727882,0.15727651,0.15727551,0.15727551,0.21361808
2019-03-22,0.090909086,0.090909086,0.090909086,0.090909086,0.54545456,0.090909086
2019-03-25,0.15727551,0.15727882,0.15727651,0.15727551,0.15727551,0.21361808
2019-03-26,0.111111164,0.44444403,0.111111164,0.11111127,0.111111164,0.1111112
2019-03-27,0.090909086,0.090909086,0.090909086,0.090909086,0.54545456,0.090909086
2019-03-28,0.37499997,0.125,0.125,0.12500001,0.125,0.125
2019-03-29,0.09090909,0.09090909,0.09090909,0.090909116,0.54545444,0.09090909
2019-04-01,0.11116587,0.4440336,0.11116587,0.11126806,0.11116587,0.111200705
2019-04-02,0.111169964,0.44400305,0.111169964,0.11127976,0.111169964,0.11120736
2019-04-03,0.16658099,0.16658099,0.16658099,0.16696443,0.16658099,0.16671157
2019-04-04,0.37499395,0.1250005,0.1250005,0.12500286,0.1250005,0.12500168
2019-04-05,0.37499434,0.12500048,0.12500048,0.12500268,0.12500048,0.12500158
2019-04-08,0.09090916,0.09090916,0.09090916,0.09090924,0.5454541,0.090909176
2019-04-09,0.11129377,0.4430728,0.11129377,0.11163573,0.11129377,0.111410186
2019-04-10,0.111308776,0.44295982,0.111308776,0.11167901,0.111308776,0.111434825
2019-04-11,0.090909086,0.090909086,0.090909086,0.090909086,0.54545456,0.090909086
2019-04-12,0.15727551,0.15727882,0.15727651,0.15727551,0.15727551,0.21361808
2019-04-15,0.090909086,0.090909086,0.090909086,0.090909086,0.54545456,0.090909086
2019-04-16,0.16666077,0.16666077,0.16666077,0.16668718,0.16666077,0.16666977
2019-04-17,0.15727551,0.15727882,0.15727651,0.15727551,0.15727551,0.21361808
2019-04-18,0.37500003,0.125,0.125,0.125,0.125,0.125
2019-04-22,0.15727551,0.15727882,0.15727651,0.15727551,0.15727551,0.21361808
2019-04-23,0.16666652,0.16666652,0.16666652,0.16666715,0.16666652,0.16666673
2019-04-24,0.15727551,0.15727882,0.15727651,0.15727551,0.15727551,0.21361808
2019-04-25,0.11111124,0.4444434,0.11111124,0.111111484,0.11111124,0.11111131
2019-04-26,0.15727551,0.15727882,0.15727651,0.15727551,0.15727551,0.21361808
2019-04-29,0.11111174,0.44443974,0.11111174,0.1111129,0.11111174,0.11111213
2019-04-30,0.15727551,0.15727882,0.15727651,0.15727551,0.15727551,0.21361808
2019-05-01,0.16660322,0.16660322,0.16660322,0.16688722,0.16660322,0.16669996
2019-05-02,0.16655877,0.16655877,0.16655877,0.1670417,0.16655877,0.1667232
2019-05-03,0.09090912,0.09090912,0.09090912,0.090909176,0.5454544,0.090909146
2019-05-06,0.09090912,0.09090912,0.09090912,0.09090917,0.5454544,0.090909146
2019-05-07,0.15727551,0.15727882,0.15727651,0.15727551,0.15727551,0.21361808
2019-05-08,0.3749814,0.12500156,0.12500156,0.12500875,0.12500156,0.12500516
2019-05-09,0.15727551,0.15727882,0.15727651,0.15727551,0.15727551,0.21361808
2019-05-10,0.090909086,0.090909086,0.090909086,0.090909086,0.54545456,0.090909086
2019-05-13,0.111813225,0.4391482,0.111813225,0.113146335,0.111813225,0.11226578
2019-05-14,0.11117982,0.443929,0.11117982,0.111308075,0.11117982,0.11122352
2019-05-15,0.37500003,0.125,0.125,0.125,0.125,0.125
2019-05-16,0.37500003,0.125,0.125,0.125,0.125,0.125
2019-05-17,0.11111114,0.4444442,0.11111114,0.11111121,0.11111114,0.11111117
2019-05-20,0.090909086,0.090909086,0.090909086,0.090909086,0.54545456,0.090909086
2019-05-21,0.090909086,0.090909086,0.090909086,0.090909086,0.54545456,0.090909086
2019-05-22,0.15727551,0.15727882,0.15727651,0.15727551,0.15727551,0.21361808
2019-05-23,0.11111111,0.44444445,0.11111111,0.11111111,0.11111111,0.11111111
2019-05-24,0.15727551,0.15727882,0.15727651,0.15727551,0.15727551,0.21361808
2019-05-28,0.090909086,0.090909086,0.090909086,0.090909086,0.54545456,0.090909086
2019-05-29,0.15727551,0.15727882,0.15727651,0.15727551,0.15727551,0.21361808
2019-05-30,0.16666588,0.16666588,0.16666588,0.1666694,0.16666588,0.16666709
2019-05-31,0.15727551,0.15727882,0.15727651,0.15727551,0.15727551,0.21361808
2019-06-03,0.37499604,0.12500033,0.12500033,0.12500186,0.12500033,0.12500109
2019-06-04,0.16658004,0.16658004,0.16658004,0.1669678,0.16658004,0.16671208
2019-06-05,0.16658297,0.16658297,0.16658297,0.16695759,0.16658297,0.16671056
2019-06-06,0.15727551,0.15727882,0.15727651,0.15727551,0.15727551,0.21361808
2019-06-07,0.15727551,0.15727882,0.15727651,0.15727551,0.15727551,0.21361808
2019-06-10,0.37499952,0.12500004,0.12500004,0.12500024,0.12500004,0.12500013
2019-06-11,0.16665098,0.16665098,0.16665098,0.16672121,0.16665098,0.16667491
2019-06-12,0.16666159,0.16666159,0.16666159,0.16668431,0.16666159,0.16666932
2019-06-13,0.090909086,0.090909086,0.090909086,0.090909086,0.54545456,0.090909086
2019-06-14,0.15727551,0.15727882,0.15727651,0.15727551,0.15727551,0.21361808
2019-06-17,0.16666664,0.16666664,0.16666664,0.16666678,0.16666664,0.16666669
2019-06-18,0.090909086,0.090909086,0.090909086,0.090909086,0.54545456,0.090909086
2019-06-19,0.16666666,0.16666666,0.16666666,0.16666669,0.16666666,0.16666669
2019-06-20,0.090909086,0.090909086,0.090909086,0.090909086,0.54545456,0.090909086
2019-06-21,0.15727551,0.15727882,0.15727651,0.15727551,0.15727551,0.21361808
2019-06-24,0.37500003,0.125,0.125,0.125,0.125,0.125
2019-06-25,0.090909086,0.090909086,0.090909086,0.090909086,0.54545456,0.090909086
2019-06-26,0.15727551,0.15727882,0.15727651,0.15727551,0.15727551,0.21361808
2019-06-27,0.15727551,0.15727882,0.15727651,0.15727551,0.15727551,0.21361808
2019-06-28,0.11111127,0.44444323,0.11111127,0.11111156,0.11111127,0.11111137
2019-07-01,0.090909086,0.090909086,0.090909086,0.090909086,0.54545456,0.090909086
2019-07-02,0.090909086,0.090909086,0.090909086,0.090909086,0.54545456,0.090909086
2019-07-03,0.16666633,0.16666633,0.16666633,0.1666678,0.16666633,0.16666684
2019-07-05,0.090909086,0.090909086,0.090909086,0.090909086,0.54545456,0.090909086
2019-07-08,0.090909086,0.090909086,0.090909086,0.090909086,0.54545456,0.090909086
2019-07-09,0.111111164,0.44444403,0.111111164,0.11111127,0.111111164,0.1111112
2019-07-10,0.111111216,0.4444437,0.111111216,0.11111141,0.111111216,0.11111128
2019-07-11,0.15727551,0.15727882,0.15727651,0.15727551,0.15727551,0.21361808
2019-07-12,0.37500003,0.125,0.125,0.125,0.125,0.125
2019-07-15,0.15727551,0.15727882,0.15727651,0.15727551,0.15727551,0.21361808
2019-07-16,0.11111115,0.44444415,0.11111115,0.11111122,0.11111115,0.11111117
2019-07-17,0.090909086,0.090909086,0.090909086,0.090909086,0.54545456,0.090909086
2019-07-18,0.37500003,0.125,0.125,0.125,0.125,0.125
2019-07-19,0.37500003,0.125,0.125,0.125,0.125,0.125
2019-07-22,0.090909086,0.090909086,0.090909086,0.090909086,0.54545456,0.090909086
