date,spy,qqq,dbc,agg,gld,cash
2007-10-10,0.54524857,0.09094205,0.090942055,0.09094205,0.09094205,0.09098325
2007-10-11,0.12519674,0.12515669,0.12515436,0.1251687,0.12513666,0.3741869
2007-10-12,0.09112187,0.09112084,0.091121405,0.09112083,0.544136,0.09137909
2007-10-15,0.11134416,0.11138639,0.11133817,0.11138912,0.11132115,0.44322103
2007-10-16,0.09123797,0.09123639,0.09123724,0.09123637,0.54341555,0.091636464
2007-10-17,0.10028049,0.10026681,0.10025323,0.10026471,0.10023904,0.49869567
2007-10-18,0.11135154,0.11133305,0.11134,0.111383066,0.11131509,0.44327724
2007-10-19,0.111350544,0.1113307,0.11133898,0.11138204,0.111314066,0.44328368
2007-10-22,0.091115706,0.091122985,0.091135666,0.091434546,0.091109864,0.5440812
2007-10-23,0.100267656,0.10026067,0.100249,0.10026048,0.100234814,0.4987274
2007-10-24,0.100006275,0.100006275,0.49995065,0.100006275,0.100006275,0.10002424
2007-10-25,0.14294046,0.14297175,0.14295124,0.1429558,0.14291918,0.28526157
2007-10-26,0.54311234,0.09128334,0.09128343,0.09128334,0.091283344,0.09175421
2007-10-29,0.09102832,0.091027744,0.09102806,0.09102774,0.54471594,0.09117219
2007-10-30,0.53927463,0.09189408,0.09189432,0.09189407,0.09189409,0.093148805
2007-10-31,0.5388525,0.09196106,0.091961324,0.09196105,0.09196107,0.09330292
2007-11-01,0.5381732,0.092068814,0.0920691,0.0920688,0.09206882,0.09355135
2007-11-02,0.091115706,0.091122985,0.091135666,0.091434546,0.091109864,0.5440812
2007-11-05,0.111392945,0.11161692,0.11138695,0.11143787,0.111369945,0.44279534
2007-11-06,0.091115706,0.091122985,0.091135666,0.091434546,0.091109864,0.5440812
2007-11-07,0.091115706,0.091122985,0.091135666,0.091434546,0.091109864,0.5440812
2007-11-08,0.111401856,0.11165912,0.111395866,0.1114468,0.11137886,0.44271752
2007-11-09,0.5448693,0.0910027,0.09100273,0.0910027,0.0910027,0.09111983
2007-11-12,0.09121602,0.09121454,0.09121533,0.09121452,0.5435518,0.091587745
2007-11-13,0.54483145,0.09100876,0.091008775,0.09100876,0.09100876,0.09113346
2007-11-14,0.10000265,0.10000265,0.4999792,0.10000265,0.10000265,0.10001021
2007-11-15,0.5427927,0.09133433,0.09133444,0.09133433,0.09133434,0.09186992
2007-11-16,0.54227513,0.091416836,0.091416955,0.09141683,0.091416836,0.092057385
2007-11-19,0.54358363,0.09120812,0.0912082,0.09120812,0.09120814,0.0915838
2007-11-20,0.091115706,0.091122985,0.091135666,0.091434546,0.091109864,0.5440812
2007-11-21,0.09098847,0.090988085,0.09098829,0.090988085,0.54496294,0.091084175
2007-11-23,0.11134307,0.11135896,0.111344986,0.11138805,0.11132007,0.44324493
2007-11-26,0.54378575,0.09117585,0.091175914,0.09117585,0.09117585,0.09151074
2007-11-27,0.10008954,0.10008955,0.49929586,0.10008953,0.10008953,0.100346
2007-11-28,0.091143206,0.09114207,0.09114268,0.09114206,0.54400367,0.09142635
2007-11-29,0.09097565,0.090975314,0.090975486,0.090975314,0.54504234,0.091055855
2007-11-30,0.091115706,0.091122985,0.091135666,0.091434546,0.091109864,0.5440812
2007-12-03,0.5397513,0.09181839,0.09181861,0.09181838,0.0918184,0.09297492
2007-12-04,0.091115706,0.091122985,0.091135666,0.091434546,0.091109864,0.5440812
2007-12-05,0.11135377,0.111431696,0.11134777,0.11139872,0.11133076,0.44313738
2007-12-06,0.10001626,0.10001626,0.49987218,0.10001626,0.10001626,0.10006275
2007-12-07,0.111379296,0.111552425,0.11137332,0.11142426,0.1113563,0.44291434
2007-12-10,0.10000171,0.10000171,0.49998665,0.10000171,0.10000171,0.10000656
2007-12-11,0.5447168,0.0910271,0.09102713,0.0910271,0.0910271,0.091174826
2007-12-12,0.5441763,0.09111348,0.091113545,0.09111348,0.09111348,0.09136976
2007-12-13,0.5432945,0.09125426,0.09125434,0.09125426,0.091254264,0.09168831
2007-12-14,0.0914301,0.09142759,0.091428936,0.09142756,0.5422221,0.09206379
2007-12-17,0.091115706,0.091122985,0.091135666,0.091434546,0.091109864,0.5440812
2007-12-18,0.11139579,0.11163031,0.111389786,0.111440726,0.11137279,0.44277066
2007-12-19,0.11136356,0.111478,0.11135757,0.11140852,0.11134056,0.4430517
2007-12-20,0.53961474,0.09184008,0.09184031,0.09184008,0.09184009,0.09302472
2007-12-21,0.5430548,0.09129251,0.091292605,0.09129251,0.091292515,0.091775
2007-12-24,0.100270666,0.100270696,0.49786654,0.10027064,0.10027064,0.101050824
2007-12-26,0.10044014,0.100440204,0.4965231,0.10044009,0.10044009,0.101716325
2007-12-27,0.10026638,0.10025673,0.1002477,0.10025919,0.100233525,0.49873635
2007-12-28,0.54267144,0.09135366,0.09135376,0.09135365,0.09135366,0.09191379
2007-12-31,0.100359,0.10035905,0.4971671,0.10035897,0.10035897,0.101396926
2008-01-02,0.53915066,0.09191375,0.091914006,0.091913745,0.09191377,0.09319405
2008-01-03,0.09100531,0.09100485,0.091005094,0.09100484,0.5448585,0.091121346
2008-01-04,0.5437295,0.09118484,0.091184914,0.09118484,0.09118484,0.091531105
2008-01-07,0.54433393,0.09108828,0.091088325,0.09108828,0.09108828,0.09131286
2008-01-08,0.09092629,0.0909262,0.090926245,0.0909262,0.54534805,0.090947
2008-01-09,0.54472125,0.09102637,0.09102642,0.09102637,0.09102637,0.091173194
2008-01-10,0.091115706,0.091122985,0.091135666,0.091434546,0.091109864,0.5440812
2008-01-11,0.5450709,0.09097047,0.09097048,0.09097047,0.09097047,0.09104722
2008-01-14,0.09114172,0.0911406,0.0911412,0.09114059,0.5440128,0.09142308
2008-01-15,0.09135008,0.09134795,0.09134908,0.09134792,0.5427194,0.091885574
2008-01-16,0.09130969,0.09130776,0.091308795,0.091307744,0.54297024,0.09179577
2008-01-17,0.5416649,0.09151405,0.09151419,0.09151405,0.09151405,0.092278756
2008-01-18,0.11162421,0.11271381,0.11162891,0.11164281,0.11160127,0.440789
2008-01-22,0.111498155,0.112110235,0.11150289,0.11151679,0.111475185,0.4418968
2008-01-23,0.11137868,0.11154941,0.11137269,0.11142363,0.11135567,0.44291994
2008-01-24,0.1000014,0.1000014,0.4999889,0.1000014,0.1000014,0.10000543
2008-01-25,0.5442667,0.09109903,0.09109908,0.09109903,0.09109903,0.09133714
2008-01-28,0.100268535,0.10026343,0.10024989,0.10026137,0.10023569,0.49872106
2008-01-29,0.09094495,0.09094477,0.090944864,0.09094477,0.54523253,0.090988144
2008-01-30,0.091115706,0.091122985,0.091135666,0.091434546,0.091109864,0.5440812
2008-01-31,0.10002388,0.10002388,0.49981236,0.10002388,0.10002388,0.100092135
2008-02-01,0.53932965,0.09188534,0.09188558,0.09188533,0.09188535,0.09312872
2008-02-04,0.10002836,0.100028366,0.49977717,0.10002836,0.10002836,0.10010941
2008-02-05,0.111356094,0.111442655,0.11135008,0.111401044,0.11133309,0.44311714
2008-02-06,0.10000583,0.10000583,0.4999541,0.10000583,0.10000583,0.1000225
2008-02-07,0.11134408,0.111385986,0.11133808,0.11138903,0.11132106,0.44322178
2008-02-08,0.111355096,0.11134117,0.111343555,0.111386605,0.111318626,0.443255
2008-02-11,0.091115706,0.091122985,0.091135666,0.091434546,0.091109864,0.5440812
2008-02-12,0.091115706,0.091122985,0.091135666,0.091434546,0.091109864,0.5440812
2008-02-13,0.10000545,0.10000545,0.4999572,0.10000545,0.10000545,0.100021005
2008-02-14,0.10000676,0.10000676,0.49994695,0.10000676,0.10000676,0.100026034
2008-02-15,0.11149922,0.11211533,0.11150395,0.111517854,0.11147626,0.4418873
2008-02-19,0.090983585,0.09098323,0.09098343,0.09098323,0.5449931,0.091073416
2008-02-20,0.111444786,0.1118563,0.111449525,0.11146343,0.11142181,0.44236407
2008-02-21,0.11139001,0.11160301,0.11138402,0.11143496,0.11136702,0.442821
2008-02-22,0.091115706,0.091122985,0.091135666,0.091434546,0.091109864,0.5440812
2008-02-25,0.111351095,0.11133197,0.11133954,0.11138259,0.11131461,0.44328025
2008-02-26,0.10028026,0.1002662,0.100253,0.10026448,0.100238815,0.49869722
2008-02-27,0.111352004,0.11133406,0.111340456,0.111383505,0.111315526,0.4432745
2008-02-28,0.091115706,0.091122985,0.091135666,0.091434546,0.091109864,0.5440812
2008-02-29,0.09091752,0.090917476,0.09091749,0.090917476,0.5454024,0.09092765
2008-03-03,0.10001045,0.10001045,0.49991792,0.10001045,0.10001045,0.10004029
2008-03-04,0.090928935,0.09092883,0.09092888,0.09092883,0.5453317,0.09095281
2008-03-05,0.091115706,0.091122985,0.091135666,0.091434546,0.091109864,0.5440812
2008-03-06,0.10000553,0.10000553,0.4999565,0.10000553,0.10000553,0.100021355
2008-03-07,0.54523003,0.09094501,0.09094502,0.09094501,0.09094501,0.09098988
2008-03-10,0.11284441,0.11885124,0.11284906,0.11286272,0.11282184,0.42977077
2008-03-11,0.10000266,0.10000266,0.49997908,0.10000266,0.10000266,0.10001028
2008-03-12,0.091115706,0.091122985,0.091135666,0.091434546,0.091109864,0.5440812
2008-03-13,0.54521847,0.09094685,0.09094687,0.09094685,0.09094685,0.09099405
2008-03-14,0.5451835,0.09095246,0.09095247,0.09095246,0.09095246,0.09100668
2008-03-17,0.10000547,0.10000547,0.49995703,0.10000547,0.10000547,0.10002107
2008-03-18,0.54389,0.0911592,0.09115927,0.0911592,0.0911592,0.09147311
2008-03-19,0.100003906,0.100003906,0.4999693,0.100003906,0.100003906,0.10001508
2008-03-20,0.11621472,0.13947524,0.1162191,0.11623199,0.11619342,0.39566553
2008-03-24,0.10000401,0.10000401,0.4999684,0.10000401,0.10000401,0.100015506
2008-03-25,0.091115706,0.091122985,0.091135666,0.091434546,0.091109864,0.5440812
2008-03-26,0.5448059,0.09101284,0.09101286,0.09101284,0.09101284,0.09114267
2008-03-27,0.091115706,0.091122985,0.091135666,0.091434546,0.091109864,0.5440812
2008-03-28,0.091115706,0.091122985,0.091135666,0.091434546,0.091109864,0.5440812
2008-03-31,0.100007184,0.100007184,0.4999435,0.100007184,0.100007184,0.10002773
2008-04-01,0.11608946,0.13858037,0.11609385,0.116106786,0.1160681,0.39706144
2008-04-02,0.091115706,0.091122985,0.091135666,0.091434546,0.091109864,0.5440812
2008-04-03,0.10003125,0.100031264,0.49975443,0.10003125,0.10003125,0.10012058
2008-04-04,0.11154257,0.11232229,0.11154729,0.111561194,0.11151962,0.44150704
2008-04-07,0.091115706,0.091122985,0.091135666,0.091434546,0.091109864,0.5440812
2008-04-08,0.10002123,0.10002123,0.49983323,0.10002123,0.10002123,0.10008188
2008-04-09,0.5453279,0.090929344,0.090929344,0.090929344,0.090929344,0.09095465
2008-04-10,0.11136583,0.1114887,0.111359835,0.11141079,0.11134283,0.44303206
2008-04-11,0.111345336,0.11139191,0.11133932,0.1113903,0.11132231,0.44321078
2008-04-14,0.11135747,0.111449264,0.111351475,0.11140244,0.11133447,0.44310486
2008-04-15,0.11144835,0.11187308,0.111453064,0.11146698,0.111425355,0.44233322
2008-04-16,0.11144143,0.111840285,0.111446165,0.11146006,0.11141843,0.44239363
2008-04-17,0.100069806,0.100069806,0.49945122,0.1000698,0.1000698,0.10026957
2008-04-18,0.10000855,0.10000855,0.49993283,0.10000855,0.10000855,0.10003298
2008-04-21,0.11143222,0.11180306,0.11142622,0.11147713,0.11140923,0.44245207
2008-04-22,0.5447284,0.09102523,0.09102526,0.09102523,0.09102523,0.09117061
2008-04-23,0.09094367,0.09094351,0.0909436,0.09094351,0.5452403,0.09098535
2008-04-24,0.09095506,0.09095484,0.09095495,0.09095484,0.54516983,0.091010444
2008-04-25,0.091115706,0.091122985,0.091135666,0.091434546,0.091109864,0.5440812
2008-04-28,0.5449621,0.09098786,0.09098788,0.09098786,0.09098786,0.091086395
2008-04-29,0.10001436,0.10001436,0.49988714,0.10001436,0.10001436,0.10005541
2008-04-30,0.11253627,0.11724828,0.11254094,0.112554654,0.1125136,0.43260625
2008-05-01,0.091115706,0.091122985,0.091135666,0.091434546,0.091109864,0.5440812
2008-05-02,0.11391074,0.1247116,0.11391532,0.11392877,0.113888524,0.4196451
2008-05-05,0.1000827,0.10008272,0.4993496,0.100082695,0.100082695,0.10031953
2008-05-06,0.09104495,0.09104429,0.09104464,0.09104429,0.5446129,0.09120893
2008-05-07,0.544677,0.09103345,0.09103349,0.09103345,0.09103345,0.09118914
2008-05-08,0.11230258,0.11605732,0.11230726,0.11232101,0.11227984,0.43473202
2008-05-09,0.112210356,0.11559313,0.11221504,0.11222884,0.1121876,0.43556502
2008-05-12,0.091115706,0.091122985,0.091135666,0.091434546,0.091109864,0.5440812
2008-05-13,0.54366076,0.09119581,0.09119589,0.09119581,0.09119581,0.09155593
2008-05-14,0.091151714,0.09115054,0.09115117,0.09115053,0.5439508,0.09144519
2008-05-15,0.09117,0.09116875,0.09116941,0.09116873,0.54383737,0.09148572
2008-05-16,0.10021967,0.1002197,0.49826968,0.100219645,0.100219645,0.100851685
2008-05-19,0.111523494,0.11223112,0.11152823,0.11154213,0.11150054,0.44167453
2008-05-20,0.5443028,0.09109325,0.0910933,0.09109325,0.09109325,0.0913241
2008-05-21,0.090948984,0.09094879,0.090948895,0.09094879,0.5452075,0.09099705
2008-05-22,0.091115706,0.091122985,0.091135666,0.091434546,0.091109864,0.5440812
2008-05-23,0.091115706,0.091122985,0.091135666,0.091434546,0.091109864,0.5440812
2008-05-27,0.10001542,0.10001542,0.49987885,0.10001542,0.10001542,0.100059465
2008-05-28,0.09093119,0.09093107,0.09093114,0.09093107,0.5453177,0.09095781
2008-05-29,0.09092251,0.09092244,0.090922475,0.09092244,0.5453715,0.090938665
2008-05-30,0.09092344,0.09092338,0.09092341,0.09092338,0.5453657,0.090940736
2008-06-02,0.0909288,0.09092871,0.09092877,0.09092871,0.5453325,0.090952545
2008-06-03,0.5448555,0.091004916,0.09100493,0.091004916,0.091004916,0.09112482
2008-06-04,0.091115706,0.091122985,0.091135666,0.091434546,0.091109864,0.5440812
2008-06-05,0.091115706,0.091122985,0.091135666,0.091434546,0.091109864,0.5440812
2008-06-06,0.091115706,0.091122985,0.091135666,0.091434546,0.091109864,0.5440812
2008-06-09,0.090931095,0.09093099,0.09093105,0.09093099,0.54531825,0.0909576
2008-06-10,0.5452244,0.09094592,0.09094593,0.09094592,0.09094592,0.09099193
2008-06-11,0.09103454,0.09103395,0.09103426,0.09103394,0.5446774,0.09118595
2008-06-12,0.544818,0.09101092,0.09101094,0.09101092,0.09101092,0.09113835
2008-06-13,0.11142051,0.11174751,0.11141453,0.11146544,0.11139753,0.4425545
2008-06-16,0.5441469,0.09111818,0.09111823,0.09111818,0.09111818,0.09138038
2008-06-17,0.11153969,0.11230857,0.111544415,0.11155831,0.111516744,0.44153216
2008-06-18,0.10009189,0.100091904,0.49927738,0.10009188,0.10009188,0.100355074
2008-06-19,0.09107794,0.09107711,0.09107755,0.09107711,0.5444085,0.09128186
2008-06-20,0.11176722,0.11340518,0.11177195,0.11178579,0.11174434,0.4395256
2008-06-23,0.112031415,0.114701115,0.1120361,0.11204993,0.1120086,0.4371729
2008-06-24,0.54511964,0.09096267,0.090962686,0.09096267,0.09096267,0.09102966
2008-06-25,0.091115706,0.091122985,0.091135666,0.091434546,0.091109864,0.5440812
2008-06-26,0.09103273,0.09103214,0.09103245,0.091032125,0.54468864,0.09118193
2008-06-27,0.54429257,0.091094896,0.09109495,0.091094896,0.091094896,0.09132781
2008-06-30,0.543331,0.09124844,0.09124853,0.09124844,0.09124845,0.09167511
2008-07-01,0.10003649,0.100036494,0.49971324,0.10003649,0.10003649,0.10014082
2008-07-02,0.11152671,0.112246476,0.11153145,0.11154534,0.11150376,0.44164628
2008-07-03,0.091115706,0.091122985,0.091135666,0.091434546,0.091109864,0.5440812
2008-07-07,0.090997055,0.090996645,0.09099686,0.09099664,0.5449096,0.09110317
2008-07-08,0.091115706,0.091122985,0.091135666,0.091434546,0.091109864,0.5440812
2008-07-09,0.091115706,0.091122985,0.091135666,0.091434546,0.091109864,0.5440812
2008-07-10,0.5449702,0.09098656,0.09098658,0.09098656,0.09098656,0.09108347
2008-07-11,0.10007068,0.10007068,0.49944428,0.10007067,0.10007067,0.10027298
2008-07-14,0.09145688,0.091454245,0.09145565,0.0914542,0.5420555,0.092123516
2008-07-15,0.10004315,0.10004316,0.49966085,0.10004315,0.10004315,0.10016654
2008-07-16,0.11211468,0.1151147,0.11211936,0.11213317,0.112091884,0.43642613
2008-07-17,0.5445209,0.091058396,0.09105845,0.091058396,0.091058396,0.09124543
2008-07-18,0.10001329,0.10001329,0.4998956,0.10001329,0.10001329,0.10005127
2008-07-21,0.11412527,0.12595493,0.11412982,0.11414322,0.114103116,0.41754365
2008-07-22,0.091115706,0.091122985,0.091135666,0.091434546,0.091109864,0.5440812
2008-07-23,0.10001216,0.10001216,0.49990448,0.10001216,0.10001216,0.100046895
2008-07-24,0.5448998,0.09099783,0.09099785,0.09099783,0.09099783,0.09110885
2008-07-25,0.10006253,0.10006253,0.49950862,0.10006251,0.10006251,0.10024137
2008-07-28,0.09128862,0.091286786,0.09128778,0.09128677,0.5431011,0.09174896
2008-07-29,0.11150762,0.11215529,0.11151234,0.11152625,0.11148464,0.44181383
2008-07-30,0.10003663,0.100036636,0.4997121,0.10003663,0.10003663,0.10014137
2008-07-31,0.11134574,0.11139383,0.111339726,0.111390695,0.11132272,0.44320726
2008-08-01,0.091115706,0.091122985,0.091135666,0.091434546,0.091109864,0.5440812
2008-08-04,0.091115706,0.091122985,0.091135666,0.091434546,0.091109864,0.5440812
2008-08-05,0.091115706,0.091122985,0.091135666,0.091434546,0.091109864,0.5440812
2008-08-06,0.091115706,0.091122985,0.091135666,0.091434546,0.091109864,0.5440812
2008-08-07,0.091115706,0.091122985,0.091135666,0.091434546,0.091109864,0.5440812
2008-08-08,0.5451138,0.09096362,0.090963624,0.09096362,0.09096362,0.09103178
2008-08-11,0.5451782,0.09095331,0.09095332,0.09095331,0.09095331,0.091008574
2008-08-12,0.10015941,0.10015944,0.49874538,0.10015939,0.10015939,0.100617066
2008-08-13,0.091281615,0.09127982,0.09128078,0.09127979,0.5431445,0.091733396
2008-08-14,0.10486288,0.10486358,0.4589866,0.104862325,0.104862325,0.121562324
2008-08-15,0.10164309,0.10164331,0.4868094,0.10164292,0.10164292,0.10661832
2008-08-18,0.09143961,0.09143705,0.09143843,0.09143702,0.5421629,0.092085
2008-08-19,0.091115706,0.091122985,0.091135666,0.091434546,0.091109864,0.5440812
2008-08-20,0.11140193,0.11165942,0.111395925,0.111446865,0.111378945,0.4427169
2008-08-21,0.10026452,0.10026455,0.49791524,0.10026449,0.10026449,0.10102676
2008-08-22,0.09109115,0.09109027,0.09109073,0.09109026,0.5443265,0.0913111
2008-08-25,0.091115706,0.091122985,0.091135666,0.091434546,0.091109864,0.5440812
2008-08-26,0.111386605,0.11158695,0.111380614,0.111431554,0.11136361,0.44285065
2008-08-27,0.5447981,0.09101411,0.09101413,0.09101411,0.09101411,0.09114552
2008-08-28,0.10011431,0.10011432,0.49910086,0.1001143,0.1001143,0.100441955
2008-08-29,0.09093412,0.09093401,0.090934075,0.09093401,0.5452995,0.09096429
2008-09-02,0.091115706,0.091122985,0.091135666,0.091434546,0.091109864,0.5440812
2008-09-03,0.09093536,0.09093523,0.0909353,0.09093523,0.5452919,0.09096699
2008-09-04,0.5445347,0.091056205,0.091056235,0.091056205,0.091056205,0.09124049
2008-09-05,0.09093633,0.090936214,0.09093629,0.090936214,0.5452858,0.09096917
2008-09-08,0.09095529,0.09095506,0.09095518,0.09095506,0.54516846,0.09101095
2008-09-09,0.10000626,0.10000626,0.4999509,0.10000626,0.10000626,0.10002411
2008-09-10,0.10000245,0.10000245,0.4999807,0.10000245,0.10000245,0.100009464
2008-09-11,0.11160999,0.11264549,0.11161472,0.111628585,0.11158706,0.44091415
2008-09-12,0.5452986,0.09093406,0.09093407,0.09093406,0.09093406,0.09096526
2008-09-15,0.54522145,0.09094639,0.0909464,0.09094639,0.09094639,0.090993
2008-09-16,0.54455745,0.09105256,0.091052584,0.09105256,0.09105256,0.09123224
2008-09-17,0.11148052,0.11202617,0.11148525,0.11149916,0.11145755,0.44205135
2008-09-18,0.10008509,0.1000851,0.49933094,0.10008507,0.10008507,0.10032873
2008-09-19,0.544997,0.09098228,0.0909823,0.09098228,0.09098228,0.091073826
2008-09-22,0.5444969,0.09106225,0.09106229,0.09106225,0.09106225,0.0912541
2008-09-23,0.091115706,0.091122985,0.091135666,0.091434546,0.091109864,0.5440812
2008-09-24,0.10028107,0.10026829,0.1002538,0.10026529,0.10023962,0.4986919
2008-09-25,0.100008816,0.100008816,0.49993062,0.100008816,0.100008816,0.10003404
2008-09-26,0.111343406,0.11136004,0.11134531,0.11138838,0.1113204,0.4432425
2008-09-29,0.1000288,0.10002881,0.49977365,0.1000288,0.1000288,0.10011114
2008-09-30,0.09095552,0.09095529,0.090955414,0.09095529,0.545167,0.091011465
2008-10-01,0.111505024,0.11214292,0.11150975,0.11152366,0.11148205,0.44183666
2008-10-02,0.11173108,0.1132298,0.11173579,0.11174964,0.11170817,0.43984553
2008-10-03,0.5445239,0.09105792,0.09105796,0.09105792,0.09105792,0.09124435
2008-10-06,0.091115706,0.091122985,0.091135666,0.091434546,0.091109864,0.5440812
2008-10-07,0.11205094,0.114797965,0.11205566,0.112069465,0.112028144,0.4369978
2008-10-08,0.100024134,0.100024134,0.49981028,0.100024134,0.100024134,0.100093134
2008-10-09,0.091115706,0.091122985,0.091135666,0.091434546,0.091109864,0.5440812
2008-10-10,0.10000032,0.10000032,0.4999975,0.10000032,0.10000032,0.10000125
2008-10-13,0.091115706,0.091122985,0.091135666,0.091434546,0.091109864,0.5440812
2008-10-14,0.14293294,0.14294644,0.14295888,0.14295502,0.14291842,0.2852883
2008-10-15,0.10000071,0.10000071,0.49999446,0.10000071,0.10000071,0.10000274
2008-10-16,0.14141785,0.12719133,0.12721913,0.12724519,0.12718986,0.3497366
2008-10-17,0.09096069,0.09096044,0.090960585,0.09096044,0.54513496,0.091022864
2008-10-20,0.2278898,0.12675838,0.12677658,0.12688819,0.12675746,0.26492962
2008-10-21,0.091115706,0.091122985,0.091135666,0.091434546,0.091109864,0.5440812
2008-10-22,0.14294046,0.14296056,0.14295125,0.14295581,0.14291918,0.2852727
2008-10-23,0.091115706,0.091122985,0.091135666,0.091434546,0.091109864,0.5440812
2008-10-24,0.13566163,0.12653925,0.1265677,0.12659435,0.12653774,0.3580993
2008-10-27,0.12513725,0.1251469,0.12516466,0.12516129,0.12512922,0.3742606
2008-10-28,0.09092477,0.090924695,0.09092474,0.090924695,0.5453574,0.09094367
2008-10-29,0.41203737,0.11019789,0.11020409,0.11019757,0.11019805,0.14716497
2008-10-30,0.09128078,0.091278985,0.09127994,0.09127896,0.5431498,0.09173153
2008-10-31,0.09104132,0.091040686,0.09104102,0.09104068,0.54463536,0.09120092
2008-11-03,0.10028327,0.10027401,0.10025601,0.10026749,0.10024182,0.49867743
2008-11-04,0.09092655,0.09092647,0.090926506,0.09092647,0.5453465,0.09094757
2008-11-05,0.091115706,0.091122985,0.091135666,0.091434546,0.091109864,0.5440812
2008-11-06,0.10098763,0.100987755,0.49214178,0.10098752,0.10098752,0.10390771
2008-11-07,0.091115706,0.091122985,0.091135666,0.091434546,0.091109864,0.5440812
2008-11-10,0.11141035,0.11169937,0.11140437,0.1114553,0.11138737,0.44264323
2008-11-11,0.1113576,0.1114498,0.11135159,0.11140255,0.11133458,0.44310385
2008-11-12,0.091115706,0.091122985,0.091135666,0.091434546,0.091109864,0.5440812
2008-11-13,0.5452982,0.09093411,0.09093413,0.09093411,0.09093411,0.09096539
2008-11-14,0.11136363,0.11147828,0.11135764,0.111408584,0.11134063,0.44305122
2008-11-17,0.10010511,0.100105114,0.49917334,0.10010509,0.10010509,0.10040628
2008-11-18,0.091115706,0.091122985,0.091135666,0.091434546,0.091109864,0.5440812
2008-11-19,0.54487556,0.091001704,0.091001734,0.091001704,0.091001704,0.09111759
2008-11-20,0.09092331,0.09092326,0.09092328,0.09092326,0.5453664,0.09094045
2008-11-21,0.09092055,0.0909205,0.09092054,0.0909205,0.5453835,0.09093436
2008-11-24,0.10035035,0.100350395,0.49723566,0.100350305,0.100350305,0.10136299
2008-11-25,0.1429402,0.14294323,0.14295939,0.14295553,0.14291891,0.2852828
2008-11-26,0.10061668,0.10061676,0.4951173,0.10061662,0.10061662,0.10241599
2008-11-28,0.10035747,0.10035752,0.4971793,0.100357436,0.100357436,0.10139092
2008-12-01,0.10028259,0.100272246,0.100255325,0.100266814,0.10024115,0.49868187
2008-12-02,0.091115706,0.091122985,0.091135666,0.091434546,0.091109864,0.5440812
2008-12-03,0.5425449,0.09137384,0.09137395,0.09137383,0.09137384,0.091959655
2008-12-04,0.09108339,0.09108256,0.091083,0.09108254,0.5443745,0.09129396
2008-12-05,0.09106296,0.091062225,0.09106261,0.09106221,0.5445012,0.09124877
2008-12-08,0.5443295,0.091088995,0.09108903,0.091088995,0.091088995,0.091314465
2008-12-09,0.091115706,0.091122985,0.091135666,0.091434546,0.091109864,0.5440812
2008-12-10,0.100019366,0.100019366,0.49984783,0.100019366,0.100019366,0.10007473
2008-12-11,0.545187,0.090951905,0.09095192,0.090951905,0.090951905,0.091005415
2008-12-12,0.11134807,0.11140485,0.11134207,0.11139303,0.11132507,0.4431869
2008-12-15,0.09091464,0.09091462,0.09091464,0.09091462,0.54542017,0.09092133
2008-12-16,0.091115706,0.091122985,0.091135666,0.091434546,0.091109864,0.5440812
2008-12-17,0.091115706,0.091122985,0.091135666,0.091434546,0.091109864,0.5440812
2008-12-18,0.54505706,0.09097268,0.09097269,0.09097268,0.09097268,0.0910522
2008-12-19,0.09090962,0.09090962,0.09090962,0.09090962,0.5454512,0.09091027
2008-12-22,0.11146607,0.11195739,0.11147079,0.11148471,0.11144309,0.4421779
2008-12-23,0.11144525,0.111858405,0.11144998,0.11146389,0.11142227,0.44236022
2008-12-24,0.091115706,0.091122985,0.091135666,0.091434546,0.091109864,0.5440812
2008-12-26,0.5401483,0.0917553,0.09175551,0.09175529,0.0917553,0.092830226
2008-12-29,0.111343406,0.11138288,0.11133741,0.11138837,0.1113204,0.4432275
2008-12-30,0.10013841,0.10013843,0.4989109,0.100138396,0.100138396,0.10053548
2008-12-31,0.50167626,0.09771027,0.09771207,0.09771018,0.09771031,0.10748086
2009-01-02,0.09108431,0.09108346,0.09108392,0.09108345,0.54436886,0.09129598
2009-01-05,0.5317761,0.09307851,0.09307905,0.09307849,0.09307853,0.09590935
2009-01-06,0.11139474,0.111625455,0.11138875,0.11143967,0.11137174,0.44277957
2009-01-07,0.1113646,0.11148285,0.11135859,0.11140953,0.11134159,0.4430428
2009-01-08,0.11141922,0.11174148,0.11141325,0.11146416,0.111396246,0.44256562
2009-01-09,0.111517414,0.11220209,0.111522146,0.11153604,0.11149446,0.44172785
2009-01-12,0.11161939,0.11269066,0.11162412,0.111637995,0.11159645,0.44083136
2009-01-13,0.091115706,0.091122985,0.091135666,0.091434546,0.091109864,0.5440812
2009-01-14,0.11146818,0.11196753,0.11147293,0.11148683,0.11144522,0.44215924
2009-01-15,0.11141659,0.111728944,0.1114106,0.11146153,0.1113936,0.44258872
2009-01-16,0.111412205,0.11170814,0.111406215,0.11145713,0.11138921,0.4426271
2009-01-20,0.11169914,0.11307521,0.11170386,0.11171772,0.11167622,0.44012785
2009-01-21,0.54470575,0.09102887,0.0910289,0.09102887,0.09102887,0.09117879
2009-01-22,0.11186183,0.11386643,0.11186654,0.111880384,0.11183897,0.4386859
2009-01-23,0.111366436,0.11149155,0.11136043,0.111411385,0.11134343,0.4430268
2009-01-26,0.11134751,0.11140229,0.11134153,0.111392476,0.11132452,0.44319162
2009-01-27,0.09107971,0.0910789,0.091079324,0.091078885,0.5443974,0.09128582
2009-01-28,0.09101655,0.09101604,0.09101631,0.09101603,0.5447889,0.09114617
2009-01-29,0.545264,0.09093958,0.0909396,0.09093958,0.09093958,0.09097769
2009-01-30,0.091115706,0.091122985,0.091135666,0.091434546,0.091109864,0.5440812
2009-02-02,0.09092098,0.09092092,0.09092096,0.09092092,0.5453809,0.09093531
2009-02-03,0.09092681,0.09092672,0.09092676,0.09092672,0.5453448,0.090948135
2009-02-04,0.111350626,0.11133091,0.11133908,0.111382134,0.11131415,0.4432831
2009-02-05,0.100015506,0.100015506,0.4998782,0.100015506,0.100015506,0.100059815
2009-02-06,0.091115706,0.091122985,0.091135666,0.091434546,0.091109864,0.5440812
2009-02-09,0.5453669,0.09092311,0.09092311,0.09092311,0.09092311,0.090940624
2009-02-10,0.111352034,0.11133416,0.11134049,0.11138354,0.11131556,0.44327417
2009-02-11,0.5454214,0.09091438,0.09091438,0.09091438,0.09091438,0.090921
2009-02-12,0.091115706,0.091122985,0.091135666,0.091434546,0.091109864,0.5440812
2009-02-13,0.11150151,0.11212617,0.11150623,0.111520134,0.11147854,0.44186735
2009-02-17,0.5449416,0.090991154,0.09099118,0.090991154,0.090991154,0.0910938
2009-02-18,0.10000435,0.10000435,0.49996585,0.10000435,0.10000435,0.10001677
2009-02-19,0.100004144,0.100004144,0.49996734,0.100004144,0.100004144,0.10001601
2009-02-20,0.09108266,0.09108182,0.09108227,0.091081806,0.5443791,0.09129233
2009-02-23,0.54484576,0.09100648,0.0910065,0.09100648,0.09100648,0.091128334
2009-02-24,0.10000152,0.10000152,0.49998808,0.10000152,0.10000152,0.100005865
2009-02-25,0.5450948,0.09096664,0.09096666,0.09096664,0.09096664,0.09103858
2009-02-26,0.091113456,0.09111247,0.09111301,0.091112465,0.544188,0.091360494
2009-02-27,0.5451892,0.09095155,0.09095156,0.09095155,0.09095155,0.091004625
2009-03-02,0.10006024,0.10006024,0.49952653,0.10006023,0.10006023,0.10023256
2009-03-03,0.10027965,0.1002646,0.10025238,0.10026387,0.100238204,0.49870136
2009-03-04,0.091115706,0.091122985,0.091135666,0.091434546,0.091109864,0.5440812
2009-03-05,0.09106957,0.0910688,0.09106921,0.09106878,0.5444603,0.09126336
2009-03-06,0.12513666,0.1251416,0.12516406,0.1251607,0.12512864,0.3742683
2009-03-09,0.12513618,0.1251374,0.12516358,0.1251602,0.12512815,0.37427446
2009-03-10,0.12513646,0.12513983,0.12516387,0.1251605,0.12512843,0.37427095
2009-03-11,0.5450529,0.09097335,0.09097336,0.09097335,0.09097335,0.09105369
2009-03-12,0.09095226,0.090952046,0.090952165,0.090952046,0.54518723,0.09100429
2009-03-13,0.10026541,0.100253694,0.100246735,0.10025822,0.10023256,0.49874336
2009-03-16,0.54160136,0.09152417,0.09152432,0.09152416,0.09152417,0.09230182
2009-03-17,0.100400925,0.10040098,0.49683467,0.10040088,0.10040088,0.101561785
2009-03-18,0.54455537,0.0910529,0.09105293,0.0910529,0.0910529,0.091233
2009-03-19,0.11135066,0.111331,0.111339115,0.11138216,0.111314185,0.44328284
2009-03-20,0.09094668,0.0909465,0.0909466,0.0909465,0.54522175,0.090991974
2009-03-23,0.100029185,0.10002919,0.4997707,0.100029185,0.100029185,0.10011262
2009-03-24,0.1251968,0.12515718,0.12515442,0.12516877,0.12513672,0.37418613
2009-03-25,0.091115706,0.091122985,0.091135666,0.091434546,0.091109864,0.5440812
2009-03-26,0.54516286,0.09095576,0.09095577,0.09095576,0.09095576,0.09101409
2009-03-27,0.100010015,0.100010015,0.49992132,0.100010015,0.100010015,0.10003862
2009-03-30,0.5440564,0.09113262,0.091132686,0.09113262,0.09113262,0.09141301
2009-03-31,0.100023806,0.100023806,0.49981284,0.100023806,0.100023806,0.10009187
2009-04-01,0.090960756,0.09096051,0.09096065,0.09096051,0.5451345,0.091023035
2009-04-02,0.5440381,0.091135554,0.09113561,0.091135554,0.091135554,0.09141965
2009-04-03,0.10003975,0.10003976,0.49968758,0.10003975,0.10003975,0.10015342
2009-04-06,0.5444951,0.09106252,0.091062576,0.09106252,0.09106252,0.09125474
2009-04-07,0.11137778,0.11154523,0.111371785,0.111422725,0.111354776,0.44292763
2009-04-08,0.54512656,0.09096156,0.09096157,0.09096156,0.09096156,0.091027156
2009-04-09,0.14294045,0.14297518,0.14295124,0.1429558,0.1429192,0.28525814
2009-04-13,0.091115706,0.091122985,0.091135666,0.091434546,0.091109864,0.5440812
2009-04-14,0.091115706,0.091122985,0.091135666,0.091434546,0.091109864,0.5440812
2009-04-15,0.10004421,0.10004422,0.49965262,0.10004421,0.10004421,0.10017059
2009-04-16,0.091115706,0.091122985,0.091135666,0.091434546,0.091109864,0.5440812
2009-04-17,0.091115706,0.091122985,0.091135666,0.091434546,0.091109864,0.5440812
2009-04-20,0.100002,0.100002,0.49998438,0.100002,0.100002,0.10000769
2009-04-21,0.10001054,0.10001054,0.49991715,0.10001054,0.10001054,0.100040644
2009-04-22,0.10000551,0.10000551,0.49995667,0.10000551,0.10000551,0.10002126
2009-04-23,0.091115706,0.091122985,0.091135666,0.091434546,0.091109864,0.5440812
2009-04-24,0.545268,0.09093894,0.09093895,0.09093894,0.09093894,0.09097624
2009-04-27,0.090912044,0.090912044,0.090912044,0.090912044,0.54543614,0.09091563
2009-04-28,0.09091436,0.09091434,0.090914354,0.09091434,0.5454219,0.090920724
2009-04-29,0.11146643,0.11195912,0.11147116,0.11148508,0.11144346,0.44217473
2009-04-30,0.090973616,0.09097331,0.09097348,0.09097331,0.54505485,0.09105139
2009-05-01,0.091115706,0.091122985,0.091135666,0.091434546,0.091109864,0.5440812
2009-05-04,0.11136148,0.11146816,0.11135548,0.11140644,0.111338474,0.44307
2009-05-05,0.091037035,0.09103643,0.09103675,0.09103642,0.54466194,0.09119146
2009-05-06,0.0909812,0.09098085,0.090981044,0.09098085,0.545008,0.09106813
2009-05-07,0.10028548,0.10026608,0.1002665,0.100269705,0.10024403,0.49866816
2009-05-08,0.10028094,0.100267954,0.10025367,0.10026515,0.10023948,0.49869278
2009-05-11,0.10026806,0.10026193,0.1002494,0.10026088,0.10023521,0.49872455
2009-05-12,0.100002564,0.100002564,0.4999798,0.100002564,0.100002564,0.10000991
2009-05-13,0.10000691,0.10000691,0.49994576,0.10000691,0.10000691,0.10002666
2009-05-14,0.10028199,0.100270666,0.10025473,0.10026621,0.10024054,0.49868596
2009-05-15,0.09095379,0.09095358,0.09095369,0.09095358,0.5451777,0.09100766
2009-05-18,0.090933554,0.090933435,0.09093351,0.090933435,0.5453031,0.09096303
2009-05-19,0.091115706,0.091122985,0.091135666,0.091434546,0.091109864,0.5440812
2009-05-20,0.091115706,0.091122985,0.091135666,0.091434546,0.091109864,0.5440812
2009-05-21,0.090928525,0.09092843,0.09092848,0.09092843,0.5453342,0.09095193
2009-05-22,0.1113585,0.11145412,0.111352496,0.11140346,0.111335486,0.4430959
2009-05-26,0.09092799,0.0909279,0.09092795,0.0909279,0.5453375,0.09095075
2009-05-27,0.5452329,0.09094455,0.090944566,0.09094455,0.09094455,0.09098887
2009-05-28,0.091115706,0.091122985,0.091135666,0.091434546,0.091109864,0.5440812
2009-05-29,0.10000151,0.10000151,0.4999882,0.10000151,0.10000151,0.10000581
2009-06-01,0.5445857,0.09104804,0.09104807,0.09104804,0.09104804,0.09122204
2009-06-02,0.10000607,0.10000607,0.49995238,0.10000607,0.10000607,0.10002339
2009-06-03,0.10000404,0.10000404,0.49996823,0.10000404,0.10000404,0.100015596
2009-06-04,0.111383826,0.11157378,0.11137783,0.11142877,0.11136083,0.44287497
2009-06-05,0.090938486,0.09093835,0.09093843,0.09093835,0.5452724,0.09097391
2009-06-08,0.090954065,0.09095384,0.09095397,0.09095384,0.545176,0.09100824
2009-06-09,0.091115706,0.091122985,0.091135666,0.091434546,0.091109864,0.5440812
2009-06-10,0.1000035,0.1000035,0.49997246,0.1000035,0.1000035,0.10001352
2009-06-11,0.1113433,0.111382335,0.111337304,0.111388266,0.11132029,0.44322848
2009-06-12,0.54021776,0.091744274,0.09174448,0.09174427,0.091744274,0.09280494
2009-06-15,0.091115706,0.091122985,0.091135666,0.091434546,0.091109864,0.5440812
2009-06-16,0.5349383,0.092580475,0.09258089,0.09258045,0.09258048,0.0947394
2009-06-17,0.091115706,0.091122985,0.091135666,0.091434546,0.091109864,0.5440812
2009-06-18,0.54398227,0.09114447,0.09114455,0.09114447,0.09114447,0.09143981
2009-06-19,0.111410335,0.1116993,0.111404344,0.11145528,0.11138734,0.44264337
2009-06-22,0.091115706,0.091122985,0.091135666,0.091434546,0.091109864,0.5440812
2009-06-23,0.091115706,0.091122985,0.091135666,0.091434546,0.091109864,0.5440812
2009-06-24,0.5444916,0.0910631,0.09106314,0.0910631,0.0910631,0.09125604
2009-06-25,0.091115706,0.091122985,0.091135666,0.091434546,0.091109864,0.5440812
2009-06-26,0.54439837,0.09107799,0.09107803,0.09107799,0.09107799,0.09128964
2009-06-29,0.0909756,0.09097528,0.09097545,0.09097528,0.5450425,0.09105578
2009-06-30,0.091115706,0.091122985,0.091135666,0.091434546,0.091109864,0.5440812
2009-07-01,0.09097645,0.09097612,0.09097629,0.09097612,0.5450374,0.09105765
2009-07-02,0.5423875,0.091398925,0.091399044,0.09139892,0.091398925,0.09201667
2009-07-06,0.09096122,0.090960965,0.09096111,0.090960965,0.5451317,0.09102404
2009-07-07,0.091115706,0.091122985,0.091135666,0.091434546,0.091109864,0.5440812
2009-07-08,0.54407144,0.09113021,0.09113027,0.09113021,0.09113021,0.09140758
2009-07-09,0.5445374,0.09105576,0.09105579,0.09105576,0.09105576,0.09123947
2009-07-10,0.091115706,0.091122985,0.091135666,0.091434546,0.091109864,0.5440812
2009-07-13,0.091115706,0.091122985,0.091135666,0.091434546,0.091109864,0.5440812
2009-07-14,0.11134498,0.11139022,0.11133898,0.111389935,0.11132196,0.4432139
2009-07-15,0.11139017,0.11160382,0.11138418,0.11143512,0.11136718,0.4428195
2009-07-16,0.091115706,0.091122985,0.091135666,0.091434546,0.091109864,0.5440812
2009-07-17,0.09112148,0.09112047,0.09112102,0.09112045,0.5441384,0.09137826
2009-07-20,0.091115706,0.091122985,0.091135666,0.091434546,0.091109864,0.5440812
2009-07-21,0.10002566,0.10002566,0.4997984,0.10002566,0.10002566,0.100099
2009-07-22,0.5439258,0.09115347,0.09115353,0.09115347,0.09115347,0.091460146
2009-07-23,0.091115706,0.091122985,0.091135666,0.091434546,0.091109864,0.5440812
2009-07-24,0.09104914,0.09104848,0.09104883,0.091048464,0.5445869,0.09121821
2009-07-27,0.091101415,0.091100484,0.09110098,0.09110047,0.5442628,0.09133382
2009-07-28,0.090991095,0.09099069,0.090990916,0.09099069,0.5449466,0.09108998
2009-07-29,0.100280434,0.100266635,0.100253165,0.10026465,0.10023898,0.49869615
2009-07-30,0.090984575,0.09098421,0.090984404,0.09098421,0.544987,0.091075584
2009-07-31,0.54437476,0.09108176,0.091081806,0.09108176,0.09108176,0.09129815
2009-08-03,0.11197426,0.11441864,0.11197896,0.111992784,0.111951426,0.4376839
2009-08-04,0.10004262,0.100042626,0.49966502,0.10004262,0.10004262,0.10016449
2009-08-05,0.100022085,0.100022085,0.4998265,0.100022085,0.100022085,0.1000852
2009-08-06,0.10000724,0.10000724,0.49994308,0.10000724,0.10000724,0.10002795
2009-08-07,0.11166299,0.112900674,0.11166772,0.111681595,0.11164009,0.44044694
2009-08-10,0.091115706,0.091122985,0.091135666,0.091434546,0.091109864,0.5440812
2009-08-11,0.1000043,0.1000043,0.49996626,0.1000043,0.1000043,0.100016564
2009-08-12,0.10001504,0.10001504,0.49988183,0.10001504,0.10001504,0.100058
2009-08-13,0.10003768,0.100037694,0.49970394,0.10003768,0.10003768,0.10014541
2009-08-14,0.09096661,0.09096634,0.090966485,0.09096634,0.54509836,0.091035925
2009-08-17,0.10001075,0.10001075,0.4999156,0.10001075,0.10001075,0.10004144
2009-08-18,0.10001564,0.10001564,0.49987713,0.10001564,0.10001564,0.10006034
2009-08-19,0.5428842,0.091319725,0.09131983,0.091319725,0.09131973,0.09183678
2009-08-20,0.100110024,0.10011004,0.49913448,0.10011002,0.10011002,0.100425385
2009-08-21,0.091115706,0.091122985,0.091135666,0.091434546,0.091109864,0.5440812
2009-08-24,0.10009936,0.100099385,0.49921855,0.100099355,0.100099355,0.10038402
2009-08-25,0.5446333,0.09104044,0.09104048,0.09104044,0.09104044,0.09120491
2009-08-26,0.5447672,0.09101903,0.09101906,0.09101903,0.09101903,0.0911566
2009-08-27,0.10000566,0.10000566,0.49995565,0.10000566,0.10000566,0.10002178
2009-08-28,0.091115706,0.091122985,0.091135666,0.091434546,0.091109864,0.5440812
2009-08-31,0.10001418,0.10001418,0.49988857,0.10001418,0.10001418,0.10005468
2009-09-01,0.111495584,0.112097934,0.111500315,0.11151422,0.111472614,0.44191933
2009-09-02,0.091115706,0.091122985,0.091135666,0.091434546,0.091109864,0.5440812
2009-09-03,0.111350395,0.1113304,0.111338854,0.111381896,0.111313924,0.4432845
2009-09-04,0.091115706,0.091122985,0.091135666,0.091434546,0.091109864,0.5440812
2009-09-08,0.09094994,0.090949744,0.090949856,0.090949744,0.5452016,0.090999156
2009-09-09,0.091115706,0.091122985,0.091135666,0.091434546,0.091109864,0.5440812
2009-09-10,0.1000051,0.1000051,0.49995983,0.1000051,0.1000051,0.1000197
2009-09-11,0.091115706,0.091122985,0.091135666,0.091434546,0.091109864,0.5440812
2009-09-14,0.091115706,0.091122985,0.091135666,0.091434546,0.091109864,0.5440812
2009-09-15,0.5440174,0.091138855,0.091138914,0.091138855,0.091138855,0.091427125
2009-09-16,0.10001051,0.10001051,0.49991745,0.10001051,0.10001051,0.1000405
2009-09-17,0.091115706,0.091122985,0.091135666,0.091434546,0.091109864,0.5440812
2009-09-18,0.091115706,0.091122985,0.091135666,0.091434546,0.091109864,0.5440812
2009-09-21,0.5446872,0.09103183,0.091031864,0.09103183,0.09103183,0.09118548
2009-09-22,0.10002053,0.10002053,0.4998387,0.10002053,0.10002053,0.10007921
2009-09-23,0.54495066,0.0909897,0.090989724,0.0909897,0.0909897,0.09109053
2009-09-24,0.091115706,0.091122985,0.091135666,0.091434546,0.091109864,0.5440812
2009-09-25,0.091115706,0.091122985,0.091135666,0.091434546,0.091109864,0.5440812
2009-09-28,0.091115706,0.091122985,0.091135666,0.091434546,0.091109864,0.5440812
2009-09-29,0.10006433,0.10006433,0.49949428,0.100064315,0.100064315,0.100248404
2009-09-30,0.543781,0.09117663,0.09117669,0.09117663,0.09117663,0.091512516
2009-10-01,0.09098095,0.09098059,0.09098078,0.09098059,0.5450095,0.09106757
2009-10-02,0.100119725,0.10011974,0.49905813,0.10011972,0.10011972,0.10046302
2009-10-05,0.541518,0.09153746,0.09153761,0.091537446,0.09153746,0.092332125
2009-10-06,0.09101434,0.09101384,0.09101412,0.091013834,0.5448026,0.09114132
2009-10-07,0.091115706,0.091122985,0.091135666,0.091434546,0.091109864,0.5440812
2009-10-08,0.10000728,0.10000728,0.49994278,0.10000728,0.10000728,0.1000281
2009-10-09,0.5450052,0.09098098,0.090981,0.09098098,0.09098098,0.09107088
2009-10-12,0.091115706,0.091122985,0.091135666,0.091434546,0.091109864,0.5440812
2009-10-13,0.5449732,0.09098609,0.09098611,0.09098609,0.09098609,0.0910824
2009-10-14,0.10000569,0.10000569,0.49995542,0.10000569,0.10000569,0.100021884
2009-10-15,0.10000878,0.10000878,0.49993104,0.10000878,0.10000878,0.10003385
2009-10-16,0.111344576,0.111388355,0.11133858,0.111389555,0.11132157,0.4432174
2009-10-19,0.091115706,0.091122985,0.091135666,0.091434546,0.091109864,0.5440812
2009-10-20,0.091115706,0.091122985,0.091135666,0.091434546,0.091109864,0.5440812
2009-10-21,0.5440413,0.09113504,0.09113511,0.09113504,0.09113504,0.09141851
2009-10-22,0.10000404,0.10000404,0.49996823,0.10000404,0.10000404,0.10001558
2009-10-23,0.09091928,0.09091923,0.09091925,0.09091923,0.54539144,0.09093154
2009-10-26,0.09091881,0.09091877,0.09091879,0.09091877,0.54539436,0.09093053
2009-10-27,0.11134602,0.11139517,0.11134002,0.111390986,0.111323014,0.4432048
2009-10-28,0.090929866,0.09092977,0.09092982,0.09092977,0.5453259,0.0909549
2009-10-29,0.09095277,0.09095255,0.09095267,0.09095255,0.5451841,0.09100538
2009-10-30,0.11143758,0.111822054,0.11144231,0.11145622,0.1114146,0.4424272
2009-11-02,0.5438556,0.091164716,0.09116477,0.091164716,0.091164716,0.09148555
2009-11-03,0.11143063,0.11179555,0.11142464,0.11147556,0.11140766,0.44246596
2009-11-04,0.111404076,0.111669645,0.111398086,0.11144901,0.111381084,0.4426981
2009-11-05,0.111373134,0.11152317,0.11136713,0.11141808,0.11135013,0.4429684
2009-11-06,0.091115706,0.091122985,0.091135666,0.091434546,0.091109864,0.5440812
2009-11-09,0.09093553,0.09093539,0.09093546,0.09093539,0.5452908,0.09096735
2009-11-10,0.5452885,0.09093566,0.09093568,0.09093566,0.09093566,0.09096887
2009-11-11,0.09095586,0.09095563,0.09095575,0.09095563,0.54516494,0.09101222
2009-11-12,0.09097763,0.0909773,0.09097748,0.0909773,0.54503006,0.09106024
2009-11-13,0.091115706,0.091122985,0.091135666,0.091434546,0.091109864,0.5440812
2009-11-16,0.09153525,0.09153223,0.09153384,0.091532186,0.54156804,0.09229845
2009-11-17,0.14294045,0.14297718,0.14295124,0.14295578,0.14291918,0.28525615
2009-11-18,0.12519655,0.12515536,0.12515417,0.1251685,0.12513645,0.374189
2009-11-19,0.090973295,0.090972975,0.09097315,0.090972975,0.54505694,0.09105068
2009-11-20,0.091115706,0.091122985,0.091135666,0.091434546,0.091109864,0.5440812
2009-11-23,0.100004785,0.100004785,0.49996245,0.100004785,0.100004785,0.10001844
2009-11-24,0.09096997,0.09096968,0.09096984,0.09096968,0.54507744,0.09104335
2009-11-25,0.14294048,0.14296094,0.14295126,0.14295581,0.1429192,0.28527236
2009-11-27,0.09097088,0.09097058,0.09097074,0.09097058,0.54507184,0.09104536
2009-11-30,0.100015365,0.100015365,0.49987927,0.100015365,0.100015365,0.10005926
2009-12-01,0.09096927,0.09096898,0.09096914,0.09096898,0.5450818,0.09104181
2009-12-02,0.0909637,0.090963446,0.090963595,0.090963446,0.5451163,0.09102953
2009-12-03,0.091115706,0.091122985,0.091135666,0.091434546,0.091109864,0.5440812
2009-12-04,0.090976246,0.09097591,0.09097609,0.09097591,0.5450387,0.091057174
2009-12-07,0.14294013,0.14294226,0.14295934,0.1429555,0.14291888,0.28528386
2009-12-08,0.100031435,0.10003145,0.49975288,0.100031435,0.100031435,0.10012132
2009-12-09,0.091115706,0.091122985,0.091135666,0.091434546,0.091109864,0.5440812
2009-12-10,0.12519653,0.12515543,0.12515417,0.1251685,0.12513645,0.37418887
2009-12-11,0.10000343,0.10000343,0.49997306,0.10000343,0.10000343,0.10001323
2009-12-14,0.10000445,0.10000445,0.49996495,0.10000445,0.10000445,0.10001721
2009-12-15,0.091115706,0.091122985,0.091135666,0.091434546,0.091109864,0.5440812
2009-12-16,0.11135382,0.111338235,0.11134227,0.11138533,0.111317344,0.44326302
2009-12-17,0.09097777,0.09097743,0.09097762,0.09097743,0.54502916,0.091060564
2009-12-18,0.111388065,0.11159391,0.111382075,0.11143302,0.11136508,0.44283774
2009-12-21,0.09091596,0.09091594,0.09091595,0.09091594,0.545412,0.09092424
2009-12-22,0.54524785,0.09094215,0.09094216,0.09094215,0.09094215,0.09098347
2009-12-23,0.091115706,0.091122985,0.091135666,0.091434546,0.091109864,0.5440812
2009-12-24,0.10410296,0.104103535,0.465829,0.104102515,0.104102515,0.11775949
2009-12-28,0.544391,0.09107916,0.091079205,0.09107916,0.09107916,0.09129229
2009-12-29,0.14294028,0.14294611,0.14295948,0.14295563,0.142919,0.2852795
2009-12-30,0.10011255,0.10011256,0.49911472,0.100112535,0.100112535,0.100435145
2009-12-31,0.09100741,0.09100694,0.091007195,0.091006935,0.5448455,0.091126
2010-01-04,0.091115706,0.091122985,0.091135666,0.091434546,0.091109864,0.5440812
2010-01-05,0.54401034,0.091139995,0.09114004,0.091139995,0.091139995,0.091429666
2010-01-06,0.091115706,0.091122985,0.091135666,0.091434546,0.091109864,0.5440812
2010-01-07,0.10027988,0.10026519,0.10025262,0.10026411,0.100238435,0.49869984
2010-01-08,0.5451368,0.09095993,0.090959944,0.09095993,0.09095993,0.091023475
2010-01-11,0.10000236,0.10000236,0.49998134,0.10000236,0.10000236,0.10000915
2010-01-12,0.09091016,0.09091016,0.09091016,0.09091016,0.5454479,0.090911455
2010-01-13,0.10000181,0.10000181,0.49998575,0.10000181,0.10000181,0.10000699
2010-01-14,0.100007445,0.100007445,0.49994147,0.100007445,0.100007445,0.10002869
2010-01-15,0.543631,0.09120055,0.09120063,0.09120055,0.09120055,0.091566674
2010-01-19,0.11153016,0.112263,0.1115349,0.1115488,0.11150721,0.44161594
2010-01-20,0.54252577,0.091376886,0.09137699,0.09137686,0.091376886,0.09196655
2010-01-21,0.11142643,0.11177557,0.11142043,0.11147135,0.11140344,0.4425028
2010-01-22,0.091115706,0.091122985,0.091135666,0.091434546,0.091109864,0.5440812
2010-01-25,0.09101598,0.091015466,0.091015734,0.09101545,0.5447924,0.09114491
2010-01-26,0.1251964,0.1251544,0.125154,0.12516835,0.1251363,0.37419048
2010-01-27,0.09103437,0.091033764,0.091034085,0.091033764,0.5446785,0.09118554
2010-01-28,0.100256994,0.10025703,0.49797457,0.10025697,0.10025697,0.1009974
2010-01-29,0.091115706,0.091122985,0.091135666,0.091434546,0.091109864,0.5440812
2010-02-01,0.111416206,0.111727074,0.11141023,0.11146113,0.11139323,0.44259223
2010-02-02,0.11135274,0.11133578,0.11134119,0.111384235,0.11131627,0.4432697
2010-02-03,0.5440654,0.091131195,0.09113125,0.091131195,0.091131195,0.0914098
2010-02-04,0.091115706,0.091122985,0.091135666,0.091434546,0.091109864,0.5440812
2010-02-05,0.10026628,0.10025643,0.100247614,0.1002591,0.10023343,0.49873707
2010-02-08,0.09092021,0.09092016,0.09092019,0.09092016,0.5453857,0.09093359
2010-02-09,0.091115706,0.091122985,0.091135666,0.091434546,0.091109864,0.5440812
2010-02-10,0.091115706,0.091122985,0.091135666,0.091434546,0.091109864,0.5440812
2010-02-11,0.091115706,0.091122985,0.091135666,0.091434546,0.091109864,0.5440812
2010-02-12,0.10024511,0.10024514,0.49806854,0.10024509,0.10024509,0.10095099
2010-02-16,0.09117566,0.091174394,0.09117507,0.091174364,0.54380214,0.091498286
2010-02-17,0.091115706,0.091122985,0.091135666,0.091434546,0.091109864,0.5440812
2010-02-18,0.10004317,0.100043185,0.4996606,0.10004317,0.10004317,0.10016665
2010-02-19,0.5448128,0.09101174,0.09101176,0.09101174,0.09101174,0.09114018
2010-02-22,0.091115706,0.091122985,0.091135666,0.091434546,0.091109864,0.5440812
2010-02-23,0.5447572,0.091020636,0.09102066,0.091020636,0.091020636,0.09116025
2010-02-24,0.54499185,0.09098311,0.09098312,0.09098311,0.09098311,0.09107566
2010-02-25,0.5451361,0.09096003,0.09096005,0.09096003,0.09096003,0.09102371
2010-02-26,0.100279875,0.100265205,0.10025262,0.1002641,0.10023843,0.49869978
2010-03-01,0.1002681,0.10026208,0.10024945,0.10026093,0.10023526,0.49872416
2010-03-02,0.545151,0.090957664,0.09095768,0.090957664,0.090957664,0.09101838
2010-03-03,0.14293285,0.14295106,0.14295879,0.14295493,0.14291832,0.28528407
2010-03-04,0.091115706,0.091122985,0.091135666,0.091434546,0.091109864,0.5440812
2010-03-05,0.11198478,0.11198694,0.37966514,0.11198305,0.11198306,0.17239703
2010-03-08,0.1251359,0.12513496,0.1251633,0.12515993,0.12512787,0.374278
2010-03-09,0.11424182,0.11424478,0.3393484,0.114239454,0.11423946,0.20368604
2010-03-10,0.10381934,0.10381987,0.46833518,0.103818916,0.103818916,0.11638787
2010-03-11,0.091115706,0.091122985,0.091135666,0.091434546,0.091109864,0.5440812
2010-03-12,0.12519655,0.12515554,0.12515417,0.1251685,0.12513648,0.37418866
2010-03-15,0.091115706,0.091122985,0.091135666,0.091434546,0.091109864,0.5440812
2010-03-16,0.091115706,0.091122985,0.091135666,0.091434546,0.091109864,0.5440812
2010-03-17,0.11140619,0.111679666,0.1114002,0.11145113,0.11138321,0.44267958
2010-03-18,0.091115706,0.091122985,0.091135666,0.091434546,0.091109864,0.5440812
2010-03-19,0.1000036,0.1000036,0.49997175,0.1000036,0.1000036,0.100013874
2010-03-22,0.11141651,0.11172853,0.11141052,0.11146144,0.11139352,0.44258952
2010-03-23,0.091115706,0.091122985,0.091135666,0.091434546,0.091109864,0.5440812
2010-03-24,0.11134808,0.11140487,0.111342095,0.11139304,0.11132507,0.4431869
2010-03-25,0.1000433,0.100043304,0.49965978,0.1000433,0.1000433,0.10016708
2010-03-26,0.100082144,0.10008216,0.499354,0.10008213,0.10008213,0.10031735
2010-03-29,0.100075066,0.100075066,0.49940982,0.10007506,0.10007506,0.100289926
2010-03-30,0.090947986,0.0909478,0.090947896,0.0909478,0.5452137,0.09099485
2010-03-31,0.54384637,0.09116617,0.091166236,0.09116617,0.09116617,0.09148886
2010-04-01,0.100041784,0.1000418,0.49967155,0.100041784,0.100041784,0.10016127
2010-04-05,0.091115706,0.091122985,0.091135666,0.091434546,0.091109864,0.5440812
2010-04-06,0.09113996,0.091138855,0.09113944,0.09113884,0.5440238,0.09141915
2010-04-07,0.5446507,0.09103766,0.09103769,0.09103766,0.09103766,0.091198646
2010-04-08,0.10028132,0.10026895,0.10025405,0.10026553,0.100239865,0.49869022
2010-04-09,0.1002667,0.10025772,0.10024803,0.10025952,0.10023385,0.49873412
2010-04-12,0.10026533,0.10025348,0.10024667,0.10025816,0.10023248,0.4987439
2010-04-13,0.091115706,0.091122985,0.091135666,0.091434546,0.091109864,0.5440812
2010-04-14,0.10000104,0.10000104,0.49999183,0.10000104,0.10000104,0.100003995
2010-04-15,0.091051355,0.09105066,0.09105104,0.09105065,0.5445731,0.091223106
2010-04-16,0.54483604,0.09100802,0.09100804,0.09100802,0.09100802,0.091131814
2010-04-19,0.54470336,0.09102923,0.091029264,0.09102923,0.09102923,0.09117963
2010-04-20,0.09093227,0.09093216,0.090932235,0.09093216,0.545311,0.09096022
2010-04-21,0.100003764,0.100003764,0.49997032,0.100003764,0.100003764,0.10001454
2010-04-22,0.1113543,0.11133935,0.11134275,0.1113858,0.11131782,0.44325995
2010-04-23,0.091115706,0.091122985,0.091135666,0.091434546,0.091109864,0.5440812
2010-04-26,0.0909161,0.09091606,0.09091608,0.09091606,0.54541117,0.09092453
2010-04-27,0.54520535,0.09094895,0.09094896,0.09094895,0.09094895,0.090998776
2010-04-28,0.11137715,0.11154222,0.11137117,0.11142211,0.11135415,0.44293323
2010-04-29,0.091115706,0.091122985,0.091135666,0.091434546,0.091109864,0.5440812
2010-04-30,0.091115706,0.091122985,0.091135666,0.091434546,0.091109864,0.5440812
2010-05-03,0.11147095,0.11198065,0.11147568,0.111489594,0.11144798,0.44213516
2010-05-04,0.5440864,0.09112783,0.09112788,0.09112783,0.09112783,0.091402195
2010-05-05,0.1113943,0.11162332,0.11138831,0.11143924,0.111371316,0.44278356
2010-05-06,0.10000655,0.10000655,0.49994856,0.10000655,0.10000655,0.100025274
2010-05-07,0.54482746,0.09100939,0.09100941,0.09100939,0.09100939,0.09113492
2010-05-10,0.091115706,0.091122985,0.091135666,0.091434546,0.091109864,0.5440812
2010-05-11,0.11135422,0.11133917,0.11134267,0.111385725,0.11131775,0.44326043
2010-05-12,0.5452532,0.09094131,0.090941325,0.09094131,0.09094131,0.09098158
2010-05-13,0.091115706,0.091122985,0.091135666,0.091434546,0.091109864,0.5440812
2010-05-14,0.091115706,0.091122985,0.091135666,0.091434546,0.091109864,0.5440812
2010-05-17,0.10000225,0.10000225,0.4999823,0.10000225,0.10000225,0.10000869
2010-05-18,0.11154734,0.11234512,0.11155208,0.11156597,0.111524396,0.44146508
2010-05-19,0.54510194,0.090965495,0.0909655,0.090965495,0.090965495,0.091036014
2010-05-20,0.091412954,0.09141052,0.09141182,0.09141049,0.5423287,0.09202556
2010-05-21,0.11137314,0.11152327,0.11136715,0.11141809,0.11135015,0.44296813
2010-05-24,0.09122503,0.09122351,0.09122433,0.09122349,0.54349595,0.091607735
2010-05-25,0.111373805,0.111526385,0.111367814,0.111418754,0.1113508,0.44296244
2010-05-26,0.5451782,0.09095331,0.09095332,0.09095331,0.09095331,0.09100857
2010-05-27,0.54495436,0.090989105,0.090989135,0.090989105,0.090989105,0.09108921
2010-05-28,0.10020644,0.10020647,0.49837416,0.10020643,0.10020643,0.10080013
2010-06-01,0.091115706,0.091122985,0.091135666,0.091434546,0.091109864,0.5440812
2010-06-02,0.09092616,0.09092607,0.09092611,0.09092607,0.5453489,0.09094669
2010-06-03,0.091115706,0.091122985,0.091135666,0.091434546,0.091109864,0.5440812
2010-06-04,0.09098272,0.09098236,0.09098256,0.09098236,0.5449985,0.0910715
2010-06-07,0.091115706,0.091122985,0.091135666,0.091434546,0.091109864,0.5440812
2010-06-08,0.09098969,0.090989284,0.09098951,0.090989284,0.5449554,0.09108686
2010-06-09,0.09107601,0.091075204,0.091075644,0.0910752,0.5444204,0.09127763
2010-06-10,0.5442507,0.09110158,0.09110164,0.09110158,0.09110158,0.091342896
2010-06-11,0.09150133,0.09149846,0.0915,0.09149843,0.54177904,0.09222268
2010-06-14,0.11137384,0.11152656,0.11136784,0.11141879,0.111350834,0.44296214
2010-06-15,0.091115706,0.091122985,0.091135666,0.091434546,0.091109864,0.5440812
2010-06-16,0.10003206,0.10003207,0.49974805,0.10003206,0.10003206,0.10012372
2010-06-17,0.09101017,0.09100969,0.091009945,0.09100968,0.5448284,0.0911321
2010-06-18,0.091115706,0.091122985,0.091135666,0.091434546,0.091109864,0.5440812
2010-06-21,0.09099217,0.09099177,0.09099199,0.09099177,0.5449399,0.09109236
2010-06-22,0.09100725,0.091006786,0.091007024,0.09100677,0.54484665,0.09112562
2010-06-23,0.10000809,0.10000809,0.49993646,0.10000809,0.10000809,0.1000312
2010-06-24,0.091115706,0.091122985,0.091135666,0.091434546,0.091109864,0.5440812
2010-06-25,0.09096438,0.09096411,0.09096424,0.09096411,0.5451122,0.09103099
2010-06-28,0.091039464,0.09103884,0.09103918,0.09103883,0.5446469,0.091196805
2010-06-29,0.091115706,0.091122985,0.091135666,0.091434546,0.091109864,0.5440812
2010-06-30,0.091115706,0.091122985,0.091135666,0.091434546,0.091109864,0.5440812
2010-07-01,0.091115706,0.091122985,0.091135666,0.091434546,0.091109864,0.5440812
2010-07-02,0.091115706,0.091122985,0.091135666,0.091434546,0.091109864,0.5440812
2010-07-06,0.091115706,0.091122985,0.091135666,0.091434546,0.091109864,0.5440812
2010-07-07,0.091028444,0.09102788,0.09102818,0.09102788,0.54471517,0.09117247
2010-07-08,0.091258995,0.09125731,0.09125821,0.09125729,0.5432851,0.09168314
2010-07-09,0.09131562,0.09131367,0.09131472,0.09131364,0.54293346,0.09180897
2010-07-12,0.54475766,0.09102056,0.0910206,0.09102056,0.09102056,0.09116007
2010-07-13,0.10026694,0.10025843,0.10024827,0.10025976,0.100234084,0.49873257
2010-07-14,0.54440784,0.09107648,0.09107651,0.09107648,0.09107648,0.09128621
2010-07-15,0.09143142,0.091428906,0.091430254,0.09142887,0.54221386,0.092066735
2010-07-16,0.100027494,0.10002752,0.4997839,0.100027494,0.100027494,0.100106105
2010-07-19,0.091115706,0.091122985,0.091135666,0.091434546,0.091109864,0.5440812
2010-07-20,0.091115706,0.091122985,0.091135666,0.091434546,0.091109864,0.5440812
2010-07-21,0.100040585,0.10004059,0.49968097,0.100040585,0.100040585,0.10015663
2010-07-22,0.091115706,0.091122985,0.091135666,0.091434546,0.091109864,0.5440812
2010-07-23,0.1000083,0.1000083,0.49993467,0.1000083,0.1000083,0.10003206
2010-07-26,0.091115706,0.091122985,0.091135666,0.091434546,0.091109864,0.5440812
2010-07-27,0.5448234,0.09101004,0.091010064,0.09101004,0.09101004,0.09113638
2010-07-28,0.09092439,0.090924315,0.09092436,0.090924315,0.54535985,0.0909428
2010-07-29,0.0909265,0.09092641,0.09092645,0.09092641,0.5453468,0.09094743
2010-07-30,0.11136436,0.11148178,0.11135836,0.111409314,0.11134136,0.44304478
2010-08-02,0.100010864,0.100010864,0.49991465,0.100010864,0.100010864,0.10004189
2010-08-03,0.091115706,0.091122985,0.091135666,0.091434546,0.091109864,0.5440812
2010-08-04,0.09095086,0.09095066,0.090950765,0.09095066,0.5451958,0.0910012
2010-08-05,0.100011095,0.100011095,0.49991283,0.100011095,0.100011095,0.1000428
2010-08-06,0.5448573,0.09100462,0.09100465,0.09100462,0.09100462,0.09112415
2010-08-09,0.09091649,0.090916455,0.09091648,0.090916455,0.54540867,0.090925425
2010-08-10,0.09092984,0.09092975,0.0909298,0.09092975,0.54532605,0.09095485
2010-08-11,0.544956,0.09098885,0.090988874,0.09098885,0.09098885,0.0910886
2010-08-12,0.100267634,0.100260615,0.10024897,0.10026046,0.100234784,0.4987276
2010-08-13,0.091115706,0.091122985,0.091135666,0.091434546,0.091109864,0.5440812
2010-08-16,0.091115706,0.091122985,0.091135666,0.091434546,0.091109864,0.5440812
2010-08-17,0.091115706,0.091122985,0.091135666,0.091434546,0.091109864,0.5440812
2010-08-18,0.100278735,0.10026226,0.10025148,0.10026296,0.10023729,0.49870723
2010-08-19,0.091115706,0.091122985,0.091135666,0.091434546,0.091109864,0.5440812
2010-08-20,0.54348963,0.09122314,0.09122321,0.09122314,0.09122315,0.091617785
2010-08-23,0.12519696,0.12515837,0.1251546,0.12516893,0.12513688,0.37418425
2010-08-24,0.5436913,0.09119094,0.091191016,0.09119094,0.09119094,0.09154491
2010-08-25,0.10004226,0.100042276,0.49966773,0.10004226,0.10004226,0.10016313
2010-08-26,0.54373866,0.091183364,0.091183424,0.091183364,0.091183364,0.09152776
2010-08-27,0.091115706,0.091122985,0.091135666,0.091434546,0.091109864,0.5440812
2010-08-30,0.5428577,0.09132395,0.09132405,0.09132395,0.09132396,0.09184636
2010-08-31,0.111351095,0.11133197,0.11133954,0.11138259,0.11131461,0.44328025
2010-09-01,0.09095041,0.09095019,0.09095031,0.09095019,0.5451987,0.09100016
2010-09-02,0.10027856,0.10026179,0.100251295,0.10026279,0.100237116,0.49870843
2010-09-03,0.5428021,0.09133282,0.09133293,0.09133282,0.09133284,0.0918665
2010-09-07,0.14294046,0.1429707,0.14295126,0.1429558,0.1429192,0.2852626
2010-09-08,0.14294045,0.14297788,0.14295125,0.14295581,0.1429192,0.28525546
2010-09-09,0.14294046,0.14297037,0.14295125,0.1429558,0.14291918,0.2852629
2010-09-10,0.14294046,0.14296485,0.14295125,0.1429558,0.1429192,0.28526846
2010-09-13,0.09097422,0.09097391,0.09097409,0.09097391,0.54505116,0.09105273
2010-09-14,0.100002006,0.100002006,0.49998415,0.100002006,0.100002006,0.100007765
2010-09-15,0.091115706,0.091122985,0.091135666,0.091434546,0.091109864,0.5440812
2010-09-16,0.11135229,0.111334756,0.11134074,0.111383796,0.111315824,0.44327253
2010-09-17,0.11134625,0.11139626,0.11134026,0.11139122,0.111323245,0.44320282
2010-09-20,0.091115706,0.091122985,0.091135666,0.091434546,0.091109864,0.5440812
2010-09-21,0.091115706,0.091122985,0.091135666,0.091434546,0.091109864,0.5440812
2010-09-22,0.091115706,0.091122985,0.091135666,0.091434546,0.091109864,0.5440812
2010-09-23,0.5452699,0.09093863,0.090938635,0.09093863,0.09093863,0.090975545
2010-09-24,0.12519713,0.12515935,0.12515475,0.12516908,0.12513703,0.37418267
2010-09-27,0.090947576,0.09094739,0.09094749,0.09094739,0.54521626,0.09099395
2010-09-28,0.09092526,0.09092519,0.09092523,0.09092519,0.5453543,0.09094477
2010-09-29,0.091115706,0.091122985,0.091135666,0.091434546,0.091109864,0.5440812
2010-09-30,0.090959184,0.090958945,0.09095908,0.090958945,0.5451443,0.091019556
2010-10-01,0.5438719,0.0911621,0.09116217,0.0911621,0.0911621,0.091479674
2010-10-04,0.091115706,0.091122985,0.091135666,0.091434546,0.091109864,0.5440812
2010-10-05,0.11135284,0.11133599,0.11134129,0.11138433,0.11131637,0.44326916
2010-10-06,0.10028288,0.100272976,0.10025561,0.100267105,0.10024143,0.49867997
2010-10-07,0.0909563,0.09095608,0.09095619,0.09095608,0.54516214,0.0910132
2010-10-08,0.091115706,0.091122985,0.091135666,0.091434546,0.091109864,0.5440812
2010-10-11,0.091115706,0.091122985,0.091135666,0.091434546,0.091109864,0.5440812
2010-10-12,0.545092,0.090967104,0.09096711,0.090967104,0.090967104,0.09103963
2010-10-13,0.09099155,0.090991154,0.09099137,0.090991154,0.5449438,0.091090985
2010-10-14,0.09110977,0.09110881,0.09110932,0.091108784,0.544211,0.091352336
2010-10-15,0.091115706,0.091122985,0.091135666,0.091434546,0.091109864,0.5440812
2010-10-18,0.11134612,0.111395635,0.11134012,0.111391075,0.1113231,0.44320396
2010-10-19,0.5441149,0.09112329,0.09112335,0.09112329,0.09112329,0.091391936
2010-10-20,0.09092729,0.090927206,0.090927236,0.090927206,0.5453418,0.0909492
2010-10-21,0.10026541,0.100253694,0.100246735,0.10025822,0.10023256,0.49874336
2010-10-22,0.5441226,0.09112205,0.091122106,0.09112205,0.09112205,0.09138912
2010-10-25,0.10026571,0.10025466,0.10024704,0.10025853,0.10023286,0.49874112
2010-10-26,0.091115706,0.091122985,0.091135666,0.091434546,0.091109864,0.5440812
2010-10-27,0.5440263,0.09113743,0.09113749,0.09113743,0.09113743,0.0914239
2010-10-28,0.100002505,0.100002505,0.49998045,0.100002505,0.100002505,0.10000963
2010-10-29,0.091115706,0.091122985,0.091135666,0.091434546,0.091109864,0.5440812
2010-11-01,0.10000636,0.10000636,0.4999501,0.10000636,0.10000636,0.1000245
2010-11-02,0.5443046,0.09109298,0.09109302,0.09109298,0.09109298,0.091323465
2010-11-03,0.10001239,0.10001239,0.49990264,0.10001239,0.10001239,0.10004783
2010-11-04,0.5447001,0.09102977,0.0910298,0.09102977,0.09102977,0.091180824
2010-11-05,0.090954475,0.09095426,0.09095438,0.09095426,0.5451735,0.09100915
2010-11-08,0.100002676,0.100002676,0.49997896,0.100002676,0.100002676,0.100010335
2010-11-09,0.5452177,0.09094697,0.09094699,0.09094697,0.09094697,0.09099433
2010-11-10,0.10000468,0.10000468,0.49996316,0.10000468,0.10000468,0.10001807
2010-11-11,0.54500884,0.09098039,0.09098041,0.09098039,0.09098039,0.09106957
2010-11-12,0.0911152,0.0911142,0.09111474,0.09111419,0.54417735,0.09136433
2010-11-15,0.10001292,0.10001292,0.49989846,0.10001292,0.10001292,0.10004985
2010-11-16,0.0913419,0.091339804,0.091340914,0.091339774,0.5427702,0.09186737
2010-11-17,0.10001487,0.10001487,0.49988315,0.10001487,0.10001487,0.10005736
2010-11-18,0.11134278,0.11135801,0.111344695,0.111387745,0.111319765,0.44324705
2010-11-19,0.10028089,0.10026781,0.10025363,0.10026511,0.10023944,0.4986932
2010-11-22,0.09094822,0.09094802,0.09094812,0.09094802,0.54521227,0.090995334
2010-11-23,0.1001494,0.10014943,0.4988242,0.100149386,0.100149386,0.1005782
2010-11-24,0.091115706,0.091122985,0.091135666,0.091434546,0.091109864,0.5440812
2010-11-26,0.09096368,0.09096342,0.09096355,0.09096342,0.5451164,0.09102948
2010-11-29,0.10009846,0.10009847,0.49922574,0.100098446,0.100098446,0.10038051
2010-11-30,0.09096115,0.090960905,0.09096103,0.090960905,0.54513216,0.091023885
2010-12-01,0.09096595,0.09096568,0.09096583,0.09096568,0.54510236,0.09103447
2010-12-02,0.100012295,0.100012295,0.4999034,0.100012295,0.100012295,0.1000474
2010-12-03,0.091115706,0.091122985,0.091135666,0.091434546,0.091109864,0.5440812
2010-12-06,0.10026855,0.10026346,0.100249894,0.100261375,0.10023571,0.498721
2010-12-07,0.091115706,0.091122985,0.091135666,0.091434546,0.091109864,0.5440812
2010-12-08,0.09100778,0.091007315,0.09100756,0.09100731,0.5448432,0.09112683
2010-12-09,0.091115706,0.091122985,0.091135666,0.091434546,0.091109864,0.5440812
2010-12-10,0.09094588,0.0909457,0.090945795,0.0909457,0.5452267,0.0909902
2010-12-13,0.091115706,0.091122985,0.091135666,0.091434546,0.091109864,0.5440812
2010-12-14,0.54438853,0.091079555,0.09107961,0.091079555,0.091079555,0.09129316
2010-12-15,0.5436068,0.09120442,0.09120449,0.09120442,0.09120443,0.09157541
2010-12-16,0.11135307,0.1114285,0.11134709,0.11139804,0.11133007,0.44314316
2010-12-17,0.111359164,0.111457214,0.11135316,0.11140412,0.11133615,0.44309017
2010-12-20,0.5445753,0.09104972,0.09104975,0.09104972,0.09104972,0.09122584
2010-12-21,0.11135028,0.11133014,0.111338735,0.11138179,0.111313805,0.44328526
2010-12-22,0.54500234,0.090981424,0.09098145,0.090981424,0.090981424,0.0910719
2010-12-23,0.10003585,0.10003586,0.49971828,0.10003585,0.10003585,0.10013836
2010-12-27,0.091115706,0.091122985,0.091135666,0.091434546,0.091109864,0.5440812
2010-12-28,0.091115706,0.091122985,0.091135666,0.091434546,0.091109864,0.5440812
2010-12-29,0.10002126,0.10002126,0.49983293,0.10002126,0.10002126,0.10008203
2010-12-30,0.100005984,0.100005984,0.49995297,0.100005984,0.100005984,0.10002306
2010-12-31,0.5441196,0.09112253,0.091122575,0.09112253,0.09112253,0.09139021
2011-01-03,0.11136327,0.111476585,0.11135726,0.111408226,0.11134026,0.4430544
2011-01-04,0.10004002,0.10004003,0.49968538,0.10004002,0.10004002,0.10015449
2011-01-05,0.11137285,0.111521915,0.11136686,0.111417815,0.11134986,0.44297066
2011-01-06,0.090920515,0.09092046,0.0909205,0.09092046,0.5453837,0.09093429
2011-01-07,0.100001566,0.100001566,0.49998772,0.100001566,0.100001566,0.10000604
2011-01-10,0.09090986,0.09090986,0.09090986,0.09090986,0.5454498,0.090910815
2011-01-11,0.090910345,0.09091033,0.09091033,0.09091033,0.5454468,0.09091184
2011-01-12,0.111484855,0.112046815,0.11148959,0.1115035,0.111461885,0.44201338
2011-01-13,0.091115706,0.091122985,0.091135666,0.091434546,0.091109864,0.5440812
2011-01-14,0.091115706,0.091122985,0.091135666,0.091434546,0.091109864,0.5440812
2011-01-18,0.5380342,0.09209083,0.09209113,0.09209082,0.092090845,0.093602195
2011-01-19,0.09108755,0.0910867,0.091087155,0.091086686,0.54434884,0.09130314
2011-01-20,0.11143079,0.11179628,0.11142479,0.11147571,0.11140781,0.44246462
2011-01-21,0.111383006,0.11156989,0.111377016,0.11142796,0.11136001,0.44288215
2011-01-24,0.10000736,0.10000736,0.49994212,0.10000736,0.10000736,0.100028396
2011-01-25,0.14294046,0.14296632,0.14295125,0.1429558,0.1429192,0.285267
2011-01-26,0.54418695,0.09111178,0.091111824,0.09111178,0.09111178,0.09136591
2011-01-27,0.10008378,0.10008379,0.49934122,0.10008377,0.10008377,0.10032366
2011-01-28,0.10003189,0.100031905,0.4997493,0.10003189,0.10003189,0.10012306
2011-01-31,0.091115706,0.091122985,0.091135666,0.091434546,0.091109864,0.5440812
2011-02-01,0.54367906,0.091192886,0.09119296,0.091192886,0.091192886,0.0915493
2011-02-02,0.5441737,0.09111389,0.09111393,0.09111389,0.09111389,0.09137069
2011-02-03,0.091115706,0.091122985,0.091135666,0.091434546,0.091109864,0.5440812
2011-02-04,0.090971954,0.090971656,0.09097181,0.090971656,0.5450652,0.091047734
2011-02-07,0.091115706,0.091122985,0.091135666,0.091434546,0.091109864,0.5440812
2011-02-08,0.100054555,0.10005456,0.4995712,0.100054555,0.100054555,0.1002106
2011-02-09,0.54514843,0.090958074,0.09095809,0.090958074,0.090958074,0.091019295
2011-02-10,0.10005152,0.10005153,0.49959514,0.10005152,0.10005152,0.10019885
2011-02-11,0.09161686,0.09161345,0.09161528,0.091613404,0.5410601,0.092480935
2011-02-14,0.11134254,0.11135725,0.11134444,0.111387506,0.111319534,0.44324872
2011-02-15,0.111390926,0.11160734,0.111384936,0.11143586,0.111367926,0.44281307
2011-02-16,0.54471415,0.09102751,0.09102755,0.09102751,0.09102751,0.091175765
2011-02-17,0.11142983,0.11179176,0.11142386,0.11147476,0.11140685,0.44247296
2011-02-18,0.100001454,0.100001454,0.49998856,0.100001454,0.100001454,0.100005604
2011-02-22,0.091115706,0.091122985,0.091135666,0.091434546,0.091109864,0.5440812
2011-02-23,0.100003235,0.100003235,0.4999745,0.100003235,0.100003235,0.100012496
2011-02-24,0.100013554,0.100013554,0.49989346,0.100013554,0.100013554,0.100052305
2011-02-25,0.091115706,0.091122985,0.091135666,0.091434546,0.091109864,0.5440812
2011-02-28,0.14294024,0.1429447,0.14295943,0.14295557,0.14291896,0.2852811
2011-03-01,0.14294045,0.14297645,0.14295125,0.14295578,0.14291918,0.28525686
2011-03-02,0.544868,0.09100291,0.09100293,0.09100291,0.09100291,0.0911203
2011-03-03,0.091115706,0.091122985,0.091135666,0.091434546,0.091109864,0.5440812
2011-03-04,0.10196758,0.10196785,0.4841327,0.10196738,0.10196738,0.107997164
2011-03-07,0.0931669,0.09315576,0.093161725,0.0931556,0.5313505,0.0960095
2011-03-08,0.12696858,0.12635255,0.12646478,0.12658454,0.12633844,0.36729115
2011-03-09,0.13980195,0.13981056,0.13983035,0.2030303,0.13979104,0.23773584
2011-03-10,0.091115706,0.091122985,0.091135666,0.091434546,0.091109864,0.5440812
2011-03-11,0.091115706,0.091122985,0.091135666,0.091434546,0.091109864,0.5440812
2011-03-14,0.5443246,0.09108979,0.09108984,0.09108979,0.09108979,0.091316275
2011-03-15,0.091115706,0.091122985,0.091135666,0.091434546,0.091109864,0.5440812
2011-03-16,0.5445271,0.09105741,0.09105744,0.09105741,0.09105741,0.09124319
2011-03-17,0.11154307,0.11232468,0.111547805,0.1115617,0.11152012,0.44150266
2011-03-18,0.09117115,0.0911699,0.09117057,0.09116988,0.5438303,0.091488265
2011-03-21,0.10000736,0.10000736,0.49994206,0.10000736,0.10000736,0.10002841
2011-03-22,0.091115706,0.091122985,0.091135666,0.091434546,0.091109864,0.5440812
2011-03-23,0.10000382,0.10000382,0.4999699,0.10000382,0.10000382,0.10001475
2011-03-24,0.090971336,0.09097104,0.090971194,0.09097104,0.54506904,0.09104636
2011-03-25,0.10027935,0.100263834,0.10025209,0.10026357,0.1002379,0.49870327
2011-03-28,0.12519659,0.12515563,0.12515421,0.12516855,0.1251365,0.3741886
2011-03-29,0.54459816,0.09104606,0.09104609,0.09104606,0.09104606,0.091217585
2011-03-30,0.544302,0.091093406,0.09109345,0.091093406,0.091093406,0.091324426
2011-03-31,0.5440494,0.09113375,0.09113382,0.09113375,0.09113375,0.09141556
2011-04-01,0.10004561,0.10004562,0.49964157,0.10004561,0.10004561,0.10017602
2011-04-04,0.09111122,0.09111024,0.09111076,0.09111022,0.54420197,0.091355525
2011-04-05,0.54428893,0.091095485,0.09109552,0.091095485,0.091095485,0.09132912
2011-04-06,0.09098267,0.090982296,0.0909825,0.090982296,0.5449989,0.091071345
2011-04-07,0.091115706,0.091122985,0.091135666,0.091434546,0.091109864,0.5440812
2011-04-08,0.10000569,0.10000569,0.49995542,0.10000569,0.10000569,0.1000219
2011-04-11,0.091115706,0.091122985,0.091135666,0.091434546,0.091109864,0.5440812
2011-04-12,0.11136899,0.111503646,0.11136299,0.11141394,0.11134599,0.44300443
2011-04-13,0.10000572,0.10000572,0.49995506,0.10000572,0.10000572,0.10002206
2011-04-14,0.10000695,0.10000695,0.49994528,0.10000695,0.10000695,0.100026846
2011-04-15,0.091115706,0.091122985,0.091135666,0.091434546,0.091109864,0.5440812
2011-04-18,0.54495394,0.090989165,0.09098919,0.090989165,0.090989165,0.09108932
2011-04-19,0.5450288,0.0909772,0.09097723,0.0909772,0.0909772,0.09106237
2011-04-20,0.10002468,0.10002468,0.49980602,0.10002468,0.10002468,0.100095265
2011-04-21,0.090984814,0.09098445,0.09098464,0.09098445,0.54498553,0.09107613
2011-04-25,0.091115706,0.091122985,0.091135666,0.091434546,0.091109864,0.5440812
2011-04-26,0.10002466,0.10002466,0.49980614,0.10002466,0.10002466,0.10009516
2011-04-27,0.09092629,0.0909262,0.09092624,0.0909262,0.54534817,0.09094695
2011-04-28,0.11135089,0.11133151,0.11133934,0.111382395,0.11131441,0.44328153
2011-04-29,0.091115706,0.091122985,0.091135666,0.091434546,0.091109864,0.5440812
2011-05-02,0.09094896,0.09094877,0.09094888,0.09094877,0.5452076,0.090996996
2011-05-03,0.11157326,0.112469226,0.111577995,0.111591876,0.11155032,0.44123733
2011-05-04,0.10000364,0.10000364,0.49997145,0.10000364,0.10000364,0.10001401
2011-05-05,0.54445076,0.091069624,0.09106966,0.091069624,0.091069624,0.09127075
2011-05-06,0.11140367,0.11166772,0.111397676,0.1114486,0.11138068,0.44270164
2011-05-09,0.091115706,0.091122985,0.091135666,0.091434546,0.091109864,0.5440812
2011-05-10,0.5448928,0.09099895,0.09099896,0.09099895,0.09099895,0.09111137
2011-05-11,0.09094769,0.0909475,0.0909476,0.0909475,0.5452155,0.090994194
2011-05-12,0.091115706,0.091122985,0.091135666,0.091434546,0.091109864,0.5440812
2011-05-13,0.091115706,0.091122985,0.091135666,0.091434546,0.091109864,0.5440812
2011-05-16,0.5436288,0.0912009,0.091200985,0.0912009,0.0912009,0.09156748
2011-05-17,0.09100031,0.09099989,0.09100011,0.09099987,0.54488945,0.09111035
2011-05-18,0.1120092,0.114591226,0.11201389,0.11202772,0.11198639,0.43737155
2011-05-19,0.11192933,0.11419743,0.11193403,0.111947864,0.11190648,0.43808484
2011-05-20,0.091115706,0.091122985,0.091135666,0.091434546,0.091109864,0.5440812
2011-05-23,0.09094646,0.09094628,0.09094638,0.09094628,0.5452231,0.090991475
2011-05-24,0.5445608,0.09105204,0.09105207,0.09105204,0.09105204,0.09123107
2011-05-25,0.091115706,0.091122985,0.091135666,0.091434546,0.091109864,0.5440812
2011-05-26,0.09098789,0.0909875,0.090987705,0.0909875,0.5449666,0.09108289
2011-05-27,0.100017175,0.100017175,0.49986503,0.100017175,0.100017175,0.10006626
2011-05-31,0.5435593,0.091212,0.09121208,0.091212,0.09121201,0.09159258
2011-06-01,0.10001316,0.10001316,0.49989656,0.10001316,0.10001316,0.10005077
2011-06-02,0.54348814,0.09122336,0.09122343,0.09122336,0.09122337,0.09161831
2011-06-03,0.54381764,0.09117077,0.091170825,0.09117077,0.09117077,0.09149927
2011-06-06,0.5437736,0.0911778,0.09117786,0.0911778,0.0911778,0.09151517
2011-06-07,0.091115706,0.091122985,0.091135666,0.091434546,0.091109864,0.5440812
2011-06-08,0.10006432,0.10006432,0.49949434,0.100064315,0.100064315,0.10024836
2011-06-09,0.5445513,0.09105354,0.09105357,0.09105354,0.09105354,0.09123445
2011-06-10,0.09126625,0.09126454,0.09126545,0.09126451,0.54323995,0.091699265
2011-06-13,0.5442734,0.09109796,0.09109801,0.09109796,0.09109796,0.09133472
2011-06-14,0.091115706,0.091122985,0.091135666,0.091434546,0.091109864,0.5440812
2011-06-15,0.112053685,0.11481145,0.11205837,0.11207219,0.11203087,0.43697348
2011-06-16,0.54379743,0.09117398,0.09117405,0.09117398,0.09117398,0.09150654
2011-06-17,0.091115706,0.091122985,0.091135666,0.091434546,0.091109864,0.5440812
2011-06-20,0.11168939,0.113028064,0.111694105,0.11170798,0.11166648,0.440214
2011-06-21,0.11142742,0.111780204,0.11142141,0.11147233,0.111404434,0.4424942
2011-06-22,0.09098887,0.09098847,0.09098868,0.09098847,0.54496044,0.09108504
2011-06-23,0.09096125,0.090961,0.090961136,0.090961,0.54513156,0.09102409
2011-06-24,0.11136018,0.11146203,0.11135417,0.11140514,0.11133718,0.4430813
2011-06-27,0.09102226,0.0910217,0.091022,0.091021694,0.54475355,0.091158785
2011-06-28,0.09100625,0.09100579,0.09100603,0.09100577,0.54485273,0.091123424
2011-06-29,0.10002267,0.10002267,0.49982184,0.10002267,0.10002267,0.10008747
2011-06-30,0.10001208,0.10001208,0.49990526,0.10001208,0.10001208,0.10004656
2011-07-01,0.091115706,0.091122985,0.091135666,0.091434546,0.091109864,0.5440812
2011-07-05,0.090986475,0.090986095,0.090986304,0.090986095,0.5449752,0.09107977
2011-07-06,0.111374274,0.1115286,0.11136828,0.11141921,0.111351274,0.4429584
2011-07-07,0.10002037,0.10002037,0.49983984,0.10002037,0.10002037,0.10007862
2011-07-08,0.11139021,0.111603975,0.11138423,0.11143516,0.11136722,0.44281924
2011-07-11,0.5451672,0.090955056,0.09095507,0.090955056,0.090955056,0.09101252
2011-07-12,0.090930566,0.09093046,0.09093052,0.09093046,0.5453215,0.09095643
2011-07-13,0.090954326,0.09095411,0.09095423,0.09095411,0.54517436,0.09100883
2011-07-14,0.091115706,0.091122985,0.091135666,0.091434546,0.091109864,0.5440812
2011-07-15,0.09115481,0.09115362,0.09115426,0.091153614,0.5439316,0.09145207
2011-07-18,0.09126157,0.091259874,0.09126079,0.09125985,0.543269,0.09168888
2011-07-19,0.09136508,0.091362886,0.09136406,0.091362864,0.54262614,0.091919005
2011-07-20,0.091115706,0.091122985,0.091135666,0.091434546,0.091109864,0.5440812
2011-07-21,0.09192237,0.091917455,0.091920085,0.091917396,0.5391558,0.09316691
2011-07-22,0.5435752,0.09120945,0.09120953,0.09120945,0.09120946,0.091586836
2011-07-25,0.11135046,0.111330554,0.11133892,0.11138197,0.111314006,0.44328403
2011-07-26,0.09101399,0.09101348,0.09101375,0.091013476,0.54480475,0.09114054
2011-07-27,0.091115706,0.091122985,0.091135666,0.091434546,0.091109864,0.5440812
2011-07-28,0.100018285,0.100018285,0.49985626,0.100018285,0.100018285,0.10007054
2011-07-29,0.5442567,0.09110064,0.091100685,0.09110064,0.09110064,0.091340765
2011-08-01,0.091115706,0.091122985,0.091135666,0.091434546,0.091109864,0.5440812
2011-08-02,0.09095596,0.09095573,0.09095584,0.09095573,0.54516435,0.09101243
2011-08-03,0.111352146,0.111424096,0.111346155,0.11139712,0.11132914,0.44315132
2011-08-04,0.54476243,0.091019794,0.09101984,0.091019794,0.091019794,0.091158375
2011-08-05,0.090942875,0.0909427,0.09094279,0.0909427,0.54524535,0.09098357
2011-08-08,0.090977475,0.09097714,0.09097732,0.09097714,0.545031,0.09105991
2011-08-09,0.09095216,0.09095196,0.09095206,0.09095196,0.5451878,0.09100408
2011-08-10,0.091115706,0.091122985,0.091135666,0.091434546,0.091109864,0.5440812
2011-08-11,0.11135244,0.111335054,0.11134088,0.11138394,0.111315966,0.4432718
2011-08-12,0.09092996,0.090929866,0.09092992,0.090929866,0.5453253,0.090955116
2011-08-15,0.5428526,0.09132477,0.09132488,0.09132477,0.091324784,0.09184823
2011-08-16,0.090923876,0.0909238,0.09092385,0.0909238,0.54536295,0.0909417
2011-08-17,0.091115706,0.091122985,0.091135666,0.091434546,0.091109864,0.5440812
2011-08-18,0.11157157,0.112461135,0.11157629,0.11159019,0.111548625,0.44125217
2011-08-19,0.111796886,0.113549516,0.11180161,0.11181546,0.111774005,0.43926248
2011-08-22,0.54399335,0.091142714,0.09114278,0.091142714,0.091142714,0.09143581
2011-08-23,0.54404104,0.09113509,0.091135144,0.09113509,0.09113509,0.09141859
2011-08-24,0.10000021,0.10000021,0.49999827,0.10000021,0.10000021,0.10000085
2011-08-25,0.11135059,0.111330815,0.11133903,0.11138208,0.11131412,0.44328338
2011-08-26,0.1000013,0.1000013,0.4999898,0.1000013,0.1000013,0.100005
2011-08-29,0.091115706,0.091122985,0.091135666,0.091434546,0.091109864,0.5440812
2011-08-30,0.11134715,0.11140051,0.11134115,0.1113921,0.11132414,0.44319496
2011-08-31,0.090950266,0.090950064,0.090950176,0.090950064,0.5451995,0.09099988
2011-09-01,0.091115706,0.091122985,0.091135666,0.091434546,0.091109864,0.5440812
2011-09-02,0.09095467,0.09095446,0.09095457,0.09095446,0.5451723,0.091009595
2011-09-06,0.10000171,0.10000171,0.49998665,0.10000171,0.10000171,0.10000656
2011-09-07,0.09093799,0.090937845,0.090937935,0.090937845,0.54527557,0.0909728
2011-09-08,0.11137489,0.11153153,0.1113689,0.11141983,0.1113519,0.44295287
2011-09-09,0.091115706,0.091122985,0.091135666,0.091434546,0.091109864,0.5440812
2011-09-12,0.09102383,0.09102329,0.09102358,0.09102328,0.5447437,0.09116228
2011-09-13,0.091115706,0.091122985,0.091135666,0.091434546,0.091109864,0.5440812
2011-09-14,0.09138514,0.09138285,0.09138408,0.09138281,0.54250145,0.091963634
2011-09-15,0.100000165,0.100000165,0.49999863,0.100000165,0.100000165,0.100000665
2011-09-16,0.10000037,0.10000037,0.49999714,0.10000037,0.10000037,0.10000141
2011-09-19,0.1114281,0.11178345,0.111422114,0.11147302,0.1114051,0.44248828
2011-09-20,0.5441612,0.0911159,0.09111596,0.0911159,0.0911159,0.09137524
2011-09-21,0.54407203,0.09113013,0.0911302,0.09113013,0.09113013,0.091407396
2011-09-22,0.54410714,0.09112451,0.09112457,0.09112451,0.09112451,0.09139469
2011-09-23,0.10000039,0.10000039,0.4999969,0.10000039,0.10000039,0.100001514
2011-09-26,0.54434764,0.0910861,0.091086134,0.0910861,0.0910861,0.091307916
2011-09-27,0.10000148,0.10000148,0.49998838,0.10000148,0.10000148,0.10000569
2011-09-28,0.54407275,0.091130026,0.091130085,0.091130026,0.091130026,0.09140715
2011-09-29,0.090932615,0.090932496,0.09093256,0.090932496,0.5453088,0.09096094
2011-09-30,0.5440413,0.09113504,0.09113511,0.09113504,0.09113504,0.091418505
2011-10-03,0.091115706,0.091122985,0.091135666,0.091434546,0.091109864,0.5440812
2011-10-04,0.111342795,0.111358054,0.11134471,0.11138776,0.11131979,0.44324693
2011-10-05,0.1000398,0.10003982,0.4996871,0.1000398,0.1000398,0.10015364
2011-10-06,0.10015004,0.10015007,0.49881905,0.100150034,0.100150034,0.10058073
2011-10-07,0.10054947,0.100549534,0.4956533,0.1005494,0.1005494,0.102148846
2011-10-10,0.54499316,0.090982914,0.09098293,0.090982914,0.090982914,0.09107522
2011-10-11,0.10146337,0.10146356,0.4882814,0.101463206,0.101463206,0.10586526
2011-10-12,0.100192904,0.10019292,0.49848107,0.100192875,0.100192875,0.10074736
2011-10-13,0.5446676,0.091034964,0.09103499,0.091034964,0.091034964,0.09119254
2011-10-14,0.10020323,0.10020325,0.49839944,0.10020321,0.10020321,0.10078759
2011-10-17,0.113594525,0.12292001,0.11359914,0.11361265,0.113572195,0.42270142
2011-10-18,0.11240441,0.11657379,0.1124091,0.11242284,0.11238171,0.43380818
2011-10-19,0.09094593,0.09094575,0.09094585,0.09094575,0.54522645,0.0909903
2011-10-20,0.11154295,0.11232411,0.11154768,0.11156156,0.11152,0.44150364
2011-10-21,0.091115706,0.091122985,0.091135666,0.091434546,0.091109864,0.5440812
2011-10-24,0.54524463,0.09094269,0.0909427,0.09094269,0.09094269,0.09098467
2011-10-25,0.10027893,0.100262746,0.10025167,0.10026315,0.10023748,0.49870607
2011-10-26,0.091115706,0.091122985,0.091135666,0.091434546,0.091109864,0.5440812
2011-10-27,0.10027945,0.100264095,0.10025219,0.10026367,0.100237995,0.49870256
2011-10-28,0.09110362,0.09110268,0.09110318,0.09110267,0.5442492,0.09133871
2011-10-31,0.54445183,0.09106944,0.09106948,0.09106944,0.09106944,0.09127034
2011-11-01,0.111607105,0.112631656,0.111611836,0.11162572,0.11158417,0.44093952
2011-11-02,0.544215,0.09110729,0.09110734,0.09110729,0.09110729,0.09135577
2011-11-03,0.100014485,0.100014485,0.4998863,0.100014485,0.100014485,0.10005585
2011-11-04,0.091115706,0.091122985,0.091135666,0.091434546,0.091109864,0.5440812
2011-11-07,0.54472643,0.09102555,0.09102558,0.09102555,0.09102555,0.09117133
2011-11-08,0.09094038,0.09094024,0.09094033,0.09094024,0.5452607,0.090978086
2011-11-09,0.09094517,0.090945,0.090945095,0.090945,0.54523116,0.09098863
2011-11-10,0.5447917,0.091015115,0.09101514,0.091015115,0.091015115,0.091147795
2011-11-11,0.09100936,0.09100889,0.09100914,0.09100888,0.5448335,0.091130316
2011-11-14,0.09243452,0.09242706,0.092431046,0.092426956,0.5359532,0.09432722
2011-11-15,0.10000657,0.10000657,0.4999485,0.10000657,0.10000657,0.10002529
2011-11-16,0.12519734,0.1251608,0.12515496,0.12516929,0.12513725,0.37418035
2011-11-17,0.10000305,0.10000305,0.49997604,0.10000305,0.10000305,0.10001176
2011-11-18,0.09092475,0.09092467,0.09092472,0.09092467,0.5453576,0.09094361
2011-11-21,0.10000347,0.10000347,0.49997258,0.10000347,0.10000347,0.100013435
2011-11-22,0.10000344,0.10000344,0.499973,0.10000344,0.10000344,0.10001325
2011-11-23,0.09096617,0.0909659,0.090966046,0.0909659,0.5451011,0.09103495
2011-11-25,0.5441807,0.09111276,0.09111282,0.09111276,0.09111276,0.09136815
2011-11-28,0.091063514,0.09106278,0.09106318,0.09106277,0.5444978,0.091249995
2011-11-29,0.091115706,0.091122985,0.091135666,0.091434546,0.091109864,0.5440812
2011-11-30,0.100016825,0.100016825,0.4998677,0.100016825,0.100016825,0.10006493
2011-12-01,0.11135288,0.11133608,0.111341335,0.11138439,0.11131641,0.44326895
2011-12-02,0.10002054,0.10002054,0.49983865,0.10002054,0.10002054,0.10007924
2011-12-05,0.5447715,0.09101834,0.09101837,0.09101834,0.09101834,0.09115508
2011-12-06,0.091115706,0.091122985,0.091135666,0.091434546,0.091109864,0.5440812
2011-12-07,0.5450735,0.09097007,0.09097008,0.09097007,0.09097007,0.091046296
2011-12-08,0.09094807,0.090947874,0.09094798,0.090947874,0.54521316,0.09099502
2011-12-09,0.10000387,0.10000387,0.4999696,0.10000387,0.10000387,0.10001493
2011-12-12,0.0909225,0.09092243,0.09092245,0.09092243,0.54537153,0.090938635
2011-12-13,0.11144525,0.11185843,0.11144999,0.11146389,0.11142227,0.4423602
2011-12-14,0.5450194,0.090978704,0.090978734,0.090978704,0.090978704,0.09106578
2011-12-15,0.091115706,0.091122985,0.091135666,0.091434546,0.091109864,0.5440812
2011-12-16,0.09219898,0.0921927,0.09219608,0.09219262,0.53742766,0.09379198
2011-12-19,0.10240473,0.10240507,0.4804857,0.102404475,0.102404475,0.10989556
2011-12-20,0.091115706,0.091122985,0.091135666,0.091434546,0.091109864,0.5440812
2011-12-21,0.10788483,0.107886046,0.42951587,0.107883856,0.107883856,0.13894552
2011-12-22,0.0910164,0.09101589,0.09101616,0.091015875,0.5447898,0.09114585
2011-12-23,0.5421512,0.09143658,0.0914367,0.09143657,0.09143658,0.09210231
2011-12-27,0.5408591,0.0916423,0.09164247,0.09164228,0.0916423,0.09257152
2011-12-28,0.14294046,0.14295985,0.14295126,0.14295581,0.14291921,0.2852734
2011-12-29,0.100595504,0.10059559,0.49528638,0.10059544,0.10059544,0.10233168
2011-12-30,0.54434407,0.09108668,0.091086715,0.09108668,0.09108668,0.09130921
2012-01-03,0.091115706,0.091122985,0.091135666,0.091434546,0.091109864,0.5440812
2012-01-04,0.10004118,0.10004119,0.49967638,0.10004118,0.10004118,0.10015889
2012-01-05,0.1002799,0.100265265,0.100252636,0.10026413,0.10023846,0.49869967
2012-01-06,0.091115706,0.091122985,0.091135666,0.091434546,0.091109864,0.5440812
2012-01-09,0.11134562,0.11139323,0.111339614,0.11139058,0.11132261,0.4432084
2012-01-10,0.091115706,0.091122985,0.091135666,0.091434546,0.091109864,0.5440812
2012-01-11,0.09091005,0.09091005,0.09091005,0.09091005,0.5454486,0.09091121
2012-01-12,0.5450491,0.09097396,0.09097398,0.09097396,0.09097396,0.091055065
2012-01-13,0.100002386,0.100002386,0.49998134,0.100002386,0.100002386,0.100009166
2012-01-17,0.091115706,0.091122985,0.091135666,0.091434546,0.091109864,0.5440812
2012-01-18,0.091115706,0.091122985,0.091135666,0.091434546,0.091109864,0.5440812
2012-01-19,0.10002877,0.100028776,0.49977395,0.10002877,0.10002877,0.10011099
2012-01-20,0.10004668,0.100046694,0.49963304,0.10004668,0.10004668,0.1001802
2012-01-23,0.090973735,0.090973414,0.09097359,0.090973414,0.5450542,0.09105165
2012-01-24,0.10007408,0.10007408,0.49941745,0.100074075,0.100074075,0.10028618
2012-01-25,0.100093156,0.10009317,0.49926746,0.10009315,0.10009315,0.10035997
2012-01-26,0.14294048,0.14296101,0.14295126,0.14295581,0.1429192,0.2852723
2012-01-27,0.09093152,0.09093141,0.09093146,0.09093141,0.5453157,0.090958536
2012-01-30,0.091115706,0.091122985,0.091135666,0.091434546,0.091109864,0.5440812
2012-01-31,0.090971045,0.09097074,0.090970896,0.09097074,0.5450709,0.09104571
2012-02-01,0.11138256,0.111567825,0.11137658,0.111427516,0.11135957,0.4428859
2012-02-02,0.10002423,0.10002423,0.49980956,0.10002423,0.10002423,0.100093514
2012-02-03,0.10003177,0.100031786,0.49975032,0.10003177,0.10003177,0.100122586
2012-02-06,0.5438032,0.09117306,0.09117313,0.09117306,0.09117306,0.091504455
2012-02-07,0.091115706,0.091122985,0.091135666,0.091434546,0.091109864,0.5440812
2012-02-08,0.10001125,0.10001125,0.49991152,0.10001125,0.10001125,0.100043446
2012-02-09,0.14294018,0.14294319,0.14295937,0.14295553,0.14291891,0.28528282
2012-02-10,0.54367495,0.09119354,0.091193624,0.09119354,0.09119354,0.09155079
2012-02-13,0.091115706,0.091122985,0.091135666,0.091434546,0.091109864,0.5440812
2012-02-14,0.09208404,0.09207832,0.09208138,0.09207824,0.53814626,0.09353176
2012-02-15,0.091115706,0.091122985,0.091135666,0.091434546,0.091109864,0.5440812
2012-02-16,0.5438105,0.09117191,0.09117197,0.09117191,0.09117191,0.09150185
2012-02-17,0.11137973,0.111554444,0.11137375,0.111424685,0.111356735,0.44291064
2012-02-21,0.11138171,0.11156378,0.11137572,0.11142667,0.11135872,0.44289345
2012-02-22,0.111351885,0.11133382,0.11134033,0.11138339,0.111315414,0.44327518
2012-02-23,0.10000583,0.10000583,0.4999541,0.10000583,0.10000583,0.1000225
2012-02-24,0.10000898,0.10000898,0.49992943,0.10000898,0.10000898,0.10003465
2012-02-27,0.09101039,0.09100992,0.091010176,0.09100991,0.54482704,0.0911326
2012-02-28,0.14294046,0.14296396,0.14295125,0.1429558,0.14291921,0.28526935
2012-02-29,0.091115706,0.091122985,0.091135666,0.091434546,0.091109864,0.5440812
2012-03-01,0.10000345,0.10000345,0.49997288,0.10000345,0.10000345,0.10001332
2012-03-02,0.5447391,0.09102353,0.09102356,0.09102353,0.09102353,0.091166764
2012-03-05,0.09092673,0.09092663,0.09092668,0.09092663,0.54534537,0.090947956
2012-03-06,0.10001989,0.10001989,0.49984372,0.10001989,0.10001989,0.10007673
2012-03-07,0.09095757,0.09095733,0.09095746,0.09095733,0.54515433,0.09101597
2012-03-08,0.14294033,0.14294758,0.14295952,0.14295568,0.14291908,0.2852778
2012-03-09,0.091115706,0.091122985,0.091135666,0.091434546,0.091109864,0.5440812
2012-03-12,0.12519729,0.12516057,0.12515491,0.12516925,0.12513721,0.37418073
2012-03-13,0.091115706,0.091122985,0.091135666,0.091434546,0.091109864,0.5440812
2012-03-14,0.09132943,0.09132741,0.091328494,0.09132739,0.5428476,0.09183966
2012-03-15,0.091115706,0.091122985,0.091135666,0.091434546,0.091109864,0.5440812
2012-03-16,0.091115706,0.091122985,0.091135666,0.091434546,0.091109864,0.5440812
2012-03-19,0.10000743,0.10000743,0.49994165,0.10000743,0.10000743,0.10002865
2012-03-20,0.5446975,0.09103018,0.09103022,0.09103018,0.09103018,0.09118176
2012-03-21,0.544901,0.09099764,0.09099765,0.09099764,0.09099764,0.09110843
2012-03-22,0.10000695,0.10000695,0.49994528,0.10000695,0.10000695,0.10002683
2012-03-23,0.09091249,0.09091247,0.090912476,0.09091247,0.5454336,0.09091656
2012-03-26,0.111363664,0.11147845,0.11135765,0.11140862,0.111340664,0.44305095
2012-03-27,0.10000783,0.10000783,0.49993855,0.10000783,0.10000783,0.10003017
2012-03-28,0.5451843,0.09095233,0.090952344,0.09095233,0.09095233,0.09100636
2012-03-29,0.10000554,0.10000554,0.49995637,0.10000554,0.10000554,0.1000214
2012-03-30,0.10000329,0.10000329,0.49997425,0.10000329,0.10000329,0.10001266
2012-04-02,0.10000398,0.10000398,0.49996877,0.10000398,0.10000398,0.100015335
2012-04-03,0.09095357,0.09095336,0.09095348,0.09095336,0.54517907,0.09100717
2012-04-04,0.09094569,0.09094551,0.09094561,0.09094551,0.5452279,0.09098978
2012-04-05,0.1114517,0.11188908,0.11145643,0.11147034,0.11142872,0.4423037
2012-04-09,0.10000533,0.10000533,0.49995816,0.10000533,0.10000533,0.10002054
2012-04-10,0.100005195,0.100005195,0.49995923,0.100005195,0.100005195,0.10002002
2012-04-11,0.11139551,0.11162903,0.1113895,0.111440435,0.11137252,0.44277304
2012-04-12,0.0909592,0.09095897,0.090959094,0.09095897,0.5451442,0.09101959
2012-04-13,0.11159761,0.112586044,0.11160234,0.111616224,0.11157468,0.44102305
2012-04-16,0.09112255,0.091121525,0.09112207,0.0911215,0.54413176,0.09138061
2012-04-17,0.11213312,0.115206696,0.11213782,0.112151615,0.11211033,0.43626037
2012-04-18,0.112077154,0.11492797,0.11208184,0.11209565,0.11205435,0.43676308
2012-04-19,0.091115706,0.091122985,0.091135666,0.091434546,0.091109864,0.5440812
2012-04-20,0.091115706,0.091122985,0.091135666,0.091434546,0.091109864,0.5440812
2012-04-23,0.09092255,0.09092248,0.09092251,0.09092248,0.54537123,0.090938754
2012-04-24,0.10001266,0.10001266,0.4999005,0.10001266,0.10001266,0.100048855
2012-04-25,0.111352816,0.11142731,0.11134683,0.1113978,0.111329824,0.44314542
2012-04-26,0.091115706,0.091122985,0.091135666,0.091434546,0.091109864,0.5440812
2012-04-27,0.11134873,0.111407965,0.111342736,0.11139369,0.111325726,0.4431812
2012-04-30,0.100017734,0.100017734,0.49986055,0.100017734,0.100017734,0.10006845
2012-05-01,0.54192907,0.09147197,0.0914721,0.09147196,0.09147197,0.09218289
2012-05-02,0.10001673,0.10001673,0.49986854,0.10001673,0.10001673,0.10006454
2012-05-03,0.54256994,0.09136985,0.09136996,0.09136984,0.09136985,0.09195057
2012-05-04,0.5426359,0.09135932,0.09135942,0.09135931,0.09135932,0.09192666
2012-05-07,0.54281044,0.09133149,0.09133159,0.09133149,0.0913315,0.091863476
2012-05-08,0.10003174,0.100031756,0.49975055,0.10003174,0.10003174,0.10012248
2012-05-09,0.091118425,0.09111743,0.09111796,0.09111741,0.5441573,0.09137147
2012-05-10,0.09126109,0.09125938,0.09126029,0.09125936,0.543272,0.09168781
2012-05-11,0.54416126,0.09111588,0.09111593,0.09111588,0.09111588,0.09137519
2012-05-14,0.5443235,0.09108996,0.09109,0.09108996,0.09108996,0.09131663
2012-05-15,0.091115706,0.091122985,0.091135666,0.091434546,0.091109864,0.5440812
2012-05-16,0.10002801,0.10002802,0.49977985,0.10002801,0.10002801,0.10010809
2012-05-17,0.5439919,0.09114292,0.09114298,0.09114292,0.09114292,0.091436304
2012-05-18,0.10005048,0.10005049,0.49960324,0.10005048,0.10005048,0.100194864
2012-05-21,0.091115706,0.091122985,0.091135666,0.091434546,0.091109864,0.5440812
2012-05-22,0.091115706,0.091122985,0.091135666,0.091434546,0.091109864,0.5440812
2012-05-23,0.111406334,0.111680366,0.11140036,0.11145128,0.111383356,0.44267827
2012-05-24,0.09105767,0.09105696,0.09105734,0.09105695,0.544534,0.09123708
2012-05-25,0.54383236,0.09116841,0.09116846,0.09116841,0.09116841,0.09149392
2012-05-29,0.543534,0.091216065,0.09121614,0.091216065,0.09121607,0.09160177
2012-05-30,0.091115706,0.091122985,0.091135666,0.091434546,0.091109864,0.5440812
2012-05-31,0.09093755,0.090937406,0.09093749,0.090937406,0.5452783,0.09097182
2012-06-01,0.54327524,0.091257334,0.09125742,0.091257334,0.09125735,0.09169529
2012-06-04,0.543571,0.091210134,0.09121021,0.091210134,0.09121014,0.091588356
2012-06-05,0.100041464,0.10004147,0.49967405,0.100041464,0.100041464,0.100160025
2012-06-06,0.091115706,0.091122985,0.091135666,0.091434546,0.091109864,0.5440812
2012-06-07,0.09097738,0.09097705,0.09097723,0.09097705,0.5450316,0.0910597
2012-06-08,0.100037284,0.1000373,0.49970704,0.100037284,0.100037284,0.10014389
2012-06-11,0.091115706,0.091122985,0.091135666,0.091434546,0.091109864,0.5440812
2012-06-12,0.09095266,0.09095244,0.09095256,0.09095244,0.54518473,0.09100514
2012-06-13,0.10005586,0.100055866,0.49956092,0.10005586,0.10005586,0.10021566
2012-06-14,0.091115706,0.091122985,0.091135666,0.091434546,0.091109864,0.5440812
2012-06-15,0.09108121,0.09108038,0.09108083,0.091080375,0.54438806,0.09128912
2012-06-18,0.091115706,0.091122985,0.091135666,0.091434546,0.091109864,0.5440812
2012-06-19,0.11254462,0.11729125,0.11254928,0.112563014,0.112521954,0.43252987
2012-06-20,0.5434201,0.09123423,0.09123431,0.09123423,0.091234244,0.09164292
2012-06-21,0.11162821,0.112733126,0.11163294,0.11164682,0.1116053,0.4407536
2012-06-22,0.11142397,0.11176395,0.111417994,0.111468896,0.11140098,0.44252414
2012-06-25,0.10001181,0.10001181,0.49990717,0.10001181,0.10001181,0.10004557
2012-06-26,0.10026863,0.10026371,0.10024998,0.100261465,0.10023579,0.49872047
2012-06-27,0.0909416,0.090941444,0.090941526,0.090941444,0.5452532,0.09098076
2012-06-28,0.5445401,0.091055326,0.09105536,0.091055326,0.091055326,0.0912385
2012-06-29,0.111381635,0.11156341,0.111375645,0.11142659,0.11135864,0.44289413
2012-07-02,0.091115706,0.091122985,0.091135666,0.091434546,0.091109864,0.5440812
2012-07-03,0.09095239,0.09095218,0.09095229,0.09095218,0.5451864,0.09100456
2012-07-05,0.091115706,0.091122985,0.091135666,0.091434546,0.091109864,0.5440812
2012-07-06,0.11135505,0.111341074,0.1113435,0.11138656,0.11131858,0.4432552
2012-07-09,0.091115706,0.091122985,0.091135666,0.091434546,0.091109864,0.5440812
2012-07-10,0.091115706,0.091122985,0.091135666,0.091434546,0.091109864,0.5440812
2012-07-11,0.54495066,0.0909897,0.090989724,0.0909897,0.0909897,0.09109053
2012-07-12,0.100278005,0.100260355,0.10025074,0.100262225,0.10023656,0.49871218
2012-07-13,0.5446442,0.0910387,0.09103873,0.0910387,0.0910387,0.09120097
2012-07-16,0.091824494,0.091820054,0.09182242,0.091819994,0.53976643,0.09294661
2012-07-17,0.54360664,0.09120446,0.09120454,0.09120446,0.091204464,0.09157549
2012-07-18,0.111351974,0.11133402,0.111340426,0.111383475,0.111315496,0.4432746
2012-07-19,0.11134489,0.11138981,0.11133889,0.111389846,0.111321874,0.4432147
2012-07-20,0.09118623,0.091184914,0.091185614,0.09118489,0.54373664,0.09152171
2012-07-23,0.091115706,0.091122985,0.091135666,0.091434546,0.091109864,0.5440812
2012-07-24,0.10001316,0.10001316,0.49989668,0.10001316,0.10001316,0.10005075
2012-07-25,0.091115706,0.091122985,0.091135666,0.091434546,0.091109864,0.5440812
2012-07-26,0.10002329,0.10002329,0.49981695,0.10002329,0.10002329,0.10008984
2012-07-27,0.091115706,0.091122985,0.091135666,0.091434546,0.091109864,0.5440812
2012-07-30,0.5425147,0.09137867,0.09137878,0.09137865,0.09137867,0.0919706
2012-07-31,0.091115706,0.091122985,0.091135666,0.091434546,0.091109864,0.5440812
2012-08-01,0.091115706,0.091122985,0.091135666,0.091434546,0.091109864,0.5440812
2012-08-02,0.10003299,0.10003301,0.4997407,0.10003299,0.10003299,0.10012732
2012-08-03,0.091115706,0.091122985,0.091135666,0.091434546,0.091109864,0.5440812
2012-08-06,0.091115706,0.091122985,0.091135666,0.091434546,0.091109864,0.5440812
2012-08-07,0.54405975,0.09113209,0.09113215,0.09113209,0.09113209,0.09141184
2012-08-08,0.5444339,0.09107231,0.09107235,0.09107231,0.09107231,0.09127682
2012-08-09,0.09105597,0.09105526,0.09105563,0.091055244,0.5445446,0.09123328
2012-08-10,0.10000813,0.10000813,0.49993616,0.10000813,0.10000813,0.100031346
2012-08-13,0.09122147,0.09121997,0.09122077,0.09121994,0.543518,0.09159984
2012-08-14,0.5443131,0.091091625,0.09109168,0.091091625,0.091091625,0.091320425
2012-08-15,0.11134482,0.11138952,0.11133881,0.11138978,0.11132181,0.4432152
2012-08-16,0.5443798,0.091080956,0.09108101,0.091080956,0.091080956,0.09129633
2012-08-17,0.09140243,0.09140005,0.09140132,0.09140002,0.54239404,0.09200212
2012-08-20,0.091115706,0.091122985,0.091135666,0.091434546,0.091109864,0.5440812
2012-08-21,0.544688,0.09103169,0.09103173,0.09103169,0.09103169,0.09118519
2012-08-22,0.090961695,0.09096144,0.09096158,0.09096144,0.54512876,0.09102509
2012-08-23,0.10004012,0.10004014,0.49968454,0.10004012,0.10004012,0.10015489
2012-08-24,0.100056216,0.10005624,0.49955812,0.100056216,0.100056216,0.10021705
2012-08-27,0.54507256,0.090970196,0.0909702,0.090970196,0.090970196,0.091046624
2012-08-28,0.090944156,0.090943985,0.09094408,0.090943985,0.5452373,0.090986416
2012-08-29,0.12519728,0.12516044,0.1251549,0.12516923,0.12513718,0.374181
2012-08-30,0.091115706,0.091122985,0.091135666,0.091434546,0.091109864,0.5440812
2012-08-31,0.10000989,0.10000989,0.49992228,0.10000989,0.10000989,0.10003815
2012-09-04,0.09099266,0.09099226,0.09099248,0.09099226,0.5449369,0.09109343
2012-09-05,0.5443527,0.091085285,0.09108534,0.091085285,0.091085285,0.091306105
2012-09-06,0.5446284,0.09104122,0.091041245,0.09104122,0.09104122,0.09120666
2012-09-07,0.11139279,0.1116162,0.11138681,0.11143774,0.111369796,0.4427967
2012-09-10,0.544959,0.09098835,0.09098837,0.09098835,0.09098835,0.09108751
2012-09-11,0.09091444,0.09091442,0.09091443,0.09091442,0.54542136,0.09092089
2012-09-12,0.10000152,0.10000152,0.49998808,0.10000152,0.10000152,0.10000587
2012-09-13,0.090959914,0.09095967,0.090959795,0.09095967,0.5451398,0.09102117
2012-09-14,0.10000075,0.10000075,0.49999416,0.10000075,0.10000075,0.10000288
2012-09-17,0.111370794,0.11151212,0.11136478,0.111415744,0.11134778,0.44298875
2012-09-18,0.544246,0.09110235,0.09110239,0.09110235,0.09110235,0.09134461
2012-09-19,0.54394317,0.09115072,0.091150776,0.09115072,0.09115072,0.09145392
2012-09-20,0.09099106,0.090990655,0.09099088,0.090990655,0.54494685,0.09108989
2012-09-21,0.54403305,0.091136366,0.09113641,0.091136366,0.091136366,0.09142146
2012-09-24,0.14294046,0.14297743,0.14295125,0.1429558,0.14291918,0.2852559
2012-09-25,0.091115706,0.091122985,0.091135666,0.091434546,0.091109864,0.5440812
2012-09-26,0.1000048,0.1000048,0.49996227,0.1000048,0.1000048,0.10001851
2012-09-27,0.091115706,0.091122985,0.091135666,0.091434546,0.091109864,0.5440812
2012-09-28,0.10000423,0.10000423,0.49996674,0.10000423,0.10000423,0.10001632
2012-10-01,0.10000265,0.10000265,0.4999792,0.10000265,0.10000265,0.10001021
2012-10-02,0.0909736,0.09097328,0.09097345,0.09097328,0.54505503,0.091051355
2012-10-03,0.09097333,0.09097302,0.0909732,0.09097302,0.5450567,0.09105077
2012-10-04,0.090973966,0.09097365,0.09097382,0.09097365,0.54505277,0.09105216
2012-10-05,0.0909909,0.09099049,0.090990715,0.09099049,0.5449479,0.09108954
2012-10-08,0.09100248,0.09100203,0.09100227,0.091002025,0.5448761,0.09111512
2012-10-09,0.14294045,0.1429639,0.14295125,0.1429558,0.14291918,0.28526935
2012-10-10,0.09109958,0.09109867,0.09109916,0.09109866,0.5442741,0.091329776
2012-10-11,0.10026587,0.100255124,0.10024721,0.10025869,0.10023302,0.4987401
2012-10-12,0.09113382,0.09113274,0.09113333,0.09113272,0.54406184,0.091405556
2012-10-15,0.09123361,0.09123206,0.091232896,0.09123203,0.54344267,0.0916268
2012-10-16,0.11138065,0.111558765,0.111374654,0.11142559,0.111357644,0.44290265
2012-10-17,0.091115706,0.091122985,0.091135666,0.091434546,0.091109864,0.5440812
2012-10-18,0.111358576,0.11145445,0.11135257,0.111403525,0.11133556,0.44309524
2012-10-19,0.091115706,0.091122985,0.091135666,0.091434546,0.091109864,0.5440812
2012-10-22,0.10001116,0.10001116,0.49991223,0.10001116,0.10001116,0.100043096
2012-10-23,0.091115706,0.091122985,0.091135666,0.091434546,0.091109864,0.5440812
2012-10-24,0.5444067,0.09107666,0.091076694,0.09107666,0.09107666,0.09128663
2012-10-25,0.10002255,0.10002255,0.49982285,0.10002255,0.10002255,0.10008698
2012-10-26,0.10028553,0.10026617,0.10026656,0.10026974,0.100244075,0.49866793
2012-10-31,0.09096746,0.09096718,0.090967335,0.09096718,0.54509306,0.09103782
2012-11-01,0.091115706,0.091122985,0.091135666,0.091434546,0.091109864,0.5440812
2012-11-02,0.091115706,0.091122985,0.091135666,0.091434546,0.091109864,0.5440812
2012-11-05,0.09100457,0.09100411,0.09100436,0.0910041,0.54486316,0.09111973
2012-11-06,0.09123187,0.09123032,0.091231145,0.091230296,0.54345345,0.09162292
2012-11-07,0.091115706,0.091122985,0.091135666,0.091434546,0.091109864,0.5440812
2012-11-08,0.10019627,0.100196294,0.49845436,0.10019624,0.10019624,0.10076051
2012-11-09,0.10007157,0.10007157,0.4994373,0.10007155,0.10007155,0.1002764
2012-11-12,0.5446652,0.09103534,0.091035366,0.09103534,0.09103534,0.09119339
2012-11-13,0.5447828,0.09101655,0.091016576,0.09101655,0.09101655,0.091151014
2012-11-14,0.54492563,0.0909937,0.090993725,0.0909937,0.0909937,0.091099545
2012-11-15,0.100007035,0.100007035,0.4999447,0.100007035,0.100007035,0.10002713
2012-11-16,0.09109635,0.091095455,0.09109593,0.09109545,0.54429424,0.09132261
2012-11-19,0.091115706,0.091122985,0.091135666,0.091434546,0.091109864,0.5440812
2012-11-20,0.100009225,0.100009225,0.49992764,0.100009225,0.100009225,0.100035526
2012-11-21,0.091115706,0.091122985,0.091135666,0.091434546,0.091109864,0.5440812
2012-11-23,0.11135327,0.111429416,0.11134727,0.111398235,0.11133026,0.4431415
2012-11-26,0.091115706,0.091122985,0.091135666,0.091434546,0.091109864,0.5440812
2012-11-27,0.5431843,0.091271855,0.09127195,0.091271855,0.091271855,0.09172818
2012-11-28,0.09092712,0.09092703,0.09092708,0.09092703,0.5453429,0.09094884
2012-11-29,0.0909366,0.09093647,0.09093655,0.09093647,0.5452841,0.09096975
2012-11-30,0.111366,0.1114895,0.11136,0.11141095,0.111343,0.44303054
2012-12-03,0.0909733,0.09097299,0.09097316,0.09097299,0.5450568,0.09105069
2012-12-04,0.10001251,0.10001251,0.49990162,0.10001251,0.10001251,0.10004831
2012-12-05,0.091115706,0.091122985,0.091135666,0.091434546,0.091109864,0.5440812
2012-12-06,0.10000732,0.10000732,0.49994242,0.10000732,0.10000732,0.100028254
2012-12-07,0.091115706,0.091122985,0.091135666,0.091434546,0.091109864,0.5440812
2012-12-10,0.091115706,0.091122985,0.091135666,0.091434546,0.091109864,0.5440812
2012-12-11,0.54517114,0.09095443,0.09095444,0.09095443,0.09095443,0.0910111
2012-12-12,0.091115706,0.091122985,0.091135666,0.091434546,0.091109864,0.5440812
2012-12-13,0.11135125,0.111332335,0.1113397,0.111382745,0.11131476,0.44327918
2012-12-14,0.5448914,0.090999186,0.0909992,0.090999186,0.090999186,0.09111188
2012-12-17,0.11135142,0.11142067,0.11134543,0.11139638,0.111328416,0.44315764
2012-12-18,0.091115706,0.091122985,0.091135666,0.091434546,0.091109864,0.5440812
2012-12-19,0.100011945,0.100011945,0.4999062,0.100011945,0.100011945,0.10004605
2012-12-20,0.10001216,0.10001216,0.49990448,0.10001216,0.10001216,0.100046895
2012-12-21,0.09095425,0.090954036,0.090954155,0.090954036,0.54517484,0.091008656
2012-12-24,0.090927914,0.090927824,0.090927884,0.090927824,0.545338,0.090950586
2012-12-26,0.091115706,0.091122985,0.091135666,0.091434546,0.091109864,0.5440812
2012-12-27,0.1000366,0.10003662,0.4997123,0.1000366,0.1000366,0.10014128
2012-12-28,0.10001062,0.10001062,0.4999165,0.10001062,0.10001062,0.10004097
2012-12-31,0.090934254,0.09093413,0.0909342,0.09093413,0.54529876,0.09096457
2013-01-02,0.091003515,0.09100306,0.0910033,0.09100305,0.54486966,0.09111739
2013-01-03,0.091115706,0.091122985,0.091135666,0.091434546,0.091109864,0.5440812
2013-01-04,0.10000713,0.10000713,0.4999439,0.10000713,0.10000713,0.10002754
2013-01-07,0.11134875,0.111408055,0.11134276,0.11139371,0.11132574,0.443181
2013-01-08,0.091115706,0.091122985,0.091135666,0.091434546,0.091109864,0.5440812
2013-01-09,0.5451037,0.090965204,0.09096521,0.090965204,0.090965204,0.09103536
2013-01-10,0.11135883,0.11145562,0.11135283,0.11140379,0.11133582,0.44309312
2013-01-11,0.091115706,0.091122985,0.091135666,0.091434546,0.091109864,0.5440812
2013-01-14,0.111655295,0.11286358,0.11166002,0.11167389,0.111632384,0.44051486
2013-01-15,0.10000364,0.10000364,0.49997145,0.10000364,0.10000364,0.100014
2013-01-16,0.54459935,0.09104586,0.0910459,0.09104586,0.09104586,0.091217145
2013-01-17,0.100006826,0.100006826,0.4999463,0.100006826,0.100006826,0.10002635
2013-01-18,0.091115706,0.091122985,0.091135666,0.091434546,0.091109864,0.5440812
2013-01-22,0.5448554,0.09100494,0.09100496,0.09100494,0.09100494,0.091124855
2013-01-23,0.100013144,0.100013144,0.49989668,0.100013144,0.100013144,0.10005071
2013-01-24,0.54477,0.09101859,0.09101861,0.09101859,0.09101859,0.09115562
2013-01-25,0.100048274,0.10004828,0.4996205,0.100048274,0.100048274,0.10018635
2013-01-28,0.14293286,0.14294982,0.1429588,0.14295495,0.14291833,0.2852852
2013-01-29,0.1429403,0.14294644,0.14295949,0.14295563,0.14291903,0.28527912
2013-01-30,0.54454046,0.09105527,0.091055304,0.09105527,0.09105527,0.09123836
2013-01-31,0.11135166,0.111421816,0.11134568,0.11139663,0.111328654,0.4431556
2013-02-01,0.5442131,0.09110759,0.091107644,0.09110759,0.09110759,0.09135646
2013-02-04,0.54447204,0.09106621,0.09106625,0.09106621,0.09106621,0.091263056
2013-02-05,0.090999104,0.09099869,0.0909989,0.09099867,0.5448969,0.091107674
2013-02-06,0.54485327,0.091005266,0.09100529,0.091005266,0.091005266,0.0911256
2013-02-07,0.091115706,0.091122985,0.091135666,0.091434546,0.091109864,0.5440812
2013-02-08,0.09092285,0.09092277,0.09092282,0.09092277,0.5453694,0.0909394
2013-02-11,0.100277506,0.10025904,0.10025024,0.10026172,0.10023606,0.49871543
2013-02-12,0.09107048,0.091069706,0.09107012,0.0910697,0.5444546,0.09126541
2013-02-13,0.11138422,0.11157565,0.11137824,0.11142916,0.11136123,0.44287154
2013-02-14,0.091115706,0.091122985,0.091135666,0.091434546,0.091109864,0.5440812
2013-02-15,0.091115706,0.091122985,0.091135666,0.091434546,0.091109864,0.5440812
2013-02-19,0.5449286,0.09099321,0.09099324,0.09099321,0.09099321,0.09109845
2013-02-20,0.5450308,0.09097688,0.09097691,0.09097688,0.09097688,0.09106167
2013-02-21,0.091115706,0.091122985,0.091135666,0.091434546,0.091109864,0.5440812
2013-02-22,0.10001024,0.10001024,0.4999194,0.10001024,0.10001024,0.10003953
2013-02-25,0.10000813,0.10000813,0.49993616,0.10000813,0.10000813,0.10003133
2013-02-26,0.100011945,0.100011945,0.4999061,0.100011945,0.100011945,0.10004608
2013-02-27,0.090949304,0.09094911,0.09094923,0.09094911,0.5452055,0.09099776
2013-02-28,0.10000316,0.10000316,0.4999752,0.10000316,0.10000316,0.10001219
2013-03-01,0.09091669,0.09091667,0.090916686,0.09091667,0.5454074,0.09092588
2013-03-04,0.100284725,0.10026462,0.100265756,0.10026895,0.10024328,0.49867263
2013-03-05,0.10000492,0.10000492,0.49996138,0.10000492,0.10000492,0.10001895
2013-03-06,0.1429402,0.14294371,0.14295939,0.14295553,0.14291893,0.2852822
2013-03-07,0.09108213,0.09108129,0.09108174,0.091081284,0.5443824,0.09129115
2013-03-08,0.1429403,0.14294674,0.14295949,0.14295563,0.14291903,0.28527874
2013-03-11,0.10001976,0.10001976,0.49984473,0.10001976,0.10001976,0.100076236
2013-03-12,0.11135027,0.11133009,0.111338705,0.11138176,0.11131379,0.44328532
2013-03-13,0.10000651,0.10000651,0.49994892,0.10000651,0.10000651,0.10002507
2013-03-14,0.091115706,0.091122985,0.091135666,0.091434546,0.091109864,0.5440812
2013-03-15,0.11296177,0.11947181,0.1129664,0.11298004,0.11293923,0.4286808
2013-03-18,0.54470426,0.09102909,0.09102912,0.09102909,0.09102909,0.09117929
2013-03-19,0.100004986,0.100004986,0.4999609,0.100004986,0.100004986,0.10001922
2013-03-20,0.091115706,0.091122985,0.091135666,0.091434546,0.091109864,0.5440812
2013-03-21,0.111479655,0.112022035,0.111484386,0.111498296,0.11145668,0.442059
2013-03-22,0.10000515,0.10000515,0.49995947,0.10000515,0.10000515,0.10001986
2013-03-25,0.11134825,0.111405745,0.111342266,0.111393206,0.11132526,0.44318527
2013-03-26,0.5453002,0.090933785,0.0909338,0.090933785,0.090933785,0.090964645
2013-03-27,0.091115706,0.091122985,0.091135666,0.091434546,0.091109864,0.5440812
2013-03-28,0.091115706,0.091122985,0.091135666,0.091434546,0.091109864,0.5440812
2013-04-01,0.54476964,0.09101865,0.09101868,0.09101865,0.09101865,0.09115576
2013-04-02,0.091115706,0.091122985,0.091135666,0.091434546,0.091109864,0.5440812
2013-04-03,0.12519659,0.12515576,0.12515421,0.12516855,0.12513651,0.3741884
2013-04-04,0.091115706,0.091122985,0.091135666,0.091434546,0.091109864,0.5440812
2013-04-05,0.09104445,0.0910438,0.091044135,0.091043785,0.54461604,0.09120781
2013-04-08,0.091115706,0.091122985,0.091135666,0.091434546,0.091109864,0.5440812
2013-04-09,0.09142171,0.09141923,0.09142055,0.091419205,0.5422742,0.0920451
2013-04-10,0.100014254,0.100014254,0.49988803,0.100014254,0.100014254,0.10005499
2013-04-11,0.092122406,0.0921165,0.09211967,0.09211642,0.53790647,0.09361856
2013-04-12,0.5445312,0.09105677,0.0910568,0.09105677,0.09105677,0.09124174
2013-04-15,0.11151672,0.11219882,0.11152146,0.11153536,0.11149376,0.4417338
2013-04-16,0.09099747,0.090997055,0.09099727,0.090997055,0.5449071,0.09110405
2013-04-17,0.091115706,0.091122985,0.091135666,0.091434546,0.091109864,0.5440812
2013-04-18,0.09099416,0.09099374,0.09099397,0.09099374,0.5449276,0.09109673
2013-04-19,0.09095068,0.090950474,0.090950586,0.090950474,0.545197,0.09100078
2013-04-22,0.10044883,0.1004489,0.49645406,0.10044879,0.10044879,0.10175063
2013-04-23,0.10065608,0.10065616,0.49480265,0.100656,0.100656,0.102573045
2013-04-24,0.111360505,0.111463584,0.111354515,0.11140547,0.111337505,0.44307837
2013-04-25,0.091115706,0.091122985,0.091135666,0.091434546,0.091109864,0.5440812
2013-04-26,0.090993285,0.09099287,0.09099309,0.09099287,0.5449331,0.0910948
2013-04-29,0.54291594,0.09131466,0.09131477,0.09131466,0.09131467,0.09182529
2013-04-30,0.5427592,0.09133967,0.091339774,0.09133967,0.09133968,0.09188203
2013-05-01,0.09100429,0.091003835,0.091004066,0.09100383,0.5448649,0.091119096
2013-05-02,0.11136161,0.11146875,0.11135561,0.111406565,0.1113386,0.44306892
2013-05-03,0.091115706,0.091122985,0.091135666,0.091434546,0.091109864,0.5440812
2013-05-06,0.09129017,0.091288336,0.09128933,0.09128831,0.5430915,0.0917524
2013-05-07,0.091115706,0.091122985,0.091135666,0.091434546,0.091109864,0.5440812
2013-05-08,0.10022407,0.1002241,0.4982348,0.100224055,0.100224055,0.10086889
2013-05-09,0.091115706,0.091122985,0.091135666,0.091434546,0.091109864,0.5440812
2013-05-10,0.09106556,0.09106481,0.09106522,0.0910648,0.5444851,0.09125451
2013-05-13,0.091115706,0.091122985,0.091135666,0.091434546,0.091109864,0.5440812
2013-05-14,0.11152249,0.11222632,0.11152723,0.111541115,0.11149953,0.4416833
2013-05-15,0.091115706,0.091122985,0.091135666,0.091434546,0.091109864,0.5440812
2013-05-16,0.1000093,0.1000093,0.49992698,0.1000093,0.1000093,0.100035846
2013-05-17,0.10001748,0.10001748,0.4998627,0.10001748,0.10001748,0.100067414
2013-05-20,0.09096628,0.090966,0.09096616,0.090966,0.54510033,0.09103522
2013-05-21,0.11140213,0.11166046,0.11139614,0.11144708,0.11137915,0.442715
2013-05-22,0.1113679,0.11149848,0.111361906,0.111412846,0.11134489,0.443014
2013-05-23,0.10038552,0.10038556,0.49695674,0.10038548,0.10038548,0.101501204
2013-05-24,0.09092584,0.09092575,0.090925805,0.09092575,0.54535085,0.090946004
2013-05-28,0.091115706,0.091122985,0.091135666,0.091434546,0.091109864,0.5440812
2013-05-29,0.090936884,0.090936765,0.09093683,0.090936765,0.54528236,0.09097038
2013-05-30,0.111349724,0.111412674,0.11134373,0.11139469,0.11132672,0.44317248
2013-05-31,0.11139915,0.11164635,0.11139315,0.11144409,0.11137616,0.44274107
2013-06-03,0.10001103,0.10001103,0.49991325,0.10001103,0.10001103,0.10004257
2013-06-04,0.1000183,0.1000183,0.49985626,0.1000183,0.1000183,0.10007057
2013-06-05,0.5448732,0.091002084,0.0910021,0.091002084,0.091002084,0.09111842
2013-06-06,0.10001177,0.10001177,0.49990752,0.10001177,0.10001177,0.1000454
2013-06-07,0.11138456,0.1115773,0.11137857,0.111429505,0.11136157,0.4428684
2013-06-10,0.091115706,0.091122985,0.091135666,0.091434546,0.091109864,0.5440812
2013-06-11,0.100004725,0.100004725,0.49996287,0.100004725,0.100004725,0.10001824
2013-06-12,0.11142026,0.11174628,0.11141427,0.11146519,0.111397274,0.44255683
2013-06-13,0.11144739,0.11186855,0.111452125,0.11146603,0.1114244,0.44234157
2013-06-14,0.5444373,0.09107177,0.091071814,0.09107177,0.09107177,0.091275595
2013-06-17,0.100008264,0.100008264,0.49993503,0.100008264,0.100008264,0.10003186
2013-06-18,0.10000619,0.10000619,0.49995136,0.10000619,0.10000619,0.10002388
2013-06-19,0.10000852,0.10000852,0.49993306,0.10000852,0.10000852,0.100032866
2013-06-20,0.54444975,0.09106978,0.09106983,0.09106978,0.09106978,0.09127111
2013-06-21,0.091115706,0.091122985,0.091135666,0.091434546,0.091109864,0.5440812
2013-06-24,0.10014848,0.1001485,0.4988314,0.10014847,0.10014847,0.10057461
2013-06-25,0.54462725,0.09104141,0.09104144,0.09104141,0.09104141,0.09120709
2013-06-26,0.100298144,0.100298174,0.4976491,0.10029811,0.10029811,0.101158306
2013-06-27,0.091115706,0.091122985,0.091135666,0.091434546,0.091109864,0.5440812
2013-06-28,0.09093373,0.09093361,0.09093368,0.09093361,0.5453019,0.090963416
2013-07-01,0.100075975,0.100075975,0.49940276,0.10007597,0.10007597,0.100293435
2013-07-02,0.090935074,0.09093494,0.090935014,0.09093494,0.54529357,0.09096637
2013-07-03,0.09094504,0.09094487,0.09094497,0.09094487,0.5452319,0.09098837
2013-07-05,0.14294043,0.14295016,0.14295962,0.14295578,0.14291917,0.28527486
2013-07-08,0.091115706,0.091122985,0.091135666,0.091434546,0.091109864,0.5440812
2013-07-09,0.10097983,0.10097995,0.4922048,0.10097972,0.10097972,0.10387599
2013-07-10,0.14294024,0.14294484,0.14295945,0.14295559,0.14291897,0.2852809
2013-07-11,0.091115706,0.091122985,0.091135666,0.091434546,0.091109864,0.5440812
2013-07-12,0.10026565,0.10025447,0.100246996,0.10025847,0.1002328,0.4987416
2013-07-15,0.1113433,0.111382335,0.111337304,0.111388266,0.11132029,0.44322848
2013-07-16,0.543812,0.091171674,0.09117173,0.091171674,0.091171674,0.091501296
2013-07-17,0.091474995,0.09147225,0.09147372,0.09147222,0.5419429,0.092163906
2013-07-18,0.5439779,0.091145165,0.09114523,0.091145165,0.091145165,0.09144137
2013-07-19,0.100103416,0.10010343,0.49918658,0.10010341,0.10010341,0.10039974
2013-07-22,0.091115706,0.091122985,0.091135666,0.091434546,0.091109864,0.5440812
2013-07-23,0.54442775,0.0910733,0.09107334,0.0910733,0.0910733,0.09127904
2013-07-24,0.10061353,0.1006136,0.49514243,0.10061347,0.10061347,0.10240345
2013-07-25,0.0911027,0.09110176,0.091102265,0.09110175,0.54425496,0.09133664
2013-07-26,0.544497,0.091062225,0.09106227,0.091062225,0.091062225,0.091254056
2013-07-29,0.10027743,0.10025886,0.10025017,0.10026166,0.10023599,0.49871597
2013-07-30,0.09099416,0.09099374,0.09099397,0.09099374,0.5449276,0.09109673
2013-07-31,0.54339004,0.09123901,0.09123911,0.09123901,0.09123903,0.091653764
2013-08-01,0.091115706,0.091122985,0.091135666,0.091434546,0.091109864,0.5440812
2013-08-02,0.10010746,0.100107476,0.4991547,0.10010745,0.10010745,0.10041546
2013-08-05,0.10015345,0.100153476,0.49879223,0.10015343,0.10015343,0.10059393
2013-08-06,0.09105066,0.09105,0.09105036,0.09104999,0.5445773,0.091221616
2013-08-07,0.5444357,0.09107202,0.09107207,0.09107202,0.09107202,0.09127617
2013-08-08,0.10008306,0.100083075,0.49934688,0.10008305,0.10008305,0.1003209
2013-08-09,0.100163445,0.10016347,0.49871334,0.10016343,0.10016343,0.10063282
2013-08-12,0.10026576,0.10025479,0.1002471,0.10025858,0.100232914,0.49874094
2013-08-13,0.091352165,0.091350034,0.09135118,0.09135,0.54270643,0.09189023
2013-08-14,0.100034416,0.100034416,0.49972954,0.100034416,0.100034416,0.1001328
2013-08-15,0.11135439,0.111434735,0.1113484,0.11139936,0.11133137,0.44313166
2013-08-16,0.091115706,0.091122985,0.091135666,0.091434546,0.091109864,0.5440812
2013-08-19,0.091115706,0.091122985,0.091135666,0.091434546,0.091109864,0.5440812
2013-08-20,0.091115706,0.091122985,0.091135666,0.091434546,0.091109864,0.5440812
2013-08-21,0.091115706,0.091122985,0.091135666,0.091434546,0.091109864,0.5440812
2013-08-22,0.10026638,0.10025673,0.1002477,0.10025919,0.100233525,0.49873635
2013-08-23,0.091021374,0.09102084,0.09102112,0.09102083,0.54475904,0.09115684
2013-08-26,0.091115706,0.091122985,0.091135666,0.091434546,0.091109864,0.5440812
2013-08-27,0.545185,0.09095222,0.09095223,0.09095222,0.09095222,0.091006115
2013-08-28,0.10001647,0.10001647,0.4998707,0.10001647,0.10001647,0.10006349
2013-08-29,0.10027756,0.10025918,0.10025029,0.10026177,0.10023611,0.49871513
2013-08-30,0.11135978,0.11146013,0.111353785,0.11140475,0.11133678,0.4430848
2013-09-03,0.091115706,0.091122985,0.091135666,0.091434546,0.091109864,0.5440812
2013-09-04,0.54483324,0.09100847,0.09100849,0.09100847,0.09100847,0.091132835
2013-09-05,0.10000495,0.10000495,0.49996114,0.10000495,0.10000495,0.10001908
2013-09-06,0.09094035,0.09094019,0.09094028,0.09094019,0.54526097,0.090978
2013-09-09,0.10000299,0.10000299,0.49997652,0.10000299,0.10000299,0.10001154
2013-09-10,0.10000263,0.10000263,0.49997932,0.10000263,0.10000263,0.10001016
2013-09-11,0.5452162,0.09094723,0.09094723,0.09094723,0.09094723,0.09099488
2013-09-12,0.10028616,0.10026741,0.100267194,0.10027038,0.10024471,0.49866414
2013-09-13,0.09099764,0.09099722,0.090997435,0.0909972,0.544906,0.09110442
2013-09-16,0.091115706,0.091122985,0.091135666,0.091434546,0.091109864,0.5440812
2013-09-17,0.54490554,0.09099691,0.09099693,0.09099691,0.09099691,0.09110678
2013-09-18,0.1113438,0.11136133,0.111345716,0.111388765,0.11132079,0.4432396
2013-09-19,0.10045354,0.1004536,0.4964168,0.10045349,0.10045349,0.101769164
2013-09-20,0.10006123,0.10006123,0.49951875,0.100061215,0.100061215,0.10023639
2013-09-23,0.10000293,0.10000293,0.49997687,0.10000293,0.10000293,0.10001133
2013-09-24,0.100002915,0.100002915,0.499977,0.100002915,0.100002915,0.100011274
2013-09-25,0.10000716,0.10000716,0.49994373,0.10000716,0.10000716,0.10002761
2013-09-26,0.12519608,0.12515226,0.1251537,0.12516804,0.125136,0.37419388
2013-09-27,0.12519646,0.12515478,0.12515408,0.12516841,0.12513636,0.37418994
2013-09-30,0.10001309,0.10001309,0.49989715,0.10001309,0.10001309,0.100050494
2013-10-01,0.11135158,0.11133311,0.11134003,0.11138308,0.11131512,0.44327712
2013-10-02,0.100007884,0.100007884,0.499938,0.100007884,0.100007884,0.100030385
2013-10-03,0.5441141,0.09112341,0.09112346,0.09112341,0.09112341,0.091392204
2013-10-04,0.091115706,0.091122985,0.091135666,0.091434546,0.091109864,0.5440812
2013-10-07,0.12513724,0.12514661,0.12516464,0.12516128,0.12512921,0.37426102
2013-10-08,0.54488087,0.09100085,0.09100087,0.09100085,0.09100085,0.09111566
2013-10-09,0.1429403,0.14294676,0.1429595,0.14295565,0.14291903,0.28527874
2013-10-10,0.5450296,0.09097707,0.090977095,0.09097707,0.09097707,0.09106208
2013-10-11,0.54495364,0.090989225,0.09098925,0.090989225,0.090989225,0.091089465
2013-10-14,0.11138591,0.111583605,0.11137992,0.11143085,0.11136292,0.44285682
2013-10-15,0.091115706,0.091122985,0.091135666,0.091434546,0.091109864,0.5440812
2013-10-16,0.091115706,0.091122985,0.091135666,0.091434546,0.091109864,0.5440812
2013-10-17,0.091013886,0.09101338,0.09101364,0.09101337,0.5448054,0.09114029
2013-10-18,0.10002954,0.10002955,0.4997679,0.10002954,0.10002954,0.10011399
2013-10-21,0.09092562,0.090925545,0.090925574,0.090925545,0.5453521,0.09094555
2013-10-22,0.11135684,0.1114462,0.11135083,0.11140179,0.111333825,0.4431105
2013-10-23,0.10000962,0.10000962,0.49992436,0.10000962,0.10000962,0.10003711
2013-10-24,0.091115706,0.091122985,0.091135666,0.091434546,0.091109864,0.5440812
2013-10-25,0.091115706,0.091122985,0.091135666,0.091434546,0.091109864,0.5440812
2013-10-28,0.091115706,0.091122985,0.091135666,0.091434546,0.091109864,0.5440812
2013-10-29,0.54395664,0.09114856,0.09114862,0.09114856,0.09114856,0.091449045
2013-10-30,0.10007397,0.10007397,0.49941853,0.10007395,0.10007395,0.10028568
2013-10-31,0.091115706,0.091122985,0.091135666,0.091434546,0.091109864,0.5440812
2013-11-01,0.100136295,0.10013632,0.49892762,0.10013628,0.10013628,0.10052726
2013-11-04,0.54315215,0.09127698,0.09127707,0.09127698,0.09127699,0.09173981
2013-11-05,0.54349333,0.09122253,0.091222614,0.09122253,0.09122254,0.09161642
2013-11-06,0.5442649,0.09109932,0.09109936,0.09109932,0.09109932,0.09133779
2013-11-07,0.091115706,0.091122985,0.091135666,0.091434546,0.091109864,0.5440812
2013-11-08,0.10000413,0.10000413,0.4999677,0.10000413,0.10000413,0.10001588
2013-11-11,0.10000271,0.10000271,0.49997866,0.10000271,0.10000271,0.10001046
2013-11-12,0.54498774,0.09098376,0.09098379,0.09098376,0.09098376,0.091077164
2013-11-13,0.091115706,0.091122985,0.091135666,0.091434546,0.091109864,0.5440812
2013-11-14,0.09140467,0.091402285,0.09140356,0.091402255,0.5423801,0.09200715
2013-11-15,0.100210905,0.10021093,0.49833894,0.100210875,0.100210875,0.10081749
2013-11-18,0.091115706,0.091122985,0.091135666,0.091434546,0.091109864,0.5440812
2013-11-19,0.091115706,0.091122985,0.091135666,0.091434546,0.091109864,0.5440812
2013-11-20,0.5449713,0.0909864,0.09098643,0.0909864,0.0909864,0.09108311
2013-11-21,0.09097093,0.090970635,0.09097079,0.090970635,0.5450714,0.091045484
2013-11-22,0.100032605,0.10003263,0.4997437,0.100032605,0.100032605,0.100125834
2013-11-25,0.09095052,0.09095032,0.09095042,0.09095032,0.545198,0.09100044
2013-11-26,0.14294046,0.14296429,0.14295126,0.1429558,0.1429192,0.28526896
2013-11-27,0.09093819,0.09093804,0.09093812,0.09093804,0.5452744,0.09097325
2013-11-29,0.091115706,0.091122985,0.091135666,0.091434546,0.091109864,0.5440812
2013-12-02,0.10001965,0.10001965,0.49984562,0.10001965,0.10001965,0.10007581
2013-12-03,0.091115706,0.091122985,0.091135666,0.091434546,0.091109864,0.5440812
2013-12-04,0.100033596,0.10003362,0.49973592,0.100033596,0.100033596,0.100129664
2013-12-05,0.14294045,0.1429639,0.14295125,0.1429558,0.14291918,0.28526935
2013-12-06,0.14294046,0.14297104,0.14295125,0.1429558,0.14291918,0.28526223
2013-12-09,0.10002484,0.10002484,0.49980482,0.10002484,0.10002484,0.10009583
2013-12-10,0.09097454,0.09097423,0.0909744,0.09097423,0.5450491,0.09105344
2013-12-11,0.10002524,0.10002524,0.49980167,0.10002524,0.10002524,0.10009739
2013-12-12,0.10027827,0.10026103,0.10025101,0.10026249,0.100236826,0.4987104
2013-12-13,0.09121358,0.09121211,0.0912129,0.09121209,0.543567,0.09158234
2013-12-16,0.09154191,0.09153885,0.09154048,0.0915388,0.5415267,0.092313305
2013-12-17,0.091115706,0.091122985,0.091135666,0.091434546,0.091109864,0.5440812
2013-12-18,0.100018896,0.100018896,0.4998515,0.100018896,0.100018896,0.10007291
2013-12-19,0.5442762,0.091097526,0.09109756,0.091097526,0.091097526,0.09133372
2013-12-20,0.091115706,0.091122985,0.091135666,0.091434546,0.091109864,0.5440812
2013-12-23,0.091115706,0.091122985,0.091135666,0.091434546,0.091109864,0.5440812
2013-12-24,0.09093098,0.090930864,0.09093092,0.090930864,0.5453191,0.090957336
2013-12-26,0.091115706,0.091122985,0.091135666,0.091434546,0.091109864,0.5440812
2013-12-27,0.14294015,0.14294195,0.14295933,0.14295548,0.14291887,0.28528425
2013-12-30,0.09094995,0.09094976,0.09094986,0.09094976,0.5452015,0.09099919
2013-12-31,0.111406855,0.11168279,0.111400865,0.11145179,0.11138387,0.4426739
2014-01-02,0.091013335,0.091012836,0.091013096,0.09101283,0.54480886,0.091139056
2014-01-03,0.091115706,0.091122985,0.091135666,0.091434546,0.091109864,0.5440812
2014-01-06,0.09095953,0.09095928,0.09095941,0.09095928,0.54514223,0.09102029
2014-01-07,0.11140701,0.11168355,0.111401014,0.111451946,0.11138402,0.44267243
2014-01-08,0.54483044,0.09100893,0.091008954,0.09100893,0.09100893,0.09113386
2014-01-09,0.090929784,0.09092969,0.09092974,0.09092969,0.5453264,0.090954706
2014-01-10,0.11149429,0.112091795,0.111499034,0.11151294,0.11147133,0.44193062
2014-01-13,0.10000563,0.10000563,0.4999559,0.10000563,0.10000563,0.10002167
2014-01-14,0.10001409,0.10001409,0.49988922,0.10001409,0.10001409,0.10005437
2014-01-15,0.10004341,0.10004342,0.49965882,0.10004341,0.10004341,0.10016754
2014-01-16,0.5438069,0.09117247,0.091172546,0.09117247,0.09117247,0.09150313
2014-01-17,0.09105598,0.09105527,0.09105565,0.09105526,0.5445445,0.09123331
2014-01-21,0.54381955,0.09117045,0.09117051,0.09117045,0.09117045,0.09149856
2014-01-22,0.10002978,0.10002979,0.499766,0.10002978,0.10002978,0.10011492
2014-01-23,0.1002778,0.10025943,0.10029146,0.10027063,0.100244954,0.49865574
2014-01-24,0.10017734,0.10017735,0.4986039,0.10017731,0.10017731,0.100686766
2014-01-27,0.091913894,0.09190901,0.09191162,0.09190895,0.53920877,0.09314779
2014-01-28,0.54482335,0.09101006,0.09101007,0.09101006,0.09101006,0.0911364
2014-01-29,0.091115706,0.091122985,0.091135666,0.091434546,0.091109864,0.5440812
2014-01-30,0.091115706,0.091122985,0.091135666,0.091434546,0.091109864,0.5440812
2014-01-31,0.091115706,0.091122985,0.091135666,0.091434546,0.091109864,0.5440812
2014-02-03,0.091115706,0.091122985,0.091135666,0.091434546,0.091109864,0.5440812
2014-02-04,0.54399174,0.09114296,0.091143034,0.09114296,0.09114296,0.09143639
2014-02-05,0.091115706,0.091122985,0.091135666,0.091434546,0.091109864,0.5440812
2014-02-06,0.090915345,0.09091531,0.09091533,0.09091531,0.5454158,0.09092288
2014-02-07,0.5450781,0.09096932,0.090969324,0.09096932,0.09096932,0.09104462
2014-02-10,0.091115706,0.091122985,0.091135666,0.091434546,0.091109864,0.5440812
2014-02-11,0.091115706,0.091122985,0.091135666,0.091434546,0.091109864,0.5440812
2014-02-12,0.54477113,0.09101841,0.09101844,0.09101841,0.09101841,0.09115521
2014-02-13,0.09097434,0.09097402,0.09097419,0.09097402,0.54505044,0.09105299
2014-02-14,0.091115706,0.091122985,0.091135666,0.091434546,0.091109864,0.5440812
2014-02-18,0.11155078,0.11236155,0.11155551,0.11156939,0.11152783,0.44143492
2014-02-19,0.11140745,0.11168561,0.11140146,0.11145239,0.11138447,0.44266865
2014-02-20,0.10000099,0.10000099,0.49999225,0.10000099,0.10000099,0.10000384
2014-02-21,0.10000265,0.10000265,0.49997926,0.10000265,0.10000265,0.10001018
2014-02-24,0.091115706,0.091122985,0.091135666,0.091434546,0.091109864,0.5440812
2014-02-25,0.091115706,0.091122985,0.091135666,0.091434546,0.091109864,0.5440812
2014-02-26,0.14294045,0.14297573,0.14295124,0.14295578,0.14291918,0.28525758
2014-02-27,0.12519693,0.12515806,0.12515455,0.12516889,0.12513685,0.37418473
2014-02-28,0.10000627,0.10000627,0.49995077,0.10000627,0.10000627,0.10002416
2014-03-03,0.11137223,0.11151896,0.11136624,0.1114172,0.11134924,0.44297618
2014-03-04,0.091115706,0.091122985,0.091135666,0.091434546,0.091109864,0.5440812
2014-03-05,0.1000156,0.1000156,0.49987748,0.1000156,0.1000156,0.10006018
2014-03-06,0.100028485,0.1000285,0.4997761,0.100028485,0.100028485,0.100109935
2014-03-07,0.10003663,0.100036636,0.4997121,0.10003663,0.10003663,0.10014138
2014-03-10,0.091251455,0.091249816,0.091250695,0.091249794,0.54333186,0.0916664
2014-03-11,0.5449937,0.090982825,0.09098285,0.090982825,0.090982825,0.09107504
2014-03-12,0.09121167,0.0912102,0.09121098,0.09121018,0.5435789,0.09157809
2014-03-13,0.091115706,0.091122985,0.091135666,0.091434546,0.091109864,0.5440812
2014-03-14,0.100003004,0.100003004,0.49997646,0.100003004,0.100003004,0.100011565
2014-03-17,0.54506135,0.09097199,0.090972,0.09097199,0.09097199,0.09105064
2014-03-18,0.091002315,0.091001876,0.091002114,0.09100187,0.5448771,0.09111476
2014-03-19,0.09096643,0.09096614,0.0909663,0.09096614,0.5450995,0.09103551
2014-03-20,0.091115706,0.091122985,0.091135666,0.091434546,0.091109864,0.5440812
2014-03-21,0.10000107,0.10000107,0.49999166,0.10000107,0.10000107,0.10000411
2014-03-24,0.10000107,0.10000107,0.49999154,0.10000107,0.10000107,0.100004144
2014-03-25,0.09093099,0.09093089,0.09093094,0.09093089,0.54531896,0.09095737
2014-03-26,0.10000488,0.10000488,0.4999616,0.10000488,0.10000488,0.10001882
2014-03-27,0.091115706,0.091122985,0.091135666,0.091434546,0.091109864,0.5440812
2014-03-28,0.10000528,0.10000528,0.4999584,0.10000528,0.10000528,0.100020394
2014-03-31,0.5448291,0.09100915,0.09100917,0.09100915,0.09100915,0.09113436
2014-04-01,0.091115706,0.091122985,0.091135666,0.091434546,0.091109864,0.5440812
2014-04-02,0.0909601,0.09095985,0.09095999,0.09095985,0.54513866,0.09102157
2014-04-03,0.5446154,0.0910433,0.09104334,0.0910433,0.0910433,0.09121137
2014-04-04,0.11135041,0.11133043,0.111338854,0.1113819,0.11131394,0.44328448
2014-04-07,0.09096214,0.09096189,0.090962015,0.09096189,0.545126,0.09102607
2014-04-08,0.1002782,0.100260854,0.10025094,0.100262426,0.10023676,0.4987108
2014-04-09,0.10026554,0.1002541,0.10024687,0.10025836,0.10023269,0.4987424
2014-04-10,0.5451057,0.09096489,0.0909649,0.09096489,0.09096489,0.09103466
2014-04-11,0.10001026,0.10001026,0.4999193,0.10001026,0.10001026,0.10003959
2014-04-14,0.091115706,0.091122985,0.091135666,0.091434546,0.091109864,0.5440812
2014-04-15,0.09098964,0.09098924,0.09098946,0.09098924,0.54495573,0.091086745
2014-04-16,0.091115706,0.091122985,0.091135666,0.091434546,0.091109864,0.5440812
2014-04-17,0.09100821,0.09100774,0.09100799,0.091007724,0.5448405,0.09112777
2014-04-21,0.091115706,0.091122985,0.091135666,0.091434546,0.091109864,0.5440812
2014-04-22,0.090998895,0.09099848,0.0909987,0.09099846,0.54489833,0.0911072
2014-04-23,0.10000134,0.10000134,0.4999894,0.10000134,0.10000134,0.10000519
2014-04-24,0.091115706,0.091122985,0.091135666,0.091434546,0.091109864,0.5440812
2014-04-25,0.09115385,0.091152675,0.0911533,0.09115266,0.54393756,0.091449946
2014-04-28,0.12519735,0.12516092,0.12515499,0.1251693,0.12513727,0.37418023
2014-04-29,0.09119114,0.0911898,0.09119051,0.09118978,0.5437062,0.0915326
2014-04-30,0.100014605,0.100014605,0.4998853,0.100014605,0.100014605,0.100056335
2014-05-01,0.11140241,0.1116618,0.11139642,0.11144734,0.11137942,0.44271258
2014-05-02,0.5439746,0.09114569,0.091145754,0.09114569,0.09114569,0.091442555
2014-05-05,0.11135094,0.11133162,0.11133939,0.11138245,0.11131446,0.4432812
2014-05-06,0.10005828,0.10005828,0.49954194,0.100058265,0.100058265,0.10022498
2014-05-07,0.11134212,0.11135584,0.11134402,0.11138707,0.111319095,0.44325188
2014-05-08,0.100013554,0.100013554,0.49989346,0.100013554,0.100013554,0.100052305
2014-05-09,0.09097273,0.090972416,0.09097258,0.090972416,0.5450604,0.09104943
2014-05-12,0.11136213,0.11147121,0.11135613,0.111407086,0.11133913,0.44306433
2014-05-13,0.091115706,0.091122985,0.091135666,0.091434546,0.091109864,0.5440812
2014-05-14,0.1000018,0.1000018,0.49998587,0.1000018,0.1000018,0.10000694
2014-05-15,0.11145955,0.111926444,0.1114643,0.1114782,0.11143658,0.44223496
2014-05-16,0.5443261,0.09108954,0.09108958,0.09108954,0.09108954,0.091315694
2014-05-19,0.111424625,0.11176702,0.11141863,0.111469544,0.11140164,0.44251853
2014-05-20,0.091115706,0.091122985,0.091135666,0.091434546,0.091109864,0.5440812
2014-05-21,0.091115706,0.091122985,0.091135666,0.091434546,0.091109864,0.5440812
2014-05-22,0.10000126,0.10000126,0.4999901,0.10000126,0.10000126,0.10000487
2014-05-23,0.10000098,0.10000098,0.4999923,0.10000098,0.10000098,0.10000377
2014-05-27,0.100267835,0.10026124,0.10024917,0.10026065,0.100234985,0.4987261
2014-05-28,0.54516023,0.09095619,0.0909562,0.09095619,0.09095619,0.091015056
2014-05-29,0.54506826,0.090970896,0.0909709,0.090970896,0.090970896,0.09104815
2014-05-30,0.11140956,0.111695655,0.111403584,0.11145451,0.11138658,0.4426501
2014-06-02,0.10000418,0.10000418,0.4999671,0.10000418,0.10000418,0.10001613
2014-06-03,0.11140743,0.1116855,0.11140144,0.11145237,0.111384444,0.4426689
2014-06-04,0.091115706,0.091122985,0.091135666,0.091434546,0.091109864,0.5440812
2014-06-05,0.10000468,0.10000468,0.49996316,0.10000468,0.10000468,0.10001806
2014-06-06,0.5449022,0.09099744,0.090997465,0.09099744,0.09099744,0.09110799
2014-06-09,0.09093952,0.090939365,0.09093945,0.090939365,0.54526615,0.09097616
2014-06-10,0.10000241,0.10000241,0.49998105,0.10000241,0.10000241,0.10000928
2014-06-11,0.091115706,0.091122985,0.091135666,0.091434546,0.091109864,0.5440812
2014-06-12,0.10000947,0.10000947,0.4999256,0.10000947,0.10000947,0.10003649
2014-06-13,0.091115706,0.091122985,0.091135666,0.091434546,0.091109864,0.5440812
2014-06-16,0.091115706,0.091122985,0.091135666,0.091434546,0.091109864,0.5440812
2014-06-17,0.100015014,0.100015014,0.49988213,0.100015014,0.100015014,0.100057885
2014-06-18,0.54417604,0.091113515,0.09111357,0.091113515,0.091113515,0.091369845
2014-06-19,0.091115706,0.091122985,0.091135666,0.091434546,0.091109864,0.5440812
2014-06-20,0.09107754,0.09107673,0.09107717,0.09107672,0.5444108,0.09128101
2014-06-23,0.10003965,0.10003966,0.4996883,0.10003965,0.10003965,0.10015305
2014-06-24,0.091115706,0.091122985,0.091135666,0.091434546,0.091109864,0.5440812
2014-06-25,0.5450355,0.090976134,0.09097616,0.090976134,0.090976134,0.09105998
2014-06-26,0.100029424,0.10002943,0.4997688,0.100029424,0.100029424,0.100113526
2014-06-27,0.09100462,0.091004156,0.0910044,0.09100415,0.54486287,0.09111982
2014-06-30,0.111348264,0.11140581,0.11134228,0.11139324,0.11132526,0.44318512
2014-07-01,0.0909877,0.09098732,0.090987526,0.09098732,0.54496765,0.09108249
2014-07-02,0.091115706,0.091122985,0.091135666,0.091434546,0.091109864,0.5440812
2014-07-03,0.091074094,0.0910733,0.09107372,0.09107328,0.5444322,0.09127339
2014-07-07,0.100026466,0.10002647,0.49979207,0.100026466,0.100026466,0.100102104
2014-07-08,0.091115706,0.091122985,0.091135666,0.091434546,0.091109864,0.5440812
2014-07-09,0.5443631,0.091083616,0.09108367,0.091083616,0.091083616,0.09130235
2014-07-10,0.091115706,0.091122985,0.091135666,0.091434546,0.091109864,0.5440812
2014-07-11,0.54469174,0.091031104,0.09103115,0.091031104,0.091031104,0.09118384
2014-07-14,0.10001034,0.10001034,0.4999187,0.10001034,0.10001034,0.10003992
2014-07-15,0.11138921,0.11159922,0.11138322,0.11143415,0.111366205,0.44282806
2014-07-16,0.5446481,0.09103807,0.0910381,0.09103807,0.09103807,0.09119957
2014-07-17,0.091115706,0.091122985,0.091135666,0.091434546,0.091109864,0.5440812
2014-07-18,0.10002848,0.10002849,0.4997762,0.10002848,0.10002848,0.10010988
2014-07-21,0.091115706,0.091122985,0.091135666,0.091434546,0.091109864,0.5440812
2014-07-22,0.10027747,0.10025896,0.10025021,0.10026169,0.10023602,0.49871567
2014-07-23,0.091115706,0.091122985,0.091135666,0.091434546,0.091109864,0.5440812
2014-07-24,0.091192625,0.09119128,0.091192,0.09119125,0.54369694,0.091535896
2014-07-25,0.54459804,0.09104608,0.09104611,0.09104608,0.09104608,0.091217615
2014-07-28,0.14294045,0.14296803,0.14295125,0.14295581,0.1429192,0.2852653
2014-07-29,0.100042716,0.10004272,0.4996642,0.100042716,0.100042716,0.10016489
2014-07-30,0.10028199,0.10027068,0.10025472,0.10026621,0.100240536,0.49868584
2014-07-31,0.09098532,0.090984955,0.09098515,0.090984955,0.5449823,0.09107724
2014-08-01,0.091115706,0.091122985,0.091135666,0.091434546,0.091109864,0.5440812
2014-08-04,0.5439018,0.09115733,0.09115739,0.09115733,0.09115733,0.091468856
2014-08-05,0.091115706,0.091122985,0.091135666,0.091434546,0.091109864,0.5440812
2014-08-06,0.5447131,0.0910277,0.09102773,0.0910277,0.0910277,0.091176145
2014-08-07,0.5449112,0.090996005,0.09099603,0.090996005,0.090996005,0.09110474
2014-08-08,0.091115706,0.091122985,0.091135666,0.091434546,0.091109864,0.5440812
2014-08-11,0.09106257,0.09106183,0.091062225,0.091061816,0.54450375,0.09124788
2014-08-12,0.5448298,0.091009036,0.09100906,0.091009036,0.091009036,0.091134086
2014-08-13,0.54477507,0.091017775,0.09101781,0.091017775,0.091017775,0.09115379
2014-08-14,0.5445749,0.09104978,0.091049805,0.09104978,0.09104978,0.091225974
2014-08-15,0.091100745,0.09109982,0.09110033,0.09109981,0.5442669,0.09133235
2014-08-18,0.091115706,0.091122985,0.091135666,0.091434546,0.091109864,0.5440812
2014-08-19,0.54430574,0.091092795,0.09109285,0.091092795,0.091092795,0.09132306
2014-08-20,0.091115706,0.091122985,0.091135666,0.091434546,0.091109864,0.5440812
2014-08-21,0.54408234,0.09112849,0.09112854,0.09112849,0.09112849,0.09140367
2014-08-22,0.10028113,0.10026844,0.100253865,0.100265354,0.10023969,0.49869153
2014-08-25,0.09104984,0.09104916,0.09104952,0.09104915,0.5445826,0.09121975
2014-08-26,0.09116468,0.091163434,0.0911641,0.09116343,0.54387045,0.09147389
2014-08-27,0.100020215,0.100020215,0.4998412,0.100020215,0.100020215,0.10007796
2014-08-28,0.100016475,0.100016475,0.49987063,0.100016475,0.100016475,0.100063525
2014-08-29,0.10001869,0.10001869,0.49985316,0.10001869,0.10001869,0.10007208
2014-09-02,0.091115706,0.091122985,0.091135666,0.091434546,0.091109864,0.5440812
2014-09-03,0.091115706,0.091122985,0.091135666,0.091434546,0.091109864,0.5440812
2014-09-04,0.5450129,0.09097974,0.09097976,0.09097974,0.09097974,0.0910681
2014-09-05,0.5450365,0.09097596,0.090975985,0.09097596,0.09097596,0.0910596
2014-09-08,0.5450823,0.090968646,0.09096865,0.090968646,0.090968646,0.09104311
2014-09-09,0.5451,0.090965815,0.09096582,0.090965815,0.090965815,0.09103674
2014-09-10,0.100007154,0.100007154,0.4999438,0.100007154,0.100007154,0.1000276
2014-09-11,0.09106177,0.09106104,0.09106144,0.09106103,0.54450846,0.091246165
2014-09-12,0.5451356,0.09096012,0.09096014,0.09096012,0.09096012,0.09102392
2014-09-15,0.54510677,0.09096473,0.090964735,0.09096473,0.09096473,0.09103427
2014-09-16,0.111372255,0.11151899,0.11136624,0.111417204,0.11134924,0.4429761
2014-09-17,0.11136224,0.11147179,0.11135624,0.1114072,0.11133924,0.44306326
2014-09-18,0.100013696,0.100013696,0.4998925,0.100013696,0.100013696,0.10005281
2014-09-19,0.09110615,0.0911052,0.091105714,0.09110519,0.5442334,0.09134431
2014-09-22,0.10000408,0.10000408,0.499968,0.10000408,0.10000408,0.1000157
2014-09-23,0.54522926,0.09094514,0.090945154,0.09094514,0.09094514,0.09099019
2014-09-24,0.10000626,0.10000626,0.4999509,0.10000626,0.10000626,0.10002411
2014-09-25,0.10001294,0.10001294,0.49989828,0.10001294,0.10001294,0.10004995
2014-09-26,0.091115706,0.091122985,0.091135666,0.091434546,0.091109864,0.5440812
2014-09-29,0.12519638,0.1251543,0.125154,0.12516835,0.1251363,0.37419066
2014-09-30,0.091115706,0.091122985,0.091135666,0.091434546,0.091109864,0.5440812
2014-10-01,0.091115706,0.091122985,0.091135666,0.091434546,0.091109864,0.5440812
2014-10-02,0.10026666,0.10025755,0.10024799,0.100259475,0.1002338,0.49873453
2014-10-03,0.091115706,0.091122985,0.091135666,0.091434546,0.091109864,0.5440812
2014-10-06,0.0911605,0.09115929,0.09115994,0.09115928,0.5438963,0.09146466
2014-10-07,0.091115706,0.091122985,0.091135666,0.091434546,0.091109864,0.5440812
2014-10-08,0.091115706,0.091122985,0.091135666,0.091434546,0.091109864,0.5440812
2014-10-09,0.091115706,0.091122985,0.091135666,0.091434546,0.091109864,0.5440812
2014-10-10,0.54508525,0.09096817,0.09096818,0.09096817,0.09096817,0.091042034
2014-10-13,0.091226175,0.091224656,0.091225475,0.091224626,0.54348886,0.09161029
2014-10-14,0.10000408,0.10000408,0.499968,0.10000408,0.10000408,0.100015715
2014-10-15,0.1000071,0.1000071,0.4999442,0.1000071,0.1000071,0.1000274
2014-10-16,0.091501065,0.0914982,0.09149974,0.091498174,0.54178065,0.0922221
2014-10-17,0.091115706,0.091122985,0.091135666,0.091434546,0.091109864,0.5440812
2014-10-20,0.10000944,0.10000944,0.49992585,0.10000944,0.10000944,0.10003638
2014-10-21,0.11149148,0.11207838,0.111496195,0.11151012,0.11146851,0.44195533
2014-10-22,0.10001707,0.10001707,0.49986586,0.10001707,0.10001707,0.10006586
2014-10-23,0.10001419,0.10001419,0.49988857,0.10001419,0.10001419,0.100054726
2014-10-24,0.091115706,0.091122985,0.091135666,0.091434546,0.091109864,0.5440812
2014-10-27,0.10028132,0.10026895,0.10025405,0.10026553,0.100239865,0.49869022
2014-10-28,0.100014836,0.100014836,0.4998835,0.100014836,0.100014836,0.1000572
2014-10-29,0.10002397,0.10002397,0.49981165,0.10002397,0.10002397,0.10009247
2014-10-30,0.5437724,0.09117799,0.09117805,0.09117799,0.09117799,0.09151561
2014-10-31,0.10005946,0.10005946,0.4995326,0.10005945,0.10005945,0.10022956
2014-11-03,0.54376173,0.09117969,0.091179766,0.09117969,0.09117969,0.09151945
2014-11-04,0.091115706,0.091122985,0.091135666,0.091434546,0.091109864,0.5440812
2014-11-05,0.54455376,0.091053165,0.091053195,0.091053165,0.091053165,0.091233596
2014-11-06,0.10005381,0.10005382,0.49957693,0.10005381,0.10005381,0.10020775
2014-11-07,0.111536145,0.112291604,0.11154087,0.11155477,0.1115132,0.44156343
2014-11-10,0.09091321,0.090913184,0.0909132,0.090913184,0.54542905,0.09091815
2014-11-11,0.090916544,0.0909165,0.09091653,0.0909165,0.54540837,0.09092552
2014-11-12,0.10026138,0.10026143,0.49793988,0.10026137,0.10026137,0.10101454
2014-11-13,0.1114201,0.11174561,0.11141411,0.11146504,0.11139712,0.44255805
2014-11-14,0.091115706,0.091122985,0.091135666,0.091434546,0.091109864,0.5440812
2014-11-17,0.11137133,0.11151468,0.11136534,0.11141629,0.11134834,0.44298404
2014-11-18,0.11139289,0.111616604,0.11138689,0.11143781,0.111369886,0.44279593
2014-11-19,0.5449715,0.09098637,0.09098639,0.09098637,0.09098637,0.091083035
2014-11-20,0.10003276,0.10003277,0.4997425,0.10003276,0.10003276,0.10012641
2014-11-21,0.10004137,0.10004138,0.49967483,0.10004137,0.10004137,0.100159645
2014-11-24,0.5450457,0.09097452,0.09097454,0.09097452,0.09097452,0.091056325
2014-11-25,0.09109261,0.09109172,0.091092214,0.091091715,0.5443174,0.09131435
2014-11-26,0.54505616,0.09097283,0.090972856,0.09097283,0.09097283,0.09105254
2014-11-28,0.5449946,0.09098268,0.090982705,0.09098268,0.09098268,0.09107472
2014-12-01,0.10001383,0.10001383,0.49989137,0.10001383,0.10001383,0.10005334
2014-12-02,0.091115706,0.091122985,0.091135666,0.091434546,0.091109864,0.5440812
2014-12-03,0.091115706,0.091122985,0.091135666,0.091434546,0.091109864,0.5440812
2014-12-04,0.09106473,0.091063984,0.091064386,0.09106397,0.5444903,0.09125267
2014-12-05,0.091115706,0.091122985,0.091135666,0.091434546,0.091109864,0.5440812
2014-12-08,0.09111682,0.091115825,0.09111636,0.09111582,0.5441672,0.09136796
2014-12-09,0.09108965,0.09108878,0.09108924,0.091088764,0.54433584,0.09130779
2014-12-10,0.09102469,0.09102414,0.09102443,0.09102412,0.5447384,0.09116418
2014-12-11,0.091115706,0.091122985,0.091135666,0.091434546,0.091109864,0.5440812
2014-12-12,0.091115706,0.091122985,0.091135666,0.091434546,0.091109864,0.5440812
2014-12-15,0.091115706,0.091122985,0.091135666,0.091434546,0.091109864,0.5440812
2014-12-16,0.100017935,0.100017935,0.49985912,0.100017935,0.100017935,0.10006917
2014-12-17,0.09117265,0.091171384,0.091172054,0.09117137,0.54382104,0.09149159
2014-12-18,0.5444374,0.09107175,0.09107179,0.09107175,0.09107175,0.09127555
2014-12-19,0.091115706,0.091122985,0.091135666,0.091434546,0.091109864,0.5440812
2014-12-22,0.5449958,0.09098247,0.0909825,0.09098247,0.09098247,0.09107426
2014-12-23,0.09095696,0.09095674,0.09095687,0.09095674,0.545158,0.091014676
2014-12-24,0.111355074,0.11143795,0.11134909,0.11140005,0.11133207,0.44312575
2014-12-26,0.091115706,0.091122985,0.091135666,0.091434546,0.091109864,0.5440812
2014-12-29,0.12519671,0.12515646,0.12515433,0.12516865,0.12513661,0.37418723
2014-12-30,0.10009805,0.10009806,0.49922884,0.10009804,0.10009804,0.10037897
2014-12-31,0.090981096,0.090980746,0.09098093,0.090980746,0.5450086,0.0910679
2015-01-02,0.11142645,0.11177568,0.11142046,0.11147136,0.111403465,0.44250253
2015-01-05,0.54451025,0.09106011,0.09106016,0.09106011,0.09106011,0.09124928
2015-01-06,0.10004563,0.10004564,0.49964133,0.10004563,0.10004563,0.10017614
2015-01-07,0.10004112,0.10004114,0.49967673,0.10004112,0.10004112,0.10015874
2015-01-08,0.091115706,0.091122985,0.091135666,0.091434546,0.091109864,0.5440812
2015-01-09,0.09093202,0.090931915,0.09093198,0.090931915,0.5453126,0.09095964
2015-01-12,0.100001544,0.100001544,0.49998772,0.100001544,0.100001544,0.100005984
2015-01-13,0.112024836,0.114668556,0.11202954,0.11204335,0.11200202,0.43723163
2015-01-14,0.54508245,0.09096863,0.09096863,0.09096863,0.09096863,0.09104304
2015-01-15,0.11193438,0.11422225,0.11193909,0.111952916,0.11191153,0.43803987
2015-01-16,0.091115706,0.091122985,0.091135666,0.091434546,0.091109864,0.5440812
2015-01-20,0.090976626,0.09097629,0.09097647,0.09097629,0.5450363,0.09105803
2015-01-21,0.11161485,0.11266889,0.111619584,0.11163346,0.11159191,0.44087124
2015-01-22,0.091115706,0.091122985,0.091135666,0.091434546,0.091109864,0.5440812
2015-01-23,0.5437128,0.0911875,0.09118758,0.0911875,0.0911875,0.091537125
2015-01-26,0.54327184,0.09125789,0.09125798,0.09125789,0.0912579,0.091696545
2015-01-27,0.091115706,0.091122985,0.091135666,0.091434546,0.091109864,0.5440812
2015-01-28,0.091115706,0.091122985,0.091135666,0.091434546,0.091109864,0.5440812
2015-01-29,0.09093174,0.090931624,0.09093169,0.090931624,0.54531425,0.09095904
2015-01-30,0.11137014,0.11150907,0.11136413,0.111415096,0.11134713,0.44299442
2015-02-02,0.11144298,0.11184768,0.11144771,0.111461625,0.111420006,0.44237998
2015-02-03,0.091115706,0.091122985,0.091135666,0.091434546,0.091109864,0.5440812
2015-02-04,0.09092641,0.09092633,0.09092636,0.09092633,0.5453473,0.09094727
2015-02-05,0.091115706,0.091122985,0.091135666,0.091434546,0.091109864,0.5440812
2015-02-06,0.091115706,0.091122985,0.091135666,0.091434546,0.091109864,0.5440812
2015-02-09,0.54506236,0.09097183,0.090971835,0.09097183,0.09097183,0.09105027
2015-02-10,0.5449399,0.09099142,0.09099145,0.09099142,0.09099142,0.09109442
2015-02-11,0.54460424,0.09104509,0.09104513,0.09104509,0.09104509,0.09121539
2015-02-12,0.54443896,0.0910715,0.09107155,0.0910715,0.0910715,0.09127499
2015-02-13,0.5445659,0.09105121,0.09105125,0.09105121,0.09105121,0.09122921
2015-02-17,0.10001239,0.10001239,0.49990264,0.10001239,0.10001239,0.10004783
2015-02-18,0.54446524,0.0910673,0.09106735,0.0910673,0.0910673,0.091265514
2015-02-19,0.5445393,0.09105548,0.09105551,0.09105548,0.09105548,0.09123883
2015-02-20,0.111344635,0.1113886,0.11133864,0.11138959,0.11132161,0.44321692
2015-02-23,0.5451299,0.09096104,0.09096105,0.09096104,0.09096104,0.09102598
2015-02-24,0.11134641,0.111397035,0.11134041,0.111391366,0.1113234,0.44320133
2015-02-25,0.09117393,0.09117266,0.09117333,0.091172636,0.54381305,0.09149443
2015-02-26,0.09104826,0.09104759,0.09104795,0.09104758,0.5445923,0.091216266
2015-02-27,0.10027775,0.10025931,0.100291416,0.10027058,0.10024491,0.4986561
2015-03-02,0.111378394,0.11154815,0.11137242,0.11142336,0.1113554,0.44292223
2015-03-03,0.091115706,0.091122985,0.091135666,0.091434546,0.091109864,0.5440812
2015-03-04,0.5451385,0.090959676,0.09095968,0.090959676,0.090959676,0.091022894
2015-03-05,0.091115706,0.091122985,0.091135666,0.091434546,0.091109864,0.5440812
2015-03-06,0.091115706,0.091122985,0.091135666,0.091434546,0.091109864,0.5440812
2015-03-09,0.5443675,0.09108293,0.091082975,0.09108293,0.09108293,0.09130078
2015-03-10,0.54413795,0.09111961,0.09111967,0.09111961,0.09111961,0.0913836
2015-03-11,0.544307,0.09109259,0.09109263,0.09109259,0.09109259,0.091322586
2015-03-12,0.09157867,0.09157544,0.09157717,0.0915754,0.54129785,0.092395484
2015-03-13,0.11134375,0.111361176,0.11134567,0.11138872,0.11132074,0.44323993
2015-03-16,0.100000575,0.100000575,0.4999956,0.100000575,0.100000575,0.10000219
2015-03-17,0.5448414,0.09100717,0.0910072,0.09100717,0.09100717,0.091129914
2015-03-18,0.09096303,0.090962775,0.09096291,0.090962775,0.5451205,0.09102806
2015-03-19,0.090951055,0.09095086,0.09095096,0.09095086,0.5451946,0.09100162
2015-03-20,0.091115706,0.091122985,0.091135666,0.091434546,0.091109864,0.5440812
2015-03-23,0.091115706,0.091122985,0.091135666,0.091434546,0.091109864,0.5440812
2015-03-24,0.11140144,0.11165711,0.111395426,0.111446366,0.111378446,0.44272122
2015-03-25,0.10001682,0.10001682,0.49986783,0.10001682,0.10001682,0.10006488
2015-03-26,0.091115706,0.091122985,0.091135666,0.091434546,0.091109864,0.5440812
2015-03-27,0.11135359,0.11133774,0.11134205,0.1113851,0.111317135,0.44326437
2015-03-30,0.10002389,0.10002389,0.4998123,0.10002389,0.10002389,0.10009214
2015-03-31,0.10002704,0.10002705,0.49978754,0.10002704,0.10002704,0.10010432
2015-04-01,0.100081734,0.10008174,0.49935734,0.10008173,0.10008173,0.10031577
2015-04-02,0.09095589,0.090955675,0.09095579,0.090955675,0.54516464,0.09101229
2015-04-06,0.11134328,0.111382276,0.11133729,0.111388244,0.11132027,0.44322857
2015-04-07,0.091115706,0.091122985,0.091135666,0.091434546,0.091109864,0.5440812
2015-04-08,0.091115706,0.091122985,0.091135666,0.091434546,0.091109864,0.5440812
2015-04-09,0.54464126,0.09103917,0.0910392,0.09103917,0.09103917,0.09120206
2015-04-10,0.54439414,0.09107867,0.09107871,0.09107867,0.09107867,0.09129119
2015-04-13,0.11134616,0.111395806,0.11134017,0.11139111,0.11132314,0.44320357
2015-04-14,0.10000128,0.10000128,0.49998993,0.10000128,0.10000128,0.10000495
2015-04-15,0.54398525,0.091144,0.09114408,0.091144,0.091144,0.09143875
2015-04-16,0.10000247,0.10000247,0.49998057,0.10000247,0.10000247,0.10000952
2015-04-17,0.11140489,0.11167352,0.1113989,0.11144982,0.1113819,0.44269097
2015-04-20,0.09094934,0.09094915,0.09094926,0.09094915,0.54520524,0.09099785
2015-04-21,0.100001216,0.100001216,0.4999904,0.100001216,0.100001216,0.10000473
2015-04-22,0.09096055,0.090960294,0.09096042,0.090960294,0.545136,0.09102253
2015-04-23,0.54456437,0.09105146,0.09105149,0.09105146,0.09105146,0.09122976
2015-04-24,0.09099296,0.09099254,0.09099276,0.09099254,0.5449351,0.09109406
2015-04-27,0.11135256,0.111426115,0.11134658,0.111397535,0.11132956,0.44314763
2015-04-28,0.54480284,0.091013335,0.09101336,0.091013335,0.091013335,0.09114379
2015-04-29,0.090998046,0.09099762,0.09099785,0.09099761,0.5449035,0.09110533
2015-04-30,0.091115706,0.091122985,0.091135666,0.091434546,0.091109864,0.5440812
2015-05-01,0.100006886,0.100006886,0.49994594,0.100006886,0.100006886,0.10002652
2015-05-04,0.100006096,0.100006096,0.4999522,0.100006096,0.100006096,0.10002346
2015-05-05,0.1113652,0.111485705,0.1113592,0.11141014,0.1113422,0.44303757
2015-05-06,0.5448497,0.09100585,0.09100587,0.09100585,0.09100585,0.09112691
2015-05-07,0.111368425,0.11150094,0.11136242,0.11141337,0.11134541,0.44300944
2015-05-08,0.54508835,0.090967685,0.09096769,0.090967685,0.090967685,0.09104093
2015-05-11,0.11136523,0.11148579,0.11135922,0.11141016,0.111342214,0.44303742
2015-05-12,0.091115706,0.091122985,0.091135666,0.091434546,0.091109864,0.5440812
2015-05-13,0.09100822,0.09100776,0.091008015,0.09100775,0.54484046,0.09112782
2015-05-14,0.100002155,0.100002155,0.49998307,0.100002155,0.100002155,0.10000832
2015-05-15,0.091115706,0.091122985,0.091135666,0.091434546,0.091109864,0.5440812
2015-05-18,0.54448557,0.09106405,0.0910641,0.09106405,0.09106405,0.09125819
2015-05-19,0.54466015,0.09103614,0.091036186,0.09103614,0.09103614,0.091195226
2015-05-20,0.09102342,0.09102288,0.09102318,0.091022864,0.5447463,0.09116138
2015-05-21,0.11135156,0.11142134,0.111345574,0.11139652,0.11132855,0.44315645
2015-05-22,0.09095807,0.090957835,0.09095796,0.090957835,0.54515123,0.091017105
2015-05-26,0.091115706,0.091122985,0.091135666,0.091434546,0.091109864,0.5440812
2015-05-27,0.09093053,0.090930425,0.09093048,0.090930425,0.54532176,0.09095634
2015-05-28,0.54518265,0.09095258,0.0909526,0.09095258,0.09095258,0.09100695
2015-05-29,0.09092529,0.09092521,0.09092526,0.09092521,0.5453542,0.09094481
2015-06-01,0.10000168,0.10000168,0.49998683,0.10000168,0.10000168,0.100006476
2015-06-02,0.091115706,0.091122985,0.091135666,0.091434546,0.091109864,0.5440812
2015-06-03,0.09092711,0.09092702,0.090927064,0.09092702,0.5453429,0.090948805
2015-06-04,0.5450626,0.09097178,0.09097179,0.09097178,0.09097178,0.09105017
2015-06-05,0.09093639,0.090936266,0.09093634,0.090936266,0.54528546,0.09096929
2015-06-08,0.100267574,0.10026041,0.10024891,0.10026039,0.10023473,0.498728
2015-06-09,0.5448061,0.091012806,0.091012836,0.091012806,0.091012806,0.09114259
2015-06-10,0.091115706,0.091122985,0.091135666,0.091434546,0.091109864,0.5440812
2015-06-11,0.10000999,0.10000999,0.4999215,0.10000999,0.10000999,0.10003853
2015-06-12,0.111350365,0.11141573,0.11134438,0.11139534,0.11132737,0.44316682
2015-06-15,0.5434998,0.0912215,0.09122157,0.0912215,0.09122151,0.09161409
2015-06-16,0.11139618,0.11163223,0.11139017,0.11144112,0.11137318,0.44276714
2015-06-17,0.091115706,0.091122985,0.091135666,0.091434546,0.091109864,0.5440812
2015-06-18,0.100021884,0.100021884,0.49982816,0.100021884,0.100021884,0.1000844
2015-06-19,0.11134214,0.11135594,0.111344054,0.111387104,0.111319125,0.44325164
2015-06-22,0.091115706,0.091122985,0.091135666,0.091434546,0.091109864,0.5440812
2015-06-23,0.091115706,0.091122985,0.091135666,0.091434546,0.091109864,0.5440812
2015-06-24,0.5449485,0.09099004,0.09099006,0.09099004,0.09099004,0.0910913
2015-06-25,0.5448774,0.091001414,0.091001436,0.091001414,0.091001414,0.09111692
2015-06-26,0.091115706,0.091122985,0.091135666,0.091434546,0.091109864,0.5440812
2015-06-29,0.111351706,0.1113334,0.11134015,0.1113832,0.111315235,0.44327626
2015-06-30,0.5442417,0.09110302,0.091103084,0.09110302,0.09110302,0.09134616
2015-07-02,0.54379165,0.091174915,0.09117499,0.091174915,0.091174915,0.091508664
2015-07-06,0.091115706,0.091122985,0.091135666,0.091434546,0.091109864,0.5440812
2015-07-07,0.091115706,0.091122985,0.091135666,0.091434546,0.091109864,0.5440812
2015-07-08,0.5438089,0.09117217,0.09117223,0.09117217,0.09117217,0.09150243
2015-07-09,0.09112219,0.09112117,0.09112172,0.09112115,0.5441339,0.091379836
2015-07-10,0.54445714,0.091068596,0.09106864,0.091068596,0.091068596,0.09126845
2015-07-13,0.10004552,0.10004554,0.49964222,0.10004552,0.10004552,0.100175716
2015-07-14,0.14294033,0.14294757,0.14295952,0.14295568,0.14291908,0.2852778
2015-07-15,0.100049876,0.1000499,0.49960786,0.100049876,0.100049876,0.10019257
2015-07-16,0.10005237,0.10005238,0.4995884,0.10005237,0.10005237,0.10020215
2015-07-17,0.09104438,0.09104373,0.091044076,0.091043726,0.5446164,0.0912077
2015-07-20,0.11134438,0.11138742,0.11133837,0.11138933,0.11132136,0.44321913
2015-07-21,0.091115706,0.091122985,0.091135666,0.091434546,0.091109864,0.5440812
2015-07-22,0.100266136,0.10025593,0.100247465,0.10025895,0.10023328,0.49873832
2015-07-23,0.54493654,0.09099195,0.090991974,0.09099195,0.09099195,0.09109561
2015-07-24,0.091115706,0.091122985,0.091135666,0.091434546,0.091109864,0.5440812
2015-07-27,0.1001437,0.10014372,0.49886912,0.10014368,0.10014368,0.100556046
2015-07-28,0.09111544,0.09111445,0.09111498,0.09111444,0.54417586,0.09136486
2015-07-29,0.091115706,0.091122985,0.091135666,0.091434546,0.091109864,0.5440812
2015-07-30,0.09098703,0.090986654,0.090986855,0.090986654,0.5449719,0.09108098
2015-07-31,0.11135247,0.11133516,0.11134093,0.11138398,0.11131602,0.4432715
2015-08-03,0.100094296,0.1000943,0.4992585,0.10009428,0.10009428,0.10036437
2015-08-04,0.54402524,0.0911376,0.091137655,0.0911376,0.0911376,0.09142428
2015-08-05,0.111344844,0.111389615,0.111338854,0.11138981,0.11132184,0.4432151
2015-08-06,0.11134438,0.11138742,0.11133837,0.11138933,0.11132136,0.44321913
2015-08-07,0.10001127,0.10001127,0.49991146,0.10001127,0.10001127,0.10004345
2015-08-10,0.09092635,0.09092626,0.09092631,0.09092626,0.5453477,0.09094712
2015-08-11,0.09100288,0.09100244,0.09100267,0.091002434,0.54487354,0.09111601
2015-08-12,0.091115706,0.091122985,0.091135666,0.091434546,0.091109864,0.5440812
2015-08-13,0.1113423,0.11135647,0.11134421,0.111387275,0.111319296,0.44325042
2015-08-14,0.10003474,0.10003475,0.49972686,0.10003474,0.10003474,0.100134104
2015-08-17,0.091147475,0.09114633,0.09114695,0.09114632,0.543977,0.09143582
2015-08-18,0.09114795,0.0911468,0.091147415,0.09114679,0.54397416,0.091436855
2015-08-19,0.091115706,0.091122985,0.091135666,0.091434546,0.091109864,0.5440812
2015-08-20,0.091115706,0.091122985,0.091135666,0.091434546,0.091109864,0.5440812
2015-08-21,0.091115706,0.091122985,0.091135666,0.091434546,0.091109864,0.5440812
2015-08-24,0.544749,0.09102193,0.09102196,0.09102193,0.09102193,0.091163166
2015-08-25,0.11137704,0.111541755,0.11137105,0.11142199,0.111354046,0.44293413
2015-08-26,0.5448047,0.09101305,0.091013074,0.09101305,0.09101305,0.09114314
2015-08-27,0.12519678,0.12515707,0.1251544,0.12516874,0.12513669,0.37418628
2015-08-28,0.100030504,0.10003051,0.49976033,0.100030504,0.100030504,0.100117706
2015-08-31,0.091115706,0.091122985,0.091135666,0.091434546,0.091109864,0.5440812
2015-09-01,0.09091703,0.090916984,0.090917006,0.090916984,0.5454054,0.09092658
2015-09-02,0.111370504,0.111510836,0.11136451,0.11141546,0.11134751,0.44299114
2015-09-03,0.5449139,0.09099557,0.090995595,0.09099557,0.09099557,0.09110377
2015-09-04,0.10028265,0.1002724,0.100255385,0.10026687,0.1002412,0.49868146
2015-09-08,0.10001411,0.10001411,0.49988905,0.10001411,0.10001411,0.10005446
2015-09-09,0.10001321,0.10001321,0.49989632,0.10001321,0.10001321,0.10005094
2015-09-10,0.091115706,0.091122985,0.091135666,0.091434546,0.091109864,0.5440812
2015-09-11,0.54471856,0.09102682,0.09102685,0.09102682,0.09102682,0.091174185
2015-09-14,0.10028526,0.10026566,0.10026629,0.10026948,0.10024381,0.49866948
2015-09-15,0.10001245,0.10001245,0.49990228,0.10001245,0.10001245,0.10004799
2015-09-16,0.5449145,0.09099548,0.090995505,0.09099548,0.09099548,0.09110356
2015-09-17,0.10002255,0.10002255,0.4998228,0.10002255,0.10002255,0.10008699
2015-09-18,0.5444691,0.09106667,0.091066726,0.09106667,0.09106667,0.09126412
2015-09-21,0.091115706,0.091122985,0.091135666,0.091434546,0.091109864,0.5440812
2015-09-22,0.09105467,0.09105397,0.09105434,0.09105396,0.5445527,0.09123044
2015-09-23,0.10000472,0.10000472,0.49996287,0.10000472,0.10000472,0.100018196
2015-09-24,0.54509556,0.09096653,0.09096654,0.09096653,0.09096653,0.09103833
2015-09-25,0.5449038,0.09099719,0.090997204,0.09099719,0.09099719,0.09110738
2015-09-28,0.091115706,0.091122985,0.091135666,0.091434546,0.091109864,0.5440812
2015-09-29,0.10000989,0.10000989,0.4999224,0.10000989,0.10000989,0.100038104
2015-09-30,0.10002197,0.10002197,0.49982733,0.10002197,0.10002197,0.10008477
2015-10-01,0.100034416,0.10003444,0.49972948,0.100034416,0.100034416,0.10013283
2015-10-02,0.09100188,0.09100144,0.091001675,0.09100143,0.5448798,0.09111379
2015-10-05,0.091149956,0.09114879,0.09114941,0.09114878,0.54396176,0.09144131
2015-10-06,0.5448286,0.09100922,0.09100925,0.09100922,0.09100922,0.09113452
2015-10-07,0.10001091,0.10001091,0.49991423,0.10001091,0.10001091,0.10004209
2015-10-08,0.091012806,0.091012314,0.091012575,0.09101231,0.5448121,0.09113791
2015-10-09,0.54500514,0.090980984,0.09098101,0.090980984,0.090980984,0.091070905
2015-10-12,0.090963,0.09096274,0.09096288,0.09096274,0.5451207,0.09102796
2015-10-13,0.091115706,0.091122985,0.091135666,0.091434546,0.091109864,0.5440812
2015-10-14,0.5451157,0.090963304,0.09096331,0.090963304,0.090963304,0.091031075
2015-10-15,0.09099278,0.090992376,0.090992585,0.090992376,0.54493624,0.09109369
2015-10-16,0.100013256,0.100013256,0.49989578,0.100013256,0.100013256,0.10005114
2015-10-19,0.091104195,0.09110326,0.09110376,0.091103256,0.54424554,0.091340005
2015-10-20,0.09108557,0.091084726,0.09108518,0.091084704,0.544361,0.091298774
2015-10-21,0.111367114,0.111494735,0.1113611,0.111412056,0.111344114,0.44302082
2015-10-22,0.11136002,0.11146132,0.11135402,0.111404985,0.11133703,0.4430826
2015-10-23,0.1000348,0.10003482,0.49972644,0.1000348,0.1000348,0.10013432
2015-10-26,0.54520315,0.090949304,0.09094931,0.090949304,0.090949304,0.090999566
2015-10-27,0.5451908,0.09095128,0.09095129,0.09095128,0.09095128,0.09100402
2015-10-28,0.54507107,0.09097046,0.09097047,0.09097046,0.09097046,0.09104717
2015-10-29,0.11135113,0.111332096,0.111339584,0.11138264,0.11131466,0.44327992
2015-10-30,0.11134257,0.111357346,0.111344494,0.11138754,0.111319564,0.44324854
2015-11-02,0.54467684,0.09103348,0.0910335,0.09103348,0.09103348,0.0911892
2015-11-03,0.0909914,0.090991005,0.09099122,0.090991005,0.54494464,0.091090664
2015-11-04,0.091115706,0.091122985,0.091135666,0.091434546,0.091109864,0.5440812
2015-11-05,0.09096038,0.09096012,0.090960264,0.09096012,0.5451368,0.091022186
2015-11-06,0.11136933,0.11150518,0.11136332,0.11141428,0.11134632,0.4430016
2015-11-09,0.09091565,0.09091561,0.09091564,0.09091561,0.545414,0.09092353
2015-11-10,0.091115706,0.091122985,0.091135666,0.091434546,0.091109864,0.5440812
2015-11-11,0.10003433,0.10003434,0.49973026,0.10003433,0.10003433,0.10013246
2015-11-12,0.0911031,0.09110217,0.091102675,0.09110215,0.54425234,0.09133757
2015-11-13,0.09140757,0.09140516,0.09140644,0.09140514,0.54236215,0.092013575
2015-11-16,0.11134438,0.111387484,0.111338384,0.11138935,0.111321375,0.44321904
2015-11-17,0.09183755,0.09183304,0.091835454,0.09183299,0.53968495,0.09297599
2015-11-18,0.091115706,0.091122985,0.091135666,0.091434546,0.091109864,0.5440812
2015-11-19,0.09117654,0.09117526,0.09117595,0.09117524,0.5437968,0.09150022
2015-11-20,0.54517806,0.09095334,0.09095335,0.09095334,0.09095334,0.09100864
2015-11-23,0.10026495,0.10025231,0.100246295,0.10025778,0.10023211,0.49874657
2015-11-24,0.091115706,0.091122985,0.091135666,0.091434546,0.091109864,0.5440812
2015-11-25,0.14294012,0.14294152,0.14295933,0.14295547,0.14291885,0.28528473
2015-11-27,0.091115706,0.091122985,0.091135666,0.091434546,0.091109864,0.5440812
2015-11-30,0.10003276,0.10003277,0.4997425,0.10003276,0.10003276,0.10012641
2015-12-01,0.09098917,0.090988785,0.090988986,0.090988785,0.54495853,0.09108573
2015-12-02,0.14294046,0.1429705,0.14295125,0.1429558,0.14291918,0.28526282
2015-12-03,0.091115706,0.091122985,0.091135666,0.091434546,0.091109864,0.5440812
2015-12-04,0.5449505,0.090989724,0.090989746,0.090989724,0.090989724,0.09109058
2015-12-07,0.09105814,0.09105743,0.091057815,0.09105742,0.54453117,0.09123811
2015-12-08,0.14294037,0.14294897,0.14295956,0.1429557,0.1429191,0.2852762
2015-12-09,0.1251962,0.12515303,0.12515382,0.12516816,0.12513612,0.37419268
2015-12-10,0.10001899,0.10001899,0.49985072,0.10001899,0.10001899,0.10007326
2015-12-11,0.09102333,0.0910228,0.091023095,0.09102278,0.5447468,0.09116119
2015-12-14,0.10028411,0.100263424,0.100265145,0.100268334,0.10024266,0.49867624
2015-12-15,0.54392,0.09115443,0.09115449,0.09115443,0.09115443,0.091462284
2015-12-16,0.091115706,0.091122985,0.091135666,0.091434546,0.091109864,0.5440812
2015-12-17,0.5442126,0.09110767,0.091107726,0.09110767,0.09110767,0.091356665
2015-12-18,0.09092604,0.09092595,0.09092599,0.09092595,0.54534966,0.090946436
2015-12-21,0.10000336,0.10000336,0.49997354,0.10000336,0.10000336,0.10001297
2015-12-22,0.0909271,0.09092701,0.09092705,0.09092701,0.5453431,0.090948775
2015-12-23,0.091115706,0.091122985,0.091135666,0.091434546,0.091109864,0.5440812
2015-12-24,0.14293289,0.14294901,0.14295882,0.14295498,0.14291838,0.28528598
2015-12-28,0.54502004,0.0909786,0.090978615,0.0909786,0.0909786,0.09106553
2015-12-29,0.54506606,0.090971254,0.09097126,0.090971254,0.090971254,0.09104896
2015-12-30,0.5450784,0.09096927,0.09096928,0.09096927,0.09096927,0.091044515
2015-12-31,0.14294048,0.14296456,0.14295126,0.14295581,0.1429192,0.28526875
2016-01-04,0.09093603,0.09093589,0.090935975,0.09093589,0.54528767,0.09096848
2016-01-05,0.1002748,0.10027484,0.49783373,0.10027478,0.10027478,0.10106703
2016-01-06,0.10009683,0.100096844,0.49923858,0.10009682,0.10009682,0.10037419
2016-01-07,0.10001436,0.10001436,0.4998872,0.10001436,0.10001436,0.100055374
2016-01-08,0.091115706,0.091122985,0.091135666,0.091434546,0.091109864,0.5440812
2016-01-11,0.09091278,0.09091276,0.09091277,0.09091276,0.5454317,0.09091721
2016-01-12,0.090915516,0.090915486,0.09091551,0.090915486,0.5454148,0.090923265
2016-01-13,0.5452148,0.09094746,0.09094747,0.09094746,0.09094746,0.0909954
2016-01-14,0.11148851,0.112064295,0.111493245,0.111507155,0.11146554,0.44198126
2016-01-15,0.111416176,0.11172704,0.1114102,0.11146112,0.1113932,0.44259223
2016-01-19,0.5444093,0.091076225,0.09107628,0.091076225,0.091076225,0.09128568
2016-01-20,0.09109938,0.09109847,0.09109896,0.09109846,0.5442754,0.091329314
2016-01-21,0.091115706,0.091122985,0.091135666,0.091434546,0.091109864,0.5440812
2016-01-22,0.10003866,0.10003867,0.49969614,0.10003866,0.10003866,0.10014921
2016-01-25,0.111343406,0.111382864,0.11133741,0.11138837,0.1113204,0.4432275
2016-01-26,0.54291826,0.09131429,0.0913144,0.09131429,0.0913143,0.09182446
2016-01-27,0.12519683,0.12515734,0.12515445,0.12516879,0.12513673,0.37418586
2016-01-28,0.54467493,0.091033794,0.091033824,0.091033794,0.091033794,0.09118991
2016-01-29,0.09091867,0.09091862,0.09091864,0.09091862,0.54539526,0.090930216
2016-02-01,0.091115706,0.091122985,0.091135666,0.091434546,0.091109864,0.5440812
2016-02-02,0.10001495,0.10001495,0.49988255,0.10001495,0.10001495,0.10005767
2016-02-03,0.09091694,0.090916894,0.090916924,0.090916894,0.545406,0.09092638
2016-02-04,0.10028221,0.10027125,0.100254945,0.100266434,0.10024076,0.4986844
2016-02-05,0.10001698,0.10001698,0.49986663,0.10001698,0.10001698,0.1000655
2016-02-08,0.09091991,0.09091987,0.090919904,0.09091987,0.54538745,0.09093296
2016-02-09,0.09096212,0.09096185,0.090962,0.09096185,0.54512626,0.09102601
2016-02-10,0.091215156,0.09121369,0.09121447,0.09121367,0.5435571,0.09158587
2016-02-11,0.11136274,0.11147407,0.11135674,0.1114077,0.11133974,0.44305906
2016-02-12,0.10002997,0.10002998,0.49976444,0.10002997,0.10002997,0.10011565
2016-02-16,0.10002418,0.10002418,0.49980998,0.10002418,0.10002418,0.10009331
2016-02-17,0.091454074,0.09145144,0.091452844,0.09145141,0.542073,0.09211724
2016-02-18,0.5439827,0.0911444,0.09114446,0.0911444,0.0911444,0.09143964
2016-02-19,0.10000972,0.10000972,0.4999236,0.10000972,0.10000972,0.100037485
2016-02-22,0.111658856,0.11288071,0.11166358,0.11167745,0.111635946,0.44048348
2016-02-23,0.54463464,0.091040224,0.09104026,0.091040224,0.091040224,0.091204435
2016-02-24,0.10000411,0.10000411,0.4999677,0.10000411,0.10000411,0.10001586
2016-02-25,0.091115706,0.091122985,0.091135666,0.091434546,0.091109864,0.5440812
2016-02-26,0.54471284,0.09102773,0.09102776,0.09102773,0.09102773,0.09117623
2016-02-29,0.5448376,0.09100778,0.0910078,0.09100778,0.09100778,0.09113127
2016-03-01,0.11137124,0.11151427,0.11136525,0.11141619,0.11134824,0.44298488
2016-03-02,0.091115706,0.091122985,0.091135666,0.091434546,0.091109864,0.5440812
2016-03-03,0.10004479,0.100044794,0.49964797,0.10004479,0.10004479,0.10017285
2016-03-04,0.09255361,0.09254556,0.09254987,0.09254546,0.5352065,0.09459895
2016-03-07,0.10051996,0.10052004,0.49588835,0.10051991,0.10051991,0.10203186
2016-03-08,0.54395753,0.09114841,0.09114848,0.09114841,0.09114841,0.091448724
2016-03-09,0.10012979,0.10012982,0.4989788,0.100129776,0.100129776,0.10050202
2016-03-10,0.544121,0.09112229,0.09112235,0.09112229,0.09112229,0.09138969
2016-03-11,0.10003768,0.100037694,0.49970382,0.10003768,0.10003768,0.10014544
2016-03-14,0.0930357,0.093025215,0.09303083,0.09302509,0.532177,0.09570615
2016-03-15,0.10000098,0.10000098,0.4999923,0.10000098,0.10000098,0.10000377
2016-03-16,0.11138482,0.11157846,0.11137883,0.11142975,0.111361824,0.44286636
2016-03-17,0.111363724,0.1114788,0.111357726,0.11140868,0.111340724,0.4430503
2016-03-18,0.11136991,0.111508004,0.11136392,0.111414865,0.111346915,0.44299638
2016-03-21,0.091064386,0.09106364,0.091064036,0.09106363,0.5444924,0.091251925
2016-03-22,0.54516494,0.09095543,0.09095544,0.09095543,0.09095543,0.091013364
2016-03-23,0.09102293,0.0910224,0.09102269,0.09102239,0.5447492,0.09116031
2016-03-24,0.111517884,0.11220433,0.11152262,0.11153651,0.11149493,0.4417237
2016-03-28,0.10003348,0.100033484,0.49973688,0.10003348,0.10003348,0.10012922
2016-03-29,0.091115706,0.091122985,0.091135666,0.091434546,0.091109864,0.5440812
2016-03-30,0.10000994,0.10000994,0.49992186,0.10000994,0.10000994,0.10003835
2016-03-31,0.54493934,0.090991504,0.090991534,0.090991504,0.090991504,0.09109462
2016-04-01,0.11186303,0.1138723,0.11186773,0.11188158,0.111840166,0.43867517
2016-04-04,0.0909661,0.09096582,0.09096597,0.09096582,0.54510146,0.0910348
2016-04-05,0.11144387,0.1118519,0.1114486,0.11146251,0.11142089,0.44237217
2016-04-06,0.11138979,0.111602016,0.1113838,0.11143473,0.111366786,0.44282287
2016-04-07,0.5448557,0.091004886,0.09100491,0.091004886,0.091004886,0.09112476
2016-04-08,0.090935744,0.09093561,0.09093568,0.09093561,0.5452896,0.09096784
2016-04-11,0.1000142,0.1000142,0.4998884,0.1000142,0.1000142,0.10005478
2016-04-12,0.09097989,0.090979554,0.09097974,0.090979554,0.545016,0.091065235
2016-04-13,0.10001621,0.10001621,0.4998727,0.10001621,0.10001621,0.10006248
2016-04-14,0.09104734,0.09104667,0.09104703,0.09104666,0.54459804,0.09121422
2016-04-15,0.091115706,0.091122985,0.091135666,0.091434546,0.091109864,0.5440812
2016-04-18,0.11135912,0.111457035,0.11135312,0.11140408,0.11133611,0.44309056
2016-04-19,0.5427208,0.09134579,0.09134589,0.09134579,0.091345794,0.09189593
2016-04-20,0.11134427,0.11136292,0.111346185,0.11138925,0.11132127,0.443236
2016-04-21,0.091115706,0.091122985,0.091135666,0.091434546,0.091109864,0.5440812
2016-04-22,0.091115706,0.091122985,0.091135666,0.091434546,0.091109864,0.5440812
2016-04-25,0.090921044,0.09092099,0.09092103,0.09092099,0.5453805,0.09093546
2016-04-26,0.10000266,0.10000266,0.49997908,0.10000266,0.10000266,0.100010276
2016-04-27,0.091115706,0.091122985,0.091135666,0.091434546,0.091109864,0.5440812
2016-04-28,0.5448461,0.09100641,0.091006435,0.09100641,0.09100641,0.0911282
2016-04-29,0.544857,0.09100467,0.09100469,0.09100467,0.09100467,0.09112426
2016-05-02,0.1114223,0.11175593,0.11141631,0.111467205,0.11139929,0.44253898
2016-05-03,0.10001289,0.10001289,0.49989882,0.10001289,0.10001289,0.1000497
2016-05-04,0.5449514,0.09098958,0.090989605,0.09098958,0.09098958,0.09109026
2016-05-05,0.1000114,0.1000114,0.4999105,0.1000114,0.1000114,0.10004397
2016-05-06,0.091115706,0.091122985,0.091135666,0.091434546,0.091109864,0.5440812
2016-05-09,0.54490954,0.09099627,0.090996295,0.09099627,0.09099627,0.09110534
2016-05-10,0.09093961,0.09093946,0.090939544,0.09093946,0.54526556,0.09097636
2016-05-11,0.09097957,0.09097921,0.0909794,0.09097921,0.5450181,0.0910645
2016-05-12,0.091115706,0.091122985,0.091135666,0.091434546,0.091109864,0.5440812
2016-05-13,0.1000007,0.1000007,0.49999452,0.1000007,0.1000007,0.100002706
2016-05-16,0.5439508,0.09114948,0.091149546,0.09114948,0.09114948,0.09145113
2016-05-17,0.09107008,0.0910693,0.09106972,0.091069296,0.54445714,0.091264494
2016-05-18,0.10026524,0.10025318,0.10024656,0.10025805,0.100232385,0.49874455
2016-05-19,0.091115706,0.091122985,0.091135666,0.091434546,0.091109864,0.5440812
2016-05-20,0.091115706,0.091122985,0.091135666,0.091434546,0.091109864,0.5440812
2016-05-23,0.09097921,0.090978876,0.090979055,0.090978876,0.5450203,0.09106374
2016-05-24,0.11134689,0.111399315,0.11134091,0.11139186,0.1113239,0.44319716
2016-05-25,0.5444844,0.091064245,0.09106428,0.091064245,0.091064245,0.091258615
2016-05-26,0.09097302,0.0909727,0.09097288,0.0909727,0.5450586,0.091050066
2016-05-27,0.09096178,0.090961516,0.09096166,0.090961516,0.5451282,0.09102526
2016-05-31,0.5442898,0.091095336,0.09109539,0.091095336,0.091095336,0.0913288
2016-06-01,0.100019336,0.100019336,0.49984813,0.100019336,0.100019336,0.10007457
2016-06-02,0.100020394,0.100020394,0.49983978,0.100020394,0.100020394,0.100078665
2016-06-03,0.5444706,0.09106644,0.09106649,0.09106644,0.09106644,0.09126358
2016-06-06,0.5444022,0.09107738,0.09107742,0.09107738,0.09107738,0.09128825
2016-06-07,0.54437566,0.09108162,0.091081664,0.09108162,0.09108162,0.09129781
2016-06-08,0.10003676,0.10003678,0.49971104,0.10003676,0.10003676,0.10014188
2016-06-09,0.091115706,0.091122985,0.091135666,0.091434546,0.091109864,0.5440812
2016-06-10,0.100048415,0.10004842,0.49961942,0.100048415,0.100048415,0.10018691
2016-06-13,0.54417497,0.09111368,0.09111374,0.09111368,0.09111368,0.09137023
2016-06-14,0.09113445,0.09113337,0.09113396,0.09113335,0.54405785,0.09140697
2016-06-15,0.09110121,0.09110029,0.09110078,0.091100276,0.5442641,0.09133338
2016-06-16,0.091115706,0.091122985,0.091135666,0.091434546,0.091109864,0.5440812
2016-06-17,0.5436377,0.09119948,0.091199555,0.09119948,0.09119948,0.09156424
2016-06-20,0.091115706,0.091122985,0.091135666,0.091434546,0.091109864,0.5440812
2016-06-21,0.091115706,0.091122985,0.091135666,0.091434546,0.091109864,0.5440812
2016-06-22,0.09102563,0.09102508,0.09102537,0.09102506,0.5447326,0.09116625
2016-06-23,0.11137774,0.11154496,0.11137175,0.11142269,0.111354746,0.4429282
2016-06-24,0.091070645,0.091069885,0.091070294,0.09106987,0.54445356,0.091265775
2016-06-27,0.09099619,0.09099578,0.090996,0.09099576,0.544915,0.09110123
2016-06-28,0.54336756,0.09124261,0.09124269,0.09124261,0.09124262,0.091661915
2016-06-29,0.091115706,0.091122985,0.091135666,0.091434546,0.091109864,0.5440812
2016-06-30,0.100049205,0.10004923,0.4996131,0.100049205,0.100049205,0.10018997
2016-07-01,0.090943456,0.09094329,0.090943374,0.09094329,0.54524165,0.090984866
2016-07-05,0.091115706,0.091122985,0.091135666,0.091434546,0.091109864,0.5440812
2016-07-06,0.111386925,0.111588486,0.111380935,0.11143188,0.11136393,0.44284785
2016-07-07,0.100035205,0.10003522,0.49972335,0.100035205,0.100035205,0.10013585
2016-07-08,0.544594,0.09104673,0.09104676,0.09104673,0.09104673,0.09121908
2016-07-11,0.10000495,0.10000495,0.49996114,0.10000495,0.10000495,0.10001908
2016-07-12,0.09095234,0.09095212,0.09095224,0.09095212,0.54518676,0.091004424
2016-07-13,0.09099088,0.09099048,0.09099069,0.09099048,0.544948,0.0910895
2016-07-14,0.5449356,0.09099211,0.09099213,0.09099211,0.09099211,0.091095954
2016-07-15,0.10028561,0.10026636,0.10026665,0.10026983,0.100244164,0.49866736
2016-07-18,0.10000243,0.10000243,0.4999808,0.10000243,0.10000243,0.100009404
2016-07-19,0.11135287,0.11133607,0.11134131,0.11138438,0.1113164,0.44326895
2016-07-20,0.10000848,0.10000848,0.49993342,0.10000848,0.10000848,0.10003267
2016-07-21,0.10001013,0.10001013,0.49992037,0.10001013,0.10001013,0.10003908
2016-07-22,0.5440596,0.09113212,0.091132164,0.09113212,0.09113212,0.09141188
2016-07-25,0.09113262,0.091131546,0.09113212,0.09113153,0.5440693,0.0914029
2016-07-26,0.091115706,0.091122985,0.091135666,0.091434546,0.091109864,0.5440812
2016-07-27,0.111342266,0.111356325,0.11134417,0.11138724,0.11131926,0.44325078
2016-07-28,0.09097129,0.090970986,0.09097116,0.090970986,0.5450693,0.09104627
2016-07-29,0.091115706,0.091122985,0.091135666,0.091434546,0.091109864,0.5440812
2016-08-01,0.5440718,0.09113016,0.091130204,0.09113016,0.09113016,0.09140746
2016-08-02,0.5449779,0.090985335,0.09098536,0.090985335,0.090985335,0.09108072
2016-08-03,0.091115706,0.091122985,0.091135666,0.091434546,0.091109864,0.5440812
2016-08-04,0.09097959,0.09097925,0.09097943,0.09097925,0.54501796,0.09106456
2016-08-05,0.14294046,0.1429779,0.14295125,0.1429558,0.14291918,0.28525543
2016-08-08,0.09097864,0.09097831,0.090978496,0.09097831,0.5450237,0.0910625
2016-08-09,0.5449175,0.090995,0.09099502,0.090995,0.090995,0.09110245
2016-08-10,0.091115706,0.091122985,0.091135666,0.091434546,0.091109864,0.5440812
2016-08-11,0.091115706,0.091122985,0.091135666,0.091434546,0.091109864,0.5440812
2016-08-12,0.54493046,0.09099293,0.09099295,0.09099293,0.09099293,0.09109782
2016-08-15,0.091141775,0.09114066,0.09114125,0.09114065,0.54401255,0.09142319
2016-08-16,0.09117609,0.09117481,0.09117549,0.09117479,0.5437996,0.091499224
2016-08-17,0.091115706,0.091122985,0.091135666,0.091434546,0.091109864,0.5440812
2016-08-18,0.091166526,0.0911653,0.091165945,0.091165274,0.54385895,0.09147803
2016-08-19,0.5441484,0.09111793,0.09111798,0.09111793,0.09111793,0.09137983
2016-08-22,0.100009724,0.100009724,0.49992353,0.100009724,0.100009724,0.10003752
2016-08-23,0.11135102,0.111331835,0.11133947,0.11138253,0.11131454,0.44328058
2016-08-24,0.091115706,0.091122985,0.091135666,0.091434546,0.091109864,0.5440812
2016-08-25,0.100050084,0.1000501,0.4996062,0.100050084,0.100050084,0.100193374
2016-08-26,0.091115706,0.091122985,0.091135666,0.091434546,0.091109864,0.5440812
2016-08-29,0.11138458,0.11157737,0.11137859,0.11142952,0.11136159,0.44286832
2016-08-30,0.09104274,0.0910421,0.091042444,0.091042094,0.5446266,0.09120407
2016-08-31,0.54410416,0.09112499,0.09112505,0.09112499,0.09112499,0.09139579
2016-09-01,0.11156562,0.11243261,0.11157034,0.11158423,0.11154267,0.4413046
2016-09-02,0.1114325,0.11180437,0.1114265,0.11147741,0.111409515,0.44244972
2016-09-06,0.091115706,0.091122985,0.091135666,0.091434546,0.091109864,0.5440812
2016-09-07,0.091115706,0.091122985,0.091135666,0.091434546,0.091109864,0.5440812
2016-09-08,0.09097974,0.09097939,0.09097958,0.09097939,0.54501694,0.0910649
2016-09-09,0.12519655,0.12515536,0.12515417,0.1251685,0.12513645,0.374189
2016-09-12,0.10001333,0.10001333,0.49989536,0.10001333,0.10001333,0.100051396
2016-09-13,0.09104217,0.09104153,0.09104186,0.091041505,0.54463005,0.09120279
2016-09-14,0.5448758,0.091001675,0.09100169,0.091001675,0.091001675,0.09111751
2016-09-15,0.091115706,0.091122985,0.091135666,0.091434546,0.091109864,0.5440812
2016-09-16,0.09101429,0.09101378,0.09101406,0.091013774,0.54480284,0.0911412
2016-09-19,0.111357145,0.1114477,0.11135114,0.1114021,0.111334145,0.44310772
2016-09-20,0.100004494,0.100004494,0.49996465,0.100004494,0.100004494,0.10001734
2016-09-21,0.10000523,0.10000523,0.49995875,0.10000523,0.10000523,0.10002022
2016-09-22,0.0909771,0.090976775,0.09097696,0.090976775,0.5450333,0.09105911
2016-09-23,0.090991974,0.09099158,0.09099179,0.09099158,0.5449412,0.0910919
2016-09-26,0.09100798,0.091007516,0.09100777,0.09100751,0.5448419,0.09112728
2016-09-27,0.10001304,0.10001304,0.49989763,0.10001304,0.10001304,0.10005029
2016-09-28,0.54515624,0.09095681,0.090956815,0.09095681,0.09095681,0.09101645
2016-09-29,0.09096765,0.09096737,0.09096751,0.09096737,0.5450919,0.09103821
2016-09-30,0.091115706,0.091122985,0.091135666,0.091434546,0.091109864,0.5440812
2016-10-03,0.09094536,0.0909452,0.090945296,0.0909452,0.5452298,0.09098909
2016-10-04,0.090952046,0.09095184,0.09095195,0.09095184,0.5451885,0.09100382
2016-10-05,0.091115706,0.091122985,0.091135666,0.091434546,0.091109864,0.5440812
2016-10-06,0.54509676,0.09096634,0.090966344,0.09096634,0.09096634,0.0910379
2016-10-07,0.09092328,0.090923205,0.09092324,0.090923205,0.5453667,0.09094036
2016-10-10,0.100035824,0.10003584,0.49971834,0.100035824,0.100035824,0.100138314
2016-10-11,0.54491276,0.09099576,0.09099577,0.09099576,0.09099576,0.09110419
2016-10-12,0.11134566,0.11139349,0.111339666,0.11139063,0.11132264,0.4432079
2016-10-13,0.09102694,0.091026366,0.09102667,0.09102636,0.5447245,0.091169134
2016-10-14,0.10035887,0.100358926,0.4971681,0.100358844,0.100358844,0.10139646
2016-10-17,0.09106683,0.09106608,0.09106647,0.09106606,0.5444773,0.09125731
2016-10-18,0.10014138,0.100141406,0.4988875,0.10014137,0.10014137,0.100547016
2016-10-19,0.09109501,0.09109412,0.0910946,0.09109411,0.54430246,0.09131968
2016-10-20,0.09103027,0.09102969,0.091029994,0.09102968,0.5447039,0.091176495
2016-10-21,0.091115706,0.091122985,0.091135666,0.091434546,0.091109864,0.5440812
2016-10-24,0.5451278,0.09096135,0.09096136,0.09096135,0.09096135,0.09102667
2016-10-25,0.091115706,0.091122985,0.091135666,0.091434546,0.091109864,0.5440812
2016-10-26,0.10001817,0.10001817,0.49985722,0.10001817,0.10001817,0.10007009
2016-10-27,0.091115706,0.091122985,0.091135666,0.091434546,0.091109864,0.5440812
2016-10-28,0.091115706,0.091122985,0.091135666,0.091434546,0.091109864,0.5440812
2016-10-31,0.091115706,0.091122985,0.091135666,0.091434546,0.091109864,0.5440812
2016-11-01,0.10003725,0.10003726,0.49970716,0.10003725,0.10003725,0.10014379
2016-11-02,0.5449926,0.090982996,0.09098302,0.090982996,0.090982996,0.09107542
2016-11-03,0.11134745,0.11140192,0.11134147,0.11139241,0.11132445,0.44319233
2016-11-04,0.10002204,0.10002204,0.49982673,0.10002204,0.10002204,0.10008507
2016-11-07,0.091115706,0.091122985,0.091135666,0.091434546,0.091109864,0.5440812
2016-11-08,0.100002736,0.100002736,0.49997848,0.100002736,0.100002736,0.10001056
2016-11-09,0.12519655,0.12515546,0.12515417,0.12516852,0.12513646,0.3741888
2016-11-10,0.14294045,0.14297347,0.14295125,0.14295581,0.1429192,0.28525984
2016-11-11,0.091115706,0.091122985,0.091135666,0.091434546,0.091109864,0.5440812
2016-11-14,0.091115706,0.091122985,0.091135666,0.091434546,0.091109864,0.5440812
2016-11-15,0.5431407,0.09127882,0.09127892,0.09127882,0.09127883,0.091743976
2016-11-16,0.09096333,0.090963066,0.0909632,0.090963066,0.54511863,0.0910287
2016-11-17,0.091115706,0.091122985,0.091135666,0.091434546,0.091109864,0.5440812
2016-11-18,0.10012178,0.10012179,0.49904197,0.10012177,0.10012177,0.100470915
2016-11-21,0.11137988,0.11155514,0.11137388,0.11142483,0.11135688,0.4429094
2016-11-22,0.091115706,0.091122985,0.091135666,0.091434546,0.091109864,0.5440812
2016-11-23,0.54372,0.09118635,0.091186434,0.09118635,0.09118635,0.09153454
2016-11-25,0.5433132,0.09125128,0.091251366,0.09125128,0.09125129,0.091681555
2016-11-28,0.091115706,0.091122985,0.091135666,0.091434546,0.091109864,0.5440812
2016-11-29,0.100309126,0.100309156,0.4975622,0.10030909,0.10030909,0.1012013
2016-11-30,0.54421806,0.0911068,0.091106854,0.0911068,0.0911068,0.09135467
2016-12-01,0.090960294,0.09096003,0.090960175,0.09096003,0.54513747,0.09102198
2016-12-02,0.54500294,0.09098135,0.09098137,0.09098135,0.09098135,0.09107171
2016-12-05,0.091115706,0.091122985,0.091135666,0.091434546,0.091109864,0.5440812
2016-12-06,0.09102454,0.09102399,0.09102427,0.091023974,0.5447395,0.09116384
2016-12-07,0.100267,0.10025863,0.10024833,0.100259826,0.10023415,0.4987321
2016-12-08,0.1000167,0.1000167,0.49986884,0.1000167,0.1000167,0.10006439
2016-12-09,0.10001005,0.10001005,0.49992108,0.10001005,0.10001005,0.100038774
2016-12-12,0.10000633,0.10000633,0.49995023,0.10000633,0.10000633,0.10002442
2016-12-13,0.1002681,0.10026209,0.10024945,0.10026093,0.10023526,0.49872416
2016-12-14,0.54467994,0.091032974,0.091033,0.091032974,0.091032974,0.091188066
2016-12-15,0.091115706,0.091122985,0.091135666,0.091434546,0.091109864,0.5440812
2016-12-16,0.5402145,0.091744795,0.091745004,0.09174478,0.091744795,0.09280613
2016-12-19,0.5425866,0.09136719,0.0913673,0.09136718,0.09136719,0.09194453
2016-12-20,0.11134201,0.1113555,0.11134391,0.11138696,0.11131899,0.44325265
2016-12-21,0.54408205,0.09112854,0.091128595,0.09112854,0.09112854,0.0914038
2016-12-22,0.091115706,0.091122985,0.091135666,0.091434546,0.091109864,0.5440812
2016-12-23,0.091115706,0.091122985,0.091135666,0.091434546,0.091109864,0.5440812
2016-12-27,0.14293286,0.14295022,0.1429588,0.14295495,0.14291833,0.28528485
2016-12-28,0.09094596,0.09094577,0.09094587,0.09094577,0.5452263,0.090990365
2016-12-29,0.54507875,0.09096922,0.09096923,0.09096922,0.09096922,0.09104439
2016-12-30,0.0909366,0.09093647,0.09093655,0.09093647,0.5452841,0.09096975
2017-01-03,0.10007286,0.10007286,0.4994272,0.10007285,0.10007285,0.1002814
2017-01-04,0.091115706,0.091122985,0.091135666,0.091434546,0.091109864,0.5440812
2017-01-05,0.1002845,0.1002642,0.10026554,0.10026873,0.100243054,0.49867392
2017-01-06,0.10000462,0.10000462,0.49996364,0.10000462,0.10000462,0.10001784
2017-01-09,0.111352146,0.11133442,0.111340605,0.111383654,0.11131569,0.44327354
2017-01-10,0.100001216,0.100001216,0.49999046,0.100001216,0.100001216,0.10000468
2017-01-11,0.5452024,0.090949446,0.09094945,0.090949446,0.090949446,0.09099987
2017-01-12,0.10000091,0.10000091,0.4999928,0.10000091,0.10000091,0.10000354
2017-01-13,0.111357436,0.111449085,0.111351445,0.1114024,0.111334436,0.4431052
2017-01-17,0.090920106,0.09092005,0.09092009,0.09092005,0.54538625,0.090933375
2017-01-18,0.0909447,0.090944536,0.09094463,0.090944536,0.5452339,0.09098763
2017-01-19,0.0909444,0.09094422,0.09094432,0.09094422,0.54523593,0.09098692
2017-01-20,0.5439979,0.09114198,0.09114203,0.09114198,0.09114198,0.09143416
2017-01-23,0.091115706,0.091122985,0.091135666,0.091434546,0.091109864,0.5440812
2017-01-24,0.091056846,0.09105614,0.09105652,0.09105613,0.5445391,0.091235265
2017-01-25,0.10027729,0.10025851,0.10025003,0.10026151,0.100235835,0.4987168
2017-01-26,0.54469585,0.09103044,0.091030486,0.09103044,0.09103044,0.09118235
2017-01-27,0.1000178,0.1000178,0.4998602,0.1000178,0.1000178,0.10006864
2017-01-30,0.10002256,0.10002256,0.49982274,0.10002256,0.10002256,0.10008704
2017-01-31,0.090965405,0.09096514,0.090965286,0.09096514,0.5451057,0.0910333
2017-02-01,0.10012024,0.10012025,0.49905413,0.10012022,0.10012022,0.100464955
2017-02-02,0.091115706,0.091122985,0.091135666,0.091434546,0.091109864,0.5440812
2017-02-03,0.10016328,0.1001633,0.49871477,0.10016327,0.10016327,0.10063214
2017-02-06,0.10028053,0.1002669,0.10025327,0.10026475,0.100239076,0.49869546
2017-02-07,0.091115706,0.091122985,0.091135666,0.091434546,0.091109864,0.5440812
2017-02-08,0.54510933,0.09096432,0.090964325,0.09096432,0.09096432,0.091033354
2017-02-09,0.14294033,0.14294723,0.14295952,0.14295568,0.14291906,0.28527823
2017-02-10,0.10003897,0.10003899,0.4996937,0.10003897,0.10003897,0.10015041
2017-02-13,0.09124738,0.09124575,0.09124661,0.091245726,0.5433572,0.09165735
2017-02-14,0.091111094,0.09111011,0.091110624,0.0911101,0.5442029,0.09135522
2017-02-15,0.54513794,0.09095975,0.090959765,0.09095975,0.09095975,0.09102307
2017-02-16,0.090999186,0.09099877,0.09099899,0.09099875,0.54489654,0.09110784
2017-02-17,0.091115706,0.091122985,0.091135666,0.091434546,0.091109864,0.5440812
2017-02-21,0.091115706,0.091122985,0.091135666,0.091434546,0.091109864,0.5440812
2017-02-22,0.100005604,0.100005604,0.49995595,0.100005604,0.100005604,0.1000216
2017-02-23,0.5449813,0.0909848,0.09098482,0.0909848,0.0909848,0.091079496
2017-02-24,0.091115706,0.091122985,0.091135666,0.091434546,0.091109864,0.5440812
2017-02-27,0.11135234,0.11133482,0.1113408,0.11138383,0.111315854,0.44327244
2017-02-28,0.111343615,0.11136071,0.111345515,0.11138858,0.11132061,0.44324094
2017-03-01,0.111346155,0.11139584,0.11134016,0.11139112,0.11132315,0.44320354
2017-03-02,0.5451087,0.09096444,0.090964444,0.09096444,0.09096444,0.09103361
2017-03-03,0.10002517,0.10002517,0.49980232,0.10002517,0.10002517,0.10009707
2017-03-06,0.091115706,0.091122985,0.091135666,0.091434546,0.091109864,0.5440812
2017-03-07,0.54477227,0.09101824,0.09101827,0.09101824,0.09101824,0.09115482
2017-03-08,0.093991585,0.09397619,0.093984425,0.093976,0.5261347,0.09793707
2017-03-09,0.09391651,0.09390153,0.093909554,0.09390133,0.526611,0.09776014
2017-03-10,0.091115706,0.091122985,0.091135666,0.091434546,0.091109864,0.5440812
2017-03-13,0.1002851,0.10026534,0.10026613,0.10026932,0.10024364,0.4986705
2017-03-14,0.09107166,0.09107088,0.09107129,0.09107087,0.5444473,0.09126799
2017-03-15,0.5445891,0.0910475,0.09104753,0.0910475,0.0910475,0.09122084
2017-03-16,0.091115706,0.091122985,0.091135666,0.091434546,0.091109864,0.5440812
2017-03-17,0.10000602,0.10000602,0.49995267,0.10000602,0.10000602,0.10002321
2017-03-20,0.091115706,0.091122985,0.091135666,0.091434546,0.091109864,0.5440812
2017-03-21,0.090952724,0.0909525,0.09095262,0.0909525,0.5451844,0.09100527
2017-03-22,0.1000023,0.1000023,0.49998188,0.1000023,0.1000023,0.10000888
2017-03-23,0.091115706,0.091122985,0.091135666,0.091434546,0.091109864,0.5440812
2017-03-24,0.091115706,0.091122985,0.091135666,0.091434546,0.091109864,0.5440812
2017-03-27,0.545084,0.09096838,0.090968385,0.09096838,0.09096838,0.09104249
2017-03-28,0.10003298,0.10003299,0.49974087,0.10003298,0.10003298,0.100127265
2017-03-29,0.10001753,0.10001753,0.49986222,0.10001753,0.10001753,0.100067645
2017-03-30,0.5446926,0.09103097,0.09103101,0.09103097,0.09103097,0.09118354
2017-03-31,0.544493,0.091062866,0.091062896,0.091062866,0.091062866,0.09125549
2017-04-03,0.091115706,0.091122985,0.091135666,0.091434546,0.091109864,0.5440812
2017-04-04,0.09094283,0.09094266,0.09094275,0.09094266,0.5452456,0.090983465
2017-04-05,0.11145229,0.11189181,0.11145702,0.11147092,0.11142931,0.44229874
2017-04-06,0.10000759,0.10000759,0.49994034,0.10000759,0.10000759,0.10002929
2017-04-07,0.11158929,0.11254612,0.11159402,0.11160792,0.11156635,0.44109625
2017-04-10,0.5451348,0.09096026,0.090960264,0.09096026,0.09096026,0.091024205
2017-04-11,0.5450605,0.09097214,0.09097215,0.09097214,0.09097214,0.09105097
2017-04-12,0.091115706,0.091122985,0.091135666,0.091434546,0.091109864,0.5440812
2017-04-13,0.09095067,0.09095047,0.09095057,0.09095047,0.54519707,0.09100078
2017-04-17,0.091115706,0.091122985,0.091135666,0.091434546,0.091109864,0.5440812
2017-04-18,0.54259026,0.09136661,0.09136672,0.091366604,0.09136661,0.09194322
2017-04-19,0.10000918,0.10000918,0.49992788,0.10000918,0.10000918,0.100035384
2017-04-20,0.11139223,0.111613534,0.11138624,0.111437164,0.11136923,0.44280156
2017-04-21,0.11135937,0.11145828,0.111353375,0.11140434,0.11133638,0.4430882
2017-04-24,0.09094886,0.090948656,0.090948775,0.090948656,0.5452083,0.090996765
2017-04-25,0.11135077,0.11133123,0.11133921,0.11138226,0.1113143,0.4432823
2017-04-26,0.10000335,0.10000335,0.49997377,0.10000335,0.10000335,0.10001289
2017-04-27,0.09094741,0.09094723,0.09094733,0.09094723,0.5452173,0.09099359
2017-04-28,0.10000313,0.10000313,0.49997538,0.10000313,0.10000313,0.10001208
2017-05-01,0.10000695,0.10000695,0.49994546,0.10000695,0.10000695,0.10002679
2017-05-02,0.091115706,0.091122985,0.091135666,0.091434546,0.091109864,0.5440812
2017-05-03,0.09100326,0.091002814,0.09100305,0.0910028,0.5448712,0.09111684
2017-05-04,0.091115706,0.091122985,0.091135666,0.091434546,0.091109864,0.5440812
2017-05-05,0.091115706,0.091122985,0.091135666,0.091434546,0.091109864,0.5440812
2017-05-08,0.10003572,0.100035734,0.4997193,0.10003572,0.10003572,0.10013785
2017-05-09,0.09109336,0.091092475,0.091092944,0.09109246,0.5443127,0.09131599
2017-05-10,0.54454136,0.09105514,0.09105516,0.09105514,0.09105514,0.09123805
2017-05-11,0.10026537,0.100253575,0.100246705,0.10025819,0.10023252,0.49874365
2017-05-12,0.09122776,0.091226235,0.091227055,0.09122621,0.5434789,0.091613844
2017-05-15,0.091115706,0.091122985,0.091135666,0.091434546,0.091109864,0.5440812
2017-05-16,0.09111331,0.09111232,0.09111285,0.09111231,0.54418904,0.09136014
2017-05-17,0.11137722,0.111542486,0.11137122,0.11142216,0.11135422,0.44293275
2017-05-18,0.09114859,0.09114743,0.091148056,0.09114742,0.5439703,0.09143826
2017-05-19,0.1113498,0.11141301,0.1113438,0.111394756,0.11132679,0.44317183
2017-05-22,0.09111966,0.091118656,0.0911192,0.09111864,0.54414964,0.09137423
2017-05-23,0.091115706,0.091122985,0.091135666,0.091434546,0.091109864,0.5440812
2017-05-24,0.091115706,0.091122985,0.091135666,0.091434546,0.091109864,0.5440812
2017-05-25,0.10001687,0.10001687,0.49986735,0.10001687,0.10001687,0.1000651
2017-05-26,0.091115706,0.091122985,0.091135666,0.091434546,0.091109864,0.5440812
2017-05-30,0.10004473,0.10004475,0.49964833,0.10004473,0.10004473,0.100172676
2017-05-31,0.091115706,0.091122985,0.091135666,0.091434546,0.091109864,0.5440812
2017-06-01,0.09096554,0.09096527,0.09096543,0.09096527,0.54510486,0.09103359
2017-06-02,0.091115706,0.091122985,0.091135666,0.091434546,0.091109864,0.5440812
2017-06-05,0.091115706,0.091122985,0.091135666,0.091434546,0.091109864,0.5440812
2017-06-06,0.091115706,0.091122985,0.091135666,0.091434546,0.091109864,0.5440812
2017-06-07,0.100060165,0.100060165,0.49952713,0.10006016,0.10006016,0.10023227
2017-06-08,0.09103408,0.09103349,0.0910338,0.09103348,0.54468024,0.09118493
2017-06-09,0.12519698,0.12515841,0.1251546,0.12516895,0.12513691,0.37418413
2017-06-12,0.1251968,0.12515709,0.12515442,0.12516874,0.1251367,0.37418628
2017-06-13,0.10000188,0.10000188,0.49998522,0.10000188,0.10000188,0.10000726
2017-06-14,0.100003816,0.100003816,0.49997002,0.100003816,0.100003816,0.10001473
2017-06-15,0.5435666,0.09121083,0.09121091,0.09121083,0.091210835,0.09158995
2017-06-16,0.10000285,0.10000285,0.4999776,0.10000285,0.10000285,0.10001098
2017-06-19,0.100004636,0.100004636,0.49996364,0.100004636,0.100004636,0.10001787
2017-06-20,0.091115706,0.091122985,0.091135666,0.091434546,0.091109864,0.5440812
2017-06-21,0.11134597,0.111394875,0.11133997,0.11139092,0.111322954,0.44320536
2017-06-22,0.5445254,0.091057695,0.09105774,0.091057695,0.091057695,0.091243826
2017-06-23,0.5449206,0.09099451,0.09099452,0.09099451,0.09099451,0.09110134
2017-06-26,0.100021906,0.100021906,0.4998278,0.100021906,0.100021906,0.10008452
2017-06-27,0.09098297,0.09098262,0.09098282,0.09098262,0.5449969,0.09107205
2017-06-28,0.11135153,0.11133299,0.11133998,0.111383036,0.111315064,0.4432774
2017-06-29,0.100007735,0.100007735,0.4999392,0.100007735,0.100007735,0.10002984
2017-06-30,0.111385554,0.11158201,0.11137958,0.11143051,0.11136257,0.44285977
2017-07-03,0.5442158,0.09110716,0.09110721,0.09110716,0.09110716,0.09135551
2017-07-05,0.10001404,0.10001404,0.49988964,0.10001404,0.10001404,0.100054175
2017-07-06,0.1000143,0.1000143,0.49988768,0.1000143,0.1000143,0.10005514
2017-07-07,0.10001141,0.10001141,0.49991044,0.10001141,0.10001141,0.10004398
2017-07-10,0.54480135,0.09101357,0.091013595,0.09101357,0.09101357,0.091144316
2017-07-11,0.5449004,0.09099773,0.09099776,0.09099773,0.09099773,0.091108635
2017-07-12,0.09093026,0.090930164,0.09093022,0.090930164,0.54532343,0.09095579
2017-07-13,0.111351736,0.11133348,0.111340195,0.11138323,0.111315265,0.44327614
2017-07-14,0.091115706,0.091122985,0.091135666,0.091434546,0.091109864,0.5440812
2017-07-17,0.09101228,0.09101178,0.091012046,0.09101178,0.54481536,0.09113675
2017-07-18,0.10003069,0.1000307,0.49975884,0.10003069,0.10003069,0.10011842
2017-07-19,0.11134227,0.11135638,0.11134419,0.11138725,0.11131927,0.4432507
2017-07-20,0.0910433,0.09104266,0.09104301,0.091042645,0.5446231,0.09120532
2017-07-21,0.54429483,0.09109454,0.09109458,0.09109454,0.09109454,0.09132699
2017-07-24,0.10028272,0.10027257,0.10025545,0.10026695,0.10024127,0.49868104
2017-07-25,0.54440063,0.09107763,0.09107767,0.09107763,0.09107763,0.09128882
2017-07-26,0.10002832,0.100028336,0.49977735,0.10002832,0.10002832,0.10010931
2017-07-27,0.091115706,0.091122985,0.091135666,0.091434546,0.091109864,0.5440812
2017-07-28,0.091115706,0.091122985,0.091135666,0.091434546,0.091109864,0.5440812
2017-07-31,0.10002553,0.10002553,0.49979946,0.10002553,0.10002553,0.10009848
2017-08-01,0.54324615,0.09126199,0.09126208,0.09126199,0.091262005,0.09170583
2017-08-02,0.10003967,0.10003969,0.49968818,0.10003967,0.10003967,0.10015314
2017-08-03,0.10003964,0.100039646,0.49968848,0.10003964,0.10003964,0.100153
2017-08-04,0.09098831,0.09098793,0.09098813,0.09098793,0.54496396,0.091083825
2017-08-07,0.5448698,0.091002636,0.09100266,0.091002636,0.091002636,0.091119684
2017-08-08,0.10001128,0.10001128,0.4999114,0.10001128,0.10001128,0.100043505
2017-08-09,0.100015774,0.100015774,0.4998761,0.100015774,0.100015774,0.10006083
2017-08-10,0.544512,0.09105984,0.09105988,0.09105984,0.09105984,0.091248654
2017-08-11,0.091115706,0.091122985,0.091135666,0.091434546,0.091109864,0.5440812
2017-08-14,0.5446613,0.09103596,0.09103599,0.09103596,0.09103596,0.09119479
2017-08-15,0.5443924,0.09107895,0.091079004,0.09107895,0.09107895,0.091291785
2017-08-16,0.5443841,0.09108026,0.09108031,0.09108026,0.09108026,0.09129476
2017-08-17,0.10002375,0.10002375,0.4998135,0.10002375,0.10002375,0.100091584
2017-08-18,0.54422516,0.09110567,0.091105714,0.09110567,0.09110567,0.09135213
2017-08-21,0.5443593,0.091084234,0.09108429,0.091084234,0.091084234,0.09130372
2017-08-22,0.091115706,0.091122985,0.091135666,0.091434546,0.091109864,0.5440812
2017-08-23,0.09130811,0.09130618,0.091307215,0.091306165,0.54297996,0.091792285
2017-08-24,0.5450558,0.09097288,0.09097289,0.09097288,0.09097288,0.09105263
2017-08-25,0.091115706,0.091122985,0.091135666,0.091434546,0.091109864,0.5440812
2017-08-28,0.11134788,0.111404024,0.11134191,0.11139285,0.111324884,0.4431884
2017-08-29,0.54482746,0.09100939,0.091009416,0.09100939,0.09100939,0.091134906
2017-08-30,0.091115706,0.091122985,0.091135666,0.091434546,0.091109864,0.5440812
2017-08-31,0.11137874,0.1115497,0.11137274,0.11142368,0.11135574,0.4429194
2017-09-01,0.090969466,0.090969175,0.09096934,0.090969175,0.5450806,0.09104224
2017-09-05,0.11135982,0.11146032,0.11135382,0.111404784,0.11133682,0.44308442
2017-09-06,0.111359544,0.11145901,0.111353554,0.11140451,0.111336544,0.4430869
2017-09-07,0.090948336,0.09094814,0.090948254,0.09094814,0.5452115,0.090995595
2017-09-08,0.11140729,0.11168486,0.1114013,0.11145222,0.111384295,0.44267005
2017-09-11,0.10000569,0.10000569,0.49995542,0.10000569,0.10000569,0.1000219
2017-09-12,0.11136554,0.111487284,0.11135953,0.11141048,0.11134254,0.44303462
2017-09-13,0.5450564,0.090972796,0.09097282,0.090972796,0.090972796,0.09105245
2017-09-14,0.091115706,0.091122985,0.091135666,0.091434546,0.091109864,0.5440812
2017-09-15,0.09099599,0.09099558,0.090995796,0.090995565,0.5449163,0.09110079
2017-09-18,0.091115706,0.091122985,0.091135666,0.091434546,0.091109864,0.5440812
2017-09-19,0.5445351,0.09105614,0.091056176,0.09105614,0.09105614,0.09124031
2017-09-20,0.11135119,0.11141963,0.111345224,0.11139618,0.1113282,0.4431596
2017-09-21,0.111343354,0.111382626,0.111337356,0.11138833,0.11132035,0.44322792
2017-09-22,0.091115706,0.091122985,0.091135666,0.091434546,0.091109864,0.5440812
2017-09-25,0.10000946,0.10000946,0.4999258,0.10000946,0.10000946,0.100036435
2017-09-26,0.545181,0.090952866,0.09095288,0.090952866,0.090952866,0.091007575
2017-09-27,0.111352816,0.111427285,0.11134683,0.111397795,0.111329824,0.4431455
2017-09-28,0.10000536,0.10000536,0.49995792,0.10000536,0.10000536,0.100020654
2017-09-29,0.54518855,0.09095166,0.09095167,0.09095166,0.09095166,0.09100484
2017-10-02,0.11144198,0.11184291,0.11144671,0.111460604,0.111418985,0.44238877
2017-10-03,0.5452126,0.09094779,0.090947814,0.09094779,0.09094779,0.09099617
2017-10-04,0.5452308,0.09094489,0.09094491,0.09094489,0.09094489,0.09098964
2017-10-05,0.5452295,0.09094511,0.09094512,0.09094511,0.09094511,0.0909901
2017-10-06,0.09094932,0.090949126,0.09094923,0.090949126,0.5452054,0.09099778
2017-10-09,0.10000392,0.10000392,0.49996912,0.10000392,0.10000392,0.10001513
2017-10-10,0.10000199,0.10000199,0.49998426,0.10000199,0.10000199,0.1000077
2017-10-11,0.090965085,0.09096481,0.090964966,0.09096481,0.5451077,0.09103258
2017-10-12,0.111343116,0.111359075,0.11134502,0.11138807,0.11132009,0.44324464
2017-10-13,0.11135039,0.11141578,0.1113444,0.11139535,0.11132739,0.44316676
2017-10-16,0.100005075,0.100005075,0.49996006,0.100005075,0.100005075,0.10001959
2017-10-17,0.091115706,0.091122985,0.091135666,0.091434546,0.091109864,0.5440812
2017-10-18,0.10000454,0.10000454,0.49996436,0.10000454,0.10000454,0.100017495
2017-10-19,0.10000395,0.10000395,0.49996895,0.10000395,0.10000395,0.10001524
2017-10-20,0.091115706,0.091122985,0.091135666,0.091434546,0.091109864,0.5440812
2017-10-23,0.091115706,0.091122985,0.091135666,0.091434546,0.091109864,0.5440812
2017-10-24,0.09102909,0.09102852,0.091028824,0.09102851,0.54471105,0.0911739
2017-10-25,0.111342825,0.1113581,0.111344725,0.11138778,0.1113198,0.44324684
2017-10-26,0.091115706,0.091122985,0.091135666,0.091434546,0.091109864,0.5440812
2017-10-27,0.111355394,0.111341864,0.111343846,0.1113869,0.11131892,0.44325307
2017-10-30,0.11135942,0.111458406,0.11135341,0.11140437,0.11133642,0.44308797
2017-10-31,0.091115706,0.091122985,0.091135666,0.091434546,0.091109864,0.5440812
2017-11-01,0.1114099,0.111697234,0.11140391,0.111454844,0.11138692,0.44264725
2017-11-02,0.5446058,0.091044836,0.091044866,0.091044836,0.091044836,0.09121483
2017-11-03,0.54485786,0.091004536,0.091004565,0.091004536,0.091004536,0.09112397
2017-11-06,0.5448554,0.09100494,0.09100496,0.09100494,0.09100494,0.091124855
2017-11-07,0.091115706,0.091122985,0.091135666,0.091434546,0.091109864,0.5440812
2017-11-08,0.09092523,0.09092516,0.090925194,0.09092516,0.54535455,0.09094469
2017-11-09,0.5451732,0.0909541,0.09095412,0.0909541,0.0909541,0.091010354
2017-11-10,0.111352935,0.11133621,0.11134139,0.11138443,0.111316465,0.4432686
2017-11-13,0.100000836,0.100000836,0.4999935,0.100000836,0.100000836,0.10000319
2017-11-14,0.090948984,0.09094879,0.090948895,0.09094879,0.5452075,0.09099704
2017-11-15,0.10000355,0.10000355,0.4999721,0.10000355,0.10000355,0.10001369
2017-11-16,0.10028645,0.10026798,0.100267485,0.10027067,0.100245,0.49866247
2017-11-17,0.111343116,0.11138148,0.1113371,0.11138808,0.11132011,0.44323012
2017-11-20,0.091115706,0.091122985,0.091135666,0.091434546,0.091109864,0.5440812
2017-11-21,0.091115706,0.091122985,0.091135666,0.091434546,0.091109864,0.5440812
2017-11-22,0.10000318,0.10000318,0.49997497,0.10000318,0.10000318,0.100012265
2017-11-24,0.54528064,0.09093692,0.09093694,0.09093692,0.09093692,0.09097171
2017-11-27,0.091115706,0.091122985,0.091135666,0.091434546,0.091109864,0.5440812
2017-11-28,0.1000197,0.1000197,0.49984527,0.1000197,0.1000197,0.10007598
2017-11-29,0.0909445,0.09094432,0.09094442,0.09094432,0.54523534,0.09098716
2017-11-30,0.091115706,0.091122985,0.091135666,0.091434546,0.091109864,0.5440812
2017-12-01,0.091115706,0.091122985,0.091135666,0.091434546,0.091109864,0.5440812
2017-12-04,0.10003337,0.10003339,0.4997377,0.10003337,0.10003337,0.10012881
2017-12-05,0.10004172,0.100041725,0.49967209,0.10004172,0.10004172,0.10016101
2017-12-06,0.100018,0.100018,0.49985853,0.100018,0.100018,0.100069456
2017-12-07,0.100006826,0.100006826,0.4999463,0.100006826,0.100006826,0.10002635
2017-12-08,0.54513156,0.09096076,0.09096078,0.09096076,0.09096076,0.09102537
2017-12-11,0.5451577,0.09095658,0.09095659,0.09095658,0.09095658,0.09101596
2017-12-12,0.12519667,0.12515613,0.12515429,0.12516862,0.12513657,0.3741878
2017-12-13,0.1000328,0.10003281,0.49974215,0.1000328,0.1000328,0.10012658
2017-12-14,0.09097311,0.090972796,0.090972975,0.090972796,0.545058,0.09105027
2017-12-15,0.09100692,0.09100645,0.0910067,0.091006435,0.5448486,0.09112489
2017-12-18,0.10004027,0.10004028,0.49968347,0.10004027,0.10004027,0.10015542
2017-12-19,0.09100404,0.09100359,0.09100383,0.091003574,0.5448664,0.09111855
2017-12-20,0.100021034,0.100021034,0.49983478,0.100021034,0.100021034,0.100081146
2017-12-21,0.5451183,0.09096289,0.0909629,0.09096289,0.09096289,0.09103014
2017-12-22,0.090989955,0.09098957,0.09098978,0.09098957,0.54495364,0.09108747
2017-12-26,0.091115706,0.091122985,0.091135666,0.091434546,0.091109864,0.5440812
2017-12-27,0.091115706,0.091122985,0.091135666,0.091434546,0.091109864,0.5440812
2017-12-28,0.5453163,0.09093123,0.09093124,0.09093123,0.09093123,0.09095887
2017-12-29,0.090937234,0.0909371,0.09093718,0.0909371,0.5452802,0.09097114
2018-01-02,0.09093279,0.09093267,0.090932734,0.09093267,0.5453079,0.0909613
2018-01-03,0.100267045,0.10025881,0.10024839,0.10025986,0.100234196,0.4987316
2018-01-04,0.10028585,0.10026679,0.100266874,0.10027007,0.100244395,0.49866605
2018-01-05,0.54525864,0.090940446,0.09094046,0.090940446,0.090940446,0.090979636
2018-01-08,0.10000082,0.10000082,0.49999356,0.10000082,0.10000082,0.10000317
2018-01-09,0.545191,0.09095127,0.09095128,0.09095127,0.09095127,0.09100399
2018-01-10,0.5452061,0.090948835,0.09094885,0.090948835,0.090948835,0.09099851
2018-01-11,0.11137797,0.11154606,0.11137198,0.11142292,0.11135498,0.44292614
2018-01-12,0.091115706,0.091122985,0.091135666,0.091434546,0.091109864,0.5440812
2018-01-16,0.11136258,0.11147331,0.11135657,0.11140754,0.11133958,0.4430605
2018-01-17,0.5446167,0.0910431,0.09104314,0.0910431,0.0910431,0.09121091
2018-01-18,0.5447735,0.09101803,0.091018066,0.09101803,0.09101803,0.09115437
2018-01-19,0.09103123,0.09103064,0.09103096,0.09103063,0.54469794,0.0911786
2018-01-22,0.5448725,0.09100219,0.09100221,0.09100219,0.09100219,0.091118686
2018-01-23,0.10026638,0.10025672,0.100247726,0.10025921,0.10023353,0.49873647
2018-01-24,0.09160183,0.09159849,0.09160027,0.091598436,0.54115367,0.092447296
2018-01-25,0.14294045,0.14297462,0.14295125,0.1429558,0.14291918,0.2852587
2018-01-26,0.10008179,0.1000818,0.49935699,0.10008177,0.10008177,0.10031592
2018-01-29,0.091115706,0.091122985,0.091135666,0.091434546,0.091109864,0.5440812
2018-01-30,0.09100887,0.091008395,0.09100864,0.09100838,0.54483646,0.091129236
2018-01-31,0.09096137,0.09096112,0.09096126,0.09096112,0.5451308,0.091024384
2018-02-01,0.11150195,0.11212824,0.11150667,0.11152058,0.111478984,0.44186363
2018-02-02,0.091115706,0.091122985,0.091135666,0.091434546,0.091109864,0.5440812
2018-02-05,0.111401804,0.11165885,0.1113958,0.11144674,0.111378804,0.44271803
2018-02-06,0.091115706,0.091122985,0.091135666,0.091434546,0.091109864,0.5440812
2018-02-07,0.09092465,0.09092458,0.09092462,0.09092458,0.5453582,0.090943396
2018-02-08,0.100105114,0.10010512,0.49917322,0.10010511,0.10010511,0.10040634
2018-02-09,0.0909281,0.090927996,0.09092805,0.090927996,0.5453369,0.090950966
2018-02-12,0.100051075,0.10005108,0.49959853,0.100051075,0.100051075,0.10019717
2018-02-13,0.5448726,0.09100217,0.09100219,0.09100217,0.09100217,0.09111863
2018-02-14,0.11136599,0.11148937,0.111359976,0.111410916,0.111342974,0.44303077
2018-02-15,0.091115706,0.091122985,0.091135666,0.091434546,0.091109864,0.5440812
2018-02-16,0.091115706,0.091122985,0.091135666,0.091434546,0.091109864,0.5440812
2018-02-20,0.5445723,0.09105019,0.091050215,0.09105019,0.09105019,0.091226906
2018-02-21,0.090950616,0.090950415,0.09095052,0.090950415,0.5451974,0.09100063
2018-02-22,0.54483485,0.091008216,0.09100823,0.091008216,0.091008216,0.09113226
2018-02-23,0.090943865,0.090943694,0.09094378,0.090943694,0.5452392,0.09098576
2018-02-26,0.5449212,0.09099442,0.09099443,0.09099442,0.09099442,0.09110113
2018-02-27,0.12519714,0.12515956,0.12515478,0.1251691,0.12513705,0.3741823
2018-02-28,0.090956286,0.09095606,0.09095618,0.09095606,0.5451622,0.09101317
2018-03-01,0.5450252,0.09097777,0.090977795,0.09097777,0.09097777,0.091063656
2018-03-02,0.090949684,0.09094949,0.090949595,0.09094949,0.5452032,0.09099859
2018-03-05,0.09097263,0.09097233,0.09097249,0.09097233,0.54506105,0.09104922
2018-03-06,0.10003919,0.1000392,0.49969202,0.10003919,0.10003919,0.10015124
2018-03-07,0.14294036,0.14294827,0.14295956,0.1429557,0.1429191,0.28527704
2018-03-08,0.14294015,0.14294246,0.14295934,0.1429555,0.14291888,0.28528365
2018-03-09,0.091115706,0.091122985,0.091135666,0.091434546,0.091109864,0.5440812
2018-03-12,0.091115706,0.091122985,0.091135666,0.091434546,0.091109864,0.5440812
2018-03-13,0.091115706,0.091122985,0.091135666,0.091434546,0.091109864,0.5440812
2018-03-14,0.54444015,0.091071315,0.09107136,0.091071315,0.091071315,0.09127457
2018-03-15,0.091115706,0.091122985,0.091135666,0.091434546,0.091109864,0.5440812
2018-03-16,0.5439591,0.09114817,0.09114823,0.09114817,0.09114817,0.09144815
2018-03-19,0.100000866,0.100000866,0.4999932,0.100000866,0.100000866,0.10000335
2018-03-20,0.54388523,0.09115996,0.09116003,0.09115996,0.09115996,0.09147483
2018-03-21,0.10000071,0.10000071,0.49999428,0.10000071,0.10000071,0.10000279
2018-03-22,0.091045745,0.091045104,0.09104544,0.09104508,0.5446079,0.09121071
2018-03-23,0.091115706,0.091122985,0.091135666,0.091434546,0.091109864,0.5440812
2018-03-26,0.090966575,0.09096629,0.09096645,0.09096629,0.54509854,0.09103584
2018-03-27,0.11134408,0.111385986,0.11133808,0.11138903,0.11132106,0.44322178
2018-03-28,0.10000308,0.10000308,0.4999758,0.10000308,0.10000308,0.100011885
2018-03-29,0.09091997,0.09091991,0.09091995,0.09091991,0.5453872,0.09093304
2018-04-02,0.10000547,0.10000547,0.49995703,0.10000547,0.10000547,0.10002109
2018-04-03,0.10000972,0.10000972,0.4999237,0.10000972,0.10000972,0.100037456
2018-04-04,0.10000882,0.10000882,0.49993074,0.10000882,0.10000882,0.100034006
2018-04-05,0.090925165,0.09092509,0.090925135,0.09092509,0.5453549,0.09094456
2018-04-06,0.10000774,0.10000774,0.49993914,0.10000774,0.10000774,0.10002986
2018-04-09,0.090925686,0.090925604,0.09092565,0.090925604,0.5453518,0.09094567
2018-04-10,0.090929665,0.09092957,0.09092961,0.09092957,0.5453272,0.09095443
2018-04-11,0.5446327,0.091040544,0.09104059,0.091040544,0.091040544,0.09120515
2018-04-12,0.544818,0.09101092,0.09101094,0.09101092,0.09101092,0.09113835
2018-04-13,0.091115706,0.091122985,0.091135666,0.091434546,0.091109864,0.5440812
2018-04-16,0.09122412,0.09122261,0.09122342,0.09122259,0.54350144,0.09160575
2018-04-17,0.5431407,0.09127882,0.09127892,0.09127882,0.09127883,0.091743976
2018-04-18,0.111354336,0.11143449,0.11134835,0.111399315,0.11133134,0.44313213
2018-04-19,0.111351304,0.111332506,0.111339755,0.11138281,0.111314826,0.4432787
2018-04-20,0.5439705,0.09114635,0.09114641,0.09114635,0.09114635,0.091444045
2018-04-23,0.091115706,0.091122985,0.091135666,0.091434546,0.091109864,0.5440812
2018-04-24,0.10000083,0.10000083,0.49999344,0.10000083,0.10000083,0.10000322
2018-04-25,0.091077454,0.09107666,0.09107708,0.09107665,0.5444113,0.09128083
2018-04-26,0.091115706,0.091122985,0.091135666,0.091434546,0.091109864,0.5440812
2018-04-27,0.091115706,0.091122985,0.091135666,0.091434546,0.091109864,0.5440812
2018-04-30,0.5440025,0.091141246,0.09114131,0.091141246,0.091141246,0.091432534
2018-05-01,0.100015685,0.100015685,0.4998767,0.100015685,0.100015685,0.10006054
2018-05-02,0.54422706,0.09110537,0.09110542,0.09110537,0.09110537,0.09135145
2018-05-03,0.09095002,0.090949826,0.09094993,0.090949826,0.5452011,0.09099933
2018-05-04,0.100280434,0.100266635,0.100253165,0.10026465,0.10023898,0.49869615
2018-05-07,0.10004978,0.100049786,0.49960876,0.10004978,0.10004978,0.10019213
2018-05-08,0.091115706,0.091122985,0.091135666,0.091434546,0.091109864,0.5440812
2018-05-09,0.14294033,0.14294733,0.14295952,0.14295566,0.14291905,0.28527808
2018-05-10,0.091115706,0.091122985,0.091135666,0.091434546,0.091109864,0.5440812
2018-05-11,0.091115706,0.091122985,0.091135666,0.091434546,0.091109864,0.5440812
2018-05-14,0.10000243,0.10000243,0.4999808,0.10000243,0.10000243,0.100009404
2018-05-15,0.091115706,0.091122985,0.091135666,0.091434546,0.091109864,0.5440812
2018-05-16,0.100001216,0.100001216,0.49999046,0.100001216,0.100001216,0.100004695
2018-05-17,0.091115706,0.091122985,0.091135666,0.091434546,0.091109864,0.5440812
2018-05-18,0.09128813,0.091286294,0.09128728,0.09128628,0.5431042,0.09174786
2018-05-21,0.11134489,0.11138982,0.11133889,0.11138985,0.111321874,0.44321468
2018-05-22,0.091115706,0.091122985,0.091135666,0.091434546,0.091109864,0.5440812
2018-05-23,0.54486376,0.0910036,0.09100362,0.0910036,0.0910036,0.09112184
2018-05-24,0.100002706,0.100002706,0.49997878,0.100002706,0.100002706,0.10001041
2018-05-25,0.11134707,0.11140014,0.111341074,0.111392036,0.111324064,0.4431956
2018-05-29,0.091115706,0.091122985,0.091135666,0.091434546,0.091109864,0.5440812
2018-05-30,0.54346275,0.09122742,0.09122751,0.09122742,0.09122743,0.0916275
2018-05-31,0.10002029,0.10002029,0.4998405,0.10002029,0.10002029,0.100078315
2018-06-01,0.09093454,0.09093441,0.090934485,0.09093441,0.5452969,0.09096518
2018-06-04,0.091115706,0.091122985,0.091135666,0.091434546,0.091109864,0.5440812
2018-06-05,0.5433426,0.09124659,0.09124667,0.09124659,0.0912466,0.091670915
2018-06-06,0.54342145,0.09123402,0.09123411,0.09123402,0.09123403,0.09164243
2018-06-07,0.091115706,0.091122985,0.091135666,0.091434546,0.091109864,0.5440812
2018-06-08,0.10000818,0.10000818,0.4999357,0.10000818,0.10000818,0.100031555
2018-06-11,0.100003436,0.100003436,0.49997294,0.100003436,0.100003436,0.100013256
2018-06-12,0.10000168,0.10000168,0.49998683,0.10000168,0.10000168,0.100006476
2018-06-13,0.09100588,0.09100542,0.09100566,0.091005415,0.544855,0.09112263
2018-06-14,0.091042824,0.09104218,0.091042526,0.091042176,0.54462606,0.091204256
2018-06-15,0.11134981,0.11141309,0.11134382,0.11139478,0.11132682,0.44317168
2018-06-18,0.09105189,0.09105121,0.09105158,0.0910512,0.54456973,0.0912243
2018-06-19,0.54338354,0.09124006,0.091240145,0.09124006,0.09124007,0.09165613
2018-06-20,0.5436583,0.091196194,0.09119627,0.091196194,0.091196194,0.09155679
2018-06-21,0.09098696,0.09098659,0.09098679,0.09098659,0.54497224,0.09108086
2018-06-22,0.091115706,0.091122985,0.091135666,0.091434546,0.091109864,0.5440812
2018-06-25,0.12519605,0.12515205,0.12515369,0.12516801,0.12513597,0.37419423
2018-06-26,0.5448625,0.0910038,0.09100382,0.0910038,0.0910038,0.091122285
2018-06-27,0.12519616,0.12515277,0.12515378,0.12516811,0.12513608,0.37419307
2018-06-28,0.091115706,0.091122985,0.091135666,0.091434546,0.091109864,0.5440812
2018-06-29,0.100012176,0.100012176,0.49990436,0.100012176,0.100012176,0.100046955
2018-07-02,0.10002322,0.10002322,0.49981767,0.10002322,0.10002322,0.10008954
2018-07-03,0.111377835,0.11154547,0.11137185,0.11142279,0.111354835,0.44292724
2018-07-05,0.5444991,0.09106188,0.091061935,0.09106188,0.09106188,0.0912533
2018-07-06,0.100284375,0.100263946,0.100265406,0.100268595,0.10024292,0.4986747
2018-07-09,0.10026773,0.10026087,0.10024906,0.100260556,0.10023488,0.498727
2018-07-10,0.10001007,0.10001007,0.4999208,0.10001007,0.10001007,0.10003887
2018-07-11,0.14294046,0.14296782,0.14295125,0.1429558,0.1429192,0.28526548
2018-07-12,0.100004986,0.100004986,0.49996078,0.100004986,0.100004986,0.100019254
2018-07-13,0.09100497,0.09100451,0.09100476,0.091004506,0.5448606,0.09112062
2018-07-16,0.10026786,0.10026128,0.10024918,0.10026067,0.100235,0.49872598
2018-07-17,0.09109363,0.091092736,0.09109322,0.09109273,0.5443111,0.091316596
2018-07-18,0.100266,0.100255534,0.10024733,0.10025883,0.10023315,0.4987392
2018-07-19,0.100015655,0.100015655,0.499877,0.100015655,0.100015655,0.1000604
2018-07-20,0.10001588,0.10001588,0.49987534,0.10001588,0.10001588,0.100061215
2018-07-23,0.100265466,0.10025387,0.100246795,0.10025828,0.100232616,0.498743
2018-07-24,0.1251965,0.12515508,0.12515412,0.12516847,0.12513642,0.37418947
2018-07-25,0.10001659,0.10001659,0.4998696,0.10001659,0.10001659,0.10006397
2018-07-26,0.14294033,0.14294763,0.14295954,0.14295568,0.14291906,0.28527775
2018-07-27,0.5446977,0.09103016,0.09103019,0.09103016,0.09103016,0.0911817
2018-07-30,0.10002803,0.10002804,0.49977973,0.10002803,0.10002803,0.10010814
2018-07-31,0.10003551,0.10003552,0.49972084,0.10003551,0.10003551,0.10013706
2018-08-01,0.10008599,0.100086,0.49932382,0.10008598,0.10008598,0.10033224
2018-08-02,0.111366756,0.11149313,0.11136076,0.11141171,0.11134376,0.4430238
2018-08-03,0.091115706,0.091122985,0.091135666,0.091434546,0.091109864,0.5440812
2018-08-06,0.091115706,0.091122985,0.091135666,0.091434546,0.091109864,0.5440812
2018-08-07,0.091115706,0.091122985,0.091135666,0.091434546,0.091109864,0.5440812
2018-08-08,0.091115706,0.091122985,0.091135666,0.091434546,0.091109864,0.5440812
2018-08-09,0.0909669,0.09096662,0.090966776,0.09096662,0.54509646,0.09103657
2018-08-10,0.54439604,0.09107836,0.0910784,0.09107836,0.09107836,0.09129046
2018-08-13,0.10002892,0.100028925,0.4997727,0.10002892,0.10002892,0.1001116
2018-08-14,0.10002722,0.10002724,0.499786,0.10002722,0.10002722,0.10010506
2018-08-15,0.10027742,0.10025885,0.10025016,0.10026164,0.10023597,0.49871597
2018-08-16,0.10028104,0.100268215,0.10025378,0.100265265,0.1002396,0.49869213
2018-08-17,0.10028143,0.10026927,0.10025418,0.10026566,0.10023999,0.4986894
2018-08-20,0.10028302,0.100273356,0.10025576,0.10026724,0.10024157,0.49867907
2018-08-21,0.10026817,0.10026227,0.1002495,0.100260995,0.10023532,0.4987237
2018-08-22,0.10026588,0.10025516,0.10024722,0.1002587,0.10023303,0.49874005
2018-08-23,0.10001538,0.10001538,0.4998791,0.10001538,0.10001538,0.10005937
2018-08-24,0.09106874,0.09106797,0.09106838,0.09106795,0.5444654,0.09126152
2018-08-27,0.12519719,0.12515979,0.12515481,0.12516914,0.12513709,0.37418196
2018-08-28,0.091115706,0.091122985,0.091135666,0.091434546,0.091109864,0.5440812
2018-08-29,0.10002184,0.10002184,0.49982828,0.10002184,0.10002184,0.1000843
2018-08-30,0.091115706,0.091122985,0.091135666,0.091434546,0.091109864,0.5440812
2018-08-31,0.1000336,0.10003361,0.49973586,0.1000336,0.1000336,0.10012969
2018-09-04,0.11141931,0.11174182,0.11141332,0.11146423,0.11139632,0.44256496
2018-09-05,0.09093417,0.09093405,0.09093412,0.09093405,0.5452991,0.0909644
2018-09-06,0.091115706,0.091122985,0.091135666,0.091434546,0.091109864,0.5440812
2018-09-07,0.091115706,0.091122985,0.091135666,0.091434546,0.091109864,0.5440812
2018-09-10,0.091115706,0.091122985,0.091135666,0.091434546,0.091109864,0.5440812
2018-09-11,0.10000172,0.10000172,0.49998647,0.10000172,0.10000172,0.10000665
2018-09-12,0.111342505,0.11135713,0.11134443,0.11138748,0.1113195,0.44324902
2018-09-13,0.1002865,0.100268066,0.10026752,0.10027072,0.10024504,0.49866223
2018-09-14,0.1000017,0.1000017,0.49998653,0.1000017,0.1000017,0.10000657
2018-09-17,0.10000217,0.10000217,0.49998295,0.10000217,0.10000217,0.10000836
2018-09-18,0.5444091,0.09107629,0.09107633,0.09107629,0.09107629,0.091285795
2018-09-19,0.5442182,0.091106795,0.09110684,0.091106795,0.091106795,0.091354646
2018-09-20,0.100283645,0.10027495,0.10025638,0.10026787,0.1002422,0.49867505
2018-09-21,0.09096223,0.090961985,0.09096211,0.090961985,0.5451254,0.091026284
2018-09-24,0.091115706,0.091122985,0.091135666,0.091434546,0.091109864,0.5440812
2018-09-25,0.100268714,0.10026399,0.10025006,0.10026154,0.10023588,0.49871975
2018-09-26,0.090981714,0.09098135,0.09098154,0.09098135,0.5450048,0.09106926
2018-09-27,0.090973966,0.090973645,0.090973824,0.090973645,0.54505265,0.091052175
2018-09-28,0.54475284,0.09102133,0.09102136,0.09102133,0.09102133,0.0911618
2018-10-01,0.091115706,0.091122985,0.091135666,0.091434546,0.091109864,0.5440812
2018-10-02,0.09093604,0.09093591,0.09093598,0.09093591,0.54528767,0.090968505
2018-10-03,0.09094565,0.09094548,0.09094558,0.09094548,0.545228,0.09098972
2018-10-04,0.100007854,0.100007854,0.49993825,0.100007854,0.100007854,0.100030296
2018-10-05,0.091115706,0.091122985,0.091135666,0.091434546,0.091109864,0.5440812
2018-10-08,0.5448537,0.09100521,0.09100523,0.09100521,0.09100521,0.09112547
2018-10-09,0.5447482,0.091022074,0.09102212,0.091022074,0.091022074,0.091163486
2018-10-10,0.12519702,0.12515864,0.12515464,0.125169,0.12513694,0.3741838
2018-10-11,0.10000269,0.10000269,0.49997884,0.10000269,0.10000269,0.100010395
2018-10-12,0.11135151,0.11133297,0.111339964,0.111383036,0.11131505,0.44327748
2018-10-15,0.10000503,0.10000503,0.49996048,0.10000503,0.10000503,0.10001939
2018-10-16,0.1113429,0.11135843,0.111344814,0.111387864,0.11131989,0.4432461
2018-10-17,0.09114835,0.09114719,0.09114782,0.091147184,0.5439717,0.09143774
2018-10-18,0.11134899,0.1114092,0.11134299,0.11139396,0.11132598,0.44317886
2018-10-19,0.090965286,0.09096502,0.090965174,0.09096502,0.5451065,0.09103302
2018-10-22,0.100002624,0.100002624,0.49997944,0.100002624,0.100002624,0.10001009
2018-10-23,0.54485637,0.091004774,0.091004804,0.091004774,0.091004774,0.091124505
2018-10-24,0.091115706,0.091122985,0.091135666,0.091434546,0.091109864,0.5440812
2018-10-25,0.10002347,0.10002347,0.49981558,0.10002347,0.10002347,0.10009054
2018-10-26,0.5441,0.09112566,0.09112571,0.09112566,0.09112566,0.09139729
2018-10-29,0.090923585,0.09092353,0.09092357,0.09092353,0.54536474,0.09094107
2018-10-30,0.5430974,0.09128572,0.09128582,0.09128572,0.09128573,0.09175962
2018-10-31,0.11135545,0.11134197,0.1113439,0.11138695,0.11131897,0.44325274
2018-11-01,0.54041904,0.09171229,0.09171248,0.09171227,0.09171229,0.09273167
2018-11-02,0.54261225,0.09136311,0.091363214,0.091363095,0.09136311,0.09193524
2018-11-05,0.100166194,0.10016622,0.4986917,0.10016617,0.10016617,0.10064348
2018-11-06,0.14294046,0.1429677,0.14295126,0.1429558,0.1429192,0.28526562
2018-11-07,0.54464465,0.09103863,0.09103866,0.09103863,0.09103863,0.09120081
2018-11-08,0.10000269,0.10000269,0.49997884,0.10000269,0.10000269,0.100010395
2018-11-09,0.10026653,0.10025717,0.10024787,0.100259356,0.10023368,0.49873543
2018-11-12,0.54522306,0.09094614,0.090946145,0.09094614,0.09094614,0.09099241
2018-11-13,0.10000178,0.10000178,0.499986,0.10000178,0.10000178,0.100006886
2018-11-14,0.100006446,0.100006446,0.49994934,0.100006446,0.100006446,0.10002486
2018-11-15,0.090934716,0.09093459,0.09093466,0.09093459,0.5452959,0.09096558
2018-11-16,0.09093883,0.09093869,0.09093876,0.09093869,0.54527044,0.09097465
2018-11-19,0.09093359,0.09093347,0.09093354,0.09093347,0.54530287,0.0909631
2018-11-20,0.09092949,0.0909294,0.09092944,0.0909294,0.5453282,0.09095406
2018-11-21,0.1000035,0.1000035,0.49997246,0.1000035,0.1000035,0.10001353
2018-11-23,0.111343876,0.11138502,0.11133788,0.11138884,0.111320846,0.44322357
2018-11-26,0.091115706,0.091122985,0.091135666,0.091434546,0.091109864,0.5440812
2018-11-27,0.54465586,0.091036834,0.09103686,0.091036834,0.091036834,0.091196775
2018-11-28,0.091115706,0.091122985,0.091135666,0.091434546,0.091109864,0.5440812
2018-11-29,0.091115706,0.091122985,0.091135666,0.091434546,0.091109864,0.5440812
2018-11-30,0.09092098,0.09092092,0.09092096,0.09092092,0.5453809,0.0909353
2018-12-03,0.091115706,0.091122985,0.091135666,0.091434546,0.091109864,0.5440812
2018-12-04,0.091115706,0.091122985,0.091135666,0.091434546,0.091109864,0.5440812
2018-12-06,0.10027917,0.100263394,0.100251906,0.100263394,0.10023773,0.49870434
2018-12-07,0.09091668,0.09091664,0.09091666,0.09091664,0.5454075,0.09092583
2018-12-10,0.1113521,0.111334324,0.11134056,0.11138361,0.111315645,0.44327375
2018-12-11,0.091115706,0.091122985,0.091135666,0.091434546,0.091109864,0.5440812
2018-12-12,0.100001015,0.100001015,0.499992,0.100001015,0.100001015,0.10000393
2018-12-13,0.545347,0.090926304,0.090926304,0.090926304,0.090926304,0.09094784
2018-12-14,0.091115706,0.091122985,0.091135666,0.091434546,0.091109864,0.5440812
2018-12-17,0.09098894,0.09098854,0.09098875,0.09098854,0.54496,0.09108521
2018-12-18,0.10002124,0.10002124,0.499833,0.10002124,0.10002124,0.100081995
2018-12-19,0.100013256,0.100013256,0.49989578,0.100013256,0.100013256,0.10005114
2018-12-20,0.0910778,0.091076985,0.091077425,0.09107698,0.5444092,0.09128158
2018-12-21,0.10000966,0.10000966,0.49992412,0.10000966,0.10000966,0.10003723
2018-12-24,0.54518145,0.09095279,0.0909528,0.09095279,0.09095279,0.0910074
2018-12-26,0.14293286,0.14295022,0.1429588,0.14295495,0.14291833,0.28528485
2018-12-27,0.5448976,0.09099818,0.0909982,0.09099818,0.09099818,0.09110963
2018-12-28,0.100035645,0.10003567,0.4997199,0.100035645,0.100035645,0.10013755
2018-12-31,0.090945065,0.0909449,0.090945,0.0909449,0.5452317,0.09098841
2019-01-02,0.12519723,0.12516017,0.12515487,0.12516919,0.12513715,0.3741814
2019-01-03,0.091115706,0.091122985,0.091135666,0.091434546,0.091109864,0.5440812
2019-01-04,0.091115706,0.091122985,0.091135666,0.091434546,0.091109864,0.5440812
2019-01-07,0.10000592,0.10000592,0.49995345,0.10000592,0.10000592,0.10002285
2019-01-08,0.10000381,0.10000381,0.49997008,0.10000381,0.10000381,0.10001471
2019-01-09,0.100277334,0.10025863,0.10025007,0.10026156,0.100235894,0.49871644
2019-01-10,0.091115706,0.091122985,0.091135666,0.091434546,0.091109864,0.5440812
2019-01-11,0.5452332,0.09094451,0.09094453,0.09094451,0.09094451,0.09098877
2019-01-14,0.091115706,0.091122985,0.091135666,0.091434546,0.091109864,0.5440812
2019-01-15,0.11135356,0.11143083,0.11134758,0.111398526,0.11133057,0.44313896
2019-01-16,0.111349516,0.11141178,0.11134353,0.11139449,0.11132652,0.44317406
2019-01-17,0.091078244,0.09107743,0.09107787,0.09107742,0.54440653,0.09128256
2019-01-18,0.091115706,0.091122985,0.091135666,0.091434546,0.091109864,0.5440812
2019-01-22,0.5440637,0.09113147,0.09113152,0.09113147,0.09113147,0.091410406
2019-01-23,0.10001772,0.10001772,0.49986073,0.10001772,0.10001772,0.10006834
2019-01-24,0.100053765,0.10005377,0.49957728,0.100053765,0.100053765,0.10020758
2019-01-25,0.11135539,0.11143946,0.11134939,0.11140035,0.111332394,0.44312295
2019-01-28,0.091115706,0.091122985,0.091135666,0.091434546,0.091109864,0.5440812
2019-01-29,0.09102265,0.091022104,0.0910224,0.0910221,0.54475105,0.09115968
2019-01-30,0.5448591,0.09100433,0.09100435,0.09100433,0.09100433,0.09112351
2019-01-31,0.09093603,0.09093589,0.09093597,0.09093589,0.5452878,0.09096846
2019-02-01,0.54457253,0.091050155,0.09105019,0.091050155,0.091050155,0.091226846
2019-02-04,0.10004602,0.100046024,0.49963823,0.10004602,0.10004602,0.10017763
2019-02-05,0.1114009,0.11165454,0.1113949,0.11144584,0.11137789,0.44272593
2019-02-06,0.5450251,0.090977795,0.09097781,0.090977795,0.090977795,0.09106369
2019-02-07,0.5451612,0.09095601,0.09095602,0.09095601,0.09095601,0.09101466
2019-02-08,0.11134648,0.11139745,0.111340515,0.111391455,0.11132348,0.44320062
2019-02-11,0.10027822,0.10026091,0.10025096,0.10026244,0.10023677,0.49871075
2019-02-12,0.10000164,0.10000164,0.49998713,0.10000164,0.10000164,0.10000632
2019-02-13,0.10000089,0.10000089,0.49999297,0.10000089,0.10000089,0.10000345
2019-02-14,0.1002662,0.10025614,0.10024753,0.100259006,0.10023335,0.49873778
2019-02-15,0.091115706,0.091122985,0.091135666,0.091434546,0.091109864,0.5440812
2019-02-19,0.091115706,0.091122985,0.091135666,0.091434546,0.091109864,0.5440812
2019-02-20,0.09094428,0.09094411,0.09094421,0.09094411,0.5452365,0.090986684
2019-02-21,0.091115706,0.091122985,0.091135666,0.091434546,0.091109864,0.5440812
2019-02-22,0.11139113,0.11160836,0.11138514,0.11143608,0.11136813,0.44281113
2019-02-25,0.11136451,0.111482486,0.111358516,0.11140947,0.11134151,0.4430435
2019-02-26,0.11137203,0.111517966,0.111366026,0.11141697,0.111349024,0.442978
2019-02-27,0.090970844,0.09097054,0.090970695,0.09097054,0.5450722,0.09104525
2019-02-28,0.090934634,0.090934515,0.09093459,0.090934515,0.5452963,0.09096543
2019-03-01,0.5450842,0.090968356,0.09096836,0.090968356,0.090968356,0.09104246
2019-03-04,0.10000454,0.10000454,0.4999643,0.10000454,0.10000454,0.10001752
2019-03-05,0.5451372,0.09095986,0.09095987,0.09095986,0.09095986,0.091023326
2019-03-06,0.10028236,0.10027163,0.1002551,0.10026658,0.10024091,0.49868348
2019-03-07,0.10026703,0.10025875,0.100248374,0.100259855,0.10023418,0.4987318
2019-03-08,0.5446402,0.091039345,0.091039374,0.091039345,0.091039345,0.09120242
2019-03-11,0.091115706,0.091122985,0.091135666,0.091434546,0.091109864,0.5440812
2019-03-12,0.091115706,0.091122985,0.091135666,0.091434546,0.091109864,0.5440812
2019-03-13,0.11134631,0.11139652,0.1113403,0.11139126,0.11132329,0.44320226
2019-03-14,0.100001566,0.100001566,0.4999876,0.100001566,0.100001566,0.100006066
2019-03-15,0.54456806,0.091050856,0.0910509,0.091050856,0.091050856,0.09122842
2019-03-18,0.11145078,0.111884706,0.111455515,0.11146942,0.11142781,0.44231182
2019-03-19,0.091115706,0.091122985,0.091135666,0.091434546,0.091109864,0.5440812
2019-03-20,0.100000896,0.100000896,0.49999303,0.100000896,0.100000896,0.100003436
2019-03-21,0.111426756,0.11177717,0.111420766,0.11147168,0.11140377,0.44249982
2019-03-22,0.111484304,0.11204416,0.11148903,0.11150294,0.11146133,0.44201824
2019-03-25,0.091115706,0.091122985,0.091135666,0.091434546,0.091109864,0.5440812
2019-03-26,0.09094672,0.090946525,0.09094662,0.090946525,0.54522157,0.09099205
2019-03-27,0.11141201,0.11170719,0.111406006,0.11145692,0.11138902,0.44262883
2019-03-28,0.100001946,0.100001946,0.49998474,0.100001946,0.100001946,0.100007504
2019-03-29,0.5449068,0.090996705,0.09099673,0.090996705,0.090996705,0.091106325
2019-04-01,0.090920195,0.09092014,0.09092017,0.09092014,0.5453858,0.09093355
2019-04-02,0.090925165,0.09092508,0.09092513,0.09092508,0.545355,0.09094454
2019-04-03,0.1000068,0.1000068,0.49994665,0.1000068,0.1000068,0.10002618
2019-04-04,0.090936564,0.09093643,0.09093651,0.09093643,0.54528445,0.09096965
2019-04-05,0.09093084,0.09093074,0.09093078,0.09093074,0.5453199,0.09095703
2019-04-08,0.5450474,0.09097423,0.09097426,0.09097423,0.09097423,0.091055684
2019-04-09,0.11135113,0.11133208,0.11133959,0.11138264,0.11131467,0.44327986
2019-04-10,0.54498786,0.090983756,0.09098378,0.090983756,0.090983756,0.09107714
2019-04-11,0.5450968,0.09096633,0.090966344,0.09096633,0.09096633,0.09103789
2019-04-12,0.111353524,0.11143064,0.11134754,0.11139849,0.11133053,0.44313928
2019-04-15,0.091115706,0.091122985,0.091135666,0.091434546,0.091109864,0.5440812
2019-04-16,0.09141446,0.09141202,0.09141333,0.091411985,0.54231924,0.09202894
2019-04-17,0.091115706,0.091122985,0.091135666,0.091434546,0.091109864,0.5440812
2019-04-18,0.091115706,0.091122985,0.091135666,0.091434546,0.091109864,0.5440812
2019-04-22,0.091115706,0.091122985,0.091135666,0.091434546,0.091109864,0.5440812
2019-04-23,0.091203,0.09120158,0.09120233,0.09120156,0.5436326,0.09155887
2019-04-24,0.10000138,0.10000138,0.4999891,0.10000138,0.10000138,0.100005336
2019-04-25,0.091171585,0.09117033,0.091171,0.0911703,0.54382753,0.09148923
2019-04-26,0.54487526,0.09100176,0.09100178,0.09100176,0.09100176,0.0911177
2019-04-29,0.11136714,0.1114949,0.11136114,0.111412086,0.11134413,0.44302064
2019-04-30,0.1000312,0.10003121,0.49975485,0.1000312,0.1000312,0.10012037
2019-05-01,0.091115706,0.091122985,0.091135666,0.091434546,0.091109864,0.5440812
2019-05-02,0.0909454,0.09094523,0.09094532,0.09094523,0.5452297,0.09098916
2019-05-03,0.10003667,0.10003669,0.4997117,0.10003667,0.10003667,0.100141585
2019-05-06,0.09099274,0.09099234,0.09099256,0.09099234,0.5449364,0.091093615
2019-05-07,0.10002437,0.10002437,0.49980837,0.10002437,0.10002437,0.10009407
2019-05-08,0.10028422,0.10026361,0.10026525,0.100268446,0.10024277,0.49867576
2019-05-09,0.5445137,0.09105956,0.0910596,0.09105956,0.09105956,0.09124803
2019-05-10,0.091115706,0.091122985,0.091135666,0.091434546,0.091109864,0.5440812
2019-05-13,0.100001454,0.100001454,0.49998856,0.100001454,0.100001454,0.10000561
2019-05-14,0.091115706,0.091122985,0.091135666,0.091434546,0.091109864,0.5440812
2019-05-15,0.091115706,0.091122985,0.091135666,0.091434546,0.091109864,0.5440812
2019-05-16,0.54406726,0.091130905,0.09113095,0.091130905,0.091130905,0.09140912
2019-05-17,0.54393667,0.09115176,0.09115182,0.09115176,0.09115176,0.09145627
2019-05-20,0.11142676,0.11177712,0.111420766,0.11147168,0.11140376,0.44249997
2019-05-21,0.11139509,0.111627035,0.111389086,0.111440025,0.11137209,0.44277668
2019-05-22,0.09093044,0.09093033,0.09093038,0.09093033,0.54532236,0.09095614
2019-05-23,0.09092485,0.09092478,0.09092482,0.09092478,0.545357,0.090943836
2019-05-24,0.5441532,0.091117166,0.09111722,0.091117166,0.091117166,0.0913781
2019-05-28,0.09092984,0.09092975,0.0909298,0.09092975,0.54532605,0.09095483
2019-05-29,0.5447737,0.09101799,0.09101802,0.09101799,0.09101799,0.09115427
2019-05-30,0.5447467,0.091022305,0.091022335,0.091022305,0.091022305,0.091164015
2019-05-31,0.09092097,0.09092092,0.09092094,0.09092092,0.545381,0.09093528
2019-06-03,0.11177504,0.11344314,0.11177974,0.111793615,0.111752145,0.43945634
2019-06-04,0.09092692,0.090926826,0.09092688,0.090926826,0.54534423,0.09094837
2019-06-05,0.10001911,0.10001911,0.49984992,0.10001911,0.10001911,0.10007372
2019-06-06,0.5448479,0.09100613,0.091006145,0.09100613,0.09100613,0.091127545
2019-06-07,0.11135379,0.11143187,0.111347795,0.11139876,0.111330785,0.443137
2019-06-10,0.090921976,0.09092191,0.09092195,0.09092191,0.54537475,0.09093749
2019-06-11,0.09091499,0.09091496,0.09091498,0.09091496,0.5454181,0.09092208
2019-06-12,0.111346945,0.1113996,0.11134096,0.111391924,0.11132395,0.44319665
2019-06-13,0.100001365,0.100001365,0.4999892,0.100001365,0.100001365,0.100005284
2019-06-14,0.091115706,0.091122985,0.091135666,0.091434546,0.091109864,0.5440812
2019-06-17,0.09098213,0.090981774,0.09098197,0.090981774,0.54500216,0.09107016
2019-06-18,0.091115706,0.091122985,0.091135666,0.091434546,0.091109864,0.5440812
2019-06-19,0.091115646,0.09111465,0.091115184,0.09111464,0.5441746,0.091365315
2019-06-20,0.091139056,0.091137946,0.091138534,0.09113793,0.5440294,0.09141715
2019-06-21,0.11135023,0.111329995,0.11133867,0.111381724,0.11131375,0.44328564
2019-06-24,0.091115706,0.091122985,0.091135666,0.091434546,0.091109864,0.5440812
2019-06-25,0.10000867,0.10000867,0.49993193,0.10000867,0.10000867,0.100033395
2019-06-26,0.091115706,0.091122985,0.091135666,0.091434546,0.091109864,0.5440812
2019-06-27,0.10026827,0.100262605,0.10024962,0.10026111,0.10023543,0.4987229
2019-06-28,0.11135168,0.11142186,0.11134569,0.11139665,0.11132867,0.44315553
2019-07-01,0.091115706,0.091122985,0.091135666,0.091434546,0.091109864,0.5440812
2019-07-02,0.54431343,0.091091566,0.09109161,0.091091566,0.091091566,0.09132029
2019-07-03,0.09093939,0.09093924,0.09093931,0.09093924,0.545267,0.09097587
2019-07-05,0.09095102,0.09095081,0.09095092,0.09095081,0.5451949,0.09100153
2019-07-08,0.091115706,0.091122985,0.091135666,0.091434546,0.091109864,0.5440812
2019-07-09,0.090996206,0.09099579,0.09099601,0.09099577,0.54491496,0.09110127
2019-07-10,0.10001371,0.10001371,0.49989232,0.10001371,0.10001371,0.10005288
2019-07-11,0.091115706,0.091122985,0.091135666,0.091434546,0.091109864,0.5440812
2019-07-12,0.1000116,0.1000116,0.49990883,0.1000116,0.1000116,0.100044765
2019-07-15,0.100008905,0.100008905,0.49993002,0.100008905,0.100008905,0.10003435
2019-07-16,0.11134604,0.111395314,0.111340046,0.11139101,0.111323036,0.44320452
2019-07-17,0.091115706,0.091122985,0.091135666,0.091434546,0.091109864,0.5440812
2019-07-18,0.091036916,0.09103632,0.09103664,0.091036305,0.5446626,0.09119121
2019-07-19,0.10001789,0.10001789,0.49985942,0.10001789,0.10001789,0.10006902
2019-07-22,0.091115706,0.091122985,0.091135666,0.091434546,0.091109864,0.5440812
