date,spy,qqq,dbc,agg,gld,cash
2007-10-10,0.15727551,0.15727882,0.15727651,0.15727551,0.15727551,0.21361808
2007-10-11,0.37498638,0.12500113,0.12500113,0.12500641,0.12500113,0.12500377
2007-10-12,0.37477934,0.1250185,0.1250185,0.12510386,0.12501852,0.12506121
2007-10-15,0.0909182,0.0909182,0.0909182,0.09092764,0.5453963,0.09092141
2007-10-16,0.37491938,0.12500677,0.12500677,0.12503792,0.12500678,0.12502235
2007-10-17,0.37499183,0.12500069,0.12500069,0.12500383,0.12500069,0.12500228
2007-10-18,0.15727551,0.15727882,0.15727651,0.15727551,0.15727551,0.21361808
2007-10-19,0.37499955,0.12500003,0.12500003,0.1250002,0.12500003,0.1250001
2007-10-22,0.090909086,0.090909086,0.090909086,0.090909086,0.54545456,0.090909086
2007-10-23,0.37499934,0.12500006,0.12500006,0.12500031,0.12500006,0.12500018
2007-10-24,0.16666652,0.16666652,0.16666652,0.16666716,0.16666652,0.16666675
2007-10-25,0.37499976,0.12500001,0.12500001,0.1250001,0.12500001,0.12500006
2007-10-26,0.11111111,0.44444445,0.11111111,0.11111111,0.11111111,0.11111111
2007-10-29,0.11111111,0.44444445,0.11111111,0.11111111,0.11111111,0.11111111
2007-10-30,0.37499875,0.1250001,0.1250001,0.12500063,0.1250001,0.12500037
2007-10-31,0.11111114,0.4444442,0.11111114,0.11111121,0.11111114,0.11111117
2007-11-01,0.37499332,0.12500055,0.12500055,0.12500314,0.12500055,0.12500185
2007-11-02,0.1111112,0.4444438,0.1111112,0.11111136,0.1111112,0.11111125
2007-11-05,0.37498888,0.12500094,0.12500094,0.12500525,0.12500094,0.12500308
2007-11-06,0.37498218,0.12500149,0.12500149,0.12500837,0.12500149,0.12500493
2007-11-07,0.3749836,0.12500139,0.12500139,0.12500775,0.12500139,0.12500456
2007-11-08,0.0910817,0.0910817,0.0910817,0.09126101,0.54435116,0.09114276
2007-11-09,0.090963766,0.090963766,0.090963766,0.091020435,0.54510516,0.09098308
2007-11-12,0.11111111,0.44444445,0.11111111,0.11111111,0.11111111,0.11111111
2007-11-13,0.09091237,0.09091237,0.09091237,0.09091576,0.54543364,0.09091353
2007-11-14,0.11111111,0.44444445,0.11111111,0.11111111,0.11111111,0.11111111
2007-11-15,0.16666666,0.16666666,0.16666666,0.16666669,0.16666666,0.16666669
2007-11-16,0.16666667,0.16666667,0.16666667,0.16666667,0.16666667,0.16666667
2007-11-19,0.15727551,0.15727882,0.15727651,0.15727551,0.15727551,0.21361808
2007-11-20,0.37500003,0.125,0.125,0.125,0.125,0.125
2007-11-21,0.16666667,0.16666667,0.16666667,0.16666667,0.16666667,0.16666667
2007-11-23,0.11111111,0.44444445,0.11111111,0.11111111,0.11111111,0.11111111
2007-11-26,0.15727551,0.15727882,0.15727651,0.15727551,0.15727551,0.21361808
2007-11-27,0.090909116,0.090909116,0.090909116,0.09090913,0.54545444,0.09090913
2007-11-28,0.11111111,0.44444445,0.11111111,0.11111111,0.11111111,0.11111111
2007-11-29,0.11111111,0.44444445,0.11111111,0.11111111,0.11111111,0.11111111
2007-11-30,0.37499976,0.12500003,0.12500003,0.12500015,0.12500003,0.12500007
2007-12-03,0.16662599,0.16662599,0.16662599,0.16680804,0.16662599,0.16668802
2007-12-04,0.15727551,0.15727882,0.15727651,0.15727551,0.15727551,0.21361808
2007-12-05,0.09130243,0.09130244,0.09130243,0.09171273,0.54293793,0.09144205
2007-12-06,0.16657093,0.16657093,0.16657093,0.16699943,0.16657093,0.16671684
2007-12-07,0.09099485,0.09099485,0.09099485,0.091083795,0.5449065,0.09102516
2007-12-10,0.15727551,0.15727882,0.15727651,0.15727551,0.15727551,0.21361808
2007-12-11,0.16664958,0.16664958,0.16664958,0.16672607,0.16664958,0.16667564
2007-12-12,0.11111111,0.44444445,0.11111111,0.11111111,0.11111111,0.11111111
2007-12-13,0.11111111,0.44444445,0.11111111,0.11111111,0.11111111,0.11111111
2007-12-14,0.15727551,0.15727882,0.15727651,0.15727551,0.15727551,0.21361808
2007-12-17,0.11111111,0.44444445,0.11111111,0.11111111,0.11111111,0.11111111
2007-12-18,0.16666655,0.16666655,0.16666655,0.16666706,0.16666655,0.16666673
2007-12-19,0.15727551,0.15727882,0.15727651,0.15727551,0.15727551,0.21361808
2007-12-20,0.090909086,0.090909086,0.090909086,0.090909086,0.54545456,0.090909086
2007-12-21,0.16666666,0.16666666,0.16666666,0.16666675,0.16666666,0.16666669
2007-12-24,0.15727551,0.15727882,0.15727651,0.15727551,0.15727551,0.21361808
2007-12-26,0.15727551,0.15727882,0.15727651,0.15727551,0.15727551,0.21361808
2007-12-27,0.37500003,0.125,0.125,0.125,0.125,0.125
2007-12-28,0.15727551,0.15727882,0.15727651,0.15727551,0.15727551,0.21361808
2007-12-31,0.3749996,0.12500003,0.12500003,0.12500018,0.12500003,0.1250001
2008-01-02,0.37499568,0.12500037,0.12500037,0.12500206,0.12500037,0.1250012
2008-01-03,0.15727551,0.15727882,0.15727651,0.15727551,0.15727551,0.21361808
2008-01-04,0.15727551,0.15727882,0.15727651,0.15727551,0.15727551,0.21361808
2008-01-07,0.09091222,0.09091222,0.09091222,0.09091546,0.5454345,0.090913326
2008-01-08,0.3749904,0.1250008,0.1250008,0.12500453,0.1250008,0.12500267
2008-01-09,0.16665779,0.16665779,0.16665779,0.16669749,0.16665779,0.16667132
2008-01-10,0.11111111,0.44444445,0.11111111,0.11111111,0.11111111,0.11111111
2008-01-11,0.37499946,0.12500004,0.12500004,0.12500024,0.12500004,0.12500015
2008-01-14,0.16666597,0.16666597,0.16666597,0.16666903,0.16666597,0.16666701
2008-01-15,0.11111111,0.44444445,0.11111111,0.11111111,0.11111111,0.11111111
2008-01-16,0.09090912,0.09090912,0.09090912,0.09090913,0.5454544,0.09090912
2008-01-17,0.37500003,0.125,0.125,0.125,0.125,0.125
2008-01-18,0.09090909,0.09090909,0.09090909,0.090909116,0.54545444,0.09090909
2008-01-22,0.37500003,0.125,0.125,0.125,0.125,0.125
2008-01-23,0.11111111,0.44444445,0.11111111,0.11111111,0.11111111,0.11111111
2008-01-24,0.15727551,0.15727882,0.15727651,0.15727551,0.15727551,0.21361808
2008-01-25,0.37500003,0.125,0.125,0.125,0.125,0.125
2008-01-28,0.37500003,0.125,0.125,0.125,0.125,0.125
2008-01-29,0.16666561,0.16666561,0.16666561,0.16667026,0.16666561,0.1666672
2008-01-30,0.1666608,0.1666608,0.1666608,0.16668704,0.1666608,0.16666976
2008-01-31,0.15727551,0.15727882,0.15727651,0.15727551,0.15727551,0.21361808
2008-02-01,0.15727551,0.15727882,0.15727651,0.15727551,0.15727551,0.21361808
2008-02-04,0.16662571,0.16662571,0.16662571,0.166809,0.16662571,0.16668814
2008-02-05,0.1111117,0.44444013,0.1111117,0.11111278,0.1111117,0.111112066
2008-02-06,0.09633146,0.096331574,0.09633146,0.10256759,0.5100249,0.09841292
2008-02-07,0.15727551,0.15727882,0.15727651,0.15727551,0.15727551,0.21361808
2008-02-08,0.15727551,0.15727882,0.15727651,0.15727551,0.15727551,0.21361808
2008-02-11,0.16665924,0.16665924,0.16665924,0.16669248,0.16665924,0.16667056
2008-02-12,0.15727551,0.15727882,0.15727651,0.15727551,0.15727551,0.21361808
2008-02-13,0.09091033,0.09091033,0.09091033,0.09091161,0.5454467,0.09091076
2008-02-14,0.37499997,0.125,0.125,0.12500001,0.125,0.12500001
2008-02-15,0.15727551,0.15727882,0.15727651,0.15727551,0.15727551,0.21361808
2008-02-19,0.15727551,0.15727882,0.15727651,0.15727551,0.15727551,0.21361808
2008-02-20,0.15727551,0.15727882,0.15727651,0.15727551,0.15727551,0.21361808
2008-02-21,0.16666664,0.16666664,0.16666664,0.1666667,0.16666664,0.16666667
2008-02-22,0.15727551,0.15727882,0.15727651,0.15727551,0.15727551,0.21361808
2008-02-25,0.15727551,0.15727882,0.15727651,0.15727551,0.15727551,0.21361808
2008-02-26,0.37499997,0.12500001,0.12500001,0.12500004,0.12500001,0.12500003
2008-02-27,0.3749997,0.12500001,0.12500001,0.12500015,0.12500001,0.12500009
2008-02-28,0.11111111,0.44444445,0.11111111,0.11111111,0.11111111,0.11111111
2008-02-29,0.11111111,0.44444445,0.11111111,0.11111111,0.11111111,0.11111111
2008-03-03,0.09092461,0.09092461,0.09092461,0.09094069,0.54535544,0.09093009
2008-03-04,0.15727551,0.15727882,0.15727651,0.15727551,0.15727551,0.21361808
2008-03-05,0.15727551,0.15727882,0.15727651,0.15727551,0.15727551,0.21361808
2008-03-06,0.09099746,0.09099746,0.09099746,0.0910891,0.5448898,0.09102868
2008-03-07,0.37485242,0.12501238,0.12501238,0.12506948,0.12501241,0.12504095
2008-03-10,0.15727551,0.15727882,0.15727651,0.15727551,0.15727551,0.21361808
2008-03-11,0.1666641,0.1666641,0.1666641,0.16667563,0.1666641,0.16666803
2008-03-12,0.16666569,0.16666569,0.16666569,0.16667005,0.16666569,0.1666672
2008-03-13,0.3749561,0.12500368,0.12500368,0.12502067,0.12500368,0.12501217
2008-03-14,0.15727551,0.15727882,0.15727651,0.15727551,0.15727551,0.21361808
2008-03-17,0.11111111,0.44444445,0.11111111,0.11111111,0.11111111,0.11111111
2008-03-18,0.37500003,0.125,0.125,0.125,0.125,0.125
2008-03-19,0.16666666,0.16666666,0.16666666,0.16666669,0.16666666,0.16666667
2008-03-20,0.11111111,0.44444445,0.11111111,0.11111111,0.11111111,0.11111111
2008-03-24,0.16666663,0.16666663,0.16666663,0.1666668,0.16666663,0.16666669
2008-03-25,0.09091463,0.09091463,0.09091463,0.09092038,0.5454191,0.09091659
2008-03-26,0.11111111,0.44444445,0.11111111,0.11111111,0.11111111,0.11111111
2008-03-27,0.09091554,0.09091554,0.09091554,0.09092224,0.5454134,0.09091782
2008-03-28,0.09091796,0.09091796,0.09091796,0.09092714,0.5453979,0.09092109
2008-03-31,0.09092721,0.09092721,0.09092721,0.090946,0.54533875,0.09093362
2008-04-01,0.15727551,0.15727882,0.15727651,0.15727551,0.15727551,0.21361808
2008-04-02,0.091295846,0.09129585,0.091295846,0.09169921,0.54298025,0.09143311
2008-04-03,0.15727551,0.15727882,0.15727651,0.15727551,0.15727551,0.21361808
2008-04-04,0.16491804,0.16491804,0.16491804,0.17277367,0.16491804,0.16755426
2008-04-07,0.09114237,0.09114237,0.09114237,0.091384985,0.54396284,0.091224976
2008-04-08,0.15727551,0.15727882,0.15727651,0.15727551,0.15727551,0.21361808
2008-04-09,0.3748393,0.1250135,0.1250135,0.12507565,0.1250135,0.12504457
2008-04-10,0.37487602,0.12501042,0.12501042,0.12505837,0.12501043,0.12503439
2008-04-11,0.11111111,0.44444445,0.11111111,0.11111111,0.11111111,0.11111111
2008-04-14,0.11111111,0.44444445,0.11111111,0.11111111,0.11111111,0.11111111
2008-04-15,0.15727551,0.15727882,0.15727651,0.15727551,0.15727551,0.21361808
2008-04-16,0.37499657,0.12500028,0.12500028,0.1250016,0.12500028,0.12500094
2008-04-17,0.3749996,0.12500001,0.12500001,0.12500015,0.12500001,0.1250001
2008-04-18,0.15727551,0.15727882,0.15727651,0.15727551,0.15727551,0.21361808
2008-04-21,0.16666622,0.16666622,0.16666622,0.16666825,0.16666622,0.16666692
2008-04-22,0.37499997,0.125,0.125,0.12500001,0.125,0.125
2008-04-23,0.1666663,0.1666663,0.1666663,0.16666792,0.1666663,0.16666685
2008-04-24,0.11111111,0.44444445,0.11111111,0.11111111,0.11111111,0.11111111
2008-04-25,0.11111111,0.44444445,0.11111111,0.11111111,0.11111111,0.11111111
2008-04-28,0.37499982,0.12500001,0.12500001,0.12500009,0.12500001,0.12500006
2008-04-29,0.37499595,0.12500034,0.12500034,0.12500192,0.12500034,0.12500113
2008-04-30,0.090912,0.090912,0.090912,0.09091502,0.5454359,0.09091303
2008-05-01,0.16631322,0.16631322,0.16631322,0.16789617,0.16631322,0.16685101
2008-05-02,0.37069976,0.12535618,0.12535614,0.12703714,0.12535657,0.12619416
2008-05-05,0.37259158,0.12520073,0.12520069,0.1261376,0.12520091,0.12566847
2008-05-06,0.16504185,0.16504185,0.16504185,0.1723392,0.16504185,0.16749339
2008-05-07,0.09092672,0.09092672,0.09092672,0.09094499,0.54534197,0.09093294
2008-05-08,0.16541253,0.16541253,0.16541253,0.1710405,0.16541253,0.16730942
2008-05-09,0.15727551,0.15727882,0.15727651,0.15727551,0.15727551,0.21361808
2008-05-12,0.11111111,0.44444445,0.11111111,0.11111111,0.11111111,0.11111111
2008-05-13,0.15727551,0.15727882,0.15727651,0.15727551,0.15727551,0.21361808
2008-05-14,0.090909205,0.090909205,0.090909205,0.090909325,0.5454538,0.09090924
2008-05-15,0.15727551,0.15727882,0.15727651,0.15727551,0.15727551,0.21361808
2008-05-16,0.16666229,0.16666229,0.16666229,0.16668189,0.16666229,0.16666897
2008-05-19,0.11111111,0.44444445,0.11111111,0.11111111,0.11111111,0.11111111
2008-05-20,0.11111111,0.44444445,0.11111111,0.11111111,0.11111111,0.11111111
2008-05-21,0.090909086,0.090909086,0.090909086,0.090909086,0.54545456,0.090909086
2008-05-22,0.090909086,0.090909086,0.090909086,0.090909086,0.54545456,0.090909086
2008-05-23,0.37500003,0.125,0.125,0.125,0.125,0.125
2008-05-27,0.15727551,0.15727882,0.15727651,0.15727551,0.15727551,0.21361808
2008-05-28,0.16666651,0.16666651,0.16666651,0.16666724,0.16666651,0.16666675
2008-05-29,0.16666591,0.16666591,0.16666591,0.1666693,0.16666591,0.16666706
2008-05-30,0.16666295,0.16666295,0.16666295,0.16667958,0.16666295,0.16666861
2008-06-02,0.09091339,0.09091339,0.09091339,0.09091783,0.5454271,0.090914905
2008-06-03,0.15727551,0.15727882,0.15727651,0.15727551,0.15727551,0.21361808
2008-06-04,0.15727551,0.15727882,0.15727651,0.15727551,0.15727551,0.21361808
2008-06-05,0.09093232,0.09093232,0.09093232,0.090956375,0.5453062,0.09094051
2008-06-06,0.15727551,0.15727882,0.15727651,0.15727551,0.15727551,0.21361808
2008-06-09,0.15727551,0.15727882,0.15727651,0.15727551,0.15727551,0.21361808
2008-06-10,0.37485617,0.12501207,0.12501207,0.1250677,0.12501208,0.12503989
2008-06-11,0.11111111,0.44444445,0.11111111,0.11111111,0.11111111,0.11111111
2008-06-12,0.090913445,0.090913445,0.090913445,0.090917945,0.54542685,0.090914965
2008-06-13,0.3747652,0.1250197,0.1250197,0.12511054,0.12501973,0.12506513
2008-06-16,0.09090932,0.09090932,0.09090932,0.09090957,0.545453,0.09090941
2008-06-17,0.11111111,0.44444445,0.11111111,0.11111111,0.11111111,0.11111111
2008-06-18,0.16666527,0.16666527,0.16666527,0.1666715,0.16666527,0.1666674
2008-06-19,0.09090909,0.09090909,0.09090909,0.090909116,0.54545444,0.09090909
2008-06-20,0.11111111,0.44444445,0.11111111,0.11111111,0.11111111,0.11111111
2008-06-23,0.11111111,0.44444445,0.11111111,0.11111111,0.11111111,0.11111111
2008-06-24,0.37499955,0.12500003,0.12500003,0.12500021,0.12500003,0.1250001
2008-06-25,0.37499946,0.12500004,0.12500004,0.12500024,0.12500004,0.12500015
2008-06-26,0.11111111,0.44444445,0.11111111,0.11111111,0.11111111,0.11111111
2008-06-27,0.15727551,0.15727882,0.15727651,0.15727551,0.15727551,0.21361808
2008-06-30,0.11111111,0.44444445,0.11111111,0.11111111,0.11111111,0.11111111
2008-07-01,0.16665834,0.16665834,0.16665834,0.16669558,0.16665834,0.16667102
2008-07-02,0.090912,0.090912,0.090912,0.09091501,0.5454359,0.09091303
2008-07-03,0.16665764,0.16665764,0.16665764,0.16669804,0.16665764,0.16667141
2008-07-07,0.090913065,0.090913065,0.090913065,0.090917185,0.5454291,0.090914465
2008-07-08,0.15727551,0.15727882,0.15727651,0.15727551,0.15727551,0.21361808
2008-07-09,0.090911716,0.090911716,0.090911716,0.09091443,0.54543775,0.09091264
2008-07-10,0.3749984,0.12500012,0.12500012,0.12500073,0.12500012,0.12500043
2008-07-11,0.16666494,0.16666494,0.16666494,0.16667268,0.16666494,0.16666758
2008-07-14,0.15727551,0.15727882,0.15727651,0.15727551,0.15727551,0.21361808
2008-07-15,0.11111111,0.44444445,0.11111111,0.11111111,0.11111111,0.11111111
2008-07-16,0.37500003,0.125,0.125,0.125,0.125,0.125
2008-07-17,0.37500003,0.125,0.125,0.125,0.125,0.125
2008-07-18,0.15727551,0.15727882,0.15727651,0.15727551,0.15727551,0.21361808
2008-07-21,0.37500003,0.125,0.125,0.125,0.125,0.125
2008-07-22,0.15727551,0.15727882,0.15727651,0.15727551,0.15727551,0.21361808
2008-07-23,0.37500003,0.125,0.125,0.125,0.125,0.125
2008-07-24,0.090909086,0.090909086,0.090909086,0.090909086,0.54545456,0.090909086
2008-07-25,0.16666666,0.16666666,0.16666666,0.16666669,0.16666666,0.16666669
2008-07-28,0.37500003,0.125,0.125,0.125,0.125,0.125
2008-07-29,0.11111111,0.44444445,0.11111111,0.11111111,0.11111111,0.11111111
2008-07-30,0.37500003,0.125,0.125,0.125,0.125,0.125
2008-07-31,0.16666487,0.16666487,0.16666487,0.1666729,0.16666487,0.16666761
2008-08-01,0.16666098,0.16666098,0.16666098,0.16668637,0.16666098,0.16666964
2008-08-04,0.11111113,0.44444436,0.11111113,0.11111116,0.11111113,0.11111114
2008-08-05,0.09091023,0.09091023,0.09091023,0.090911426,0.5454472,0.09091064
2008-08-06,0.16662486,0.16662486,0.16662486,0.16681194,0.16662486,0.16668859
2008-08-07,0.15727551,0.15727882,0.15727651,0.15727551,0.15727551,0.21361808
2008-08-08,0.15727551,0.15727882,0.15727651,0.15727551,0.15727551,0.21361808
2008-08-11,0.11111111,0.44444445,0.11111111,0.11111111,0.11111111,0.11111111
2008-08-12,0.09090999,0.09090999,0.09090999,0.09091093,0.5454488,0.0909103
2008-08-13,0.16666481,0.16666481,0.16666481,0.16667312,0.16666481,0.16666766
2008-08-14,0.37499985,0.12500001,0.12500001,0.12500006,0.12500001,0.12500003
2008-08-15,0.090909086,0.090909086,0.090909086,0.090909086,0.54545456,0.090909086
2008-08-18,0.15727551,0.15727882,0.15727651,0.15727551,0.15727551,0.21361808
2008-08-19,0.16666645,0.16666645,0.16666645,0.16666739,0.16666645,0.16666676
2008-08-20,0.090909086,0.090909086,0.090909086,0.090909086,0.54545456,0.090909086
2008-08-21,0.16666658,0.16666658,0.16666658,0.16666698,0.16666658,0.16666672
2008-08-22,0.37500003,0.125,0.125,0.125,0.125,0.125
2008-08-25,0.11111111,0.44444445,0.11111111,0.11111111,0.11111111,0.11111111
2008-08-26,0.15727551,0.15727882,0.15727651,0.15727551,0.15727551,0.21361808
2008-08-27,0.15727551,0.15727882,0.15727651,0.15727551,0.15727551,0.21361808
2008-08-28,0.37500003,0.125,0.125,0.125,0.125,0.125
2008-08-29,0.11111111,0.44444445,0.11111111,0.11111111,0.11111111,0.11111111
2008-09-02,0.15727551,0.15727882,0.15727651,0.15727551,0.15727551,0.21361808
2008-09-03,0.09090941,0.09090941,0.09090941,0.09090974,0.5454525,0.09090951
2008-09-04,0.15727551,0.15727882,0.15727651,0.15727551,0.15727551,0.21361808
2008-09-05,0.16664368,0.16664368,0.16664368,0.16674657,0.16664368,0.16667874
2008-09-08,0.09091074,0.09091074,0.09091074,0.090912454,0.54544395,0.09091133
2008-09-09,0.11111111,0.44444445,0.11111111,0.11111111,0.11111111,0.11111111
2008-09-10,0.11111111,0.44444445,0.11111111,0.11111111,0.11111111,0.11111111
2008-09-11,0.16665941,0.16665941,0.16665941,0.16669185,0.16665941,0.16667047
2008-09-12,0.090909496,0.090909496,0.090909496,0.09090991,0.545452,0.09090963
2008-09-15,0.16666315,0.16666315,0.16666315,0.16667886,0.16666315,0.1666685
2008-09-16,0.16666412,0.16666412,0.16666412,0.16667554,0.16666412,0.16666801
2008-09-17,0.15727551,0.15727882,0.15727651,0.15727551,0.15727551,0.21361808
2008-09-18,0.09090912,0.09090912,0.09090912,0.09090913,0.5454544,0.09090912
2008-09-19,0.37500003,0.125,0.125,0.125,0.125,0.125
2008-09-22,0.1666666,0.1666666,0.1666666,0.16666695,0.1666666,0.16666672
2008-09-23,0.16666651,0.16666651,0.16666651,0.16666721,0.16666651,0.16666675
2008-09-24,0.15727551,0.15727882,0.15727651,0.15727551,0.15727551,0.21361808
2008-09-25,0.1666666,0.1666666,0.1666666,0.1666669,0.1666666,0.16666669
2008-09-26,0.11111111,0.44444445,0.11111111,0.11111111,0.11111111,0.11111111
2008-09-29,0.1666666,0.1666666,0.1666666,0.16666691,0.1666666,0.1666667
2008-09-30,0.16666658,0.16666658,0.16666658,0.166667,0.16666658,0.16666672
2008-10-01,0.09090918,0.09090918,0.09090918,0.09090928,0.54545397,0.09090923
2008-10-02,0.090909876,0.090909876,0.090909876,0.09091069,0.54544955,0.090910144
2008-10-03,0.16666655,0.16666655,0.16666655,0.16666706,0.16666655,0.16666673
2008-10-06,0.15727551,0.15727882,0.15727651,0.15727551,0.15727551,0.21361808
2008-10-07,0.37500003,0.125,0.125,0.125,0.125,0.125
2008-10-08,0.16666543,0.16666543,0.16666543,0.1666709,0.16666543,0.1666673
2008-10-09,0.0909107,0.0909107,0.0909107,0.09091238,0.5454442,0.090911284
2008-10-10,0.16666593,0.16666593,0.16666593,0.1666693,0.16666593,0.16666706
2008-10-13,0.15727551,0.15727882,0.15727651,0.15727551,0.15727551,0.21361808
2008-10-14,0.11111111,0.44444445,0.11111111,0.11111111,0.11111111,0.11111111
2008-10-15,0.09091056,0.09091056,0.09091056,0.090912074,0.54544514,0.090911075
2008-10-16,0.090914056,0.090914056,0.090914056,0.09091919,0.54542285,0.090915814
2008-10-17,0.11111111,0.44444445,0.11111111,0.11111111,0.11111111,0.11111111
2008-10-20,0.090910636,0.090910636,0.090910636,0.090912245,0.5454446,0.09091117
2008-10-21,0.11111111,0.44444445,0.11111111,0.11111111,0.11111111,0.11111111
2008-10-22,0.15727551,0.15727882,0.15727651,0.15727551,0.15727551,0.21361808
2008-10-23,0.15727551,0.15727882,0.15727651,0.15727551,0.15727551,0.21361808
2008-10-24,0.16666666,0.16666666,0.16666666,0.16666669,0.16666666,0.16666667
2008-10-27,0.15727551,0.15727882,0.15727651,0.15727551,0.15727551,0.21361808
2008-10-28,0.1666662,0.1666662,0.1666662,0.16666831,0.1666662,0.16666691
2008-10-29,0.16666394,0.16666394,0.16666394,0.16667612,0.16666394,0.1666681
2008-10-30,0.37499997,0.12500001,0.12500001,0.12500004,0.12500001,0.12500003
2008-10-31,0.09113868,0.09113868,0.09113868,0.091377415,0.54398656,0.09121997
2008-11-03,0.15727551,0.15727882,0.15727651,0.15727551,0.15727551,0.21361808
2008-11-04,0.37499985,0.12500001,0.12500001,0.12500006,0.12500001,0.12500003
2008-11-05,0.15727551,0.15727882,0.15727651,0.15727551,0.15727551,0.21361808
2008-11-06,0.15727551,0.15727882,0.15727651,0.15727551,0.15727551,0.21361808
2008-11-07,0.16507474,0.16507474,0.16507474,0.17222388,0.16507474,0.16747718
2008-11-10,0.11192608,0.4382909,0.11192608,0.11347822,0.11192608,0.11245265
2008-11-11,0.16596319,0.16596319,0.16596319,0.16911614,0.16596319,0.16703105
2008-11-12,0.11115428,0.44412062,0.11115428,0.11123481,0.11115428,0.11118173
2008-11-13,0.09091308,0.09091308,0.09091308,0.09091722,0.54542905,0.090914495
2008-11-14,0.11111151,0.44444153,0.11111151,0.11111224,0.11111151,0.11111176
2008-11-17,0.16664001,0.16664001,0.16664001,0.16675925,0.16664001,0.16668063
2008-11-18,0.16665871,0.16665871,0.16665871,0.16669433,0.16665871,0.16667084
2008-11-19,0.15727551,0.15727882,0.15727651,0.15727551,0.15727551,0.21361808
2008-11-20,0.15727551,0.15727882,0.15727651,0.15727551,0.15727551,0.21361808
2008-11-21,0.11111111,0.44444445,0.11111111,0.11111111,0.11111111,0.11111111
2008-11-24,0.15727551,0.15727882,0.15727651,0.15727551,0.15727551,0.21361808
2008-11-25,0.37500003,0.125,0.125,0.125,0.125,0.125
2008-11-26,0.09092114,0.09092114,0.09092114,0.090933636,0.54537755,0.09092541
2008-11-28,0.11111111,0.4444444,0.11111111,0.11111113,0.11111111,0.11111111
2008-12-01,0.37500003,0.125,0.125,0.125,0.125,0.125
2008-12-02,0.15727551,0.15727882,0.15727651,0.15727551,0.15727551,0.21361808
2008-12-03,0.15727551,0.15727882,0.15727651,0.15727551,0.15727551,0.21361808
2008-12-04,0.37500003,0.125,0.125,0.125,0.125,0.125
2008-12-05,0.37500003,0.125,0.125,0.125,0.125,0.125
2008-12-08,0.09260168,0.09260171,0.09260168,0.09441181,0.5345685,0.09321463
2008-12-09,0.111111745,0.44443974,0.111111745,0.11111293,0.111111745,0.11111215
2008-12-10,0.15727551,0.15727882,0.15727651,0.15727551,0.15727551,0.21361808
2008-12-11,0.09152948,0.09152949,0.09152948,0.09217944,0.5414817,0.09175047
2008-12-12,0.09092383,0.09092383,0.09092383,0.0909391,0.5453603,0.090929024
2008-12-15,0.15727551,0.15727882,0.15727651,0.15727551,0.15727551,0.21361808
2008-12-16,0.37500003,0.125,0.125,0.125,0.125,0.125
2008-12-17,0.11111111,0.44444445,0.11111111,0.11111111,0.11111111,0.11111111
2008-12-18,0.37500003,0.125,0.125,0.125,0.125,0.125
2008-12-19,0.11111111,0.44444445,0.11111111,0.11111111,0.11111111,0.11111111
2008-12-22,0.16666666,0.16666666,0.16666666,0.16666669,0.16666666,0.16666667
2008-12-23,0.090909086,0.090909086,0.090909086,0.090909086,0.54545456,0.090909086
2008-12-24,0.37500003,0.125,0.125,0.125,0.125,0.125
2008-12-26,0.11111111,0.44444445,0.11111111,0.11111111,0.11111111,0.11111111
2008-12-29,0.16666667,0.16666667,0.16666667,0.16666669,0.16666667,0.16666667
2008-12-30,0.37500003,0.125,0.125,0.125,0.125,0.125
2008-12-31,0.16666652,0.16666652,0.16666652,0.16666716,0.16666652,0.16666675
2009-01-02,0.15727551,0.15727882,0.15727651,0.15727551,0.15727551,0.21361808
2009-01-05,0.11111166,0.44444034,0.11111166,0.111112684,0.11111166,0.111112006
2009-01-06,0.090931155,0.090931155,0.090931155,0.09095399,0.5453136,0.09093893
2009-01-07,0.09092898,0.09092898,0.09092898,0.09094958,0.5453275,0.09093599
2009-01-08,0.15727551,0.15727882,0.15727651,0.15727551,0.15727551,0.21361808
2009-01-09,0.09092057,0.09092057,0.09092057,0.090932466,0.5453812,0.09092462
2009-01-12,0.11111111,0.44444445,0.11111111,0.11111111,0.11111111,0.11111111
2009-01-13,0.11111111,0.44444445,0.11111111,0.11111111,0.11111111,0.11111111
2009-01-14,0.37500003,0.125,0.125,0.125,0.125,0.125
2009-01-15,0.15727551,0.15727882,0.15727651,0.15727551,0.15727551,0.21361808
2009-01-16,0.11111111,0.44444445,0.11111111,0.11111111,0.11111111,0.11111111
2009-01-20,0.16666664,0.16666664,0.16666664,0.1666667,0.16666664,0.16666667
2009-01-21,0.37500003,0.125,0.125,0.125,0.125,0.125
2009-01-22,0.15727551,0.15727882,0.15727651,0.15727551,0.15727551,0.21361808
2009-01-23,0.11111111,0.44444445,0.11111111,0.11111111,0.11111111,0.11111111
2009-01-26,0.16666636,0.16666636,0.16666636,0.16666776,0.16666636,0.16666684
2009-01-27,0.37500003,0.125,0.125,0.125,0.125,0.125
2009-01-28,0.09091033,0.09091033,0.09091033,0.09091161,0.5454467,0.09091076
2009-01-29,0.11111111,0.4444444,0.11111111,0.11111113,0.11111111,0.11111111
2009-01-30,0.15727551,0.15727882,0.15727651,0.15727551,0.15727551,0.21361808
2009-02-02,0.37490094,0.1250083,0.1250083,0.12504661,0.12500833,0.12502746
2009-02-03,0.094339415,0.09433948,0.094339415,0.09813345,0.5232326,0.09561565
2009-02-04,0.11115542,0.444112,0.11115542,0.11123809,0.11115542,0.11118359
2009-02-05,0.111209005,0.44370985,0.111209005,0.111391865,0.111209005,0.11127129
2009-02-06,0.15727551,0.15727882,0.15727651,0.15727551,0.15727551,0.21361808
2009-02-09,0.16666009,0.16666009,0.16666009,0.16668949,0.16666009,0.1666701
2009-02-10,0.15727551,0.15727882,0.15727651,0.15727551,0.15727551,0.21361808
2009-02-11,0.1111114,0.44444233,0.1111114,0.11111193,0.1111114,0.11111159
2009-02-12,0.16666612,0.16666612,0.16666612,0.1666686,0.16666612,0.16666695
2009-02-13,0.11111113,0.44444445,0.11111113,0.11111113,0.11111113,0.11111113
2009-02-17,0.11111111,0.44444445,0.11111111,0.11111111,0.11111111,0.11111111
2009-02-18,0.37499708,0.12500025,0.12500025,0.1250014,0.12500025,0.12500083
2009-02-19,0.11111111,0.44444445,0.11111111,0.11111111,0.11111111,0.11111111
2009-02-20,0.11111111,0.44444445,0.11111111,0.11111111,0.11111111,0.11111111
2009-02-23,0.16666527,0.16666527,0.16666527,0.16667157,0.16666527,0.16666742
2009-02-24,0.090912245,0.090912245,0.090912245,0.090915516,0.54543436,0.09091336
2009-02-25,0.090916425,0.090916425,0.090916425,0.09092403,0.5454077,0.09091902
2009-02-26,0.15727551,0.15727882,0.15727651,0.15727551,0.15727551,0.21361808
2009-02-27,0.090963766,0.090963766,0.090963766,0.09102045,0.54510516,0.090983085
2009-03-02,0.1666628,0.1666628,0.1666628,0.16668007,0.1666628,0.16666868
2009-03-03,0.111112595,0.44443333,0.111112595,0.11111535,0.111112595,0.11111354
2009-03-04,0.37499154,0.1250007,0.1250007,0.125004,0.1250007,0.12500234
2009-03-05,0.1111127,0.4444326,0.1111127,0.11111564,0.1111127,0.111113705
2009-03-06,0.11111263,0.444433,0.11111263,0.111115485,0.11111263,0.1111136
2009-03-09,0.3749886,0.12500095,0.12500095,0.12500538,0.12500095,0.12500316
2009-03-10,0.15727551,0.15727882,0.15727651,0.15727551,0.15727551,0.21361808
2009-03-11,0.3749804,0.12500165,0.12500165,0.12500924,0.12500165,0.12500545
2009-03-12,0.093054384,0.09305442,0.093054384,0.095368765,0.5316313,0.09383675
2009-03-13,0.16666336,0.16666336,0.16666336,0.16667816,0.16666336,0.16666842
2009-03-16,0.37497374,0.1250022,0.1250022,0.12501237,0.1250022,0.1250073
2009-03-17,0.09851734,0.0985175,0.09851734,0.107657224,0.49524894,0.10154156
2009-03-18,0.37499794,0.12500015,0.12500015,0.12500095,0.12500015,0.12500055
2009-03-19,0.15727551,0.15727882,0.15727651,0.15727551,0.15727551,0.21361808
2009-03-20,0.15727551,0.15727882,0.15727651,0.15727551,0.15727551,0.21361808
2009-03-23,0.15727551,0.15727882,0.15727651,0.15727551,0.15727551,0.21361808
2009-03-24,0.095119365,0.09511946,0.095119365,0.09984745,0.5180893,0.09670499
2009-03-25,0.09132199,0.09132201,0.09132199,0.09175288,0.5428125,0.09146862
2009-03-26,0.15727551,0.15727882,0.15727651,0.15727551,0.15727551,0.21361808
2009-03-27,0.37499964,0.12500003,0.12500003,0.12500016,0.12500003,0.12500009
2009-03-30,0.16662546,0.16662546,0.16662546,0.16680987,0.16662546,0.16668828
2009-03-31,0.15727551,0.15727882,0.15727651,0.15727551,0.15727551,0.21361808
2009-04-01,0.09090992,0.09090992,0.09090992,0.090910785,0.5454492,0.09091021
2009-04-02,0.11111132,0.44444284,0.11111132,0.111111715,0.11111132,0.111111455
2009-04-03,0.16625306,0.16625306,0.16625306,0.16810563,0.16625306,0.16688211
2009-04-06,0.37494063,0.12500498,0.12500498,0.12502794,0.12500498,0.12501647
2009-04-07,0.15727551,0.15727882,0.15727651,0.15727551,0.15727551,0.21361808
2009-04-08,0.111112006,0.44443774,0.111112006,0.111113675,0.111112006,0.11111258
2009-04-09,0.37498513,0.12500124,0.12500124,0.12500699,0.12500124,0.12500413
2009-04-13,0.37498376,0.12500137,0.12500137,0.12500767,0.12500137,0.12500452
2009-04-14,0.16651069,0.16651069,0.16651069,0.16720892,0.16651069,0.16674832
2009-04-15,0.37499985,0.12500001,0.12500001,0.12500006,0.12500001,0.12500003
2009-04-16,0.11111111,0.44444445,0.11111111,0.11111111,0.11111111,0.11111111
2009-04-17,0.37500003,0.125,0.125,0.125,0.125,0.125
2009-04-20,0.11111111,0.44444445,0.11111111,0.11111111,0.11111111,0.11111111
2009-04-21,0.11111111,0.44444445,0.11111111,0.11111111,0.11111111,0.11111111
2009-04-22,0.37500003,0.125,0.125,0.125,0.125,0.125
2009-04-23,0.11111111,0.44444445,0.11111111,0.11111111,0.11111111,0.11111111
2009-04-24,0.090909086,0.090909086,0.090909086,0.090909086,0.54545456,0.090909086
2009-04-27,0.09090909,0.09090909,0.09090909,0.09090909,0.54545444,0.09090909
2009-04-28,0.09090912,0.09090912,0.09090912,0.09090917,0.5454544,0.090909146
2009-04-29,0.09090946,0.09090946,0.09090946,0.09090984,0.5454522,0.090909585
2009-04-30,0.37499943,0.12500003,0.12500003,0.12500027,0.12500003,0.12500016
2009-05-01,0.090924144,0.090924144,0.090924144,0.09093974,0.5453584,0.090929456
2009-05-04,0.15727551,0.15727882,0.15727651,0.15727551,0.15727551,0.21361808
2009-05-05,0.15727551,0.15727882,0.15727651,0.15727551,0.15727551,0.21361808
2009-05-06,0.16627665,0.16627665,0.16627665,0.1680235,0.16627665,0.16686992
2009-05-07,0.37496147,0.12500323,0.12500323,0.12501816,0.12500323,0.1250107
2009-05-08,0.11114857,0.44416356,0.11114857,0.111218415,0.11114857,0.11117237
2009-05-11,0.16654585,0.16654585,0.16654585,0.16708657,0.16654585,0.16672994
2009-05-12,0.15727551,0.15727882,0.15727651,0.15727551,0.15727551,0.21361808
2009-05-13,0.11111128,0.44444317,0.11111128,0.1111116,0.11111128,0.11111139
2009-05-14,0.090909116,0.090909116,0.090909116,0.09090913,0.54545444,0.09090913
2009-05-15,0.090909086,0.090909086,0.090909086,0.090909086,0.54545456,0.090909086
2009-05-18,0.15727551,0.15727882,0.15727651,0.15727551,0.15727551,0.21361808
2009-05-19,0.090909086,0.090909086,0.090909086,0.090909086,0.54545456,0.090909086
2009-05-20,0.16666654,0.16666654,0.16666654,0.16666712,0.16666654,0.16666675
2009-05-21,0.15727551,0.15727882,0.15727651,0.15727551,0.15727551,0.21361808
2009-05-22,0.090909086,0.090909086,0.090909086,0.090909086,0.54545456,0.090909086
2009-05-26,0.090909086,0.090909086,0.090909086,0.090909086,0.54545456,0.090909086
2009-05-27,0.16666627,0.16666627,0.16666627,0.16666807,0.16666627,0.1666669
2009-05-28,0.16666593,0.16666593,0.16666593,0.16666925,0.16666593,0.16666706
2009-05-29,0.16666296,0.16666296,0.16666296,0.16667956,0.16666296,0.16666862
2009-06-01,0.37499896,0.12500009,0.12500009,0.12500049,0.12500009,0.1250003
2009-06-02,0.090941206,0.090941206,0.090941206,0.09097448,0.5452493,0.09095255
2009-06-03,0.37499684,0.12500027,0.12500027,0.12500149,0.12500027,0.12500088
2009-06-04,0.1666381,0.1666381,0.1666381,0.16676599,0.1666381,0.16668166
2009-06-05,0.11111114,0.4444442,0.11111114,0.1111112,0.11111114,0.11111117
2009-06-08,0.09092136,0.09092136,0.09092136,0.09093406,0.5453762,0.09092569
2009-06-09,0.37499815,0.12500015,0.12500015,0.12500086,0.12500015,0.1250005
2009-06-10,0.37499788,0.12500016,0.12500016,0.125001,0.12500016,0.1250006
2009-06-11,0.15727551,0.15727882,0.15727651,0.15727551,0.15727551,0.21361808
2009-06-12,0.37499118,0.12500075,0.12500075,0.12500417,0.12500075,0.12500246
2009-06-15,0.37498346,0.12500139,0.12500139,0.12500776,0.12500139,0.12500457
2009-06-16,0.37499952,0.12500004,0.12500004,0.12500024,0.12500004,0.12500015
2009-06-17,0.15727551,0.15727882,0.15727651,0.15727551,0.15727551,0.21361808
2009-06-18,0.15727551,0.15727882,0.15727651,0.15727551,0.15727551,0.21361808
2009-06-19,0.15727551,0.15727882,0.15727651,0.15727551,0.15727551,0.21361808
2009-06-22,0.37500003,0.125,0.125,0.125,0.125,0.125
2009-06-23,0.090909086,0.090909086,0.090909086,0.090909086,0.54545456,0.090909086
2009-06-24,0.090909086,0.090909086,0.090909086,0.090909086,0.54545456,0.090909086
2009-06-25,0.16666628,0.16666628,0.16666628,0.16666801,0.16666628,0.16666687
2009-06-26,0.11111111,0.44444445,0.11111111,0.11111111,0.11111111,0.11111111
2009-06-29,0.37500003,0.125,0.125,0.125,0.125,0.125
2009-06-30,0.37499997,0.125,0.125,0.12500001,0.125,0.12500001
2009-07-01,0.09091161,0.09091161,0.09091161,0.09091424,0.54543835,0.090912506
2009-07-02,0.09091308,0.09091308,0.09091308,0.09091721,0.54542905,0.09091449
2009-07-06,0.1111112,0.4444438,0.1111112,0.11111137,0.1111112,0.11111125
2009-07-07,0.090910584,0.090910584,0.090910584,0.09091213,0.54544497,0.09091112
2009-07-08,0.37499955,0.12500004,0.12500004,0.12500021,0.12500004,0.12500013
2009-07-09,0.16664487,0.16664487,0.16664487,0.16674243,0.16664487,0.16667812
2009-07-10,0.37499988,0.12500001,0.12500001,0.12500004,0.12500001,0.12500003
2009-07-13,0.37499997,0.12500001,0.12500001,0.12500004,0.12500001,0.12500003
2009-07-14,0.0909109,0.0909109,0.0909109,0.09091278,0.54544294,0.090911545
2009-07-15,0.37500003,0.125,0.125,0.125,0.125,0.125
2009-07-16,0.11111111,0.44444445,0.11111111,0.11111111,0.11111111,0.11111111
2009-07-17,0.16666663,0.16666663,0.16666663,0.1666668,0.16666663,0.16666669
2009-07-20,0.16666664,0.16666664,0.16666664,0.1666667,0.16666664,0.16666667
2009-07-21,0.15727551,0.15727882,0.15727651,0.15727551,0.15727551,0.21361808
2009-07-22,0.15727551,0.15727882,0.15727651,0.15727551,0.15727551,0.21361808
2009-07-23,0.090909086,0.090909086,0.090909086,0.090909086,0.54545456,0.090909086
2009-07-24,0.090909086,0.090909086,0.090909086,0.090909086,0.54545456,0.090909086
2009-07-27,0.090909086,0.090909086,0.090909086,0.090909086,0.54545456,0.090909086
2009-07-28,0.16666663,0.16666663,0.16666663,0.16666688,0.16666663,0.1666667
2009-07-29,0.11111111,0.44444445,0.11111111,0.11111111,0.11111111,0.11111111
2009-07-30,0.11111111,0.44444445,0.11111111,0.11111111,0.11111111,0.11111111
2009-07-31,0.11111111,0.4444444,0.11111111,0.11111113,0.11111111,0.11111111
2009-08-03,0.11111115,0.44444415,0.11111115,0.11111122,0.11111115,0.11111117
2009-08-04,0.15727551,0.15727882,0.15727651,0.15727551,0.15727551,0.21361808
2009-08-05,0.09090923,0.09090923,0.09090923,0.090909384,0.54545367,0.09090929
2009-08-06,0.09090926,0.09090926,0.09090926,0.090909414,0.54545355,0.0909093
2009-08-07,0.15727551,0.15727882,0.15727651,0.15727551,0.15727551,0.21361808
2009-08-10,0.09090915,0.09090915,0.09090915,0.09090922,0.5454542,0.090909176
2009-08-11,0.16665682,0.16665682,0.16665682,0.16670085,0.16665682,0.16667184
2009-08-12,0.09090909,0.09090909,0.09090909,0.090909116,0.54545444,0.09090909
2009-08-13,0.15727551,0.15727882,0.15727651,0.15727551,0.15727551,0.21361808
2009-08-14,0.16666624,0.16666624,0.16666624,0.16666816,0.16666624,0.1666669
2009-08-17,0.37500003,0.125,0.125,0.125,0.125,0.125
2009-08-18,0.37500003,0.125,0.125,0.125,0.125,0.125
2009-08-19,0.090909086,0.090909086,0.090909086,0.090909086,0.54545456,0.090909086
2009-08-20,0.15727551,0.15727882,0.15727651,0.15727551,0.15727551,0.21361808
2009-08-21,0.16666666,0.16666666,0.16666666,0.16666675,0.16666666,0.16666669
2009-08-24,0.11111111,0.44444445,0.11111111,0.11111111,0.11111111,0.11111111
2009-08-25,0.11111111,0.44444445,0.11111111,0.11111111,0.11111111,0.11111111
2009-08-26,0.11111111,0.44444445,0.11111111,0.11111111,0.11111111,0.11111111
2009-08-27,0.090909086,0.090909086,0.090909086,0.090909086,0.54545456,0.090909086
2009-08-28,0.090909116,0.090909116,0.090909116,0.09090913,0.54545444,0.090909116
2009-08-31,0.09090916,0.09090916,0.09090916,0.09090924,0.5454541,0.090909176
2009-09-01,0.37500003,0.125,0.125,0.125,0.125,0.125
2009-09-02,0.16665813,0.16665813,0.16665813,0.16669638,0.16665813,0.16667116
2009-09-03,0.0909094,0.0909094,0.0909094,0.09090973,0.5454526,0.09090951
2009-09-04,0.37499976,0.12500001,0.12500001,0.1250001,0.12500001,0.12500006
2009-09-08,0.15727551,0.15727882,0.15727651,0.15727551,0.15727551,0.21361808
2009-09-09,0.09091255,0.09091255,0.09091255,0.09091613,0.5454325,0.09091376
2009-09-10,0.37499997,0.12500001,0.12500001,0.12500004,0.12500001,0.12500003
2009-09-11,0.09091117,0.09091117,0.09091117,0.09091333,0.54544115,0.09091191
2009-09-14,0.16666576,0.16666576,0.16666576,0.16666977,0.16666576,0.16666712
2009-09-15,0.11111111,0.44444445,0.11111111,0.11111111,0.11111111,0.11111111
2009-09-16,0.09090922,0.09090922,0.09090922,0.09090936,0.5454537,0.09090927
2009-09-17,0.090909086,0.090909086,0.090909086,0.090909086,0.54545456,0.090909086
2009-09-18,0.090909086,0.090909086,0.090909086,0.090909086,0.54545456,0.090909086
2009-09-21,0.37500003,0.125,0.125,0.125,0.125,0.125
2009-09-22,0.37500003,0.125,0.125,0.125,0.125,0.125
2009-09-23,0.37500003,0.125,0.125,0.125,0.125,0.125
2009-09-24,0.11111111,0.44444445,0.11111111,0.11111111,0.11111111,0.11111111
2009-09-25,0.090909086,0.090909086,0.090909086,0.090909086,0.54545456,0.090909086
2009-09-28,0.15727551,0.15727882,0.15727651,0.15727551,0.15727551,0.21361808
2009-09-29,0.16666622,0.16666622,0.16666622,0.16666819,0.16666622,0.1666669
2009-09-30,0.16666411,0.16666411,0.16666411,0.1666756,0.16666411,0.16666803
2009-10-01,0.09090935,0.09090935,0.09090935,0.0909096,0.54545295,0.09090943
2009-10-02,0.37499633,0.12500031,0.12500031,0.12500173,0.12500031,0.12500103
2009-10-05,0.37499312,0.12500058,0.12500058,0.12500325,0.12500058,0.1250019
2009-10-06,0.1665625,0.1665625,0.1665625,0.16702873,0.1665625,0.16672125
2009-10-07,0.11111205,0.44443738,0.11111205,0.111113794,0.11111205,0.11111265
2009-10-08,0.15727551,0.15727882,0.15727651,0.15727551,0.15727551,0.21361808
2009-10-09,0.15727551,0.15727882,0.15727651,0.15727551,0.15727551,0.21361808
2009-10-12,0.37499952,0.12500004,0.12500004,0.12500024,0.12500004,0.12500015
2009-10-13,0.09096251,0.09096251,0.09096251,0.09101786,0.5451133,0.09098136
2009-10-14,0.09104089,0.09104089,0.09104089,0.09117769,0.54461217,0.09108748
2009-10-15,0.1666653,0.1666653,0.1666653,0.16667141,0.1666653,0.16666737
2009-10-16,0.16666651,0.16666651,0.16666651,0.16666722,0.16666651,0.16666676
2009-10-19,0.15727551,0.15727882,0.15727651,0.15727551,0.15727551,0.21361808
2009-10-20,0.11111111,0.44444445,0.11111111,0.11111111,0.11111111,0.11111111
2009-10-21,0.15727551,0.15727882,0.15727651,0.15727551,0.15727551,0.21361808
2009-10-22,0.37500003,0.125,0.125,0.125,0.125,0.125
2009-10-23,0.15727551,0.15727882,0.15727651,0.15727551,0.15727551,0.21361808
2009-10-26,0.11111111,0.44444445,0.11111111,0.11111111,0.11111111,0.11111111
2009-10-27,0.15727551,0.15727882,0.15727651,0.15727551,0.15727551,0.21361808
2009-10-28,0.37499988,0.12500001,0.12500001,0.12500004,0.12500001,0.12500003
2009-10-29,0.166663,0.166663,0.166663,0.16667938,0.166663,0.1666686
2009-10-30,0.09091049,0.09091049,0.09091049,0.09091194,0.5454456,0.09091099
2009-11-02,0.37480843,0.12501608,0.12501608,0.12509017,0.1250161,0.12505314
2009-11-03,0.37474635,0.12502128,0.12502128,0.1251194,0.12502131,0.12507035
2009-11-04,0.37478733,0.12501785,0.12501785,0.1251001,0.12501787,0.125059
2009-11-05,0.091405444,0.09140545,0.091405444,0.09192423,0.54227746,0.09158192
2009-11-06,0.16595618,0.16595618,0.16595618,0.1691406,0.16595618,0.16703464
2009-11-09,0.37482005,0.12501511,0.12501511,0.12508471,0.12501512,0.1250499
2009-11-10,0.16651529,0.16651529,0.16651529,0.1671929,0.16651529,0.16674592
2009-11-11,0.16663946,0.16663946,0.16663946,0.16676126,0.16663946,0.16668095
2009-11-12,0.16665407,0.16665407,0.16665407,0.16671053,0.16665407,0.1666733
2009-11-13,0.15727551,0.15727882,0.15727651,0.15727551,0.15727551,0.21361808
2009-11-16,0.16666023,0.16666023,0.16666023,0.16668901,0.16666023,0.16667004
2009-11-17,0.091877855,0.09187787,0.091877855,0.09289958,0.539242,0.092224784
2009-11-18,0.37499756,0.12500021,0.12500021,0.12500116,0.12500021,0.12500069
2009-11-19,0.11111111,0.44444445,0.11111111,0.11111111,0.11111111,0.11111111
2009-11-20,0.37499988,0.12500001,0.12500001,0.12500004,0.12500001,0.12500001
2009-11-23,0.16666664,0.16666664,0.16666664,0.16666678,0.16666664,0.16666669
2009-11-24,0.11111111,0.44444445,0.11111111,0.11111111,0.11111111,0.11111111
2009-11-25,0.16666663,0.16666663,0.16666663,0.16666688,0.16666663,0.1666667
2009-11-27,0.15727551,0.15727882,0.15727651,0.15727551,0.15727551,0.21361808
2009-11-30,0.15727551,0.15727882,0.15727651,0.15727551,0.15727551,0.21361808
2009-12-01,0.16666096,0.16666096,0.16666096,0.16668645,0.16666096,0.16666967
2009-12-02,0.37499854,0.12500012,0.12500012,0.12500069,0.12500012,0.12500042
2009-12-03,0.11111132,0.44444284,0.11111132,0.1111117,0.11111132,0.111111455
2009-12-04,0.11111125,0.44444332,0.11111125,0.11111153,0.11111125,0.11111134
2009-12-07,0.111111194,0.44444388,0.111111194,0.11111134,0.111111194,0.111111246
2009-12-08,0.3749988,0.1250001,0.1250001,0.12500054,0.1250001,0.12500031
2009-12-09,0.09090921,0.09090921,0.09090921,0.09090934,0.5454538,0.09090925
2009-12-10,0.15727551,0.15727882,0.15727651,0.15727551,0.15727551,0.21361808
2009-12-11,0.11111111,0.44444445,0.11111111,0.11111111,0.11111111,0.11111111
2009-12-14,0.11111111,0.44444445,0.11111111,0.11111111,0.11111111,0.11111111
2009-12-15,0.37499997,0.125,0.125,0.12500001,0.125,0.12500001
2009-12-16,0.11111111,0.44444445,0.11111111,0.11111111,0.11111111,0.11111111
2009-12-17,0.15727551,0.15727882,0.15727651,0.15727551,0.15727551,0.21361808
2009-12-18,0.090909086,0.090909086,0.090909086,0.090909086,0.54545456,0.090909086
2009-12-21,0.11111111,0.44444445,0.11111111,0.11111111,0.11111111,0.11111111
2009-12-22,0.15727551,0.15727882,0.15727651,0.15727551,0.15727551,0.21361808
2009-12-23,0.11111111,0.44444445,0.11111111,0.11111111,0.11111111,0.11111111
2009-12-24,0.15727551,0.15727882,0.15727651,0.15727551,0.15727551,0.21361808
2009-12-28,0.16666652,0.16666652,0.16666652,0.16666715,0.16666652,0.16666673
2009-12-29,0.15727551,0.15727882,0.15727651,0.15727551,0.15727551,0.21361808
2009-12-30,0.16666302,0.16666302,0.16666302,0.16667935,0.16666302,0.1666686
2009-12-31,0.09090995,0.09090995,0.09090995,0.09091085,0.545449,0.090910256
2010-01-04,0.16652237,0.16652237,0.16652237,0.1671683,0.16652237,0.16674222
2010-01-05,0.15727551,0.15727882,0.15727651,0.15727551,0.15727551,0.21361808
2010-01-06,0.166073,0.166073,0.166073,0.16873315,0.166073,0.16697483
2010-01-07,0.37328026,0.12514365,0.12514365,0.12581146,0.1251438,0.12547724
2010-01-08,0.373627,0.12511481,0.1251148,0.12564749,0.12511493,0.12538098
2010-01-11,0.15727551,0.15727882,0.15727651,0.15727551,0.15727551,0.21361808
2010-01-12,0.15727551,0.15727882,0.15727651,0.15727551,0.15727551,0.21361808
2010-01-13,0.11111113,0.4444443,0.11111113,0.11111116,0.11111113,0.11111114
2010-01-14,0.11111111,0.44444445,0.11111111,0.11111111,0.11111111,0.11111111
2010-01-15,0.15727551,0.15727882,0.15727651,0.15727551,0.15727551,0.21361808
2010-01-19,0.1666666,0.1666666,0.1666666,0.1666669,0.1666666,0.16666669
2010-01-20,0.16666666,0.16666666,0.16666666,0.16666675,0.16666666,0.16666669
2010-01-21,0.37500003,0.125,0.125,0.125,0.125,0.125
2010-01-22,0.15727551,0.15727882,0.15727651,0.15727551,0.15727551,0.21361808
2010-01-25,0.15727551,0.15727882,0.15727651,0.15727551,0.15727551,0.21361808
2010-01-26,0.1666666,0.1666666,0.1666666,0.16666692,0.1666666,0.1666667
2010-01-27,0.37500003,0.125,0.125,0.125,0.125,0.125
2010-01-28,0.15727551,0.15727882,0.15727651,0.15727551,0.15727551,0.21361808
2010-01-29,0.111111745,0.44443974,0.111111745,0.11111293,0.111111745,0.11111215
2010-02-01,0.111121185,0.4443688,0.111121185,0.111139975,0.111121185,0.11112759
2010-02-02,0.09202972,0.09202974,0.09202972,0.09321506,0.53826374,0.092431985
2010-02-03,0.11124388,0.44344786,0.11124388,0.11149212,0.11124388,0.111328416
2010-02-04,0.37497118,0.12500241,0.12500241,0.12501357,0.12500241,0.12500799
2010-02-05,0.1114316,0.4420348,0.1114316,0.112033844,0.1114316,0.111636475
2010-02-08,0.09364815,0.0936482,0.09364815,0.09663722,0.52776206,0.09465628
2010-02-09,0.37499258,0.12500061,0.12500061,0.12500346,0.12500061,0.12500203
2010-02-10,0.37499836,0.12500015,0.12500015,0.12500077,0.12500015,0.12500048
2010-02-11,0.09093199,0.09093199,0.09093199,0.09095571,0.5453082,0.09094007
2010-02-12,0.3749988,0.1250001,0.1250001,0.12500055,0.1250001,0.12500031
2010-02-16,0.37499848,0.12500013,0.12500013,0.12500072,0.12500013,0.12500042
2010-02-17,0.15727551,0.15727882,0.15727651,0.15727551,0.15727551,0.21361808
2010-02-18,0.16666648,0.16666648,0.16666648,0.16666737,0.16666648,0.16666678
2010-02-19,0.37499997,0.125,0.125,0.12500001,0.125,0.125
2010-02-22,0.16666652,0.16666652,0.16666652,0.16666716,0.16666652,0.16666675
2010-02-23,0.37500003,0.125,0.125,0.125,0.125,0.125
2010-02-24,0.37500003,0.125,0.125,0.125,0.125,0.125
2010-02-25,0.09091033,0.09091033,0.09091033,0.09091162,0.5454466,0.09091077
2010-02-26,0.11111111,0.4444444,0.11111111,0.11111113,0.11111111,0.11111111
2010-03-01,0.37499952,0.12500004,0.12500004,0.12500024,0.12500004,0.12500013
2010-03-02,0.1666566,0.1666566,0.1666566,0.16670169,0.1666566,0.16667196
2010-03-03,0.0909194,0.0909194,0.0909194,0.090930074,0.5453887,0.09092303
2010-03-04,0.37499654,0.1250003,0.1250003,0.12500167,0.1250003,0.12500098
2010-03-05,0.37499654,0.12500028,0.12500028,0.12500162,0.12500028,0.12500095
2010-03-08,0.16665433,0.16665433,0.16665433,0.16670953,0.16665433,0.16667314
2010-03-09,0.09091035,0.09091035,0.09091035,0.090911664,0.5454464,0.0909108
2010-03-10,0.0909108,0.0909108,0.0909108,0.090912566,0.5454436,0.090911396
2010-03-11,0.37498483,0.12500127,0.12500127,0.12500715,0.12500127,0.12500422
2010-03-12,0.37491924,0.1250068,0.1250068,0.12503801,0.12500681,0.12502241
2010-03-15,0.16666538,0.16666538,0.16666538,0.16667117,0.16666538,0.16666734
2010-03-16,0.1666663,0.1666663,0.1666663,0.16666791,0.1666663,0.16666687
2010-03-17,0.11111111,0.44444445,0.11111111,0.11111111,0.11111111,0.11111111
2010-03-18,0.11111111,0.44444445,0.11111111,0.11111111,0.11111111,0.11111111
2010-03-19,0.37500003,0.125,0.125,0.125,0.125,0.125
2010-03-22,0.37500003,0.125,0.125,0.125,0.125,0.125
2010-03-23,0.1666666,0.1666666,0.1666666,0.16666691,0.1666666,0.1666667
2010-03-24,0.15727551,0.15727882,0.15727651,0.15727551,0.15727551,0.21361808
2010-03-25,0.16666639,0.16666639,0.16666639,0.16666764,0.16666639,0.1666668
2010-03-26,0.15727551,0.15727882,0.15727651,0.15727551,0.15727551,0.21361808
2010-03-29,0.15727551,0.15727882,0.15727651,0.15727551,0.15727551,0.21361808
2010-03-30,0.090913445,0.090913445,0.090913445,0.09091797,0.54542667,0.09091499
2010-03-31,0.16644895,0.16644895,0.16644895,0.16742373,0.16644895,0.16678052
2010-04-01,0.15727551,0.15727882,0.15727651,0.15727551,0.15727551,0.21361808
2010-04-05,0.16582051,0.16582051,0.16582051,0.16961418,0.16582051,0.16710377
2010-04-06,0.16581503,0.16581503,0.16581503,0.16963336,0.16581503,0.16710655
2010-04-07,0.15727551,0.15727882,0.15727651,0.15727551,0.15727551,0.21361808
2010-04-08,0.15727551,0.15727882,0.15727651,0.15727551,0.15727551,0.21361808
2010-04-09,0.3737008,0.12510867,0.12510866,0.12561266,0.1251088,0.1253605
2010-04-12,0.15727551,0.15727882,0.15727651,0.15727551,0.15727551,0.21361808
2010-04-13,0.37395152,0.12508777,0.12508775,0.12549421,0.12508786,0.1252909
2010-04-14,0.09091073,0.09091073,0.09091073,0.09091245,0.545444,0.09091132
2010-04-15,0.09090926,0.09090926,0.09090926,0.090909414,0.54545355,0.0909093
2010-04-16,0.15727551,0.15727882,0.15727651,0.15727551,0.15727551,0.21361808
2010-04-19,0.16666664,0.16666664,0.16666664,0.16666672,0.16666664,0.16666667
2010-04-20,0.090909086,0.090909086,0.090909086,0.090909086,0.54545456,0.090909086
2010-04-21,0.11111111,0.44444445,0.11111111,0.11111111,0.11111111,0.11111111
2010-04-22,0.37500003,0.125,0.125,0.125,0.125,0.125
2010-04-23,0.11111111,0.44444445,0.11111111,0.11111111,0.11111111,0.11111111
2010-04-26,0.16666666,0.16666666,0.16666666,0.1666667,0.16666666,0.16666667
2010-04-27,0.16666663,0.16666663,0.16666663,0.16666685,0.16666663,0.16666669
2010-04-28,0.09090915,0.09090915,0.09090915,0.09090922,0.5454541,0.090909176
2010-04-29,0.16665839,0.16665839,0.16665839,0.16669546,0.16665839,0.16667101
2010-04-30,0.09091624,0.09091624,0.09091624,0.09092366,0.5454088,0.09091877
2010-05-03,0.09096904,0.09096904,0.09096904,0.091031194,0.5450714,0.090990216
2010-05-04,0.111116104,0.44440705,0.111116104,0.1111254,0.111116104,0.11111927
2010-05-05,0.15727551,0.15727882,0.15727651,0.15727551,0.15727551,0.21361808
2010-05-06,0.37462476,0.12503147,0.12503147,0.1251767,0.1250315,0.12510408
2010-05-07,0.16641541,0.16641541,0.16641541,0.16754043,0.16641541,0.16679797
2010-05-10,0.111117214,0.44439876,0.111117214,0.111128576,0.111117214,0.11112108
2010-05-11,0.11111954,0.44438115,0.11111954,0.111135274,0.11111954,0.11112489
2010-05-12,0.3749429,0.1250048,0.1250048,0.12502687,0.1250048,0.12501584
2010-05-13,0.11111151,0.44444147,0.11111151,0.11111225,0.11111151,0.11111176
2010-05-14,0.15727551,0.15727882,0.15727651,0.15727551,0.15727551,0.21361808
2010-05-17,0.09090916,0.09090916,0.09090916,0.09090924,0.5454541,0.090909176
2010-05-18,0.11111111,0.44444445,0.11111111,0.11111111,0.11111111,0.11111111
2010-05-19,0.16666664,0.16666664,0.16666664,0.16666678,0.16666664,0.16666669
2010-05-20,0.11111111,0.44444445,0.11111111,0.11111111,0.11111111,0.11111111
2010-05-21,0.09090956,0.09090956,0.09090956,0.09091005,0.5454516,0.090909734
2010-05-24,0.37500003,0.125,0.125,0.125,0.125,0.125
2010-05-25,0.11111111,0.44444445,0.11111111,0.11111111,0.11111111,0.11111111
2010-05-26,0.16666654,0.16666654,0.16666654,0.16666709,0.16666654,0.16666672
2010-05-27,0.15727551,0.15727882,0.15727651,0.15727551,0.15727551,0.21361808
2010-05-28,0.16666427,0.16666427,0.16666427,0.16667497,0.16666427,0.16666792
2010-06-01,0.15727551,0.15727882,0.15727651,0.15727551,0.15727551,0.21361808
2010-06-02,0.09093383,0.09093383,0.09093383,0.09095947,0.5452965,0.09094258
2010-06-03,0.11111867,0.44438776,0.11111867,0.11113276,0.11111867,0.111123495
2010-06-04,0.15727551,0.15727882,0.15727651,0.15727551,0.15727551,0.21361808
2010-06-07,0.0909454,0.0909454,0.0909454,0.090982996,0.5452227,0.09095821
2010-06-08,0.15727551,0.15727882,0.15727651,0.15727551,0.15727551,0.21361808
2010-06-09,0.37499923,0.12500006,0.12500006,0.12500037,0.12500006,0.12500021
2010-06-10,0.090926096,0.090926096,0.090926096,0.090943694,0.54534596,0.090932086
2010-06-11,0.11111191,0.44443846,0.11111191,0.11111339,0.11111191,0.11111241
2010-06-14,0.37499923,0.12500007,0.12500007,0.12500039,0.12500007,0.12500024
2010-06-15,0.15727551,0.15727882,0.15727651,0.15727551,0.15727551,0.21361808
2010-06-16,0.15727551,0.15727882,0.15727651,0.15727551,0.15727551,0.21361808
2010-06-17,0.37500003,0.125,0.125,0.125,0.125,0.125
2010-06-18,0.11111111,0.44444445,0.11111111,0.11111111,0.11111111,0.11111111
2010-06-21,0.16666667,0.16666667,0.16666667,0.16666667,0.16666667,0.16666667
2010-06-22,0.15727551,0.15727882,0.15727651,0.15727551,0.15727551,0.21361808
2010-06-23,0.16666667,0.16666667,0.16666667,0.16666667,0.16666667,0.16666667
2010-06-24,0.090909086,0.090909086,0.090909086,0.090909086,0.54545456,0.090909086
2010-06-25,0.090909086,0.090909086,0.090909086,0.090909086,0.54545456,0.090909086
2010-06-28,0.11111111,0.44444445,0.11111111,0.11111111,0.11111111,0.11111111
2010-06-29,0.16666658,0.16666658,0.16666658,0.16666695,0.16666658,0.1666667
2010-06-30,0.11111111,0.4444444,0.11111111,0.11111113,0.11111111,0.11111111
2010-07-01,0.111111164,0.44444412,0.111111164,0.11111124,0.111111164,0.11111119
2010-07-02,0.09090963,0.09090963,0.09090963,0.09091018,0.54545116,0.090909824
2010-07-06,0.15727551,0.15727882,0.15727651,0.15727551,0.15727551,0.21361808
2010-07-07,0.15727551,0.15727882,0.15727651,0.15727551,0.15727551,0.21361808
2010-07-08,0.37499982,0.12500001,0.12500001,0.12500009,0.12500001,0.12500006
2010-07-09,0.16666108,0.16666108,0.16666108,0.16668603,0.16666108,0.16666959
2010-07-12,0.15727551,0.15727882,0.15727651,0.15727551,0.15727551,0.21361808
2010-07-13,0.1111112,0.4444437,0.1111112,0.11111137,0.1111112,0.11111127
2010-07-14,0.1666665,0.1666665,0.1666665,0.16666727,0.1666665,0.16666676
2010-07-15,0.11111111,0.44444445,0.11111111,0.11111111,0.11111111,0.11111111
2010-07-16,0.11111111,0.44444445,0.11111111,0.11111111,0.11111111,0.11111111
2010-07-19,0.15727551,0.15727882,0.15727651,0.15727551,0.15727551,0.21361808
2010-07-20,0.16666667,0.16666667,0.16666667,0.16666667,0.16666667,0.16666667
2010-07-21,0.11111111,0.44444445,0.11111111,0.11111111,0.11111111,0.11111111
2010-07-22,0.090909086,0.090909086,0.090909086,0.090909086,0.54545456,0.090909086
2010-07-23,0.16666667,0.16666667,0.16666667,0.16666667,0.16666667,0.16666667
2010-07-26,0.16666667,0.16666667,0.16666667,0.16666667,0.16666667,0.16666667
2010-07-27,0.16666666,0.16666666,0.16666666,0.16666669,0.16666666,0.16666669
2010-07-28,0.37500003,0.125,0.125,0.125,0.125,0.125
2010-07-29,0.16666646,0.16666646,0.16666646,0.16666737,0.16666646,0.16666678
2010-07-30,0.09090909,0.09090909,0.09090909,0.090909116,0.54545444,0.09090909
2010-08-02,0.37499988,0.12500001,0.12500001,0.12500004,0.12500001,0.12500003
2010-08-03,0.3749997,0.12500001,0.12500001,0.12500015,0.12500001,0.12500009
2010-08-04,0.37499937,0.12500006,0.12500006,0.1250003,0.12500006,0.12500018
2010-08-05,0.37499928,0.12500006,0.12500006,0.12500033,0.12500006,0.1250002
2010-08-06,0.3749989,0.1250001,0.1250001,0.12500054,0.1250001,0.12500033
2010-08-09,0.16663387,0.16663387,0.16663387,0.16678065,0.16663387,0.1666839
2010-08-10,0.11111114,0.44444427,0.11111114,0.11111119,0.11111114,0.11111116
2010-08-11,0.15727551,0.15727882,0.15727651,0.15727551,0.15727551,0.21361808
2010-08-12,0.09090913,0.09090913,0.09090913,0.09090918,0.5454542,0.09090915
2010-08-13,0.16666599,0.16666599,0.16666599,0.16666897,0.16666599,0.166667
2010-08-16,0.37500003,0.125,0.125,0.125,0.125,0.125
2010-08-17,0.090909086,0.090909086,0.090909086,0.090909086,0.54545456,0.090909086
2010-08-18,0.15727551,0.15727882,0.15727651,0.15727551,0.15727551,0.21361808
2010-08-19,0.11111111,0.44444445,0.11111111,0.11111111,0.11111111,0.11111111
2010-08-20,0.37500003,0.125,0.125,0.125,0.125,0.125
2010-08-23,0.11111111,0.44444445,0.11111111,0.11111111,0.11111111,0.11111111
2010-08-24,0.16666667,0.16666667,0.16666667,0.16666667,0.16666667,0.16666667
2010-08-25,0.15727551,0.15727882,0.15727651,0.15727551,0.15727551,0.21361808
2010-08-26,0.09090909,0.09090909,0.09090909,0.090909116,0.54545444,0.09090909
2010-08-27,0.37500003,0.125,0.125,0.125,0.125,0.125
2010-08-30,0.11111111,0.4444444,0.11111111,0.11111113,0.11111111,0.11111111
2010-08-31,0.37500003,0.125,0.125,0.125,0.125,0.125
2010-09-01,0.16666494,0.16666494,0.16666494,0.16667263,0.16666494,0.16666757
2010-09-02,0.37499973,0.12500001,0.12500001,0.12500013,0.12500001,0.12500009
2010-09-03,0.15727551,0.15727882,0.15727651,0.15727551,0.15727551,0.21361808
2010-09-07,0.09091968,0.09091968,0.09091968,0.090930656,0.54538685,0.09092341
2010-09-08,0.16665602,0.16665602,0.16665602,0.16670369,0.16665602,0.16667226
2010-09-09,0.15727551,0.15727882,0.15727651,0.15727551,0.15727551,0.21361808
2010-09-10,0.090914875,0.090914875,0.090914875,0.090920866,0.5454176,0.09091691
2010-09-13,0.11111111,0.4444444,0.11111111,0.11111113,0.11111111,0.11111111
2010-09-14,0.16666643,0.16666643,0.16666643,0.16666748,0.16666643,0.16666679
2010-09-15,0.11111111,0.44444445,0.11111111,0.11111111,0.11111111,0.11111111
2010-09-16,0.16666667,0.16666667,0.16666667,0.16666669,0.16666667,0.16666667
2010-09-17,0.16666667,0.16666667,0.16666667,0.16666667,0.16666667,0.16666667
2010-09-20,0.37500003,0.125,0.125,0.125,0.125,0.125
2010-09-21,0.090909086,0.090909086,0.090909086,0.090909086,0.54545456,0.090909086
2010-09-22,0.16666667,0.16666667,0.16666667,0.16666667,0.16666667,0.16666667
2010-09-23,0.16666667,0.16666667,0.16666667,0.16666667,0.16666667,0.16666667
2010-09-24,0.11111111,0.44444445,0.11111111,0.11111111,0.11111111,0.11111111
2010-09-27,0.11111111,0.44444445,0.11111111,0.11111111,0.11111111,0.11111111
2010-09-28,0.37500003,0.125,0.125,0.125,0.125,0.125
2010-09-29,0.37500003,0.125,0.125,0.125,0.125,0.125
2010-09-30,0.11111111,0.44444445,0.11111111,0.11111111,0.11111111,0.11111111
2010-10-01,0.37499696,0.12500025,0.12500025,0.1250014,0.12500025,0.12500083
2010-10-04,0.15727551,0.15727882,0.15727651,0.15727551,0.15727551,0.21361808
2010-10-05,0.15727551,0.15727882,0.15727651,0.15727551,0.15727551,0.21361808
2010-10-06,0.3749877,0.12500103,0.12500103,0.1250058,0.12500103,0.12500341
2010-10-07,0.15727551,0.15727882,0.15727651,0.15727551,0.15727551,0.21361808
2010-10-08,0.16665661,0.16665661,0.16665661,0.16670156,0.16665661,0.16667193
2010-10-11,0.16666296,0.16666296,0.16666296,0.16667959,0.16666296,0.16666862
2010-10-12,0.3749989,0.12500009,0.12500009,0.1250005,0.12500009,0.12500028
2010-10-13,0.11111111,0.4444444,0.11111111,0.11111113,0.11111111,0.11111111
2010-10-14,0.15727551,0.15727882,0.15727651,0.15727551,0.15727551,0.21361808
2010-10-15,0.09090973,0.09090973,0.09090973,0.09091039,0.54545045,0.090909965
2010-10-18,0.37500003,0.125,0.125,0.125,0.125,0.125
2010-10-19,0.37500003,0.125,0.125,0.125,0.125,0.125
2010-10-20,0.11111111,0.44444445,0.11111111,0.11111111,0.11111111,0.11111111
2010-10-21,0.11111111,0.44444445,0.11111111,0.11111111,0.11111111,0.11111111
2010-10-22,0.15727551,0.15727882,0.15727651,0.15727551,0.15727551,0.21361808
2010-10-25,0.15727551,0.15727882,0.15727651,0.15727551,0.15727551,0.21361808
2010-10-26,0.090909086,0.090909086,0.090909086,0.090909086,0.54545456,0.090909086
2010-10-27,0.11111111,0.44444445,0.11111111,0.11111111,0.11111111,0.11111111
2010-10-28,0.37499988,0.12500001,0.12500001,0.12500004,0.12500001,0.12500003
2010-10-29,0.11111114,0.44444427,0.11111114,0.111111194,0.11111114,0.11111116
2010-11-01,0.09091898,0.09091898,0.09091898,0.09092921,0.5453914,0.09092245
2010-11-02,0.37485167,0.12501244,0.12501244,0.12506983,0.12501247,0.12504113
2010-11-03,0.11111186,0.44443887,0.11111186,0.111113235,0.11111186,0.111112334
2010-11-04,0.15727551,0.15727882,0.15727651,0.15727551,0.15727551,0.21361808
2010-11-05,0.37486902,0.12501098,0.12501098,0.12506165,0.125011,0.12503631
2010-11-08,0.11111432,0.44442043,0.11111432,0.1111203,0.11111432,0.111116365
2010-11-09,0.11111211,0.444437,0.11111211,0.111113966,0.11111211,0.11111275
2010-11-10,0.15727551,0.15727882,0.15727651,0.15727551,0.15727551,0.21361808
2010-11-11,0.09091345,0.09091345,0.09091345,0.09091796,0.54542667,0.090914994
2010-11-12,0.16666664,0.16666664,0.16666664,0.1666668,0.16666664,0.16666669
2010-11-15,0.16666664,0.16666664,0.16666664,0.16666678,0.16666664,0.16666669
2010-11-16,0.3749989,0.12500009,0.12500009,0.12500052,0.12500009,0.12500028
2010-11-17,0.37499997,0.12500001,0.12500001,0.12500004,0.12500001,0.12500003
2010-11-18,0.16666667,0.16666667,0.16666667,0.16666667,0.16666667,0.16666667
2010-11-19,0.11111111,0.44444445,0.11111111,0.11111111,0.11111111,0.11111111
2010-11-22,0.11111111,0.44444445,0.11111111,0.11111111,0.11111111,0.11111111
2010-11-23,0.37499997,0.12500001,0.12500001,0.12500004,0.12500001,0.12500003
2010-11-24,0.15727551,0.15727882,0.15727651,0.15727551,0.15727551,0.21361808
2010-11-26,0.37499988,0.12500001,0.12500001,0.12500004,0.12500001,0.12500001
2010-11-29,0.1666665,0.1666665,0.1666665,0.16666727,0.1666665,0.16666676
2010-11-30,0.15727551,0.15727882,0.15727651,0.15727551,0.15727551,0.21361808
2010-12-01,0.090954356,0.090954356,0.090954356,0.09100125,0.54516536,0.09097034
2010-12-02,0.09103578,0.09103578,0.09103578,0.09116727,0.54464483,0.091080576
2010-12-03,0.091055706,0.091055706,0.091055706,0.09120791,0.54451746,0.09110753
2010-12-06,0.15727551,0.15727882,0.15727651,0.15727551,0.15727551,0.21361808
2010-12-07,0.15727551,0.15727882,0.15727651,0.15727551,0.15727551,0.21361808
2010-12-08,0.09091886,0.09091886,0.09091886,0.09092897,0.5453921,0.0909223
2010-12-09,0.15727551,0.15727882,0.15727651,0.15727551,0.15727551,0.21361808
2010-12-10,0.15727551,0.15727882,0.15727651,0.15727551,0.15727551,0.21361808
2010-12-13,0.11111111,0.44444445,0.11111111,0.11111111,0.11111111,0.11111111
2010-12-14,0.16666666,0.16666666,0.16666666,0.1666667,0.16666666,0.16666667
2010-12-15,0.37499908,0.12500007,0.12500007,0.12500043,0.12500007,0.12500025
2010-12-16,0.090909086,0.090909086,0.090909086,0.090909086,0.54545456,0.090909086
2010-12-17,0.15727551,0.15727882,0.15727651,0.15727551,0.15727551,0.21361808
2010-12-20,0.15727551,0.15727882,0.15727651,0.15727551,0.15727551,0.21361808
2010-12-21,0.37500003,0.125,0.125,0.125,0.125,0.125
2010-12-22,0.16666667,0.16666667,0.16666667,0.16666667,0.16666667,0.16666667
2010-12-23,0.15727551,0.15727882,0.15727651,0.15727551,0.15727551,0.21361808
2010-12-27,0.16666667,0.16666667,0.16666667,0.16666667,0.16666667,0.16666667
2010-12-28,0.15727551,0.15727882,0.15727651,0.15727551,0.15727551,0.21361808
2010-12-29,0.15727551,0.15727882,0.15727651,0.15727551,0.15727551,0.21361808
2010-12-30,0.37499985,0.12500001,0.12500001,0.12500006,0.12500001,0.12500003
2010-12-31,0.11111113,0.4444443,0.11111113,0.11111117,0.11111113,0.11111114
2011-01-03,0.09091152,0.09091152,0.09091152,0.09091403,0.54543906,0.09091237
2011-01-04,0.09091463,0.09091463,0.09091463,0.09092038,0.5454191,0.09091659
2011-01-05,0.11111179,0.44443935,0.11111179,0.11111304,0.11111179,0.11111221
2011-01-06,0.0909303,0.0909303,0.0909303,0.09095226,0.545319,0.090937786
2011-01-07,0.3749089,0.12500766,0.12500766,0.12504289,0.12500766,0.12502526
2011-01-10,0.37494013,0.12500502,0.12500502,0.12502816,0.12500502,0.1250166
2011-01-11,0.11111161,0.44444063,0.11111161,0.11111256,0.11111161,0.11111193
2011-01-12,0.15727551,0.15727882,0.15727651,0.15727551,0.15727551,0.21361808
2011-01-13,0.0909097,0.0909097,0.0909097,0.09091032,0.5454507,0.09090991
2011-01-14,0.09090925,0.09090925,0.09090925,0.09090943,0.5454534,0.09090931
2011-01-18,0.15727551,0.15727882,0.15727651,0.15727551,0.15727551,0.21361808
2011-01-19,0.09090912,0.09090912,0.09090912,0.090909146,0.5454544,0.09090912
2011-01-20,0.09090909,0.09090909,0.09090909,0.090909116,0.54545444,0.09090909
2011-01-21,0.15727551,0.15727882,0.15727651,0.15727551,0.15727551,0.21361808
2011-01-24,0.16666666,0.16666666,0.16666666,0.16666669,0.16666666,0.16666667
2011-01-25,0.16666663,0.16666663,0.16666663,0.16666685,0.16666663,0.1666667
2011-01-26,0.11111111,0.44444445,0.11111111,0.11111111,0.11111111,0.11111111
2011-01-27,0.37500003,0.125,0.125,0.125,0.125,0.125
2011-01-28,0.16664536,0.16664536,0.16664536,0.16674067,0.16664536,0.16667785
2011-01-31,0.11111144,0.44444194,0.11111144,0.111112066,0.11111144,0.111111656
2011-02-01,0.16597907,0.16597907,0.16597907,0.16906072,0.16597907,0.16702293
2011-02-02,0.15727551,0.15727882,0.15727651,0.15727551,0.15727551,0.21361808
2011-02-03,0.37489405,0.1250089,0.1250089,0.12504989,0.12500891,0.1250294
2011-02-04,0.3748724,0.1250107,0.1250107,0.12506007,0.12501073,0.12503538
2011-02-07,0.091088384,0.091088384,0.091088384,0.09127465,0.5443084,0.09115182
2011-02-08,0.15727551,0.15727882,0.15727651,0.15727551,0.15727551,0.21361808
2011-02-09,0.3749947,0.12500045,0.12500045,0.1250025,0.12500045,0.12500148
2011-02-10,0.15727551,0.15727882,0.15727651,0.15727551,0.15727551,0.21361808
2011-02-11,0.090909705,0.090909705,0.090909705,0.090910316,0.54545075,0.09090991
2011-02-14,0.09090968,0.09090968,0.09090968,0.09091029,0.54545075,0.0909099
2011-02-15,0.16666663,0.16666663,0.16666663,0.1666668,0.16666663,0.16666669
2011-02-16,0.15727551,0.15727882,0.15727651,0.15727551,0.15727551,0.21361808
2011-02-17,0.15727551,0.15727882,0.15727651,0.15727551,0.15727551,0.21361808
2011-02-18,0.37500003,0.125,0.125,0.125,0.125,0.125
2011-02-22,0.37500003,0.125,0.125,0.125,0.125,0.125
2011-02-23,0.090909086,0.090909086,0.090909086,0.090909086,0.54545456,0.090909086
2011-02-24,0.37500003,0.125,0.125,0.125,0.125,0.125
2011-02-25,0.11111111,0.44444445,0.11111111,0.11111111,0.11111111,0.11111111
2011-02-28,0.37500003,0.125,0.125,0.125,0.125,0.125
2011-03-01,0.15727551,0.15727882,0.15727651,0.15727551,0.15727551,0.21361808
2011-03-02,0.09090957,0.09090957,0.09090957,0.09091007,0.5454515,0.09090974
2011-03-03,0.37499925,0.12500006,0.12500006,0.12500034,0.12500006,0.12500021
2011-03-04,0.090911694,0.090911694,0.090911694,0.09091439,0.5454379,0.09091261
2011-03-07,0.374999,0.12500009,0.12500009,0.12500048,0.12500009,0.12500028
2011-03-08,0.09091122,0.09091122,0.09091122,0.0909134,0.5454411,0.09091196
2011-03-09,0.09091052,0.09091052,0.09091052,0.090912,0.54544544,0.09091102
2011-03-10,0.37499925,0.12500006,0.12500006,0.12500034,0.12500006,0.12500021
2011-03-11,0.37499866,0.1250001,0.1250001,0.12500064,0.1250001,0.12500037
2011-03-14,0.15727551,0.15727882,0.15727651,0.15727551,0.15727551,0.21361808
2011-03-15,0.09090941,0.09090941,0.09090941,0.09090974,0.5454525,0.09090951
2011-03-16,0.15727551,0.15727882,0.15727651,0.15727551,0.15727551,0.21361808
2011-03-17,0.37500003,0.125,0.125,0.125,0.125,0.125
2011-03-18,0.090909086,0.090909086,0.090909086,0.090909086,0.54545456,0.090909086
2011-03-21,0.37500003,0.125,0.125,0.125,0.125,0.125
2011-03-22,0.11111111,0.44444445,0.11111111,0.11111111,0.11111111,0.11111111
2011-03-23,0.16666667,0.16666667,0.16666667,0.16666667,0.16666667,0.16666667
2011-03-24,0.37500003,0.125,0.125,0.125,0.125,0.125
2011-03-25,0.09090919,0.09090919,0.09090919,0.0909093,0.54545385,0.09090922
2011-03-28,0.16666652,0.16666652,0.16666652,0.16666715,0.16666652,0.16666673
2011-03-29,0.15727551,0.15727882,0.15727651,0.15727551,0.15727551,0.21361808
2011-03-30,0.11111118,0.44444394,0.11111118,0.11111131,0.11111118,0.11111122
2011-03-31,0.11111173,0.44443992,0.11111173,0.111112855,0.11111173,0.11111211
2011-04-01,0.3744722,0.12504426,0.12504426,0.1252486,0.1250443,0.12514642
2011-04-04,0.11111357,0.44442597,0.11111357,0.11111815,0.11111357,0.111115135
2011-04-05,0.16649249,0.16649249,0.16649249,0.16727224,0.16649249,0.16675782
2011-04-06,0.11111523,0.44441354,0.11111523,0.1111229,0.11111523,0.11111784
2011-04-07,0.37243676,0.12521352,0.12521349,0.126211,0.12521373,0.12571147
2011-04-08,0.09106237,0.09106237,0.09106237,0.091221526,0.5444749,0.09111658
2011-04-11,0.3743136,0.12505753,0.12505752,0.12532337,0.12505758,0.12519044
2011-04-12,0.15727551,0.15727882,0.15727651,0.15727551,0.15727551,0.21361808
2011-04-13,0.15727551,0.15727882,0.15727651,0.15727551,0.15727551,0.21361808
2011-04-14,0.15727551,0.15727882,0.15727651,0.15727551,0.15727551,0.21361808
2011-04-15,0.37497973,0.12500168,0.12500168,0.12500952,0.12500168,0.1250056
2011-04-18,0.11111111,0.44444445,0.11111111,0.11111111,0.11111111,0.11111111
2011-04-19,0.16666667,0.16666667,0.16666667,0.16666667,0.16666667,0.16666667
2011-04-20,0.16666667,0.16666667,0.16666667,0.16666667,0.16666667,0.16666667
2011-04-21,0.11111111,0.44444445,0.11111111,0.11111111,0.11111111,0.11111111
2011-04-25,0.15727551,0.15727882,0.15727651,0.15727551,0.15727551,0.21361808
2011-04-26,0.16666666,0.16666666,0.16666666,0.16666669,0.16666666,0.16666669
2011-04-27,0.15727551,0.15727882,0.15727651,0.15727551,0.15727551,0.21361808
2011-04-28,0.37499997,0.12500001,0.12500001,0.12500004,0.12500001,0.12500003
2011-04-29,0.16666596,0.16666596,0.16666596,0.16666919,0.16666596,0.16666706
2011-05-02,0.15727551,0.15727882,0.15727651,0.15727551,0.15727551,0.21361808
2011-05-03,0.09098712,0.09098712,0.09098712,0.09106803,0.54495585,0.09101468
2011-05-04,0.37497455,0.12500215,0.12500215,0.12501201,0.12500215,0.12500708
2011-05-05,0.090946384,0.090946384,0.090946384,0.09098502,0.54521626,0.09095955
2011-05-06,0.16666007,0.16666007,0.16666007,0.16668954,0.16666007,0.16667011
2011-05-09,0.15727551,0.15727882,0.15727651,0.15727551,0.15727551,0.21361808
2011-05-10,0.090922825,0.090922825,0.090922825,0.09093705,0.54536676,0.09092767
2011-05-11,0.15727551,0.15727882,0.15727651,0.15727551,0.15727551,0.21361808
2011-05-12,0.16666584,0.16666584,0.16666584,0.16666953,0.16666584,0.16666709
2011-05-13,0.37499747,0.12500021,0.12500021,0.12500119,0.12500021,0.1250007
2011-05-16,0.09090926,0.09090926,0.09090926,0.090909414,0.54545355,0.0909093
2011-05-17,0.090909116,0.090909116,0.090909116,0.09090913,0.54545444,0.09090913
2011-05-18,0.11111111,0.44444445,0.11111111,0.11111111,0.11111111,0.11111111
2011-05-19,0.15727551,0.15727882,0.15727651,0.15727551,0.15727551,0.21361808
2011-05-20,0.09090909,0.09090909,0.09090909,0.090909116,0.54545444,0.09090909
2011-05-23,0.09090909,0.09090909,0.09090909,0.090909116,0.54545444,0.09090909
2011-05-24,0.37500003,0.125,0.125,0.125,0.125,0.125
2011-05-25,0.16666664,0.16666664,0.16666664,0.1666667,0.16666664,0.16666667
2011-05-26,0.16666664,0.16666664,0.16666664,0.16666678,0.16666664,0.16666669
2011-05-27,0.15727551,0.15727882,0.15727651,0.15727551,0.15727551,0.21361808
2011-05-31,0.11111114,0.4444442,0.11111114,0.11111121,0.11111114,0.11111117
2011-06-01,0.11111158,0.44444096,0.11111158,0.11111245,0.11111158,0.11111187
2011-06-02,0.090917386,0.090917386,0.090917386,0.09092596,0.5454016,0.0909203
2011-06-03,0.3749898,0.12500086,0.12500086,0.1250048,0.12500086,0.12500283
2011-06-06,0.37499318,0.12500058,0.12500058,0.12500323,0.12500058,0.1250019
2011-06-07,0.15727551,0.15727882,0.15727651,0.15727551,0.15727551,0.21361808
2011-06-08,0.11111114,0.4444442,0.11111114,0.11111121,0.11111114,0.11111117
2011-06-09,0.15727551,0.15727882,0.15727651,0.15727551,0.15727551,0.21361808
2011-06-10,0.09091843,0.09091843,0.09091843,0.0909281,0.5453949,0.09092172
2011-06-13,0.16666661,0.16666661,0.16666661,0.16666685,0.16666661,0.16666669
2011-06-14,0.09091096,0.09091096,0.09091096,0.09091291,0.5454426,0.09091163
2011-06-15,0.15727551,0.15727882,0.15727651,0.15727551,0.15727551,0.21361808
2011-06-16,0.37500003,0.125,0.125,0.125,0.125,0.125
2011-06-17,0.37500003,0.125,0.125,0.125,0.125,0.125
2011-06-20,0.16666667,0.16666667,0.16666667,0.16666667,0.16666667,0.16666667
2011-06-21,0.11111111,0.44444445,0.11111111,0.11111111,0.11111111,0.11111111
2011-06-22,0.11111111,0.44444445,0.11111111,0.11111111,0.11111111,0.11111111
2011-06-23,0.16666667,0.16666667,0.16666667,0.16666667,0.16666667,0.16666667
2011-06-24,0.37500003,0.125,0.125,0.125,0.125,0.125
2011-06-27,0.16666667,0.16666667,0.16666667,0.16666667,0.16666667,0.16666667
2011-06-28,0.16666666,0.16666666,0.16666666,0.16666669,0.16666666,0.16666667
2011-06-29,0.37500003,0.125,0.125,0.125,0.125,0.125
2011-06-30,0.37499985,0.12500001,0.12500001,0.12500006,0.12500001,0.12500003
2011-07-01,0.37499866,0.1250001,0.1250001,0.12500064,0.1250001,0.12500037
2011-07-05,0.15727551,0.15727882,0.15727651,0.15727551,0.15727551,0.21361808
2011-07-06,0.111111306,0.44444293,0.111111306,0.11111168,0.111111306,0.111111425
2011-07-07,0.15727551,0.15727882,0.15727651,0.15727551,0.15727551,0.21361808
2011-07-08,0.15727551,0.15727882,0.15727651,0.15727551,0.15727551,0.21361808
2011-07-11,0.37499785,0.12500018,0.12500018,0.125001,0.12500018,0.1250006
2011-07-12,0.09090968,0.09090968,0.09090968,0.09091029,0.54545075,0.0909099
2011-07-13,0.15727551,0.15727882,0.15727651,0.15727551,0.15727551,0.21361808
2011-07-14,0.16666663,0.16666663,0.16666663,0.16666682,0.16666663,0.1666667
2011-07-15,0.090909086,0.090909086,0.090909086,0.090909086,0.54545456,0.090909086
2011-07-18,0.37500003,0.125,0.125,0.125,0.125,0.125
2011-07-19,0.15727551,0.15727882,0.15727651,0.15727551,0.15727551,0.21361808
2011-07-20,0.16666667,0.16666667,0.16666667,0.16666667,0.16666667,0.16666667
2011-07-21,0.11111111,0.44444445,0.11111111,0.11111111,0.11111111,0.11111111
2011-07-22,0.15727551,0.15727882,0.15727651,0.15727551,0.15727551,0.21361808
2011-07-25,0.37500003,0.125,0.125,0.125,0.125,0.125
2011-07-26,0.090909086,0.090909086,0.090909086,0.090909086,0.54545456,0.090909086
2011-07-27,0.15727551,0.15727882,0.15727651,0.15727551,0.15727551,0.21361808
2011-07-28,0.16666667,0.16666667,0.16666667,0.16666667,0.16666667,0.16666667
2011-07-29,0.11111111,0.44444445,0.11111111,0.11111111,0.11111111,0.11111111
2011-08-01,0.37499985,0.12500001,0.12500001,0.12500006,0.12500001,0.12500003
2011-08-02,0.09090921,0.09090921,0.09090921,0.09090934,0.5454538,0.09090925
2011-08-03,0.16666657,0.16666657,0.16666657,0.16666701,0.16666657,0.16666672
2011-08-04,0.090909496,0.090909496,0.090909496,0.09090992,0.545452,0.09090963
2011-08-05,0.3749993,0.12500006,0.12500006,0.1250003,0.12500006,0.1250002
2011-08-08,0.15727551,0.15727882,0.15727651,0.15727551,0.15727551,0.21361808
2011-08-09,0.09090917,0.09090917,0.09090917,0.090909265,0.545454,0.090909205
2011-08-10,0.37500003,0.125,0.125,0.125,0.125,0.125
2011-08-11,0.11111111,0.44444445,0.11111111,0.11111111,0.11111111,0.11111111
2011-08-12,0.09090913,0.09090913,0.09090913,0.09090918,0.5454542,0.09090915
2011-08-15,0.090909205,0.090909205,0.090909205,0.090909325,0.5454538,0.09090924
2011-08-16,0.16666667,0.16666667,0.16666667,0.16666667,0.16666667,0.16666667
2011-08-17,0.15727551,0.15727882,0.15727651,0.15727551,0.15727551,0.21361808
2011-08-18,0.37500003,0.125,0.125,0.125,0.125,0.125
2011-08-19,0.15727551,0.15727882,0.15727651,0.15727551,0.15727551,0.21361808
2011-08-22,0.09090916,0.09090916,0.09090916,0.09090924,0.5454541,0.090909176
2011-08-23,0.11111111,0.44444445,0.11111111,0.11111111,0.11111111,0.11111111
2011-08-24,0.37500003,0.125,0.125,0.125,0.125,0.125
2011-08-25,0.090909086,0.090909086,0.090909086,0.090909086,0.54545456,0.090909086
2011-08-26,0.15727551,0.15727882,0.15727651,0.15727551,0.15727551,0.21361808
2011-08-29,0.09090909,0.09090909,0.09090909,0.090909116,0.54545444,0.09090909
2011-08-30,0.09090912,0.09090912,0.09090912,0.09090913,0.5454544,0.09090912
2011-08-31,0.16666664,0.16666664,0.16666664,0.16666676,0.16666664,0.16666669
2011-09-01,0.15727551,0.15727882,0.15727651,0.15727551,0.15727551,0.21361808
2011-09-02,0.37499937,0.12500006,0.12500006,0.12500031,0.12500006,0.12500018
2011-09-06,0.15727551,0.15727882,0.15727651,0.15727551,0.15727551,0.21361808
2011-09-07,0.11111113,0.4444443,0.11111113,0.11111117,0.11111113,0.11111114
2011-09-08,0.090910025,0.090910025,0.090910025,0.09091098,0.5454486,0.090910345
2011-09-09,0.15727551,0.15727882,0.15727651,0.15727551,0.15727551,0.21361808
2011-09-12,0.16666666,0.16666666,0.16666666,0.16666669,0.16666666,0.16666667
2011-09-13,0.37500003,0.125,0.125,0.125,0.125,0.125
2011-09-14,0.090909086,0.090909086,0.090909086,0.090909086,0.54545456,0.090909086
2011-09-15,0.15727551,0.15727882,0.15727651,0.15727551,0.15727551,0.21361808
2011-09-16,0.11111111,0.44444445,0.11111111,0.11111111,0.11111111,0.11111111
2011-09-19,0.16666667,0.16666667,0.16666667,0.16666667,0.16666667,0.16666667
2011-09-20,0.11111111,0.44444445,0.11111111,0.11111111,0.11111111,0.11111111
2011-09-21,0.37500003,0.125,0.125,0.125,0.125,0.125
2011-09-22,0.090909086,0.090909086,0.090909086,0.090909086,0.54545456,0.090909086
2011-09-23,0.37500003,0.125,0.125,0.125,0.125,0.125
2011-09-26,0.090909086,0.090909086,0.090909086,0.090909086,0.54545456,0.090909086
2011-09-27,0.16666666,0.16666666,0.16666666,0.16666669,0.16666666,0.16666669
2011-09-28,0.15727551,0.15727882,0.15727651,0.15727551,0.15727551,0.21361808
2011-09-29,0.37500003,0.125,0.125,0.125,0.125,0.125
2011-09-30,0.15727551,0.15727882,0.15727651,0.15727551,0.15727551,0.21361808
2011-10-03,0.16666271,0.16666271,0.16666271,0.16668044,0.16666271,0.16666876
2011-10-04,0.11111182,0.4444391,0.11111182,0.11111313,0.11111182,0.111112274
2011-10-05,0.09091797,0.09091797,0.09091797,0.090927154,0.5453979,0.090921104
2011-10-06,0.11111675,0.44440216,0.11111675,0.11112725,0.11111675,0.11112033
2011-10-07,0.37498346,0.1250014,0.1250014,0.1250078,0.1250014,0.1250046
2011-10-10,0.3749874,0.12500106,0.12500106,0.12500596,0.12500106,0.12500352
2011-10-11,0.3749961,0.12500033,0.12500033,0.12500185,0.12500033,0.12500109
2011-10-12,0.37499875,0.1250001,0.1250001,0.1250006,0.1250001,0.12500034
2011-10-13,0.37499937,0.12500006,0.12500006,0.1250003,0.12500006,0.12500018
2011-10-14,0.091211334,0.09121134,0.091211334,0.09152606,0.5435214,0.091318466
2011-10-17,0.0909772,0.0909772,0.0909772,0.09104781,0.5450193,0.091001265
2011-10-18,0.16666667,0.16666667,0.16666667,0.16666667,0.16666667,0.16666667
2011-10-19,0.09090915,0.09090915,0.09090915,0.09090922,0.5454541,0.090909176
2011-10-20,0.37499997,0.12500001,0.12500001,0.12500004,0.12500001,0.12500003
2011-10-21,0.11111111,0.44444445,0.11111111,0.11111111,0.11111111,0.11111111
2011-10-24,0.090909086,0.090909086,0.090909086,0.090909086,0.54545456,0.090909086
2011-10-25,0.37499997,0.125,0.125,0.12500001,0.125,0.125
2011-10-26,0.15727551,0.15727882,0.15727651,0.15727551,0.15727551,0.21361808
2011-10-27,0.090909086,0.090909086,0.090909086,0.090909086,0.54545456,0.090909086
2011-10-28,0.09090912,0.09090912,0.09090912,0.09090913,0.5454544,0.09090912
2011-10-31,0.16666603,0.16666603,0.16666603,0.16666889,0.16666603,0.16666701
2011-11-01,0.1111112,0.4444438,0.1111112,0.11111137,0.1111112,0.11111125
2011-11-02,0.11111127,0.44444332,0.11111127,0.111111544,0.11111127,0.11111136
2011-11-03,0.09091206,0.09091206,0.09091206,0.090915136,0.54543555,0.09091312
2011-11-04,0.15727551,0.15727882,0.15727651,0.15727551,0.15727551,0.21361808
2011-11-07,0.09092463,0.09092463,0.09092463,0.090940736,0.54535526,0.09093011
2011-11-08,0.3749842,0.12500133,0.12500133,0.12500744,0.12500133,0.12500438
2011-11-09,0.16666652,0.16666652,0.16666652,0.16666718,0.16666652,0.16666673
2011-11-10,0.090910636,0.090910636,0.090910636,0.09091223,0.5454447,0.09091119
2011-11-11,0.11111111,0.4444444,0.11111111,0.11111113,0.11111111,0.11111111
2011-11-14,0.09091166,0.09091166,0.09091166,0.0909143,0.54543823,0.09091256
2011-11-15,0.11111111,0.44444445,0.11111111,0.11111111,0.11111111,0.11111111
2011-11-16,0.11111111,0.44444445,0.11111111,0.11111111,0.11111111,0.11111111
2011-11-17,0.16666667,0.16666667,0.16666667,0.16666667,0.16666667,0.16666667
2011-11-18,0.090909086,0.090909086,0.090909086,0.090909086,0.54545456,0.090909086
2011-11-21,0.11111111,0.44444445,0.11111111,0.11111111,0.11111111,0.11111111
2011-11-22,0.16666667,0.16666667,0.16666667,0.16666667,0.16666667,0.16666667
2011-11-23,0.16666667,0.16666667,0.16666667,0.16666667,0.16666667,0.16666667
2011-11-25,0.16666667,0.16666667,0.16666667,0.16666667,0.16666667,0.16666667
2011-11-28,0.16666666,0.16666666,0.16666666,0.1666667,0.16666666,0.16666669
2011-11-29,0.15727551,0.15727882,0.15727651,0.15727551,0.15727551,0.21361808
2011-11-30,0.15727551,0.15727882,0.15727651,0.15727551,0.15727551,0.21361808
2011-12-01,0.37497234,0.12500234,0.12500234,0.12501305,0.12500234,0.1250077
2011-12-02,0.09114035,0.09114035,0.09114035,0.091380864,0.54397583,0.09122225
2011-12-05,0.11111395,0.44442305,0.11111395,0.11111926,0.11111395,0.11111577
2011-12-06,0.15727551,0.15727882,0.15727651,0.15727551,0.15727551,0.21361808
2011-12-07,0.09098768,0.09098768,0.09098768,0.09106917,0.5449524,0.09101544
2011-12-08,0.09092474,0.09092474,0.09092474,0.090940945,0.5453546,0.090930246
2011-12-09,0.11111114,0.4444442,0.11111114,0.1111112,0.11111114,0.11111116
2011-12-12,0.11111111,0.4444444,0.11111111,0.11111113,0.11111111,0.11111111
2011-12-13,0.15727551,0.15727882,0.15727651,0.15727551,0.15727551,0.21361808
2011-12-14,0.16666667,0.16666667,0.16666667,0.16666667,0.16666667,0.16666667
2011-12-15,0.11111111,0.44444445,0.11111111,0.11111111,0.11111111,0.11111111
2011-12-16,0.11111111,0.44444445,0.11111111,0.11111111,0.11111111,0.11111111
2011-12-19,0.090909086,0.090909086,0.090909086,0.090909086,0.54545456,0.090909086
2011-12-20,0.11111111,0.44444445,0.11111111,0.11111111,0.11111111,0.11111111
2011-12-21,0.16666661,0.16666661,0.16666661,0.16666685,0.16666661,0.16666669
2011-12-22,0.16666663,0.16666663,0.16666663,0.1666668,0.16666663,0.16666669
2011-12-23,0.15727551,0.15727882,0.15727651,0.15727551,0.15727551,0.21361808
2011-12-27,0.16666664,0.16666664,0.16666664,0.1666668,0.16666664,0.16666669
2011-12-28,0.15727551,0.15727882,0.15727651,0.15727551,0.15727551,0.21361808
2011-12-29,0.15727551,0.15727882,0.15727651,0.15727551,0.15727551,0.21361808
2011-12-30,0.15727551,0.15727882,0.15727651,0.15727551,0.15727551,0.21361808
2012-01-03,0.111111216,0.44444358,0.111111216,0.11111143,0.111111216,0.11111128
2012-01-04,0.16663343,0.16663343,0.16663343,0.1667822,0.16663343,0.16668412
2012-01-05,0.16662197,0.16662197,0.16662197,0.16682205,0.16662197,0.16669013
2012-01-06,0.11111175,0.44443956,0.11111175,0.11111296,0.11111175,0.11111216
2012-01-09,0.15727551,0.15727882,0.15727651,0.15727551,0.15727551,0.21361808
2012-01-10,0.09091258,0.09091258,0.09091258,0.09091621,0.54543227,0.09091382
2012-01-11,0.16665207,0.16665207,0.16665207,0.16671741,0.16665207,0.16667433
2012-01-12,0.37499952,0.12500004,0.12500004,0.12500024,0.12500004,0.12500013
2012-01-13,0.16666606,0.16666606,0.16666606,0.16666879,0.16666606,0.166667
2012-01-17,0.15727551,0.15727882,0.15727651,0.15727551,0.15727551,0.21361808
2012-01-18,0.37500003,0.125,0.125,0.125,0.125,0.125
2012-01-19,0.37500003,0.125,0.125,0.125,0.125,0.125
2012-01-20,0.15727551,0.15727882,0.15727651,0.15727551,0.15727551,0.21361808
2012-01-23,0.16666667,0.16666667,0.16666667,0.16666667,0.16666667,0.16666667
2012-01-24,0.37500003,0.125,0.125,0.125,0.125,0.125
2012-01-25,0.090909116,0.090909116,0.090909116,0.09090913,0.54545444,0.090909116
2012-01-26,0.09090917,0.09090917,0.09090917,0.090909265,0.545454,0.090909205
2012-01-27,0.16666658,0.16666658,0.16666658,0.16666698,0.16666658,0.16666672
2012-01-30,0.16666625,0.16666625,0.16666625,0.16666809,0.16666625,0.16666688
2012-01-31,0.16666415,0.16666415,0.16666415,0.16667542,0.16666415,0.166668
2012-02-01,0.15727551,0.15727882,0.15727651,0.15727551,0.15727551,0.21361808
2012-02-02,0.3740242,0.1250817,0.12508169,0.1254599,0.12508178,0.12527072
2012-02-03,0.09098427,0.09098427,0.09098427,0.091062225,0.54497415,0.091010824
2012-02-06,0.09099972,0.09099972,0.09099972,0.09109372,0.5448754,0.09103174
2012-02-07,0.111114815,0.4444167,0.111114815,0.1111217,0.111114815,0.111117154
2012-02-08,0.11111234,0.44443527,0.11111234,0.11111461,0.11111234,0.11111312
2012-02-09,0.15727551,0.15727882,0.15727651,0.15727551,0.15727551,0.21361808
2012-02-10,0.16666655,0.16666655,0.16666655,0.16666704,0.16666655,0.16666672
2012-02-13,0.15727551,0.15727882,0.15727651,0.15727551,0.15727551,0.21361808
2012-02-14,0.09090912,0.09090912,0.09090912,0.09090917,0.5454544,0.090909146
2012-02-15,0.09090909,0.09090909,0.09090909,0.09090909,0.54545444,0.09090909
2012-02-16,0.15727551,0.15727882,0.15727651,0.15727551,0.15727551,0.21361808
2012-02-17,0.16666667,0.16666667,0.16666667,0.16666667,0.16666667,0.16666667
2012-02-21,0.090909086,0.090909086,0.090909086,0.090909086,0.54545456,0.090909086
2012-02-22,0.16666667,0.16666667,0.16666667,0.16666667,0.16666667,0.16666667
2012-02-23,0.16666667,0.16666667,0.16666667,0.16666667,0.16666667,0.16666667
2012-02-24,0.15727551,0.15727882,0.15727651,0.15727551,0.15727551,0.21361808
2012-02-27,0.11111111,0.44444445,0.11111111,0.11111111,0.11111111,0.11111111
2012-02-28,0.090909116,0.090909116,0.090909116,0.09090913,0.54545444,0.09090913
2012-02-29,0.11111111,0.44444445,0.11111111,0.11111111,0.11111111,0.11111111
2012-03-01,0.11111113,0.4444443,0.11111113,0.11111117,0.11111113,0.11111114
2012-03-02,0.111111164,0.44444403,0.111111164,0.11111127,0.111111164,0.1111112
2012-03-05,0.16666204,0.16666204,0.16666204,0.16668274,0.16666204,0.1666691
2012-03-06,0.16666046,0.16666046,0.16666046,0.16668823,0.16666046,0.16666993
2012-03-07,0.09091658,0.09091658,0.09091658,0.090924345,0.5454067,0.090919234
2012-03-08,0.15727551,0.15727882,0.15727651,0.15727551,0.15727551,0.21361808
2012-03-09,0.15727551,0.15727882,0.15727651,0.15727551,0.15727551,0.21361808
2012-03-12,0.09091363,0.09091363,0.09091363,0.090918355,0.5454255,0.09091524
2012-03-13,0.11111111,0.44444445,0.11111111,0.11111111,0.11111111,0.11111111
2012-03-14,0.37500003,0.125,0.125,0.125,0.125,0.125
2012-03-15,0.09090912,0.09090912,0.09090912,0.090909176,0.5454544,0.090909146
2012-03-16,0.090909086,0.090909086,0.090909086,0.090909086,0.54545456,0.090909086
2012-03-19,0.37500003,0.125,0.125,0.125,0.125,0.125
2012-03-20,0.37500003,0.125,0.125,0.125,0.125,0.125
2012-03-21,0.15727551,0.15727882,0.15727651,0.15727551,0.15727551,0.21361808
2012-03-22,0.37500003,0.125,0.125,0.125,0.125,0.125
2012-03-23,0.15727551,0.15727882,0.15727651,0.15727551,0.15727551,0.21361808
2012-03-26,0.090909086,0.090909086,0.090909086,0.090909086,0.54545456,0.090909086
2012-03-27,0.11111111,0.44444445,0.11111111,0.11111111,0.11111111,0.11111111
2012-03-28,0.37499982,0.12500001,0.12500001,0.12500009,0.12500001,0.12500003
2012-03-29,0.09090984,0.09090984,0.09090984,0.090910606,0.5454498,0.0909101
2012-03-30,0.16665529,0.16665529,0.16665529,0.16670625,0.16665529,0.16667265
2012-04-02,0.11111545,0.44441196,0.11111545,0.11112353,0.11111545,0.111118205
2012-04-03,0.09097135,0.09097135,0.09097135,0.09103588,0.54505676,0.09099333
2012-04-04,0.111118115,0.4443919,0.111118115,0.11113118,0.111118115,0.11112258
2012-04-05,0.15727551,0.15727882,0.15727651,0.15727551,0.15727551,0.21361808
2012-04-09,0.16662917,0.16662917,0.16662917,0.16679694,0.16662917,0.16668633
2012-04-10,0.37475058,0.12502094,0.12502094,0.12511744,0.12502097,0.12506919
2012-04-11,0.15727551,0.15727882,0.15727651,0.15727551,0.15727551,0.21361808
2012-04-12,0.16666438,0.16666438,0.16666438,0.16667463,0.16666438,0.16666788
2012-04-13,0.15727551,0.15727882,0.15727651,0.15727551,0.15727551,0.21361808
2012-04-16,0.16666654,0.16666654,0.16666654,0.16666713,0.16666654,0.16666673
2012-04-17,0.11111111,0.44444445,0.11111111,0.11111111,0.11111111,0.11111111
2012-04-18,0.09090935,0.09090935,0.09090935,0.090909615,0.5454529,0.09090944
2012-04-19,0.37500003,0.125,0.125,0.125,0.125,0.125
2012-04-20,0.16666667,0.16666667,0.16666667,0.16666667,0.16666667,0.16666667
2012-04-23,0.37500003,0.125,0.125,0.125,0.125,0.125
2012-04-24,0.16666667,0.16666667,0.16666667,0.16666669,0.16666667,0.16666667
2012-04-25,0.15727551,0.15727882,0.15727651,0.15727551,0.15727551,0.21361808
2012-04-26,0.15727551,0.15727882,0.15727651,0.15727551,0.15727551,0.21361808
2012-04-27,0.37499997,0.12500001,0.12500001,0.12500004,0.12500001,0.12500003
2012-04-30,0.11111123,0.44444355,0.11111123,0.111111455,0.11111123,0.11111131
2012-05-01,0.3749851,0.12500125,0.12500125,0.12500699,0.12500125,0.12500413
2012-05-02,0.1666574,0.1666574,0.1666574,0.16669887,0.1666574,0.16667153
2012-05-03,0.37496728,0.12500274,0.12500274,0.12501541,0.12500274,0.12500909
2012-05-04,0.37497276,0.12500228,0.12500228,0.12501281,0.12500228,0.12500753
2012-05-07,0.09092539,0.09092539,0.09092539,0.09094227,0.5453504,0.09093115
2012-05-08,0.11111144,0.4444419,0.11111144,0.111112066,0.11111144,0.111111656
2012-05-09,0.37499782,0.1250002,0.1250002,0.12500104,0.1250002,0.1250006
2012-05-10,0.111111164,0.44444406,0.111111164,0.11111125,0.111111164,0.11111119
2012-05-11,0.16666651,0.16666651,0.16666651,0.16666722,0.16666651,0.16666676
2012-05-14,0.11111114,0.44444427,0.11111114,0.11111119,0.11111114,0.11111116
2012-05-15,0.16666657,0.16666657,0.16666657,0.16666704,0.16666657,0.16666673
2012-05-16,0.16666663,0.16666663,0.16666663,0.1666668,0.16666663,0.16666669
2012-05-17,0.15727551,0.15727882,0.15727651,0.15727551,0.15727551,0.21361808
2012-05-18,0.090909086,0.090909086,0.090909086,0.090909086,0.54545456,0.090909086
2012-05-21,0.090909086,0.090909086,0.090909086,0.090909086,0.54545456,0.090909086
2012-05-22,0.37500003,0.125,0.125,0.125,0.125,0.125
2012-05-23,0.09090909,0.09090909,0.09090909,0.090909116,0.54545444,0.09090909
2012-05-24,0.11111111,0.44444445,0.11111111,0.11111111,0.11111111,0.11111111
2012-05-25,0.15727551,0.15727882,0.15727651,0.15727551,0.15727551,0.21361808
2012-05-29,0.37500003,0.125,0.125,0.125,0.125,0.125
2012-05-30,0.37499997,0.125,0.125,0.12500001,0.125,0.12500001
2012-05-31,0.16666377,0.16666377,0.16666377,0.16667674,0.16666377,0.16666818
2012-06-01,0.3749685,0.12500265,0.12500265,0.12501481,0.12500265,0.12500873
2012-06-04,0.37493506,0.12500547,0.12500547,0.12503059,0.12500547,0.12501803
2012-06-05,0.15727551,0.15727882,0.15727651,0.15727551,0.15727551,0.21361808
2012-06-06,0.09095006,0.09095006,0.09095006,0.09099251,0.5451928,0.090964526
2012-06-07,0.11111725,0.44439828,0.11111725,0.11112871,0.11111725,0.11112116
2012-06-08,0.09094799,0.09094799,0.09094799,0.09098831,0.5452059,0.09096173
2012-06-11,0.16666293,0.16666293,0.16666293,0.1666796,0.16666293,0.16666862
2012-06-12,0.1666651,0.1666651,0.1666651,0.16667202,0.1666651,0.16666746
2012-06-13,0.09091399,0.09091399,0.09091399,0.09091906,0.5454232,0.09091572
2012-06-14,0.16666618,0.16666618,0.16666618,0.16666836,0.16666618,0.16666692
2012-06-15,0.1666663,0.1666663,0.1666663,0.16666795,0.1666663,0.16666687
2012-06-18,0.090909086,0.090909086,0.090909086,0.090909086,0.54545456,0.090909086
2012-06-19,0.090909086,0.090909086,0.090909086,0.090909086,0.54545456,0.090909086
2012-06-20,0.090909086,0.090909086,0.090909086,0.090909086,0.54545456,0.090909086
2012-06-21,0.16666667,0.16666667,0.16666667,0.16666667,0.16666667,0.16666667
2012-06-22,0.15727551,0.15727882,0.15727651,0.15727551,0.15727551,0.21361808
2012-06-25,0.15727551,0.15727882,0.15727651,0.15727551,0.15727551,0.21361808
2012-06-26,0.11111111,0.44444445,0.11111111,0.11111111,0.11111111,0.11111111
2012-06-27,0.090909086,0.090909086,0.090909086,0.090909086,0.54545456,0.090909086
2012-06-28,0.090909086,0.090909086,0.090909086,0.090909086,0.54545456,0.090909086
2012-06-29,0.11111113,0.4444443,0.11111113,0.11111116,0.11111113,0.11111114
2012-07-02,0.09090938,0.09090938,0.09090938,0.09090967,0.5454528,0.09090947
2012-07-03,0.15727551,0.15727882,0.15727651,0.15727551,0.15727551,0.21361808
2012-07-05,0.37499854,0.12500012,0.12500012,0.12500069,0.12500012,0.12500042
2012-07-06,0.15727551,0.15727882,0.15727651,0.15727551,0.15727551,0.21361808
2012-07-09,0.15727551,0.15727882,0.15727651,0.15727551,0.15727551,0.21361808
2012-07-10,0.16666622,0.16666622,0.16666622,0.16666818,0.16666622,0.16666691
2012-07-11,0.11111113,0.44444436,0.11111113,0.11111116,0.11111113,0.11111114
2012-07-12,0.11111111,0.44444445,0.11111111,0.11111111,0.11111111,0.11111111
2012-07-13,0.37500003,0.125,0.125,0.125,0.125,0.125
2012-07-16,0.16666667,0.16666667,0.16666667,0.16666667,0.16666667,0.16666667
2012-07-17,0.16666667,0.16666667,0.16666667,0.16666667,0.16666667,0.16666667
2012-07-18,0.15727551,0.15727882,0.15727651,0.15727551,0.15727551,0.21361808
2012-07-19,0.15727551,0.15727882,0.15727651,0.15727551,0.15727551,0.21361808
2012-07-20,0.16666667,0.16666667,0.16666667,0.16666667,0.16666667,0.16666667
2012-07-23,0.11111111,0.44444445,0.11111111,0.11111111,0.11111111,0.11111111
2012-07-24,0.16666667,0.16666667,0.16666667,0.16666667,0.16666667,0.16666667
2012-07-25,0.15727551,0.15727882,0.15727651,0.15727551,0.15727551,0.21361808
2012-07-26,0.090909086,0.090909086,0.090909086,0.090909086,0.54545456,0.090909086
2012-07-27,0.090909086,0.090909086,0.090909086,0.090909086,0.54545456,0.090909086
2012-07-30,0.15727551,0.15727882,0.15727651,0.15727551,0.15727551,0.21361808
2012-07-31,0.37500003,0.125,0.125,0.125,0.125,0.125
2012-08-01,0.15727551,0.15727882,0.15727651,0.15727551,0.15727551,0.21361808
2012-08-02,0.11111111,0.4444444,0.11111111,0.11111113,0.11111111,0.11111111
2012-08-03,0.15727551,0.15727882,0.15727651,0.15727551,0.15727551,0.21361808
2012-08-06,0.1666659,0.1666659,0.1666659,0.16666934,0.1666659,0.16666706
2012-08-07,0.09090971,0.09090971,0.09090971,0.09091036,0.54545057,0.09090992
2012-08-08,0.15727551,0.15727882,0.15727651,0.15727551,0.15727551,0.21361808
2012-08-09,0.11111113,0.44444436,0.11111113,0.11111116,0.11111113,0.11111114
2012-08-10,0.16666664,0.16666664,0.16666664,0.16666672,0.16666664,0.16666667
2012-08-13,0.16666666,0.16666666,0.16666666,0.16666669,0.16666666,0.16666669
2012-08-14,0.37500003,0.125,0.125,0.125,0.125,0.125
2012-08-15,0.15727551,0.15727882,0.15727651,0.15727551,0.15727551,0.21361808
2012-08-16,0.37500003,0.125,0.125,0.125,0.125,0.125
2012-08-17,0.15727551,0.15727882,0.15727651,0.15727551,0.15727551,0.21361808
2012-08-20,0.16666667,0.16666667,0.16666667,0.16666667,0.16666667,0.16666667
2012-08-21,0.11111111,0.44444445,0.11111111,0.11111111,0.11111111,0.11111111
2012-08-22,0.37500003,0.125,0.125,0.125,0.125,0.125
2012-08-23,0.15727551,0.15727882,0.15727651,0.15727551,0.15727551,0.21361808
2012-08-24,0.37500003,0.125,0.125,0.125,0.125,0.125
2012-08-27,0.16666667,0.16666667,0.16666667,0.16666667,0.16666667,0.16666667
2012-08-28,0.11111111,0.44444445,0.11111111,0.11111111,0.11111111,0.11111111
2012-08-29,0.16666667,0.16666667,0.16666667,0.16666667,0.16666667,0.16666667
2012-08-30,0.09090909,0.09090909,0.09090909,0.090909116,0.54545444,0.09090909
2012-08-31,0.37499982,0.12500001,0.12500001,0.12500009,0.12500001,0.12500006
2012-09-04,0.15727551,0.15727882,0.15727651,0.15727551,0.15727551,0.21361808
2012-09-05,0.16666645,0.16666645,0.16666645,0.16666743,0.16666645,0.16666678
2012-09-06,0.0909102,0.0909102,0.0909102,0.09091134,0.5454475,0.090910584
2012-09-07,0.16666633,0.16666633,0.16666633,0.16666783,0.16666633,0.16666685
2012-09-10,0.16666648,0.16666648,0.16666648,0.16666731,0.16666648,0.16666678
2012-09-11,0.16666651,0.16666651,0.16666651,0.16666721,0.16666651,0.16666675
2012-09-12,0.090910435,0.090910435,0.090910435,0.09091183,0.545446,0.090910904
2012-09-13,0.15727551,0.15727882,0.15727651,0.15727551,0.15727551,0.21361808
2012-09-14,0.37500003,0.125,0.125,0.125,0.125,0.125
2012-09-17,0.090909086,0.090909086,0.090909086,0.090909086,0.54545456,0.090909086
2012-09-18,0.15727551,0.15727882,0.15727651,0.15727551,0.15727551,0.21361808
2012-09-19,0.11111111,0.44444445,0.11111111,0.11111111,0.11111111,0.11111111
2012-09-20,0.15727551,0.15727882,0.15727651,0.15727551,0.15727551,0.21361808
2012-09-21,0.15727551,0.15727882,0.15727651,0.15727551,0.15727551,0.21361808
2012-09-24,0.15727551,0.15727882,0.15727651,0.15727551,0.15727551,0.21361808
2012-09-25,0.37500003,0.125,0.125,0.125,0.125,0.125
2012-09-26,0.37500003,0.125,0.125,0.125,0.125,0.125
2012-09-27,0.16666667,0.16666667,0.16666667,0.16666667,0.16666667,0.16666667
2012-09-28,0.37500003,0.125,0.125,0.125,0.125,0.125
2012-10-01,0.3749997,0.12500001,0.12500001,0.12500015,0.12500001,0.12500009
2012-10-02,0.16666658,0.16666658,0.16666658,0.16666695,0.16666658,0.1666667
2012-10-03,0.09090994,0.09090994,0.09090994,0.09091081,0.54544914,0.09091024
2012-10-04,0.3749989,0.12500009,0.12500009,0.1250005,0.12500009,0.12500028
2012-10-05,0.111111246,0.4444434,0.111111246,0.111111514,0.111111246,0.11111134
2012-10-08,0.3749983,0.12500015,0.12500015,0.12500082,0.12500015,0.12500048
2012-10-09,0.09091157,0.09091157,0.09091157,0.090914115,0.54543877,0.090912424
2012-10-10,0.15727551,0.15727882,0.15727651,0.15727551,0.15727551,0.21361808
2012-10-11,0.37499976,0.12500001,0.12500001,0.1250001,0.12500001,0.12500006
2012-10-12,0.090930216,0.090930216,0.090930216,0.090952106,0.5453195,0.090937674
2012-10-15,0.091261335,0.09126134,0.091261335,0.091628484,0.5432012,0.091386296
2012-10-16,0.15727551,0.15727882,0.15727651,0.15727551,0.15727551,0.21361808
2012-10-17,0.15727551,0.15727882,0.15727651,0.15727551,0.15727551,0.21361808
2012-10-18,0.16666667,0.16666667,0.16666667,0.16666667,0.16666667,0.16666667
2012-10-19,0.15727551,0.15727882,0.15727651,0.15727551,0.15727551,0.21361808
2012-10-22,0.37500003,0.125,0.125,0.125,0.125,0.125
2012-10-23,0.16666667,0.16666667,0.16666667,0.16666667,0.16666667,0.16666667
2012-10-24,0.37500003,0.125,0.125,0.125,0.125,0.125
2012-10-25,0.11111111,0.44444445,0.11111111,0.11111111,0.11111111,0.11111111
2012-10-26,0.15727551,0.15727882,0.15727651,0.15727551,0.15727551,0.21361808
2012-10-31,0.15727551,0.15727882,0.15727651,0.15727551,0.15727551,0.21361808
2012-11-01,0.15727551,0.15727882,0.15727651,0.15727551,0.15727551,0.21361808
2012-11-02,0.15727551,0.15727882,0.15727651,0.15727551,0.15727551,0.21361808
2012-11-05,0.37497625,0.125002,0.125002,0.12501119,0.125002,0.12500662
2012-11-06,0.11111139,0.44444227,0.11111139,0.11111193,0.11111139,0.111111574
2012-11-07,0.09091462,0.09091462,0.09091462,0.09092035,0.5454192,0.090916574
2012-11-08,0.090911426,0.090911426,0.090911426,0.09091384,0.54543966,0.09091224
2012-11-09,0.16666628,0.16666628,0.16666628,0.166668,0.16666628,0.16666687
2012-11-12,0.11111113,0.44444436,0.11111113,0.11111116,0.11111113,0.11111114
2012-11-13,0.16666663,0.16666663,0.16666663,0.16666688,0.16666663,0.1666667
2012-11-14,0.16666664,0.16666664,0.16666664,0.16666678,0.16666664,0.16666669
2012-11-15,0.37499976,0.12500001,0.12500001,0.12500012,0.12500001,0.12500006
2012-11-16,0.11111111,0.44444445,0.11111111,0.11111111,0.11111111,0.11111111
2012-11-19,0.11111111,0.44444445,0.11111111,0.11111111,0.11111111,0.11111111
2012-11-20,0.15727551,0.15727882,0.15727651,0.15727551,0.15727551,0.21361808
2012-11-21,0.090909116,0.090909116,0.090909116,0.09090913,0.54545444,0.09090913
2012-11-23,0.37500003,0.125,0.125,0.125,0.125,0.125
2012-11-26,0.16666667,0.16666667,0.16666667,0.16666667,0.16666667,0.16666667
2012-11-27,0.11111111,0.44444445,0.11111111,0.11111111,0.11111111,0.11111111
2012-11-28,0.16666666,0.16666666,0.16666666,0.16666669,0.16666666,0.16666669
2012-11-29,0.37499976,0.12500001,0.12500001,0.1250001,0.12500001,0.12500006
2012-11-30,0.15727551,0.15727882,0.15727651,0.15727551,0.15727551,0.21361808
2012-12-03,0.15727551,0.15727882,0.15727651,0.15727551,0.15727551,0.21361808
2012-12-04,0.16665453,0.16665453,0.16665453,0.16670887,0.16665453,0.16667305
2012-12-05,0.37464288,0.12502995,0.12502995,0.12516813,0.12502998,0.12509906
2012-12-06,0.090918146,0.090918146,0.090918146,0.09092751,0.5453967,0.09092134
2012-12-07,0.16665387,0.16665387,0.16665387,0.16671115,0.16665387,0.16667339
2012-12-10,0.15727551,0.15727882,0.15727651,0.15727551,0.15727551,0.21361808
2012-12-11,0.09090947,0.09090947,0.09090947,0.09090986,0.54545206,0.0909096
2012-12-12,0.09090919,0.09090919,0.09090919,0.0909093,0.54545385,0.09090922
2012-12-13,0.15727551,0.15727882,0.15727651,0.15727551,0.15727551,0.21361808
2012-12-14,0.16666666,0.16666666,0.16666666,0.16666675,0.16666666,0.16666669
2012-12-17,0.15727551,0.15727882,0.15727651,0.15727551,0.15727551,0.21361808
2012-12-18,0.37500003,0.125,0.125,0.125,0.125,0.125
2012-12-19,0.15727551,0.15727882,0.15727651,0.15727551,0.15727551,0.21361808
2012-12-20,0.15727551,0.15727882,0.15727651,0.15727551,0.15727551,0.21361808
2012-12-21,0.11111111,0.44444445,0.11111111,0.11111111,0.11111111,0.11111111
2012-12-24,0.37500003,0.125,0.125,0.125,0.125,0.125
2012-12-26,0.15727551,0.15727882,0.15727651,0.15727551,0.15727551,0.21361808
2012-12-27,0.16666666,0.16666666,0.16666666,0.1666667,0.16666666,0.16666667
2012-12-28,0.15727551,0.15727882,0.15727651,0.15727551,0.15727551,0.21361808
2012-12-31,0.11111114,0.44444427,0.11111114,0.11111119,0.11111114,0.11111116
2013-01-02,0.16666195,0.16666195,0.16666195,0.16668303,0.16666195,0.16666915
2013-01-03,0.16665715,0.16665715,0.16665715,0.16669977,0.16665715,0.16667168
2013-01-04,0.15727551,0.15727882,0.15727651,0.15727551,0.15727551,0.21361808
2013-01-07,0.15727551,0.15727882,0.15727651,0.15727551,0.15727551,0.21361808
2013-01-08,0.37495068,0.12500414,0.12500414,0.12502325,0.12500414,0.1250137
2013-01-09,0.111112304,0.4444355,0.111112304,0.11111453,0.111112304,0.11111306
2013-01-10,0.16666251,0.16666251,0.16666251,0.16668107,0.16666251,0.16666885
2013-01-11,0.111111164,0.44444412,0.111111164,0.11111124,0.111111164,0.11111119
2013-01-14,0.37499982,0.12500001,0.12500001,0.12500009,0.12500001,0.12500006
2013-01-15,0.15727551,0.15727882,0.15727651,0.15727551,0.15727551,0.21361808
2013-01-16,0.11111111,0.44444445,0.11111111,0.11111111,0.11111111,0.11111111
2013-01-17,0.15727551,0.15727882,0.15727651,0.15727551,0.15727551,0.21361808
2013-01-18,0.16666667,0.16666667,0.16666667,0.16666667,0.16666667,0.16666667
2013-01-22,0.090909086,0.090909086,0.090909086,0.090909086,0.54545456,0.090909086
2013-01-23,0.37500003,0.125,0.125,0.125,0.125,0.125
2013-01-24,0.090909086,0.090909086,0.090909086,0.090909086,0.54545456,0.090909086
2013-01-25,0.15727551,0.15727882,0.15727651,0.15727551,0.15727551,0.21361808
2013-01-28,0.37500003,0.125,0.125,0.125,0.125,0.125
2013-01-29,0.16666636,0.16666636,0.16666636,0.16666773,0.16666636,0.16666684
2013-01-30,0.111111335,0.44444284,0.111111335,0.11111173,0.111111335,0.11111146
2013-01-31,0.15727551,0.15727882,0.15727651,0.15727551,0.15727551,0.21361808
2013-02-01,0.3737753,0.12510248,0.12510246,0.12557745,0.12510256,0.12533984
2013-02-04,0.15727551,0.15727882,0.15727651,0.15727551,0.15727551,0.21361808
2013-02-05,0.091033176,0.091033176,0.091033176,0.09116195,0.54466146,0.09107704
2013-02-06,0.16656809,0.16656809,0.16656809,0.16700934,0.16656809,0.16671833
2013-02-07,0.15727551,0.15727882,0.15727651,0.15727551,0.15727551,0.21361808
2013-02-08,0.09095554,0.09095554,0.09095554,0.0910037,0.5451577,0.090971954
2013-02-11,0.16665904,0.16665904,0.16665904,0.16669317,0.16665904,0.16667067
2013-02-12,0.09090985,0.09090985,0.09090985,0.09091066,0.5454496,0.09091012
2013-02-13,0.09090919,0.09090919,0.09090919,0.0909093,0.54545385,0.09090924
2013-02-14,0.11111111,0.44444445,0.11111111,0.11111111,0.11111111,0.11111111
2013-02-15,0.11111111,0.44444445,0.11111111,0.11111111,0.11111111,0.11111111
2013-02-19,0.090909086,0.090909086,0.090909086,0.090909086,0.54545456,0.090909086
2013-02-20,0.11111111,0.44444445,0.11111111,0.11111111,0.11111111,0.11111111
2013-02-21,0.090909086,0.090909086,0.090909086,0.090909086,0.54545456,0.090909086
2013-02-22,0.37500003,0.125,0.125,0.125,0.125,0.125
2013-02-25,0.37500003,0.125,0.125,0.125,0.125,0.125
2013-02-26,0.11111111,0.44444445,0.11111111,0.11111111,0.11111111,0.11111111
2013-02-27,0.090909086,0.090909086,0.090909086,0.090909086,0.54545456,0.090909086
2013-02-28,0.16666575,0.16666575,0.16666575,0.16666988,0.16666575,0.16666715
2013-03-01,0.16666093,0.16666093,0.16666093,0.16668661,0.16666093,0.1666697
2013-03-04,0.090912655,0.090912655,0.090912655,0.09091634,0.5454318,0.09091391
2013-03-05,0.15727551,0.15727882,0.15727651,0.15727551,0.15727551,0.21361808
2013-03-06,0.15727551,0.15727882,0.15727651,0.15727551,0.15727551,0.21361808
2013-03-07,0.3749979,0.12500018,0.12500018,0.12500098,0.12500018,0.12500058
2013-03-08,0.11111191,0.44443852,0.11111191,0.11111338,0.11111191,0.11111241
2013-03-11,0.090911314,0.090911314,0.090911314,0.0909136,0.5454404,0.09091208
2013-03-12,0.15727551,0.15727882,0.15727651,0.15727551,0.15727551,0.21361808
2013-03-13,0.090909496,0.090909496,0.090909496,0.09090992,0.545452,0.09090963
2013-03-14,0.11111111,0.44444445,0.11111111,0.11111111,0.11111111,0.11111111
2013-03-15,0.37500003,0.125,0.125,0.125,0.125,0.125
2013-03-18,0.090909086,0.090909086,0.090909086,0.090909086,0.54545456,0.090909086
2013-03-19,0.11111111,0.44444445,0.11111111,0.11111111,0.11111111,0.11111111
2013-03-20,0.090909086,0.090909086,0.090909086,0.090909086,0.54545456,0.090909086
2013-03-21,0.15727551,0.15727882,0.15727651,0.15727551,0.15727551,0.21361808
2013-03-22,0.37500003,0.125,0.125,0.125,0.125,0.125
2013-03-25,0.090909086,0.090909086,0.090909086,0.090909086,0.54545456,0.090909086
2013-03-26,0.11111111,0.44444445,0.11111111,0.11111111,0.11111111,0.11111111
2013-03-27,0.09090909,0.09090909,0.09090909,0.090909116,0.54545444,0.09090909
2013-03-28,0.11111113,0.4444443,0.11111113,0.11111117,0.11111113,0.11111114
2013-04-01,0.15727551,0.15727882,0.15727651,0.15727551,0.15727551,0.21361808
2013-04-02,0.16666222,0.16666222,0.16666222,0.16668215,0.16666222,0.16666901
2013-04-03,0.15727551,0.15727882,0.15727651,0.15727551,0.15727551,0.21361808
2013-04-04,0.09091329,0.09091329,0.09091329,0.090917625,0.5454278,0.09091476
2013-04-05,0.090913616,0.090913616,0.090913616,0.090918295,0.54542565,0.0909152
2013-04-08,0.16666102,0.16666102,0.16666102,0.16668625,0.16666102,0.16666962
2013-04-09,0.111111425,0.44444203,0.111111425,0.11111202,0.111111425,0.111111626
2013-04-10,0.111111164,0.44444403,0.111111164,0.11111127,0.111111164,0.1111112
2013-04-11,0.16666624,0.16666624,0.16666624,0.16666813,0.16666624,0.16666688
2013-04-12,0.16666628,0.16666628,0.16666628,0.16666801,0.16666628,0.16666687
2013-04-15,0.15727551,0.15727882,0.15727651,0.15727551,0.15727551,0.21361808
2013-04-16,0.11111111,0.44444445,0.11111111,0.11111111,0.11111111,0.11111111
2013-04-17,0.37500003,0.125,0.125,0.125,0.125,0.125
2013-04-18,0.15727551,0.15727882,0.15727651,0.15727551,0.15727551,0.21361808
2013-04-19,0.37500003,0.125,0.125,0.125,0.125,0.125
2013-04-22,0.11111111,0.44444445,0.11111111,0.11111111,0.11111111,0.11111111
2013-04-23,0.11111111,0.44444445,0.11111111,0.11111111,0.11111111,0.11111111
2013-04-24,0.37500003,0.125,0.125,0.125,0.125,0.125
2013-04-25,0.15727551,0.15727882,0.15727651,0.15727551,0.15727551,0.21361808
2013-04-26,0.1666639,0.1666639,0.1666639,0.1666763,0.1666639,0.16666812
2013-04-29,0.37499997,0.125,0.125,0.12500001,0.125,0.12500001
2013-04-30,0.37499845,0.12500013,0.12500013,0.12500075,0.12500013,0.12500043
2013-05-01,0.3749705,0.12500247,0.12500247,0.12501392,0.12500247,0.1250082
2013-05-02,0.11111949,0.44438154,0.11111949,0.11113512,0.11111949,0.11112481
2013-05-03,0.16641098,0.16641098,0.16641098,0.16755584,0.16641098,0.16680026
2013-05-06,0.11111516,0.4444142,0.11111516,0.111122675,0.11111516,0.11111773
2013-05-07,0.11111488,0.44441614,0.11111488,0.111121915,0.11111488,0.11111728
2013-05-08,0.15727551,0.15727882,0.15727651,0.15727551,0.15727551,0.21361808
2013-05-09,0.09091262,0.09091262,0.09091262,0.09091627,0.54543203,0.09091386
2013-05-10,0.15727551,0.15727882,0.15727651,0.15727551,0.15727551,0.21361808
2013-05-13,0.37499988,0.12500001,0.12500001,0.12500006,0.12500001,0.12500003
2013-05-14,0.11111114,0.44444427,0.11111114,0.111111194,0.11111114,0.11111116
2013-05-15,0.16666403,0.16666403,0.16666403,0.16667584,0.16666403,0.16666806
2013-05-16,0.37500003,0.125,0.125,0.125,0.125,0.125
2013-05-17,0.15727551,0.15727882,0.15727651,0.15727551,0.15727551,0.21361808
2013-05-20,0.16666663,0.16666663,0.16666663,0.1666668,0.16666663,0.16666669
2013-05-21,0.15727551,0.15727882,0.15727651,0.15727551,0.15727551,0.21361808
2013-05-22,0.16666664,0.16666664,0.16666664,0.1666667,0.16666664,0.16666666
2013-05-23,0.37500003,0.125,0.125,0.125,0.125,0.125
2013-05-24,0.16666666,0.16666666,0.16666666,0.16666675,0.16666666,0.16666669
2013-05-28,0.16666664,0.16666664,0.16666664,0.16666676,0.16666664,0.16666669
2013-05-29,0.15727551,0.15727882,0.15727651,0.15727551,0.15727551,0.21361808
2013-05-30,0.09090909,0.09090909,0.09090909,0.090909116,0.54545444,0.09090909
2013-05-31,0.11111123,0.44444358,0.11111123,0.11111144,0.11111123,0.1111113
2013-06-03,0.37488306,0.1250098,0.1250098,0.12505503,0.12500982,0.12503244
2013-06-04,0.09091203,0.09091203,0.09091203,0.09091507,0.5454357,0.090913065
2013-06-05,0.09091241,0.09091241,0.09091241,0.09091584,0.5454334,0.09091357
2013-06-06,0.11111383,0.4444239,0.11111383,0.111118935,0.11111383,0.11111557
2013-06-07,0.09091461,0.09091461,0.09091461,0.09092034,0.5454193,0.09091657
2013-06-10,0.09091459,0.09091459,0.09091459,0.090920284,0.5454194,0.09091653
2013-06-11,0.37497002,0.12500252,0.12500252,0.12501413,0.12500252,0.12500833
2013-06-12,0.37498832,0.12500097,0.12500097,0.12500547,0.12500097,0.1250032
2013-06-13,0.16666576,0.16666576,0.16666576,0.16666979,0.16666576,0.16666713
2013-06-14,0.11111111,0.44444445,0.11111111,0.11111111,0.11111111,0.11111111
2013-06-17,0.37499988,0.12500001,0.12500001,0.12500004,0.12500001,0.12500001
2013-06-18,0.1666666,0.1666666,0.1666666,0.16666691,0.1666666,0.1666667
2013-06-19,0.090909086,0.090909086,0.090909086,0.090909086,0.54545456,0.090909086
2013-06-20,0.090909086,0.090909086,0.090909086,0.090909086,0.54545456,0.090909086
2013-06-21,0.090909086,0.090909086,0.090909086,0.090909086,0.54545456,0.090909086
2013-06-24,0.11111111,0.44444445,0.11111111,0.11111111,0.11111111,0.11111111
2013-06-25,0.16666666,0.16666666,0.16666666,0.16666669,0.16666666,0.16666667
2013-06-26,0.37500003,0.125,0.125,0.125,0.125,0.125
2013-06-27,0.090909086,0.090909086,0.090909086,0.090909086,0.54545456,0.090909086
2013-06-28,0.16666603,0.16666603,0.16666603,0.16666883,0.16666603,0.166667
2013-07-01,0.15727551,0.15727882,0.15727651,0.15727551,0.15727551,0.21361808
2013-07-02,0.15727551,0.15727882,0.15727651,0.15727551,0.15727551,0.21361808
2013-07-03,0.16664557,0.16664557,0.16664557,0.16673994,0.16664557,0.16667773
2013-07-05,0.09090943,0.09090943,0.09090943,0.09090978,0.54545236,0.090909556
2013-07-08,0.15727551,0.15727882,0.15727651,0.15727551,0.15727551,0.21361808
2013-07-09,0.09090938,0.09090938,0.09090938,0.09090968,0.54545265,0.090909496
2013-07-10,0.09090935,0.09090935,0.09090935,0.09090964,0.5454529,0.09090945
2013-07-11,0.16666485,0.16666485,0.16666485,0.16667297,0.16666485,0.16666761
2013-07-12,0.37499908,0.12500007,0.12500007,0.12500046,0.12500007,0.12500025
2013-07-15,0.11111111,0.44444445,0.11111111,0.11111111,0.11111111,0.11111111
2013-07-16,0.37499988,0.12500001,0.12500001,0.12500004,0.12500001,0.12500003
2013-07-17,0.37500003,0.125,0.125,0.125,0.125,0.125
2013-07-18,0.16666664,0.16666664,0.16666664,0.16666672,0.16666664,0.16666667
2013-07-19,0.15727551,0.15727882,0.15727651,0.15727551,0.15727551,0.21361808
2013-07-22,0.090909086,0.090909086,0.090909086,0.090909086,0.54545456,0.090909086
2013-07-23,0.37500003,0.125,0.125,0.125,0.125,0.125
2013-07-24,0.37500003,0.125,0.125,0.125,0.125,0.125
2013-07-25,0.090909086,0.090909086,0.090909086,0.090909086,0.54545456,0.090909086
2013-07-26,0.37500003,0.125,0.125,0.125,0.125,0.125
2013-07-29,0.37500003,0.125,0.125,0.125,0.125,0.125
2013-07-30,0.090909086,0.090909086,0.090909086,0.090909086,0.54545456,0.090909086
2013-07-31,0.37500003,0.125,0.125,0.125,0.125,0.125
2013-08-01,0.111111194,0.44444388,0.111111194,0.11111134,0.111111194,0.111111246
2013-08-02,0.09090918,0.09090918,0.09090918,0.09090928,0.54545397,0.09090923
2013-08-05,0.16666538,0.16666538,0.16666538,0.16667117,0.16666538,0.16666737
2013-08-06,0.111111246,0.4444435,0.111111246,0.111111484,0.111111246,0.11111133
2013-08-07,0.09090938,0.09090938,0.09090938,0.09090967,0.5454528,0.09090947
2013-08-08,0.090909325,0.090909325,0.090909325,0.09090957,0.5454531,0.090909414
2013-08-09,0.111111164,0.44444403,0.111111164,0.11111127,0.111111164,0.1111112
2013-08-12,0.15727551,0.15727882,0.15727651,0.15727551,0.15727551,0.21361808
2013-08-13,0.16666663,0.16666663,0.16666663,0.1666668,0.16666663,0.16666669
2013-08-14,0.16666667,0.16666667,0.16666667,0.16666669,0.16666667,0.16666667
2013-08-15,0.15727551,0.15727882,0.15727651,0.15727551,0.15727551,0.21361808
2013-08-16,0.090909086,0.090909086,0.090909086,0.090909086,0.54545456,0.090909086
2013-08-19,0.16666667,0.16666667,0.16666667,0.16666667,0.16666667,0.16666667
2013-08-20,0.37500003,0.125,0.125,0.125,0.125,0.125
2013-08-21,0.11111111,0.44444445,0.11111111,0.11111111,0.11111111,0.11111111
2013-08-22,0.16666667,0.16666667,0.16666667,0.16666667,0.16666667,0.16666667
2013-08-23,0.16666667,0.16666667,0.16666667,0.16666667,0.16666667,0.16666667
2013-08-26,0.16666667,0.16666667,0.16666667,0.16666667,0.16666667,0.16666667
2013-08-27,0.15727551,0.15727882,0.15727651,0.15727551,0.15727551,0.21361808
2013-08-28,0.11111111,0.44444445,0.11111111,0.11111111,0.11111111,0.11111111
2013-08-29,0.15727551,0.15727882,0.15727651,0.15727551,0.15727551,0.21361808
2013-08-30,0.37499997,0.125,0.125,0.12500001,0.125,0.125
2013-09-03,0.11111111,0.4444444,0.11111111,0.11111113,0.11111111,0.11111111
2013-09-04,0.090909496,0.090909496,0.090909496,0.09090991,0.545452,0.09090963
2013-09-05,0.16666616,0.16666616,0.16666616,0.1666684,0.16666616,0.16666692
2013-09-06,0.3749964,0.1250003,0.1250003,0.12500171,0.1250003,0.125001
2013-09-09,0.111111246,0.4444435,0.111111246,0.111111484,0.111111246,0.11111133
2013-09-10,0.37499407,0.12500049,0.12500049,0.12500279,0.12500049,0.12500164
2013-09-11,0.09090968,0.09090968,0.09090968,0.09091031,0.54545075,0.0909099
2013-09-12,0.15727551,0.15727882,0.15727651,0.15727551,0.15727551,0.21361808
2013-09-13,0.37499812,0.12500016,0.12500016,0.12500091,0.12500016,0.12500055
2013-09-16,0.15727551,0.15727882,0.15727651,0.15727551,0.15727551,0.21361808
2013-09-17,0.37499982,0.12500001,0.12500001,0.12500009,0.12500001,0.12500003
2013-09-18,0.15727551,0.15727882,0.15727651,0.15727551,0.15727551,0.21361808
2013-09-19,0.11111111,0.44444445,0.11111111,0.11111111,0.11111111,0.11111111
2013-09-20,0.16666666,0.16666666,0.16666666,0.16666669,0.16666666,0.16666669
2013-09-23,0.37500003,0.125,0.125,0.125,0.125,0.125
2013-09-24,0.15727551,0.15727882,0.15727651,0.15727551,0.15727551,0.21361808
2013-09-25,0.15727551,0.15727882,0.15727651,0.15727551,0.15727551,0.21361808
2013-09-26,0.090909086,0.090909086,0.090909086,0.090909086,0.54545456,0.090909086
2013-09-27,0.16666657,0.16666657,0.16666657,0.16666701,0.16666657,0.16666672
2013-09-30,0.37500003,0.125,0.125,0.125,0.125,0.125
2013-10-01,0.37500003,0.125,0.125,0.125,0.125,0.125
2013-10-02,0.37499997,0.125,0.125,0.12500001,0.125,0.12500001
2013-10-03,0.11111151,0.44444144,0.11111151,0.11111227,0.11111151,0.11111176
2013-10-04,0.11111178,0.4444394,0.11111178,0.11111303,0.11111178,0.11111221
2013-10-07,0.16663888,0.16663888,0.16663888,0.16676325,0.16663888,0.16668124
2013-10-08,0.37499937,0.12500006,0.12500006,0.1250003,0.12500006,0.12500018
2013-10-09,0.111111976,0.44443798,0.111111976,0.11111358,0.111111976,0.11111252
2013-10-10,0.16666347,0.16666347,0.16666347,0.16667776,0.16666347,0.16666834
2013-10-11,0.09091173,0.09091173,0.09091173,0.090914465,0.5454377,0.09091266
2013-10-14,0.15727551,0.15727882,0.15727651,0.15727551,0.15727551,0.21361808
2013-10-15,0.166664,0.166664,0.166664,0.16667591,0.166664,0.16666806
2013-10-16,0.1666662,0.1666662,0.1666662,0.16666834,0.1666662,0.16666692
2013-10-17,0.37500003,0.125,0.125,0.125,0.125,0.125
2013-10-18,0.37500003,0.125,0.125,0.125,0.125,0.125
2013-10-21,0.090909086,0.090909086,0.090909086,0.090909086,0.54545456,0.090909086
2013-10-22,0.15727551,0.15727882,0.15727651,0.15727551,0.15727551,0.21361808
2013-10-23,0.16666666,0.16666666,0.16666666,0.16666669,0.16666666,0.16666669
2013-10-24,0.37500003,0.125,0.125,0.125,0.125,0.125
2013-10-25,0.37500003,0.125,0.125,0.125,0.125,0.125
2013-10-28,0.37500003,0.125,0.125,0.125,0.125,0.125
2013-10-29,0.090909116,0.090909116,0.090909116,0.09090913,0.54545444,0.09090913
2013-10-30,0.1666652,0.1666652,0.1666652,0.16667177,0.1666652,0.16666745
2013-10-31,0.11111199,0.44443786,0.11111199,0.11111364,0.11111199,0.11111255
2013-11-01,0.090911046,0.090911046,0.090911046,0.09091309,0.545442,0.09091174
2013-11-04,0.37498784,0.12500103,0.12500103,0.12500572,0.12500103,0.12500338
2013-11-05,0.3749612,0.12500325,0.12500325,0.12501825,0.12500325,0.12501076
2013-11-06,0.11113738,0.4442474,0.11113738,0.111186355,0.11113738,0.11115407
2013-11-07,0.16659212,0.16659212,0.16659212,0.16692577,0.16659212,0.16670576
2013-11-08,0.09091577,0.09091577,0.09091577,0.09092269,0.5454118,0.09091813
2013-11-11,0.37499228,0.12500064,0.12500064,0.12500362,0.12500064,0.12500213
2013-11-12,0.37499732,0.12500021,0.12500021,0.12500125,0.12500021,0.12500073
2013-11-13,0.16666564,0.16666564,0.16666564,0.16667019,0.16666564,0.16666721
2013-11-14,0.111111335,0.44444284,0.111111335,0.11111173,0.111111335,0.11111146
2013-11-15,0.16666591,0.16666591,0.16666591,0.16666931,0.16666591,0.16666706
2013-11-18,0.090909086,0.090909086,0.090909086,0.090909086,0.54545456,0.090909086
2013-11-19,0.090909086,0.090909086,0.090909086,0.090909086,0.54545456,0.090909086
2013-11-20,0.090909086,0.090909086,0.090909086,0.090909086,0.54545456,0.090909086
2013-11-21,0.11111111,0.44444445,0.11111111,0.11111111,0.11111111,0.11111111
2013-11-22,0.11111111,0.44444445,0.11111111,0.11111111,0.11111111,0.11111111
2013-11-25,0.16666652,0.16666652,0.16666652,0.16666716,0.16666652,0.16666673
2013-11-26,0.090909086,0.090909086,0.090909086,0.090909086,0.54545456,0.090909086
2013-11-27,0.15727551,0.15727882,0.15727651,0.15727551,0.15727551,0.21361808
2013-11-29,0.09090912,0.09090912,0.09090912,0.09090913,0.5454544,0.09090912
2013-12-02,0.15727551,0.15727882,0.15727651,0.15727551,0.15727551,0.21361808
2013-12-03,0.09090968,0.09090968,0.09090968,0.09091029,0.54545075,0.0909099
2013-12-04,0.1111122,0.4444362,0.1111122,0.11111424,0.1111122,0.11111291
2013-12-05,0.090909325,0.090909325,0.090909325,0.09090957,0.5454531,0.090909414
2013-12-06,0.09090929,0.09090929,0.09090929,0.090909496,0.54545325,0.09090935
2013-12-09,0.37499332,0.12500055,0.12500055,0.12500314,0.12500055,0.12500183
2013-12-10,0.16664527,0.16664527,0.16664527,0.16674101,0.16664527,0.16667789
2013-12-11,0.111111164,0.44444406,0.111111164,0.11111125,0.111111164,0.11111119
2013-12-12,0.37499902,0.12500006,0.12500006,0.12500045,0.12500006,0.12500027
2013-12-13,0.16666098,0.16666098,0.16666098,0.16668642,0.16666098,0.16666965
2013-12-16,0.11111111,0.44444445,0.11111111,0.11111111,0.11111111,0.11111111
2013-12-17,0.37499982,0.12500001,0.12500001,0.12500009,0.12500001,0.12500003
2013-12-18,0.15727551,0.15727882,0.15727651,0.15727551,0.15727551,0.21361808
2013-12-19,0.090909086,0.090909086,0.090909086,0.090909086,0.54545456,0.090909086
2013-12-20,0.11111111,0.44444445,0.11111111,0.11111111,0.11111111,0.11111111
2013-12-23,0.16666666,0.16666666,0.16666666,0.16666669,0.16666666,0.16666667
2013-12-24,0.11111111,0.44444445,0.11111111,0.11111111,0.11111111,0.11111111
2013-12-26,0.15727551,0.15727882,0.15727651,0.15727551,0.15727551,0.21361808
2013-12-27,0.11111111,0.4444444,0.11111111,0.11111113,0.11111111,0.11111111
2013-12-30,0.09090909,0.09090909,0.09090909,0.090909116,0.54545444,0.09090909
2013-12-31,0.16666447,0.16666447,0.16666447,0.16667435,0.16666447,0.16666782
2014-01-02,0.15727551,0.15727882,0.15727651,0.15727551,0.15727551,0.21361808
2014-01-03,0.37499225,0.12500066,0.12500066,0.12500367,0.12500066,0.12500216
2014-01-06,0.09090976,0.09090976,0.09090976,0.090910465,0.5454502,0.09091
2014-01-07,0.111113325,0.4444278,0.111113325,0.11111746,0.111113325,0.11111473
2014-01-08,0.15727551,0.15727882,0.15727651,0.15727551,0.15727551,0.21361808
2014-01-09,0.37496087,0.12500328,0.12500328,0.12501843,0.12500328,0.12501085
2014-01-10,0.111111835,0.444439,0.111111835,0.111113206,0.111111835,0.111112304
2014-01-13,0.15727551,0.15727882,0.15727651,0.15727551,0.15727551,0.21361808
2014-01-14,0.16666628,0.16666628,0.16666628,0.16666798,0.16666628,0.16666687
2014-01-15,0.16666664,0.16666664,0.16666664,0.16666679,0.16666664,0.16666667
2014-01-16,0.37500003,0.125,0.125,0.125,0.125,0.125
2014-01-17,0.37500003,0.125,0.125,0.125,0.125,0.125
2014-01-21,0.37500003,0.125,0.125,0.125,0.125,0.125
2014-01-22,0.15727551,0.15727882,0.15727651,0.15727551,0.15727551,0.21361808
2014-01-23,0.16666667,0.16666667,0.16666667,0.16666667,0.16666667,0.16666667
2014-01-24,0.11111111,0.44444445,0.11111111,0.11111111,0.11111111,0.11111111
2014-01-27,0.11111111,0.44444445,0.11111111,0.11111111,0.11111111,0.11111111
2014-01-28,0.11111113,0.4444443,0.11111113,0.11111117,0.11111113,0.11111114
2014-01-29,0.15727551,0.15727882,0.15727651,0.15727551,0.15727551,0.21361808
2014-01-30,0.37499875,0.1250001,0.1250001,0.1250006,0.1250001,0.12500034
2014-01-31,0.11112078,0.44437188,0.11112078,0.11113882,0.11112078,0.11112694
2014-02-03,0.16651674,0.16651674,0.16651674,0.16718788,0.16651674,0.16674516
2014-02-04,0.16646032,0.16646032,0.16646032,0.16738415,0.16646032,0.16677459
2014-02-05,0.16639993,0.16639993,0.16639993,0.16759424,0.16639993,0.166806
2014-02-06,0.15727551,0.15727882,0.15727651,0.15727551,0.15727551,0.21361808
2014-02-07,0.15727551,0.15727882,0.15727651,0.15727551,0.15727551,0.21361808
2014-02-10,0.3749729,0.12500226,0.12500226,0.12501276,0.12500226,0.12500753
2014-02-11,0.16664739,0.16664739,0.16664739,0.16673364,0.16664739,0.16667677
2014-02-12,0.11111151,0.44444147,0.11111151,0.11111225,0.11111151,0.11111176
2014-02-13,0.11111114,0.4444442,0.11111114,0.11111121,0.11111114,0.11111117
2014-02-14,0.15727551,0.15727882,0.15727651,0.15727551,0.15727551,0.21361808
2014-02-18,0.37500003,0.125,0.125,0.125,0.125,0.125
2014-02-19,0.090909086,0.090909086,0.090909086,0.090909086,0.54545456,0.090909086
2014-02-20,0.37500003,0.125,0.125,0.125,0.125,0.125
2014-02-21,0.37500003,0.125,0.125,0.125,0.125,0.125
2014-02-24,0.37500003,0.125,0.125,0.125,0.125,0.125
2014-02-25,0.11111111,0.44444445,0.11111111,0.11111111,0.11111111,0.11111111
2014-02-26,0.11111111,0.44444445,0.11111111,0.11111111,0.11111111,0.11111111
2014-02-27,0.15727551,0.15727882,0.15727651,0.15727551,0.15727551,0.21361808
2014-02-28,0.111111164,0.44444412,0.111111164,0.11111124,0.111111164,0.11111119
2014-03-03,0.374999,0.12500009,0.12500009,0.12500049,0.12500009,0.12500028
2014-03-04,0.11111215,0.44443664,0.11111215,0.111114085,0.11111215,0.11111281
2014-03-05,0.15727551,0.15727882,0.15727651,0.15727551,0.15727551,0.21361808
2014-03-06,0.1111117,0.44443992,0.1111117,0.111112826,0.1111117,0.11111209
2014-03-07,0.090910584,0.090910584,0.090910584,0.09091213,0.54544497,0.09091112
2014-03-10,0.09090995,0.09090995,0.09090995,0.090910845,0.545449,0.090910256
2014-03-11,0.09090936,0.09090936,0.09090936,0.090909645,0.5454528,0.09090946
2014-03-12,0.15727551,0.15727882,0.15727651,0.15727551,0.15727551,0.21361808
2014-03-13,0.11111111,0.4444444,0.11111111,0.11111113,0.11111111,0.11111111
2014-03-14,0.37499997,0.125,0.125,0.12500001,0.125,0.12500001
2014-03-17,0.090909086,0.090909086,0.090909086,0.090909086,0.54545456,0.090909086
2014-03-18,0.37500003,0.125,0.125,0.125,0.125,0.125
2014-03-19,0.37500003,0.125,0.125,0.125,0.125,0.125
2014-03-20,0.37500003,0.125,0.125,0.125,0.125,0.125
2014-03-21,0.16666667,0.16666667,0.16666667,0.16666667,0.16666667,0.16666667
2014-03-24,0.090909086,0.090909086,0.090909086,0.090909086,0.54545456,0.090909086
2014-03-25,0.16666666,0.16666666,0.16666666,0.1666667,0.16666666,0.16666667
2014-03-26,0.16666658,0.16666658,0.16666658,0.16666695,0.16666658,0.1666667
2014-03-27,0.090909116,0.090909116,0.090909116,0.09090913,0.54545444,0.09090913
2014-03-28,0.11111148,0.44444168,0.11111148,0.11111216,0.11111148,0.111111715
2014-03-31,0.11111431,0.44442043,0.11111431,0.11112027,0.11111431,0.11111635
2014-04-01,0.16640793,0.16640793,0.16640793,0.16756645,0.16640793,0.16680185
2014-04-02,0.16630238,0.16630238,0.16630238,0.16793387,0.16630238,0.16685659
2014-04-03,0.3748038,0.12501648,0.12501648,0.12509236,0.12501648,0.12505442
2014-04-04,0.111121856,0.4443639,0.111121856,0.11114189,0.111121856,0.11112869
2014-04-07,0.0909315,0.0909315,0.0909315,0.0909547,0.5453114,0.0909394
2014-04-08,0.3748765,0.12501036,0.12501036,0.1250581,0.12501037,0.12503426
2014-04-09,0.16659427,0.16659427,0.16659427,0.1669183,0.16659427,0.16670462
2014-04-10,0.11111154,0.44444135,0.11111154,0.11111232,0.11111154,0.111111805
2014-04-11,0.11111144,0.44444194,0.11111144,0.111112066,0.11111144,0.111111656
2014-04-14,0.090909325,0.090909325,0.090909325,0.09090957,0.5454531,0.090909414
2014-04-15,0.37499812,0.12500016,0.12500016,0.12500091,0.12500016,0.12500055
2014-04-16,0.11111111,0.44444445,0.11111111,0.11111111,0.11111111,0.11111111
2014-04-17,0.15727551,0.15727882,0.15727651,0.15727551,0.15727551,0.21361808
2014-04-21,0.15727551,0.15727882,0.15727651,0.15727551,0.15727551,0.21361808
2014-04-22,0.090909086,0.090909086,0.090909086,0.090909086,0.54545456,0.090909086
2014-04-23,0.37500003,0.125,0.125,0.125,0.125,0.125
2014-04-24,0.37500003,0.125,0.125,0.125,0.125,0.125
2014-04-25,0.37500003,0.125,0.125,0.125,0.125,0.125
2014-04-28,0.16666654,0.16666654,0.16666654,0.16666709,0.16666654,0.16666673
2014-04-29,0.15727551,0.15727882,0.15727651,0.15727551,0.15727551,0.21361808
2014-04-30,0.09090925,0.09090925,0.09090925,0.09090943,0.5454534,0.09090932
2014-05-01,0.15727551,0.15727882,0.15727651,0.15727551,0.15727551,0.21361808
2014-05-02,0.11111211,0.444437,0.11111211,0.111113966,0.11111211,0.11111275
2014-05-05,0.09091333,0.09091333,0.09091333,0.09091772,0.5454275,0.09091483
2014-05-06,0.09091335,0.09091335,0.09091335,0.09091778,0.54542726,0.09091486
2014-05-07,0.15727551,0.15727882,0.15727651,0.15727551,0.15727551,0.21361808
2014-05-08,0.090911455,0.090911455,0.090911455,0.0909139,0.5454395,0.09091229
2014-05-09,0.090910405,0.090910405,0.090910405,0.09091177,0.54544616,0.09091087
2014-05-12,0.16665244,0.16665244,0.16665244,0.1667161,0.16665244,0.16667414
2014-05-13,0.15727551,0.15727882,0.15727651,0.15727551,0.15727551,0.21361808
2014-05-14,0.15727551,0.15727882,0.15727651,0.15727551,0.15727551,0.21361808
2014-05-15,0.1666664,0.1666664,0.1666664,0.16666757,0.1666664,0.1666668
2014-05-16,0.090909086,0.090909086,0.090909086,0.090909086,0.54545456,0.090909086
2014-05-19,0.37500003,0.125,0.125,0.125,0.125,0.125
2014-05-20,0.16666666,0.16666666,0.16666666,0.16666669,0.16666666,0.16666667
2014-05-21,0.37500003,0.125,0.125,0.125,0.125,0.125
2014-05-22,0.11111111,0.44444445,0.11111111,0.11111111,0.11111111,0.11111111
2014-05-23,0.11111111,0.44444445,0.11111111,0.11111111,0.11111111,0.11111111
2014-05-27,0.15727551,0.15727882,0.15727651,0.15727551,0.15727551,0.21361808
2014-05-28,0.11111111,0.44444445,0.11111111,0.11111111,0.11111111,0.11111111
2014-05-29,0.16666655,0.16666655,0.16666655,0.16666706,0.16666655,0.16666673
2014-05-30,0.15727551,0.15727882,0.15727651,0.15727551,0.15727551,0.21361808
2014-06-02,0.37499803,0.12500016,0.12500016,0.12500092,0.12500016,0.12500054
2014-06-03,0.09091011,0.09091011,0.09091011,0.09091116,0.54544806,0.090910465
2014-06-04,0.1111118,0.44443935,0.1111118,0.11111307,0.1111118,0.11111224
2014-06-05,0.11111185,0.444439,0.11111185,0.11111323,0.11111185,0.11111231
2014-06-06,0.37499648,0.12500028,0.12500028,0.12500167,0.12500028,0.12500097
2014-06-09,0.11111227,0.44443583,0.11111227,0.11111441,0.11111227,0.111113
2014-06-10,0.16662748,0.16662748,0.16662748,0.16680284,0.16662748,0.16668722
2014-06-11,0.16663644,0.16663644,0.16663644,0.16677172,0.16663644,0.16668254
2014-06-12,0.111111216,0.44444358,0.111111216,0.11111142,0.111111216,0.11111128
2014-06-13,0.15727551,0.15727882,0.15727651,0.15727551,0.15727551,0.21361808
2014-06-16,0.090909086,0.090909086,0.090909086,0.090909086,0.54545456,0.090909086
2014-06-17,0.16666618,0.16666618,0.16666618,0.16666837,0.16666618,0.16666692
2014-06-18,0.37500003,0.125,0.125,0.125,0.125,0.125
2014-06-19,0.11111111,0.44444445,0.11111111,0.11111111,0.11111111,0.11111111
2014-06-20,0.15727551,0.15727882,0.15727651,0.15727551,0.15727551,0.21361808
2014-06-23,0.16666664,0.16666664,0.16666664,0.1666667,0.16666664,0.16666666
2014-06-24,0.16666664,0.16666664,0.16666664,0.1666667,0.16666664,0.16666667
2014-06-25,0.16666666,0.16666666,0.16666666,0.1666667,0.16666666,0.16666667
2014-06-26,0.16666664,0.16666664,0.16666664,0.16666672,0.16666664,0.16666667
2014-06-27,0.11111111,0.44444445,0.11111111,0.11111111,0.11111111,0.11111111
2014-06-30,0.15727551,0.15727882,0.15727651,0.15727551,0.15727551,0.21361808
2014-07-01,0.16666551,0.16666551,0.16666551,0.16667067,0.16666551,0.16666725
2014-07-02,0.111111164,0.44444403,0.111111164,0.11111127,0.111111164,0.1111112
2014-07-03,0.111111164,0.44444403,0.111111164,0.11111127,0.111111164,0.1111112
2014-07-07,0.1666651,0.1666651,0.1666651,0.1666721,0.1666651,0.16666749
2014-07-08,0.3749996,0.12500003,0.12500003,0.12500018,0.12500003,0.1250001
2014-07-09,0.11111114,0.44444427,0.11111114,0.11111119,0.11111114,0.11111116
2014-07-10,0.15727551,0.15727882,0.15727651,0.15727551,0.15727551,0.21361808
2014-07-11,0.090909086,0.090909086,0.090909086,0.090909086,0.54545456,0.090909086
2014-07-14,0.37500003,0.125,0.125,0.125,0.125,0.125
2014-07-15,0.15727551,0.15727882,0.15727651,0.15727551,0.15727551,0.21361808
2014-07-16,0.090909086,0.090909086,0.090909086,0.090909086,0.54545456,0.090909086
2014-07-17,0.090909086,0.090909086,0.090909086,0.090909086,0.54545456,0.090909086
2014-07-18,0.37500003,0.125,0.125,0.125,0.125,0.125
2014-07-21,0.37500003,0.125,0.125,0.125,0.125,0.125
2014-07-22,0.090909086,0.090909086,0.090909086,0.090909086,0.54545456,0.090909086
2014-07-23,0.37500003,0.125,0.125,0.125,0.125,0.125
2014-07-24,0.37500003,0.125,0.125,0.125,0.125,0.125
2014-07-25,0.16666667,0.16666667,0.16666667,0.16666667,0.16666667,0.16666667
2014-07-28,0.16666667,0.16666667,0.16666667,0.16666667,0.16666667,0.16666667
2014-07-29,0.15727551,0.15727882,0.15727651,0.15727551,0.15727551,0.21361808
2014-07-30,0.1666665,0.1666665,0.1666665,0.16666725,0.1666665,0.16666676
2014-07-31,0.11111114,0.4444442,0.11111114,0.11111121,0.11111114,0.11111117
2014-08-01,0.16666342,0.16666342,0.16666342,0.16667798,0.16666342,0.16666839
2014-08-04,0.37499943,0.12500003,0.12500003,0.12500027,0.12500003,0.12500015
2014-08-05,0.15727551,0.15727882,0.15727651,0.15727551,0.15727551,0.21361808
2014-08-06,0.15727551,0.15727882,0.15727651,0.15727551,0.15727551,0.21361808
2014-08-07,0.15727551,0.15727882,0.15727651,0.15727551,0.15727551,0.21361808
2014-08-08,0.09090929,0.09090929,0.09090929,0.090909496,0.54545325,0.09090935
2014-08-11,0.111111306,0.444443,0.111111306,0.11111166,0.111111306,0.111111425
2014-08-12,0.37499997,0.125,0.125,0.12500001,0.125,0.125
2014-08-13,0.15727551,0.15727882,0.15727651,0.15727551,0.15727551,0.21361808
2014-08-14,0.37500003,0.125,0.125,0.125,0.125,0.125
2014-08-15,0.11111111,0.44444445,0.11111111,0.11111111,0.11111111,0.11111111
2014-08-18,0.11111111,0.44444445,0.11111111,0.11111111,0.11111111,0.11111111
2014-08-19,0.090909086,0.090909086,0.090909086,0.090909086,0.54545456,0.090909086
2014-08-20,0.090909086,0.090909086,0.090909086,0.090909086,0.54545456,0.090909086
2014-08-21,0.11111111,0.44444445,0.11111111,0.11111111,0.11111111,0.11111111
2014-08-22,0.11111111,0.44444445,0.11111111,0.11111111,0.11111111,0.11111111
2014-08-25,0.16666667,0.16666667,0.16666667,0.16666667,0.16666667,0.16666667
2014-08-26,0.11111111,0.44444445,0.11111111,0.11111111,0.11111111,0.11111111
2014-08-27,0.15727551,0.15727882,0.15727651,0.15727551,0.15727551,0.21361808
2014-08-28,0.15727551,0.15727882,0.15727651,0.15727551,0.15727551,0.21361808
2014-08-29,0.11111111,0.44444445,0.11111111,0.11111111,0.11111111,0.11111111
2014-09-02,0.1666654,0.1666654,0.1666654,0.16667107,0.1666654,0.16666734
2014-09-03,0.37499997,0.125,0.125,0.12500001,0.125,0.12500001
2014-09-04,0.11111114,0.44444427,0.11111114,0.11111119,0.11111114,0.11111116
2014-09-05,0.11111114,0.4444442,0.11111114,0.11111121,0.11111114,0.11111117
2014-09-08,0.37499973,0.12500001,0.12500001,0.12500013,0.12500001,0.12500009
2014-09-09,0.16666013,0.16666013,0.16666013,0.16668938,0.16666013,0.1666701
2014-09-10,0.15727551,0.15727882,0.15727651,0.15727551,0.15727551,0.21361808
2014-09-11,0.090909086,0.090909086,0.090909086,0.090909086,0.54545456,0.090909086
2014-09-12,0.37500003,0.125,0.125,0.125,0.125,0.125
2014-09-15,0.090909086,0.090909086,0.090909086,0.090909086,0.54545456,0.090909086
2014-09-16,0.16666588,0.16666588,0.16666588,0.16666943,0.16666588,0.16666709
2014-09-17,0.16666652,0.16666652,0.16666652,0.16666718,0.16666652,0.16666673
2014-09-18,0.15727551,0.15727882,0.15727651,0.15727551,0.15727551,0.21361808
2014-09-19,0.16666664,0.16666664,0.16666664,0.16666673,0.16666664,0.16666669
2014-09-22,0.11111111,0.44444445,0.11111111,0.11111111,0.11111111,0.11111111
2014-09-23,0.11111111,0.44444445,0.11111111,0.11111111,0.11111111,0.11111111
2014-09-24,0.16666664,0.16666664,0.16666664,0.16666675,0.16666664,0.16666667
2014-09-25,0.090909086,0.090909086,0.090909086,0.090909086,0.54545456,0.090909086
2014-09-26,0.37500003,0.125,0.125,0.125,0.125,0.125
2014-09-29,0.15727551,0.15727882,0.15727651,0.15727551,0.15727551,0.21361808
2014-09-30,0.16666462,0.16666462,0.16666462,0.16667381,0.16666462,0.16666773
2014-10-01,0.15727551,0.15727882,0.15727651,0.15727551,0.15727551,0.21361808
2014-10-02,0.090909325,0.090909325,0.090909325,0.09090957,0.5454531,0.090909414
2014-10-03,0.1111118,0.44443935,0.1111118,0.11111307,0.1111118,0.11111224
2014-10-06,0.11111206,0.44443738,0.11111206,0.111113824,0.11111206,0.111112654
2014-10-07,0.11111305,0.44442993,0.11111305,0.11111666,0.11111305,0.11111428
2014-10-08,0.16661759,0.16661759,0.16661759,0.16683723,0.16661759,0.1666924
2014-10-09,0.09090971,0.09090971,0.09090971,0.09091036,0.54545057,0.09090992
2014-10-10,0.15727551,0.15727882,0.15727651,0.15727551,0.15727551,0.21361808
2014-10-13,0.16665143,0.16665143,0.16665143,0.16671962,0.16665143,0.16667466
2014-10-14,0.37499997,0.125,0.125,0.12500001,0.125,0.125
2014-10-15,0.090909086,0.090909086,0.090909086,0.090909086,0.54545456,0.090909086
2014-10-16,0.111111164,0.44444403,0.111111164,0.11111127,0.111111164,0.1111112
2014-10-17,0.16666661,0.16666661,0.16666661,0.16666685,0.16666661,0.16666669
2014-10-20,0.37500003,0.125,0.125,0.125,0.125,0.125
2014-10-21,0.16666667,0.16666667,0.16666667,0.16666667,0.16666667,0.16666667
2014-10-22,0.11111111,0.44444445,0.11111111,0.11111111,0.11111111,0.11111111
2014-10-23,0.16666667,0.16666667,0.16666667,0.16666667,0.16666667,0.16666667
2014-10-24,0.11111111,0.44444445,0.11111111,0.11111111,0.11111111,0.11111111
2014-10-27,0.090909086,0.090909086,0.090909086,0.090909086,0.54545456,0.090909086
2014-10-28,0.16666663,0.16666663,0.16666663,0.16666684,0.16666663,0.16666669
2014-10-29,0.111111216,0.44444358,0.111111216,0.11111142,0.111111216,0.11111128
2014-10-30,0.16666366,0.16666366,0.16666366,0.16667712,0.16666366,0.16666824
2014-10-31,0.15727551,0.15727882,0.15727651,0.15727551,0.15727551,0.21361808
2014-11-03,0.1666148,0.1666148,0.1666148,0.16684692,0.1666148,0.16669387
2014-11-04,0.090911366,0.090911366,0.090911366,0.09091371,0.5454401,0.09091216
2014-11-05,0.1664562,0.1664562,0.1664562,0.16739845,0.1664562,0.16677673
2014-11-06,0.11123373,0.44352403,0.11123373,0.11146292,0.11123373,0.111311786
2014-11-07,0.1660473,0.1660473,0.1660473,0.16882275,0.1660473,0.16698802
2014-11-10,0.37453085,0.12503934,0.12503934,0.12522094,0.12503938,0.12513013
2014-11-11,0.16612387,0.16612387,0.16612387,0.1685558,0.16612387,0.1669487
2014-11-12,0.09090912,0.09090912,0.09090912,0.090909146,0.5454544,0.09090912
2014-11-13,0.1111145,0.44441906,0.1111145,0.11112082,0.1111145,0.11111665
2014-11-14,0.090909086,0.090909086,0.090909086,0.090909086,0.54545456,0.090909086
2014-11-17,0.16661188,0.16661188,0.16661188,0.1668571,0.16661188,0.1666954
2014-11-18,0.090909086,0.090909086,0.090909086,0.090909086,0.54545456,0.090909086
2014-11-19,0.11111113,0.44444436,0.11111113,0.11111114,0.11111113,0.11111113
2014-11-20,0.37500003,0.125,0.125,0.125,0.125,0.125
2014-11-21,0.11111111,0.4444444,0.11111111,0.11111113,0.11111111,0.11111111
2014-11-24,0.37500003,0.125,0.125,0.125,0.125,0.125
2014-11-25,0.111111194,0.44444397,0.111111194,0.11111131,0.111111194,0.11111123
2014-11-26,0.1111112,0.4444438,0.1111112,0.11111137,0.1111112,0.11111125
2014-11-28,0.37500003,0.125,0.125,0.125,0.125,0.125
2014-12-01,0.16666552,0.16666552,0.16666552,0.16667062,0.16666552,0.16666725
2014-12-02,0.37499878,0.1250001,0.1250001,0.12500055,0.1250001,0.12500033
2014-12-03,0.16666374,0.16666374,0.16666374,0.16667685,0.16666374,0.1666682
2014-12-04,0.1111149,0.44441605,0.1111149,0.11112196,0.1111149,0.11111731
2014-12-05,0.37499896,0.12500009,0.12500009,0.1250005,0.12500009,0.1250003
2014-12-08,0.1666654,0.1666654,0.1666654,0.1666711,0.1666654,0.16666734
2014-12-09,0.1666655,0.1666655,0.1666655,0.16667074,0.1666655,0.1666673
2014-12-10,0.11111467,0.4444178,0.11111467,0.1111213,0.11111467,0.11111694
2014-12-11,0.16666661,0.16666661,0.16666661,0.16666685,0.16666661,0.16666669
2014-12-12,0.11118842,0.44386443,0.11118842,0.11133274,0.11118842,0.11123758
2014-12-15,0.15727551,0.15727882,0.15727651,0.15727551,0.15727551,0.21361808
2014-12-16,0.16666664,0.16666664,0.16666664,0.1666667,0.16666664,0.16666666
2014-12-17,0.090909086,0.090909086,0.090909086,0.090909086,0.54545456,0.090909086
2014-12-18,0.16666667,0.16666667,0.16666667,0.16666667,0.16666667,0.16666667
2014-12-19,0.15727551,0.15727882,0.15727651,0.15727551,0.15727551,0.21361808
2014-12-22,0.11111123,0.44444358,0.11111123,0.11111144,0.11111123,0.1111113
2014-12-23,0.15727551,0.15727882,0.15727651,0.15727551,0.15727551,0.21361808
2014-12-24,0.15727551,0.15727882,0.15727651,0.15727551,0.15727551,0.21361808
2014-12-26,0.15727551,0.15727882,0.15727651,0.15727551,0.15727551,0.21361808
2014-12-29,0.16666664,0.16666664,0.16666664,0.16666672,0.16666664,0.16666667
2014-12-30,0.15727551,0.15727882,0.15727651,0.15727551,0.15727551,0.21361808
2014-12-31,0.16666466,0.16666466,0.16666466,0.16667366,0.16666466,0.16666773
2015-01-02,0.15727551,0.15727882,0.15727651,0.15727551,0.15727551,0.21361808
2015-01-05,0.09090957,0.09090957,0.09090957,0.09091008,0.5454514,0.09090975
2015-01-06,0.16660024,0.16660024,0.16660024,0.16689754,0.16660024,0.16670151
2015-01-07,0.15727551,0.15727882,0.15727651,0.15727551,0.15727551,0.21361808
2015-01-08,0.090910174,0.090910174,0.090910174,0.09091131,0.5454476,0.09091058
2015-01-09,0.111275285,0.44321173,0.111275285,0.111582495,0.111275285,0.11137989
2015-01-12,0.37499875,0.1250001,0.1250001,0.1250006,0.1250001,0.12500034
2015-01-13,0.09090917,0.09090917,0.09090917,0.090909265,0.545454,0.090909205
2015-01-14,0.11112403,0.44434753,0.11112403,0.11114812,0.11112403,0.11113224
2015-01-15,0.16666663,0.16666663,0.16666663,0.16666678,0.16666663,0.16666669
2015-01-16,0.090909086,0.090909086,0.090909086,0.090909086,0.54545456,0.090909086
2015-01-20,0.16666667,0.16666667,0.16666667,0.16666669,0.16666667,0.16666667
2015-01-21,0.16666667,0.16666667,0.16666667,0.16666667,0.16666667,0.16666667
2015-01-22,0.16666667,0.16666667,0.16666667,0.16666667,0.16666667,0.16666667
2015-01-23,0.16666667,0.16666667,0.16666667,0.16666667,0.16666667,0.16666667
2015-01-26,0.15727551,0.15727882,0.15727651,0.15727551,0.15727551,0.21361808
2015-01-27,0.16666667,0.16666667,0.16666667,0.16666669,0.16666667,0.16666667
2015-01-28,0.11111276,0.44443205,0.11111276,0.11111583,0.11111276,0.1111138
2015-01-29,0.11112314,0.44435424,0.11112314,0.111145556,0.11112314,0.11113079
2015-01-30,0.16666411,0.16666411,0.16666411,0.16667557,0.16666411,0.16666801
2015-02-02,0.37498474,0.12500128,0.12500128,0.1250072,0.12500128,0.12500426
2015-02-03,0.09093912,0.09093912,0.09093912,0.09097022,0.5452627,0.09094972
2015-02-04,0.09095254,0.09095254,0.09095254,0.090997554,0.5451769,0.090967886
2015-02-05,0.15727551,0.15727882,0.15727651,0.15727551,0.15727551,0.21361808
2015-02-06,0.090961434,0.090961434,0.090961434,0.091015674,0.54512006,0.09097991
2015-02-09,0.16663691,0.16663691,0.16663691,0.16677003,0.16663691,0.16668227
2015-02-10,0.15727551,0.15727882,0.15727651,0.15727551,0.15727551,0.21361808
2015-02-11,0.16666356,0.16666356,0.16666356,0.16667749,0.16666356,0.16666831
2015-02-12,0.111112945,0.44443068,0.111112945,0.111116365,0.111112945,0.11111411
2015-02-13,0.16666643,0.16666643,0.16666643,0.16666748,0.16666643,0.16666679
2015-02-17,0.16666645,0.16666645,0.16666645,0.16666743,0.16666645,0.16666679
2015-02-18,0.16666658,0.16666658,0.16666658,0.16666698,0.16666658,0.16666672
2015-02-19,0.15727551,0.15727882,0.15727651,0.15727551,0.15727551,0.21361808
2015-02-20,0.11111111,0.44444445,0.11111111,0.11111111,0.11111111,0.11111111
2015-02-23,0.37500003,0.125,0.125,0.125,0.125,0.125
2015-02-24,0.15727551,0.15727882,0.15727651,0.15727551,0.15727551,0.21361808
2015-02-25,0.11111113,0.44444445,0.11111113,0.11111113,0.11111113,0.11111113
2015-02-26,0.090909086,0.090909086,0.090909086,0.090909086,0.54545456,0.090909086
2015-02-27,0.09090909,0.09090909,0.09090909,0.090909116,0.54545444,0.09090909
2015-03-02,0.16663632,0.16663632,0.16663632,0.16677214,0.16663632,0.1666826
2015-03-03,0.15727551,0.15727882,0.15727651,0.15727551,0.15727551,0.21361808
2015-03-04,0.090909295,0.090909295,0.090909295,0.090909496,0.54545325,0.09090937
2015-03-05,0.16662723,0.16662723,0.16662723,0.16680375,0.16662723,0.16668735
2015-03-06,0.111113064,0.44442979,0.111113064,0.11111671,0.111113064,0.11111431
2015-03-09,0.3749988,0.1250001,0.1250001,0.12500054,0.1250001,0.12500031
2015-03-10,0.11111339,0.4444274,0.11111339,0.11111763,0.11111339,0.11111484
2015-03-11,0.16662754,0.16662754,0.16662754,0.16680263,0.16662754,0.16668719
2015-03-12,0.15727551,0.15727882,0.15727651,0.15727551,0.15727551,0.21361808
2015-03-13,0.16663726,0.16663726,0.16663726,0.1667689,0.16663726,0.16668211
2015-03-16,0.15727551,0.15727882,0.15727651,0.15727551,0.15727551,0.21361808
2015-03-17,0.1666593,0.1666593,0.1666593,0.1666923,0.1666593,0.16667055
2015-03-18,0.37500003,0.125,0.125,0.125,0.125,0.125
2015-03-19,0.15727551,0.15727882,0.15727651,0.15727551,0.15727551,0.21361808
2015-03-20,0.15727551,0.15727882,0.15727651,0.15727551,0.15727551,0.21361808
2015-03-23,0.15727551,0.15727882,0.15727651,0.15727551,0.15727551,0.21361808
2015-03-24,0.11111144,0.444442,0.11111144,0.11111205,0.11111144,0.11111165
2015-03-25,0.37500003,0.125,0.125,0.125,0.125,0.125
2015-03-26,0.37500003,0.125,0.125,0.125,0.125,0.125
2015-03-27,0.16666111,0.16666111,0.16666111,0.16668601,0.16666111,0.16666959
2015-03-30,0.09090959,0.09090959,0.09090959,0.09091011,0.5454513,0.090909764
2015-03-31,0.1112123,0.44368505,0.1112123,0.111401334,0.1112123,0.111276686
2015-04-01,0.15727551,0.15727882,0.15727651,0.15727551,0.15727551,0.21361808
2015-04-02,0.09093696,0.09093696,0.09093696,0.09096583,0.54527646,0.0909468
2015-04-06,0.3748896,0.12500927,0.12500927,0.12505195,0.12500927,0.1250306
2015-04-07,0.09093274,0.09093274,0.09093274,0.090957254,0.54530346,0.09094109
2015-04-08,0.16659631,0.16659631,0.16659631,0.16691118,0.16659631,0.16670357
2015-04-09,0.37499508,0.12500042,0.12500042,0.12500232,0.12500042,0.12500137
2015-04-10,0.15727551,0.15727882,0.15727651,0.15727551,0.15727551,0.21361808
2015-04-13,0.37499997,0.12500001,0.12500001,0.12500004,0.12500001,0.12500003
2015-04-14,0.11111966,0.4443803,0.11111966,0.1111356,0.11111966,0.111125104
2015-04-15,0.37500003,0.125,0.125,0.125,0.125,0.125
2015-04-16,0.090909086,0.090909086,0.090909086,0.090909086,0.54545456,0.090909086
2015-04-17,0.16666664,0.16666664,0.16666664,0.16666676,0.16666664,0.16666669
2015-04-20,0.37500003,0.125,0.125,0.125,0.125,0.125
2015-04-21,0.16666666,0.16666666,0.16666666,0.16666669,0.16666666,0.16666669
2015-04-22,0.090909086,0.090909086,0.090909086,0.090909086,0.54545456,0.090909086
2015-04-23,0.11111111,0.44444445,0.11111111,0.11111111,0.11111111,0.11111111
2015-04-24,0.37500003,0.125,0.125,0.125,0.125,0.125
2015-04-27,0.15727551,0.15727882,0.15727651,0.15727551,0.15727551,0.21361808
2015-04-28,0.111111164,0.44444412,0.111111164,0.11111124,0.111111164,0.11111119
2015-04-29,0.15727551,0.15727882,0.15727651,0.15727551,0.15727551,0.21361808
2015-04-30,0.111113,0.44443032,0.111113,0.111116506,0.111113,0.11111419
2015-05-01,0.15727551,0.15727882,0.15727651,0.15727551,0.15727551,0.21361808
2015-05-04,0.16654278,0.16654278,0.16654278,0.1670973,0.16654278,0.16673157
2015-05-05,0.15727551,0.15727882,0.15727651,0.15727551,0.15727551,0.21361808
2015-05-06,0.111136906,0.44425106,0.111136906,0.111184984,0.111136906,0.11115328
2015-05-07,0.37494397,0.12500471,0.12500471,0.12502638,0.12500471,0.12501554
2015-05-08,0.090911046,0.090911046,0.090911046,0.09091308,0.5454421,0.090911746
2015-05-11,0.37499493,0.12500045,0.12500045,0.1250024,0.12500045,0.12500142
2015-05-12,0.374999,0.12500009,0.12500009,0.12500049,0.12500009,0.12500028
2015-05-13,0.37499988,0.12500001,0.12500001,0.12500004,0.12500001,0.12500003
2015-05-14,0.37500003,0.125,0.125,0.125,0.125,0.125
2015-05-15,0.37500003,0.125,0.125,0.125,0.125,0.125
2015-05-18,0.090909086,0.090909086,0.090909086,0.090909086,0.54545456,0.090909086
2015-05-19,0.11111111,0.44444445,0.11111111,0.11111111,0.11111111,0.11111111
2015-05-20,0.37500003,0.125,0.125,0.125,0.125,0.125
2015-05-21,0.16666664,0.16666664,0.16666664,0.1666667,0.16666664,0.16666667
2015-05-22,0.090909086,0.090909086,0.090909086,0.090909086,0.54545456,0.090909086
2015-05-26,0.11111111,0.44444445,0.11111111,0.11111111,0.11111111,0.11111111
2015-05-27,0.16666663,0.16666663,0.16666663,0.1666668,0.16666663,0.16666669
2015-05-28,0.11111111,0.4444444,0.11111111,0.11111113,0.11111111,0.11111111
2015-05-29,0.090909086,0.090909086,0.090909086,0.090909086,0.54545456,0.090909086
2015-06-01,0.37499642,0.12500028,0.12500028,0.12500168,0.12500028,0.12500098
2015-06-02,0.09090922,0.09090922,0.09090922,0.09090937,0.5454537,0.09090927
2015-06-03,0.1666522,0.1666522,0.1666522,0.16671695,0.1666522,0.16667427
2015-06-04,0.15727551,0.15727882,0.15727651,0.15727551,0.15727551,0.21361808
2015-06-05,0.37499708,0.12500024,0.12500024,0.1250014,0.12500024,0.1250008
2015-06-08,0.16664538,0.16664538,0.16664538,0.16674066,0.16664538,0.16667785
2015-06-09,0.15727551,0.15727882,0.15727651,0.15727551,0.15727551,0.21361808
2015-06-10,0.15727551,0.15727882,0.15727651,0.15727551,0.15727551,0.21361808
2015-06-11,0.15727551,0.15727882,0.15727651,0.15727551,0.15727551,0.21361808
2015-06-12,0.37499997,0.125,0.125,0.12500001,0.125,0.12500001
2015-06-15,0.111214936,0.4436653,0.111214936,0.11140888,0.111214936,0.111281
2015-06-16,0.1666644,0.1666644,0.1666644,0.16667454,0.1666644,0.16666786
2015-06-17,0.16666628,0.16666628,0.16666628,0.16666797,0.16666628,0.16666685
2015-06-18,0.16666655,0.16666655,0.16666655,0.16666704,0.16666655,0.16666672
2015-06-19,0.15727551,0.15727882,0.15727651,0.15727551,0.15727551,0.21361808
2015-06-22,0.090909086,0.090909086,0.090909086,0.090909086,0.54545456,0.090909086
2015-06-23,0.15727551,0.15727882,0.15727651,0.15727551,0.15727551,0.21361808
2015-06-24,0.15727551,0.15727882,0.15727651,0.15727551,0.15727551,0.21361808
2015-06-25,0.090909086,0.090909086,0.090909086,0.090909086,0.54545456,0.090909086
2015-06-26,0.11111113,0.44444445,0.11111113,0.11111113,0.11111113,0.11111113
2015-06-29,0.11111113,0.44444436,0.11111113,0.11111116,0.11111113,0.11111114
2015-06-30,0.09090909,0.09090909,0.09090909,0.090909116,0.54545444,0.09090909
2015-07-01,0.16665997,0.16665997,0.16665997,0.16668992,0.16665997,0.16667017
2015-07-02,0.11111288,0.44443116,0.11111288,0.11111618,0.11111288,0.111114
2015-07-06,0.3749922,0.12500064,0.12500064,0.12500368,0.12500064,0.12500216
2015-07-07,0.16665469,0.16665469,0.16665469,0.16670828,0.16665469,0.16667296
2015-07-08,0.09090913,0.09090913,0.09090913,0.09090918,0.5454542,0.09090915
2015-07-09,0.37499774,0.12500018,0.12500018,0.12500104,0.12500018,0.12500061
2015-07-10,0.09090909,0.09090909,0.09090909,0.090909116,0.54545444,0.09090909
2015-07-13,0.1666575,0.1666575,0.1666575,0.16669853,0.1666575,0.16667148
2015-07-14,0.37500003,0.125,0.125,0.125,0.125,0.125
2015-07-15,0.16666631,0.16666631,0.16666631,0.16666786,0.16666631,0.16666685
2015-07-16,0.37500003,0.125,0.125,0.125,0.125,0.125
2015-07-17,0.16666666,0.16666666,0.16666666,0.1666667,0.16666666,0.16666667
2015-07-20,0.16666666,0.16666666,0.16666666,0.16666669,0.16666666,0.16666669
2015-07-21,0.15727551,0.15727882,0.15727651,0.15727551,0.15727551,0.21361808
2015-07-22,0.090909086,0.090909086,0.090909086,0.090909086,0.54545456,0.090909086
2015-07-23,0.11111111,0.44444445,0.11111111,0.11111111,0.11111111,0.11111111
2015-07-24,0.11111111,0.44444445,0.11111111,0.11111111,0.11111111,0.11111111
2015-07-27,0.090909086,0.090909086,0.090909086,0.090909086,0.54545456,0.090909086
2015-07-28,0.090909086,0.090909086,0.090909086,0.090909086,0.54545456,0.090909086
2015-07-29,0.11111111,0.4444444,0.11111111,0.11111113,0.11111111,0.11111111
2015-07-30,0.1666642,0.1666642,0.1666642,0.16667525,0.1666642,0.16666795
2015-07-31,0.16665603,0.16665603,0.16665603,0.1667036,0.16665603,0.16667223
2015-08-03,0.37499982,0.12500001,0.12500001,0.12500009,0.12500001,0.12500006
2015-08-04,0.15727551,0.15727882,0.15727651,0.15727551,0.15727551,0.21361808
2015-08-05,0.15727551,0.15727882,0.15727651,0.15727551,0.15727551,0.21361808
2015-08-06,0.15727551,0.15727882,0.15727651,0.15727551,0.15727551,0.21361808
2015-08-07,0.15727551,0.15727882,0.15727651,0.15727551,0.15727551,0.21361808
2015-08-10,0.16660693,0.16660693,0.16660693,0.1668743,0.16660693,0.16669801
2015-08-11,0.09090912,0.09090912,0.09090912,0.090909146,0.5454544,0.09090912
2015-08-12,0.37500003,0.125,0.125,0.125,0.125,0.125
2015-08-13,0.16665699,0.16665699,0.16665699,0.16670026,0.16665699,0.16667175
2015-08-14,0.15727551,0.15727882,0.15727651,0.15727551,0.15727551,0.21361808
2015-08-17,0.111117445,0.44439697,0.111117445,0.11112924,0.111117445,0.11112145
2015-08-18,0.111111335,0.4444427,0.111111335,0.11111176,0.111111335,0.111111484
2015-08-19,0.16666663,0.16666663,0.16666663,0.1666668,0.16666663,0.16666669
2015-08-20,0.090909086,0.090909086,0.090909086,0.090909086,0.54545456,0.090909086
2015-08-21,0.15727551,0.15727882,0.15727651,0.15727551,0.15727551,0.21361808
2015-08-24,0.090909086,0.090909086,0.090909086,0.090909086,0.54545456,0.090909086
2015-08-25,0.15727551,0.15727882,0.15727651,0.15727551,0.15727551,0.21361808
2015-08-26,0.15727551,0.15727882,0.15727651,0.15727551,0.15727551,0.21361808
2015-08-27,0.090909086,0.090909086,0.090909086,0.090909086,0.54545456,0.090909086
2015-08-28,0.11111115,0.44444415,0.11111115,0.111111216,0.11111115,0.11111117
2015-08-31,0.09090909,0.09090909,0.09090909,0.090909116,0.54545444,0.09090909
2015-09-01,0.16666514,0.16666514,0.16666514,0.16667202,0.16666514,0.16666748
2015-09-02,0.37499923,0.12500007,0.12500007,0.12500039,0.12500007,0.12500024
2015-09-03,0.111112066,0.4444373,0.111112066,0.11111384,0.111112066,0.11111267
2015-09-04,0.111112274,0.44443575,0.111112274,0.11111443,0.111112274,0.11111301
2015-09-08,0.16665642,0.16665642,0.16665642,0.16670229,0.16665642,0.16667205
2015-09-09,0.16665779,0.16665779,0.16665779,0.16669753,0.16665779,0.16667135
2015-09-10,0.15727551,0.15727882,0.15727651,0.15727551,0.15727551,0.21361808
2015-09-11,0.11111129,0.44444302,0.11111129,0.11111163,0.11111129,0.11111141
2015-09-14,0.15727551,0.15727882,0.15727651,0.15727551,0.15727551,0.21361808
2015-09-15,0.090909086,0.090909086,0.090909086,0.090909086,0.54545456,0.090909086
2015-09-16,0.090909086,0.090909086,0.090909086,0.090909086,0.54545456,0.090909086
2015-09-17,0.37500003,0.125,0.125,0.125,0.125,0.125
2015-09-18,0.15727551,0.15727882,0.15727651,0.15727551,0.15727551,0.21361808
2015-09-21,0.15727551,0.15727882,0.15727651,0.15727551,0.15727551,0.21361808
2015-09-22,0.11111111,0.44444445,0.11111111,0.11111111,0.11111111,0.11111111
2015-09-23,0.090909086,0.090909086,0.090909086,0.090909086,0.54545456,0.090909086
2015-09-24,0.37500003,0.125,0.125,0.125,0.125,0.125
2015-09-25,0.37500003,0.125,0.125,0.125,0.125,0.125
2015-09-28,0.090909086,0.090909086,0.090909086,0.090909086,0.54545456,0.090909086
2015-09-29,0.15727551,0.15727882,0.15727651,0.15727551,0.15727551,0.21361808
2015-09-30,0.16666462,0.16666462,0.16666462,0.16667373,0.16666462,0.16666773
2015-10-01,0.15727551,0.15727882,0.15727651,0.15727551,0.15727551,0.21361808
2015-10-02,0.15727551,0.15727882,0.15727651,0.15727551,0.15727551,0.21361808
2015-10-05,0.16664658,0.16664658,0.16664658,0.16673644,0.16664658,0.1666772
2015-10-06,0.16663486,0.16663486,0.16663486,0.1667772,0.16663486,0.16668336
2015-10-07,0.37498415,0.12500134,0.12500134,0.12500748,0.12500134,0.1250044
2015-10-08,0.1666235,0.1666235,0.1666235,0.16681667,0.1666235,0.1666893
2015-10-09,0.37499857,0.12500012,0.12500012,0.12500067,0.12500012,0.12500039
2015-10-12,0.11112694,0.44432583,0.11112694,0.1111564,0.11112694,0.11113697
2015-10-13,0.090909086,0.090909086,0.090909086,0.090909086,0.54545456,0.090909086
2015-10-14,0.16666213,0.16666213,0.16666213,0.1666824,0.16666213,0.16666904
2015-10-15,0.11111241,0.44443464,0.11111241,0.11111484,0.11111241,0.111113235
2015-10-16,0.16666654,0.16666654,0.16666654,0.16666709,0.16666654,0.16666672
2015-10-19,0.090909086,0.090909086,0.090909086,0.090909086,0.54545456,0.090909086
2015-10-20,0.16666666,0.16666666,0.16666666,0.16666669,0.16666666,0.16666667
2015-10-21,0.11111111,0.44444445,0.11111111,0.11111111,0.11111111,0.11111111
2015-10-22,0.15727551,0.15727882,0.15727651,0.15727551,0.15727551,0.21361808
2015-10-23,0.15727551,0.15727882,0.15727651,0.15727551,0.15727551,0.21361808
2015-10-26,0.16666667,0.16666667,0.16666667,0.16666667,0.16666667,0.16666667
2015-10-27,0.15727551,0.15727882,0.15727651,0.15727551,0.15727551,0.21361808
2015-10-28,0.16666655,0.16666655,0.16666655,0.16666706,0.16666655,0.16666673
2015-10-29,0.15727551,0.15727882,0.15727651,0.15727551,0.15727551,0.21361808
2015-10-30,0.15727551,0.15727882,0.15727651,0.15727551,0.15727551,0.21361808
2015-11-02,0.09090935,0.09090935,0.09090935,0.090909615,0.5454529,0.09090944
2015-11-03,0.37492862,0.12500599,0.12500599,0.12503357,0.12500599,0.12501979
2015-11-04,0.09090973,0.09090973,0.09090973,0.09091039,0.54545045,0.090909965
2015-11-05,0.3745367,0.12503885,0.12503885,0.12521817,0.12503889,0.12512852
2015-11-06,0.16650365,0.16650365,0.16650365,0.16723342,0.16650365,0.166752
2015-11-09,0.15727551,0.15727882,0.15727651,0.15727551,0.15727551,0.21361808
2015-11-10,0.11132635,0.4428277,0.11132635,0.11172966,0.11132635,0.11146363
2015-11-11,0.15727551,0.15727882,0.15727651,0.15727551,0.15727551,0.21361808
2015-11-12,0.15727551,0.15727882,0.15727651,0.15727551,0.15727551,0.21361808
2015-11-13,0.37485015,0.12501259,0.12501259,0.12507056,0.1250126,0.12504157
2015-11-16,0.090909086,0.090909086,0.090909086,0.090909086,0.54545456,0.090909086
2015-11-17,0.15727551,0.15727882,0.15727651,0.15727551,0.15727551,0.21361808
2015-11-18,0.16660316,0.16660316,0.16660316,0.16688739,0.16660316,0.16669998
2015-11-19,0.15727551,0.15727882,0.15727651,0.15727551,0.15727551,0.21361808
2015-11-20,0.11112369,0.44435,0.11112369,0.11114717,0.11112369,0.111131705
2015-11-23,0.11112711,0.44432452,0.11112711,0.1111569,0.11112711,0.11113725
2015-11-24,0.111126736,0.4443272,0.111126736,0.11115585,0.111126736,0.11113665
2015-11-25,0.16665256,0.16665256,0.16665256,0.1667157,0.16665256,0.16667408
2015-11-27,0.15727551,0.15727882,0.15727651,0.15727551,0.15727551,0.21361808
2015-11-30,0.111136705,0.44425246,0.111136705,0.11118442,0.111136705,0.11115296
2015-12-01,0.37499836,0.12500015,0.12500015,0.12500079,0.12500015,0.12500048
2015-12-02,0.166544,0.166544,0.166544,0.16709308,0.166544,0.16673093
2015-12-03,0.0909094,0.0909094,0.0909094,0.090909734,0.5454524,0.09090952
2015-12-04,0.16652365,0.16652365,0.16652365,0.1671639,0.16652365,0.16674158
2015-12-07,0.16655599,0.16655599,0.16655599,0.16705143,0.16655599,0.16672467
2015-12-08,0.37499303,0.1250006,0.1250006,0.12500328,0.1250006,0.12500194
2015-12-09,0.11111329,0.44442812,0.11111329,0.111117356,0.11111329,0.111114666
2015-12-10,0.090909086,0.090909086,0.090909086,0.090909086,0.54545456,0.090909086
2015-12-11,0.15727551,0.15727882,0.15727651,0.15727551,0.15727551,0.21361808
2015-12-14,0.1666594,0.1666594,0.1666594,0.16669194,0.1666594,0.16667049
2015-12-15,0.090909086,0.090909086,0.090909086,0.090909086,0.54545456,0.090909086
2015-12-16,0.37500003,0.125,0.125,0.125,0.125,0.125
2015-12-17,0.37500003,0.125,0.125,0.125,0.125,0.125
2015-12-18,0.090909086,0.090909086,0.090909086,0.090909086,0.54545456,0.090909086
2015-12-21,0.37500003,0.125,0.125,0.125,0.125,0.125
2015-12-22,0.16666667,0.16666667,0.16666667,0.16666667,0.16666667,0.16666667
2015-12-23,0.090909086,0.090909086,0.090909086,0.090909086,0.54545456,0.090909086
2015-12-24,0.11111177,0.44443944,0.11111177,0.111113004,0.11111177,0.11111219
2015-12-28,0.15727551,0.15727882,0.15727651,0.15727551,0.15727551,0.21361808
2015-12-29,0.11111445,0.44441935,0.11111445,0.11112069,0.11111445,0.11111658
2015-12-30,0.090909086,0.090909086,0.090909086,0.090909086,0.54545456,0.090909086
2015-12-31,0.15727551,0.15727882,0.15727651,0.15727551,0.15727551,0.21361808
2016-01-04,0.16664954,0.16664954,0.16664954,0.1667262,0.16664954,0.16667567
2016-01-05,0.15727551,0.15727882,0.15727651,0.15727551,0.15727551,0.21361808
2016-01-06,0.09091148,0.09091148,0.09091148,0.09091396,0.5454393,0.09091233
2016-01-07,0.37413934,0.12507209,0.12507209,0.12540555,0.12507218,0.12523878
2016-01-08,0.15727551,0.15727882,0.15727651,0.15727551,0.15727551,0.21361808
2016-01-11,0.37478197,0.1250183,0.1250183,0.12510264,0.12501831,0.12506048
2016-01-12,0.15727551,0.15727882,0.15727651,0.15727551,0.15727551,0.21361808
2016-01-13,0.111184,0.44389763,0.111184,0.11132006,0.111184,0.11123034
2016-01-14,0.16666466,0.16666466,0.16666466,0.16667365,0.16666466,0.16666771
2016-01-15,0.16666643,0.16666643,0.16666643,0.16666745,0.16666643,0.16666678
2016-01-19,0.15727551,0.15727882,0.15727651,0.15727551,0.15727551,0.21361808
2016-01-20,0.090909086,0.090909086,0.090909086,0.090909086,0.54545456,0.090909086
2016-01-21,0.090909086,0.090909086,0.090909086,0.090909086,0.54545456,0.090909086
2016-01-22,0.090909086,0.090909086,0.090909086,0.090909086,0.54545456,0.090909086
2016-01-25,0.11111445,0.44441935,0.11111445,0.11112069,0.11111445,0.11111657
2016-01-26,0.090909086,0.090909086,0.090909086,0.090909086,0.54545456,0.090909086
2016-01-27,0.15727551,0.15727882,0.15727651,0.15727551,0.15727551,0.21361808
2016-01-28,0.16666582,0.16666582,0.16666582,0.16666958,0.16666582,0.1666671
2016-01-29,0.11133794,0.4427404,0.11133794,0.11176307,0.11133794,0.11148264
2016-02-01,0.37495705,0.1250036,0.1250036,0.12502022,0.1250036,0.12501192
2016-02-02,0.09112262,0.09112262,0.09112262,0.09134459,0.54408944,0.0911982
2016-02-03,0.091083586,0.091083586,0.091083586,0.091264844,0.54433906,0.09114532
2016-02-04,0.09099984,0.09099984,0.09099984,0.091093965,0.5448746,0.091031894
2016-02-05,0.11233831,0.43514442,0.11233831,0.114702225,0.11233832,0.1131384
2016-02-08,0.3749523,0.125004,0.125004,0.12502246,0.125004,0.12501323
2016-02-09,0.09091026,0.09091026,0.09091026,0.09091147,0.5454471,0.090910666
2016-02-10,0.11113558,0.44426098,0.11113558,0.11118116,0.11113558,0.11115111
2016-02-11,0.16666618,0.16666618,0.16666618,0.16666839,0.16666618,0.16666694
2016-02-12,0.15727551,0.15727882,0.15727651,0.15727551,0.15727551,0.21361808
2016-02-16,0.37500003,0.125,0.125,0.125,0.125,0.125
2016-02-17,0.16666666,0.16666666,0.16666666,0.1666667,0.16666666,0.16666667
2016-02-18,0.16666666,0.16666666,0.16666666,0.16666669,0.16666666,0.16666667
2016-02-19,0.111111216,0.4444437,0.111111216,0.1111114,0.111111216,0.11111128
2016-02-22,0.111111246,0.4444435,0.111111246,0.111111484,0.111111246,0.11111133
2016-02-23,0.090909086,0.090909086,0.090909086,0.090909086,0.54545456,0.090909086
2016-02-24,0.16666664,0.16666664,0.16666664,0.1666667,0.16666664,0.16666667
2016-02-25,0.37500003,0.125,0.125,0.125,0.125,0.125
2016-02-26,0.15727551,0.15727882,0.15727651,0.15727551,0.15727551,0.21361808
2016-02-29,0.37499997,0.125,0.125,0.12500001,0.125,0.125
2016-03-01,0.111129686,0.4443051,0.111129686,0.111164324,0.111129686,0.11114149
2016-03-02,0.09090947,0.09090947,0.09090947,0.09090989,0.545452,0.09090962
2016-03-03,0.11114635,0.44418,0.11114635,0.11121209,0.11114635,0.111168765
2016-03-04,0.15727551,0.15727882,0.15727651,0.15727551,0.15727551,0.21361808
2016-03-07,0.090909205,0.090909205,0.090909205,0.090909325,0.5454538,0.09090924
2016-03-08,0.15727551,0.15727882,0.15727651,0.15727551,0.15727551,0.21361808
2016-03-09,0.37499973,0.12500001,0.12500001,0.12500013,0.12500001,0.12500009
2016-03-10,0.090909086,0.090909086,0.090909086,0.090909086,0.54545456,0.090909086
2016-03-11,0.11112428,0.44434565,0.11112428,0.11114883,0.11112428,0.11113266
2016-03-14,0.16666655,0.16666655,0.16666655,0.16666704,0.16666655,0.16666672
2016-03-15,0.111111976,0.4444379,0.111111976,0.11111359,0.111111976,0.111112535
2016-03-16,0.16666666,0.16666666,0.16666666,0.1666667,0.16666666,0.16666667
2016-03-17,0.37500003,0.125,0.125,0.125,0.125,0.125
2016-03-18,0.11111111,0.4444444,0.11111111,0.11111113,0.11111111,0.11111111
2016-03-21,0.16666667,0.16666667,0.16666667,0.16666667,0.16666667,0.16666667
2016-03-22,0.090909086,0.090909086,0.090909086,0.090909086,0.54545456,0.090909086
2016-03-23,0.37500003,0.125,0.125,0.125,0.125,0.125
2016-03-24,0.16666666,0.16666666,0.16666666,0.1666667,0.16666666,0.16666667
2016-03-28,0.090909086,0.090909086,0.090909086,0.090909086,0.54545456,0.090909086
2016-03-29,0.15727551,0.15727882,0.15727651,0.15727551,0.15727551,0.21361808
2016-03-30,0.09090912,0.09090912,0.09090912,0.090909146,0.5454544,0.09090912
2016-03-31,0.15727551,0.15727882,0.15727651,0.15727551,0.15727551,0.21361808
2016-04-01,0.09091407,0.09091407,0.09091407,0.090919234,0.5454227,0.09091583
2016-04-04,0.15727551,0.15727882,0.15727651,0.15727551,0.15727551,0.21361808
2016-04-05,0.15727551,0.15727882,0.15727651,0.15727551,0.15727551,0.21361808
2016-04-06,0.37487403,0.12501056,0.12501056,0.12505929,0.12501058,0.12503494
2016-04-07,0.1661704,0.1661704,0.1661704,0.16839366,0.1661704,0.16692476
2016-04-08,0.11284843,0.431218,0.11284843,0.11624278,0.112848446,0.11399393
2016-04-11,0.37499738,0.12500022,0.12500022,0.12500124,0.12500022,0.12500073
2016-04-12,0.09090923,0.09090923,0.09090923,0.09090938,0.54545367,0.09090929
2016-04-13,0.15727551,0.15727882,0.15727651,0.15727551,0.15727551,0.21361808
2016-04-14,0.15727551,0.15727882,0.15727651,0.15727551,0.15727551,0.21361808
2016-04-15,0.16666628,0.16666628,0.16666628,0.16666798,0.16666628,0.16666687
2016-04-18,0.1111125,0.444434,0.1111125,0.11111509,0.1111125,0.111113384
2016-04-19,0.090909086,0.090909086,0.090909086,0.090909086,0.54545456,0.090909086
2016-04-20,0.16666666,0.16666666,0.16666666,0.1666667,0.16666666,0.16666667
2016-04-21,0.37500003,0.125,0.125,0.125,0.125,0.125
2016-04-22,0.37500003,0.125,0.125,0.125,0.125,0.125
2016-04-25,0.11111128,0.44444317,0.11111128,0.1111116,0.11111128,0.11111139
2016-04-26,0.16666661,0.16666661,0.16666661,0.16666688,0.16666661,0.1666667
2016-04-27,0.16666643,0.16666643,0.16666643,0.16666746,0.16666643,0.16666678
2016-04-28,0.090909086,0.090909086,0.090909086,0.090909086,0.54545456,0.090909086
2016-04-29,0.09090915,0.09090915,0.09090915,0.09090922,0.5454542,0.090909176
2016-05-02,0.09090989,0.09090989,0.09090989,0.0909107,0.54544955,0.090910174
2016-05-03,0.11112258,0.44435847,0.11112258,0.111143954,0.11112258,0.11112987
2016-05-04,0.15727551,0.15727882,0.15727651,0.15727551,0.15727551,0.21361808
2016-05-05,0.111114174,0.44442147,0.111114174,0.11111988,0.111114174,0.11111612
2016-05-06,0.15727551,0.15727882,0.15727651,0.15727551,0.15727551,0.21361808
2016-05-09,0.16662842,0.16662842,0.16662842,0.16679962,0.16662842,0.16668674
2016-05-10,0.37499902,0.12500006,0.12500006,0.12500046,0.12500006,0.12500027
2016-05-11,0.37499988,0.12500001,0.12500001,0.12500004,0.12500001,0.12500003
2016-05-12,0.1666642,0.1666642,0.1666642,0.16667525,0.1666642,0.16666797
2016-05-13,0.37500003,0.125,0.125,0.125,0.125,0.125
2016-05-16,0.16666636,0.16666636,0.16666636,0.16666773,0.16666636,0.16666682
2016-05-17,0.37500003,0.125,0.125,0.125,0.125,0.125
2016-05-18,0.11111115,0.44444415,0.11111115,0.111111216,0.11111115,0.11111117
2016-05-19,0.16666664,0.16666664,0.16666664,0.1666667,0.16666664,0.16666667
2016-05-20,0.16666664,0.16666664,0.16666664,0.1666667,0.16666664,0.16666667
2016-05-23,0.111111335,0.4444427,0.111111335,0.111111775,0.111111335,0.111111484
2016-05-24,0.090909086,0.090909086,0.090909086,0.090909086,0.54545456,0.090909086
2016-05-25,0.090909086,0.090909086,0.090909086,0.090909086,0.54545456,0.090909086
2016-05-26,0.16666654,0.16666654,0.16666654,0.16666713,0.16666654,0.16666673
2016-05-27,0.090909086,0.090909086,0.090909086,0.090909086,0.54545456,0.090909086
2016-05-31,0.09090912,0.09090912,0.09090912,0.090909176,0.5454544,0.090909146
2016-06-01,0.11111384,0.444424,0.11111384,0.11111893,0.11111384,0.111115575
2016-06-02,0.1666276,0.1666276,0.1666276,0.16680242,0.1666276,0.16668716
2016-06-03,0.11111469,0.4444177,0.11111469,0.111121334,0.11111469,0.11111695
2016-06-06,0.11111431,0.44442043,0.11111431,0.11112027,0.11111431,0.111116335
2016-06-07,0.37499312,0.12500058,0.12500058,0.12500325,0.12500058,0.1250019
2016-06-08,0.15727551,0.15727882,0.15727651,0.15727551,0.15727551,0.21361808
2016-06-09,0.09090909,0.09090909,0.09090909,0.090909116,0.54545444,0.09090909
2016-06-10,0.15727551,0.15727882,0.15727651,0.15727551,0.15727551,0.21361808
2016-06-13,0.090909086,0.090909086,0.090909086,0.090909086,0.54545456,0.090909086
2016-06-14,0.111112274,0.44443575,0.111112274,0.11111443,0.111112274,0.11111301
2016-06-15,0.11111118,0.44444397,0.11111118,0.1111113,0.11111118,0.111111216
2016-06-16,0.37500003,0.125,0.125,0.125,0.125,0.125
2016-06-17,0.090909086,0.090909086,0.090909086,0.090909086,0.54545456,0.090909086
2016-06-20,0.11111111,0.44444445,0.11111111,0.11111111,0.11111111,0.11111111
2016-06-21,0.37500003,0.125,0.125,0.125,0.125,0.125
2016-06-22,0.37500003,0.125,0.125,0.125,0.125,0.125
2016-06-23,0.37500003,0.125,0.125,0.125,0.125,0.125
2016-06-24,0.090909086,0.090909086,0.090909086,0.090909086,0.54545456,0.090909086
2016-06-27,0.090909086,0.090909086,0.090909086,0.090909086,0.54545456,0.090909086
2016-06-28,0.11111111,0.44444445,0.11111111,0.11111111,0.11111111,0.11111111
2016-06-29,0.15727551,0.15727882,0.15727651,0.15727551,0.15727551,0.21361808
2016-06-30,0.37500003,0.125,0.125,0.125,0.125,0.125
2016-07-01,0.16666134,0.16666134,0.16666134,0.16668516,0.16666134,0.16666946
2016-07-05,0.3749997,0.12500001,0.12500001,0.12500015,0.12500001,0.12500009
2016-07-06,0.16665897,0.16665897,0.16665897,0.16669343,0.16665897,0.16667071
2016-07-07,0.15727551,0.15727882,0.15727651,0.15727551,0.15727551,0.21361808
2016-07-08,0.09090918,0.09090918,0.09090918,0.09090928,0.54545397,0.09090923
2016-07-11,0.15727551,0.15727882,0.15727651,0.15727551,0.15727551,0.21361808
2016-07-12,0.16666622,0.16666622,0.16666622,0.16666819,0.16666622,0.1666669
2016-07-13,0.15727551,0.15727882,0.15727651,0.15727551,0.15727551,0.21361808
2016-07-14,0.37500003,0.125,0.125,0.125,0.125,0.125
2016-07-15,0.15727551,0.15727882,0.15727651,0.15727551,0.15727551,0.21361808
2016-07-18,0.37500003,0.125,0.125,0.125,0.125,0.125
2016-07-19,0.15727551,0.15727882,0.15727651,0.15727551,0.15727551,0.21361808
2016-07-20,0.15727551,0.15727882,0.15727651,0.15727551,0.15727551,0.21361808
2016-07-21,0.11111111,0.44444445,0.11111111,0.11111111,0.11111111,0.11111111
2016-07-22,0.090909086,0.090909086,0.090909086,0.090909086,0.54545456,0.090909086
2016-07-25,0.11111111,0.44444445,0.11111111,0.11111111,0.11111111,0.11111111
2016-07-26,0.11111111,0.44444445,0.11111111,0.11111111,0.11111111,0.11111111
2016-07-27,0.37500003,0.125,0.125,0.125,0.125,0.125
2016-07-28,0.37500003,0.125,0.125,0.125,0.125,0.125
2016-07-29,0.16666643,0.16666643,0.16666643,0.16666749,0.16666643,0.16666679
2016-08-01,0.11111166,0.4444404,0.11111166,0.11111267,0.11111166,0.111112006
2016-08-02,0.15727551,0.15727882,0.15727651,0.15727551,0.15727551,0.21361808
2016-08-03,0.090909086,0.090909086,0.090909086,0.090909086,0.54545456,0.090909086
2016-08-04,0.11111367,0.44442528,0.11111367,0.11111843,0.11111367,0.111115284
2016-08-05,0.15727551,0.15727882,0.15727651,0.15727551,0.15727551,0.21361808
2016-08-08,0.11113723,0.44424862,0.11113723,0.11118593,0.11113723,0.111153826
2016-08-09,0.111171916,0.44398838,0.111171916,0.11128537,0.111171916,0.11121058
2016-08-10,0.15727551,0.15727882,0.15727651,0.15727551,0.15727551,0.21361808
2016-08-11,0.090909086,0.090909086,0.090909086,0.090909086,0.54545456,0.090909086
2016-08-12,0.15727551,0.15727882,0.15727651,0.15727551,0.15727551,0.21361808
2016-08-15,0.15727551,0.15727882,0.15727651,0.15727551,0.15727551,0.21361808
2016-08-16,0.11111239,0.44443473,0.11111239,0.11111479,0.11111239,0.11111321
2016-08-17,0.16666667,0.16666667,0.16666667,0.16666667,0.16666667,0.16666667
2016-08-18,0.090909086,0.090909086,0.090909086,0.090909086,0.54545456,0.090909086
2016-08-19,0.37500003,0.125,0.125,0.125,0.125,0.125
2016-08-22,0.11111111,0.44444445,0.11111111,0.11111111,0.11111111,0.11111111
2016-08-23,0.37500003,0.125,0.125,0.125,0.125,0.125
2016-08-24,0.15727551,0.15727882,0.15727651,0.15727551,0.15727551,0.21361808
2016-08-25,0.16666667,0.16666667,0.16666667,0.16666667,0.16666667,0.16666667
2016-08-26,0.090909086,0.090909086,0.090909086,0.090909086,0.54545456,0.090909086
2016-08-29,0.37500003,0.125,0.125,0.125,0.125,0.125
2016-08-30,0.090909086,0.090909086,0.090909086,0.090909086,0.54545456,0.090909086
2016-08-31,0.15727551,0.15727882,0.15727651,0.15727551,0.15727551,0.21361808
2016-09-01,0.37499982,0.12500001,0.12500001,0.12500009,0.12500001,0.12500003
2016-09-02,0.16665632,0.16665632,0.16665632,0.1667027,0.16665632,0.16667213
2016-09-06,0.11111151,0.44444147,0.11111151,0.11111224,0.11111151,0.11111176
2016-09-07,0.09090915,0.09090915,0.09090915,0.09090923,0.5454541,0.090909176
2016-09-08,0.09090915,0.09090915,0.09090915,0.09090922,0.5454541,0.090909176
2016-09-09,0.11114121,0.44421872,0.11114121,0.11119732,0.11114121,0.11116033
2016-09-12,0.16666044,0.16666044,0.16666044,0.1666883,0.16666044,0.16666993
2016-09-13,0.11115756,0.44409612,0.11115756,0.11124418,0.11115756,0.11118707
2016-09-14,0.15727551,0.15727882,0.15727651,0.15727551,0.15727551,0.21361808
2016-09-15,0.16666663,0.16666663,0.16666663,0.16666682,0.16666663,0.1666667
2016-09-16,0.37500003,0.125,0.125,0.125,0.125,0.125
2016-09-19,0.16666667,0.16666667,0.16666667,0.16666667,0.16666667,0.16666667
2016-09-20,0.16666667,0.16666667,0.16666667,0.16666667,0.16666667,0.16666667
2016-09-21,0.16666667,0.16666667,0.16666667,0.16666667,0.16666667,0.16666667
2016-09-22,0.090909086,0.090909086,0.090909086,0.090909086,0.54545456,0.090909086
2016-09-23,0.37500003,0.125,0.125,0.125,0.125,0.125
2016-09-26,0.11111111,0.44444445,0.11111111,0.11111111,0.11111111,0.11111111
2016-09-27,0.37500003,0.125,0.125,0.125,0.125,0.125
2016-09-28,0.111111164,0.44444406,0.111111164,0.11111125,0.111111164,0.11111119
2016-09-29,0.37500003,0.125,0.125,0.125,0.125,0.125
2016-09-30,0.09090909,0.09090909,0.09090909,0.090909116,0.54545444,0.09090909
2016-10-03,0.37499943,0.12500003,0.12500003,0.12500028,0.12500003,0.12500016
2016-10-04,0.3749983,0.12500015,0.12500015,0.12500082,0.12500015,0.12500048
2016-10-05,0.09090926,0.09090926,0.09090926,0.090909414,0.54545355,0.0909093
2016-10-06,0.09090943,0.09090943,0.09090943,0.09090978,0.54545236,0.090909556
2016-10-07,0.37499577,0.12500036,0.12500036,0.125002,0.12500036,0.12500118
2016-10-10,0.15727551,0.15727882,0.15727651,0.15727551,0.15727551,0.21361808
2016-10-11,0.11113114,0.4442943,0.11113114,0.11116846,0.11113114,0.11114385
2016-10-12,0.16664602,0.16664602,0.16664602,0.16673838,0.16664602,0.16667749
2016-10-13,0.09090909,0.09090909,0.09090909,0.09090909,0.54545444,0.09090909
2016-10-14,0.16665918,0.16665918,0.16665918,0.16669269,0.16665918,0.16667059
2016-10-17,0.090909086,0.090909086,0.090909086,0.090909086,0.54545456,0.090909086
2016-10-18,0.15727551,0.15727882,0.15727651,0.15727551,0.15727551,0.21361808
2016-10-19,0.090909086,0.090909086,0.090909086,0.090909086,0.54545456,0.090909086
2016-10-20,0.37500003,0.125,0.125,0.125,0.125,0.125
2016-10-21,0.37500003,0.125,0.125,0.125,0.125,0.125
2016-10-24,0.11111137,0.44444248,0.11111137,0.11111185,0.11111137,0.11111153
2016-10-25,0.090909086,0.090909086,0.090909086,0.090909086,0.54545456,0.090909086
2016-10-26,0.090909086,0.090909086,0.090909086,0.090909086,0.54545456,0.090909086
2016-10-27,0.11111251,0.44443384,0.11111251,0.11111515,0.11111251,0.111113414
2016-10-28,0.09090912,0.09090912,0.09090912,0.090909146,0.5454544,0.09090912
2016-10-31,0.37499923,0.12500007,0.12500007,0.12500039,0.12500007,0.12500024
2016-11-01,0.3749896,0.12500086,0.12500086,0.12500489,0.12500086,0.12500288
2016-11-02,0.090910465,0.090910465,0.090910465,0.09091188,0.5454458,0.090910956
2016-11-03,0.09091082,0.09091082,0.09091082,0.09091261,0.5454435,0.09091143
2016-11-04,0.16658296,0.16658296,0.16658296,0.16695762,0.16658296,0.16671054
2016-11-07,0.16657184,0.16657184,0.16657184,0.16699626,0.16657184,0.16671637
2016-11-08,0.16662447,0.16662447,0.16662447,0.16681333,0.16662447,0.1666888
2016-11-09,0.15727551,0.15727882,0.15727651,0.15727551,0.15727551,0.21361808
2016-11-10,0.37499928,0.12500006,0.12500006,0.12500033,0.12500006,0.1250002
2016-11-11,0.09090912,0.09090912,0.09090912,0.090909146,0.5454544,0.09090912
2016-11-14,0.09090913,0.09090913,0.09090913,0.09090918,0.5454542,0.09090915
2016-11-15,0.114550136,0.41783744,0.114550136,0.1216049,0.114550166,0.11690718
2016-11-16,0.15727551,0.15727882,0.15727651,0.15727551,0.15727551,0.21361808
2016-11-17,0.111204214,0.4437457,0.111204214,0.11137813,0.111204214,0.11126345
2016-11-18,0.37500003,0.125,0.125,0.125,0.125,0.125
2016-11-21,0.37500003,0.125,0.125,0.125,0.125,0.125
2016-11-22,0.15727551,0.15727882,0.15727651,0.15727551,0.15727551,0.21361808
2016-11-23,0.11111161,0.44444078,0.11111161,0.11111253,0.11111161,0.11111192
2016-11-25,0.090909086,0.090909086,0.090909086,0.090909086,0.54545456,0.090909086
2016-11-28,0.37500003,0.125,0.125,0.125,0.125,0.125
2016-11-29,0.16666338,0.16666338,0.16666338,0.16667813,0.16666338,0.16666842
2016-11-30,0.15727551,0.15727882,0.15727651,0.15727551,0.15727551,0.21361808
2016-12-01,0.09090924,0.09090924,0.09090924,0.09090941,0.54545355,0.090909295
2016-12-02,0.15727551,0.15727882,0.15727651,0.15727551,0.15727551,0.21361808
2016-12-05,0.09090928,0.09090928,0.09090928,0.09090947,0.54545337,0.090909354
2016-12-06,0.11118735,0.44387245,0.11118735,0.11132966,0.11118735,0.111235835
2016-12-07,0.373989,0.12508465,0.12508464,0.12547654,0.12508473,0.12528051
2016-12-08,0.111116625,0.4444032,0.111116625,0.11112688,0.111116625,0.11112012
2016-12-09,0.15727551,0.15727882,0.15727651,0.15727551,0.15727551,0.21361808
2016-12-12,0.1666281,0.1666281,0.1666281,0.1668006,0.1666281,0.16668689
2016-12-13,0.16663697,0.16663697,0.16663697,0.1667698,0.16663697,0.16668223
2016-12-14,0.090909086,0.090909086,0.090909086,0.090909086,0.54545456,0.090909086
2016-12-15,0.11111111,0.44444445,0.11111111,0.11111111,0.11111111,0.11111111
2016-12-16,0.090909086,0.090909086,0.090909086,0.090909086,0.54545456,0.090909086
2016-12-19,0.090909086,0.090909086,0.090909086,0.090909086,0.54545456,0.090909086
2016-12-20,0.090909086,0.090909086,0.090909086,0.090909086,0.54545456,0.090909086
2016-12-21,0.15727551,0.15727882,0.15727651,0.15727551,0.15727551,0.21361808
2016-12-22,0.37500003,0.125,0.125,0.125,0.125,0.125
2016-12-23,0.090909086,0.090909086,0.090909086,0.090909086,0.54545456,0.090909086
2016-12-27,0.37500003,0.125,0.125,0.125,0.125,0.125
2016-12-28,0.15727551,0.15727882,0.15727651,0.15727551,0.15727551,0.21361808
2016-12-29,0.15727551,0.15727882,0.15727651,0.15727551,0.15727551,0.21361808
2016-12-30,0.37499985,0.12500001,0.12500001,0.12500006,0.12500001,0.12500003
2017-01-03,0.37499255,0.12500063,0.12500063,0.12500352,0.12500063,0.12500207
2017-01-04,0.11111663,0.44440305,0.11111663,0.11112691,0.11111663,0.11112013
2017-01-05,0.37489298,0.12500899,0.12500899,0.12505038,0.125009,0.12502968
2017-01-06,0.09090921,0.09090921,0.09090921,0.09090933,0.5454538,0.09090925
2017-01-09,0.09090929,0.09090929,0.09090929,0.090909496,0.54545325,0.09090936
2017-01-10,0.15727551,0.15727882,0.15727651,0.15727551,0.15727551,0.21361808
2017-01-11,0.15727551,0.15727882,0.15727651,0.15727551,0.15727551,0.21361808
2017-01-12,0.16665953,0.16665953,0.16665953,0.16669145,0.16665953,0.16667041
2017-01-13,0.16666466,0.16666466,0.16666466,0.16667363,0.16666466,0.16666771
2017-01-17,0.111113966,0.44442296,0.111113966,0.11111929,0.111113966,0.11111578
2017-01-18,0.16666639,0.16666639,0.16666639,0.16666764,0.16666639,0.1666668
2017-01-19,0.16666657,0.16666657,0.16666657,0.16666701,0.16666657,0.16666672
2017-01-20,0.37500003,0.125,0.125,0.125,0.125,0.125
2017-01-23,0.16666664,0.16666664,0.16666664,0.1666667,0.16666664,0.16666667
2017-01-24,0.11111174,0.44443974,0.11111174,0.1111129,0.11111174,0.11111213
2017-01-25,0.11111203,0.44443762,0.11111203,0.11111372,0.11111203,0.11111261
2017-01-26,0.16666661,0.16666661,0.16666661,0.16666687,0.16666661,0.1666667
2017-01-27,0.09090912,0.09090912,0.09090912,0.09090917,0.5454544,0.090909146
2017-01-30,0.16666348,0.16666348,0.16666348,0.16667773,0.16666348,0.16666834
2017-01-31,0.15727551,0.15727882,0.15727651,0.15727551,0.15727551,0.21361808
2017-02-01,0.11133493,0.44276324,0.11133493,0.111754365,0.11133493,0.11147769
2017-02-02,0.09091998,0.09091998,0.09091998,0.09093127,0.5453848,0.09092383
2017-02-03,0.3743643,0.12505329,0.12505329,0.12529947,0.12505335,0.12517636
2017-02-06,0.11167964,0.44016093,0.11167964,0.11275516,0.11167964,0.11204501
2017-02-07,0.3746702,0.12502769,0.12502769,0.12515529,0.12502772,0.1250915
2017-02-08,0.111616194,0.44064102,0.111616194,0.11257008,0.111616194,0.11194036
2017-02-09,0.1666562,0.1666562,0.1666562,0.16670308,0.1666562,0.16667217
2017-02-10,0.090909086,0.090909086,0.090909086,0.090909086,0.54545456,0.090909086
2017-02-13,0.090909086,0.090909086,0.090909086,0.090909086,0.54545456,0.090909086
2017-02-14,0.16666657,0.16666657,0.16666657,0.16666701,0.16666657,0.16666672
2017-02-15,0.16666666,0.16666666,0.16666666,0.16666675,0.16666666,0.16666669
2017-02-16,0.15727551,0.15727882,0.15727651,0.15727551,0.15727551,0.21361808
2017-02-17,0.090909086,0.090909086,0.090909086,0.090909086,0.54545456,0.090909086
2017-02-21,0.37500003,0.125,0.125,0.125,0.125,0.125
2017-02-22,0.15727551,0.15727882,0.15727651,0.15727551,0.15727551,0.21361808
2017-02-23,0.16666667,0.16666667,0.16666667,0.16666667,0.16666667,0.16666667
2017-02-24,0.15727551,0.15727882,0.15727651,0.15727551,0.15727551,0.21361808
2017-02-27,0.37500003,0.125,0.125,0.125,0.125,0.125
2017-02-28,0.37500003,0.125,0.125,0.125,0.125,0.125
2017-03-01,0.111112185,0.44443643,0.111112185,0.11111417,0.111112185,0.111112855
2017-03-02,0.16666561,0.16666561,0.16666561,0.16667026,0.16666561,0.1666672
2017-03-03,0.15727551,0.15727882,0.15727651,0.15727551,0.15727551,0.21361808
2017-03-06,0.11112191,0.44436345,0.11112191,0.11114203,0.11112191,0.11112876
2017-03-07,0.09090909,0.09090909,0.09090909,0.090909116,0.54545444,0.09090909
2017-03-08,0.37499955,0.12500004,0.12500004,0.12500021,0.12500004,0.12500013
2017-03-09,0.37499982,0.12500001,0.12500001,0.12500009,0.12500001,0.12500006
2017-03-10,0.37499997,0.12500001,0.12500001,0.12500004,0.12500001,0.12500003
2017-03-13,0.15727551,0.15727882,0.15727651,0.15727551,0.15727551,0.21361808
2017-03-14,0.16666575,0.16666575,0.16666575,0.16666985,0.16666575,0.16666713
2017-03-15,0.37500003,0.125,0.125,0.125,0.125,0.125
2017-03-16,0.111111306,0.444443,0.111111306,0.11111166,0.111111306,0.111111425
2017-03-17,0.16666663,0.16666663,0.16666663,0.16666678,0.16666663,0.16666669
2017-03-20,0.15727551,0.15727882,0.15727651,0.15727551,0.15727551,0.21361808
2017-03-21,0.15727551,0.15727882,0.15727651,0.15727551,0.15727551,0.21361808
2017-03-22,0.090909086,0.090909086,0.090909086,0.090909086,0.54545456,0.090909086
2017-03-23,0.1111112,0.4444438,0.1111112,0.11111136,0.1111112,0.11111125
2017-03-24,0.111111306,0.444443,0.111111306,0.11111166,0.111111306,0.111111425
2017-03-27,0.090909086,0.090909086,0.090909086,0.090909086,0.54545456,0.090909086
2017-03-28,0.090909086,0.090909086,0.090909086,0.090909086,0.54545456,0.090909086
2017-03-29,0.11113176,0.44428957,0.11113176,0.111170225,0.11113176,0.11114487
2017-03-30,0.11121546,0.44366142,0.11121546,0.11141039,0.11121546,0.11128184
2017-03-31,0.15727551,0.15727882,0.15727651,0.15727551,0.15727551,0.21361808
2017-04-03,0.15727551,0.15727882,0.15727651,0.15727551,0.15727551,0.21361808
2017-04-04,0.15727551,0.15727882,0.15727651,0.15727551,0.15727551,0.21361808
2017-04-05,0.15727551,0.15727882,0.15727651,0.15727551,0.15727551,0.21361808
2017-04-06,0.37479484,0.12501721,0.12501721,0.12509659,0.12501723,0.12505691
2017-04-07,0.15727551,0.15727882,0.15727651,0.15727551,0.15727551,0.21361808
2017-04-10,0.37496343,0.12500307,0.12500307,0.12501723,0.12500307,0.12501013
2017-04-11,0.37498876,0.12500095,0.12500095,0.12500529,0.12500095,0.12500311
2017-04-12,0.16663666,0.16663666,0.16663666,0.16677098,0.16663666,0.16668242
2017-04-13,0.16665745,0.16665745,0.16665745,0.16669868,0.16665745,0.16667148
2017-04-17,0.11111928,0.44438317,0.11111928,0.11113451,0.11111928,0.11112447
2017-04-18,0.15727551,0.15727882,0.15727651,0.15727551,0.15727551,0.21361808
2017-04-19,0.16666645,0.16666645,0.16666645,0.1666674,0.16666645,0.16666678
2017-04-20,0.15727551,0.15727882,0.15727651,0.15727551,0.15727551,0.21361808
2017-04-21,0.15727551,0.15727882,0.15727651,0.15727551,0.15727551,0.21361808
2017-04-24,0.16666658,0.16666658,0.16666658,0.166667,0.16666658,0.16666672
2017-04-25,0.111111194,0.44444382,0.111111194,0.11111136,0.111111194,0.111111246
2017-04-26,0.37500003,0.125,0.125,0.125,0.125,0.125
2017-04-27,0.16666584,0.16666584,0.16666584,0.16666953,0.16666584,0.16666709
2017-04-28,0.37499988,0.12500001,0.12500001,0.12500004,0.12500001,0.12500001
2017-05-01,0.11112484,0.44434148,0.11112484,0.11115044,0.11112484,0.11113357
2017-05-02,0.3749949,0.12500043,0.12500043,0.12500243,0.12500043,0.12500145
2017-05-03,0.3749947,0.12500045,0.12500045,0.12500252,0.12500045,0.12500148
2017-05-04,0.15727551,0.15727882,0.15727651,0.15727551,0.15727551,0.21361808
2017-05-05,0.16661088,0.16661088,0.16661088,0.16686058,0.16661088,0.16669594
2017-05-08,0.16661048,0.16661048,0.16661048,0.16686194,0.16661048,0.16669615
2017-05-09,0.37499923,0.12500006,0.12500006,0.12500037,0.12500006,0.12500021
2017-05-10,0.37499985,0.12500001,0.12500001,0.12500006,0.12500001,0.12500003
2017-05-11,0.15727551,0.15727882,0.15727651,0.15727551,0.15727551,0.21361808
2017-05-12,0.37499997,0.12500001,0.12500001,0.12500004,0.12500001,0.12500003
2017-05-15,0.15727551,0.15727882,0.15727651,0.15727551,0.15727551,0.21361808
2017-05-16,0.090909086,0.090909086,0.090909086,0.090909086,0.54545456,0.090909086
2017-05-17,0.11112884,0.4443116,0.11112884,0.11116185,0.11112884,0.11114008
2017-05-18,0.15727551,0.15727882,0.15727651,0.15727551,0.15727551,0.21361808
2017-05-19,0.090909086,0.090909086,0.090909086,0.090909086,0.54545456,0.090909086
2017-05-22,0.090909086,0.090909086,0.090909086,0.090909086,0.54545456,0.090909086
2017-05-23,0.37500003,0.125,0.125,0.125,0.125,0.125
2017-05-24,0.090909086,0.090909086,0.090909086,0.090909086,0.54545456,0.090909086
2017-05-25,0.15727551,0.15727882,0.15727651,0.15727551,0.15727551,0.21361808
2017-05-26,0.37500003,0.125,0.125,0.125,0.125,0.125
2017-05-30,0.16666606,0.16666606,0.16666606,0.16666882,0.16666606,0.166667
2017-05-31,0.37499997,0.125,0.125,0.12500001,0.125,0.125
2017-06-01,0.15727551,0.15727882,0.15727651,0.15727551,0.15727551,0.21361808
2017-06-02,0.16664532,0.16664532,0.16664532,0.16674088,0.16664532,0.16667788
2017-06-05,0.1111154,0.44441223,0.1111154,0.111123405,0.1111154,0.11111813
2017-06-06,0.111114815,0.4444166,0.111114815,0.11112173,0.111114815,0.11111717
2017-06-07,0.16663806,0.16663806,0.16663806,0.16676605,0.16663806,0.16668166
2017-06-08,0.16664787,0.16664787,0.16664787,0.166732,0.16664787,0.16667654
2017-06-09,0.090909086,0.090909086,0.090909086,0.090909086,0.54545456,0.090909086
2017-06-12,0.11117095,0.44399557,0.11117095,0.1112826,0.11117095,0.11120899
2017-06-13,0.16666503,0.16666503,0.16666503,0.16667236,0.16666503,0.16666752
2017-06-14,0.11111826,0.44439077,0.11111826,0.11113158,0.11111826,0.1111228
2017-06-15,0.16666663,0.16666663,0.16666663,0.16666682,0.16666663,0.1666667
2017-06-16,0.16666666,0.16666666,0.16666666,0.16666669,0.16666666,0.16666667
2017-06-19,0.11111111,0.4444444,0.11111111,0.11111113,0.11111111,0.11111111
2017-06-20,0.090909086,0.090909086,0.090909086,0.090909086,0.54545456,0.090909086
2017-06-21,0.37500003,0.125,0.125,0.125,0.125,0.125
2017-06-22,0.15727551,0.15727882,0.15727651,0.15727551,0.15727551,0.21361808
2017-06-23,0.16666666,0.16666666,0.16666666,0.16666669,0.16666666,0.16666669
2017-06-26,0.090909086,0.090909086,0.090909086,0.090909086,0.54545456,0.090909086
2017-06-27,0.11111111,0.4444444,0.11111111,0.11111113,0.11111111,0.11111111
2017-06-28,0.15727551,0.15727882,0.15727651,0.15727551,0.15727551,0.21361808
2017-06-29,0.090909086,0.090909086,0.090909086,0.090909086,0.54545456,0.090909086
2017-06-30,0.11111338,0.44442743,0.11111338,0.1111176,0.11111338,0.11111482
2017-07-03,0.1666536,0.1666536,0.1666536,0.16671212,0.1666536,0.16667354
2017-07-05,0.11112326,0.44435337,0.11112326,0.1111459,0.11112326,0.111130975
2017-07-06,0.15727551,0.15727882,0.15727651,0.15727551,0.15727551,0.21361808
2017-07-07,0.15727551,0.15727882,0.15727651,0.15727551,0.15727551,0.21361808
2017-07-10,0.15727551,0.15727882,0.15727651,0.15727551,0.15727551,0.21361808
2017-07-11,0.1666534,0.1666534,0.1666534,0.16671275,0.1666534,0.16667363
2017-07-12,0.11111996,0.44437814,0.11111996,0.11113645,0.11111996,0.11112558
2017-07-13,0.090909086,0.090909086,0.090909086,0.090909086,0.54545456,0.090909086
2017-07-14,0.37500003,0.125,0.125,0.125,0.125,0.125
2017-07-17,0.16666631,0.16666631,0.16666631,0.16666792,0.16666631,0.16666685
2017-07-18,0.37500003,0.125,0.125,0.125,0.125,0.125
2017-07-19,0.16666663,0.16666663,0.16666663,0.16666685,0.16666663,0.1666667
2017-07-20,0.16666664,0.16666664,0.16666664,0.16666678,0.16666664,0.16666669
2017-07-21,0.16666664,0.16666664,0.16666664,0.1666667,0.16666664,0.16666666
2017-07-24,0.16666666,0.16666666,0.16666666,0.1666667,0.16666666,0.16666667
2017-07-25,0.15727551,0.15727882,0.15727651,0.15727551,0.15727551,0.21361808
2017-07-26,0.090909086,0.090909086,0.090909086,0.090909086,0.54545456,0.090909086
2017-07-27,0.37500003,0.125,0.125,0.125,0.125,0.125
2017-07-28,0.37500003,0.125,0.125,0.125,0.125,0.125
2017-07-31,0.090909086,0.090909086,0.090909086,0.090909086,0.54545456,0.090909086
2017-08-01,0.090909086,0.090909086,0.090909086,0.090909086,0.54545456,0.090909086
2017-08-02,0.090909086,0.090909086,0.090909086,0.090909086,0.54545456,0.090909086
2017-08-03,0.111111335,0.44444284,0.111111335,0.11111173,0.111111335,0.11111146
2017-08-04,0.37499982,0.12500001,0.12500001,0.12500009,0.12500001,0.12500006
2017-08-07,0.37499973,0.12500001,0.12500001,0.12500013,0.12500001,0.12500009
2017-08-08,0.090909086,0.090909086,0.090909086,0.090909086,0.54545456,0.090909086
2017-08-09,0.111112565,0.4444335,0.111112565,0.11111527,0.111112565,0.11111349
2017-08-10,0.11111244,0.44443455,0.11111244,0.111114904,0.11111244,0.11111327
2017-08-11,0.15727551,0.15727882,0.15727651,0.15727551,0.15727551,0.21361808
2017-08-14,0.16666646,0.16666646,0.16666646,0.1666674,0.16666646,0.16666678
2017-08-15,0.37500003,0.125,0.125,0.125,0.125,0.125
2017-08-16,0.37500003,0.125,0.125,0.125,0.125,0.125
2017-08-17,0.37500003,0.125,0.125,0.125,0.125,0.125
2017-08-18,0.15727551,0.15727882,0.15727651,0.15727551,0.15727551,0.21361808
2017-08-21,0.37500003,0.125,0.125,0.125,0.125,0.125
2017-08-22,0.15727551,0.15727882,0.15727651,0.15727551,0.15727551,0.21361808
2017-08-23,0.15727551,0.15727882,0.15727651,0.15727551,0.15727551,0.21361808
2017-08-24,0.37500003,0.125,0.125,0.125,0.125,0.125
2017-08-25,0.15727551,0.15727882,0.15727651,0.15727551,0.15727551,0.21361808
2017-08-28,0.090909086,0.090909086,0.090909086,0.090909086,0.54545456,0.090909086
2017-08-29,0.15727551,0.15727882,0.15727651,0.15727551,0.15727551,0.21361808
2017-08-30,0.16666652,0.16666652,0.16666652,0.16666715,0.16666652,0.16666673
2017-08-31,0.37500003,0.125,0.125,0.125,0.125,0.125
2017-09-01,0.16666459,0.16666459,0.16666459,0.1666739,0.16666459,0.16666776
2017-09-05,0.15727551,0.15727882,0.15727651,0.15727551,0.15727551,0.21361808
2017-09-06,0.15727551,0.15727882,0.15727651,0.15727551,0.15727551,0.21361808
2017-09-07,0.16666086,0.16666086,0.16666086,0.16668682,0.16666086,0.16666971
2017-09-08,0.09090909,0.09090909,0.09090909,0.090909116,0.54545444,0.09090909
2017-09-11,0.11111403,0.4444225,0.11111403,0.111119494,0.11111403,0.11111589
2017-09-12,0.37499997,0.12500001,0.12500001,0.12500004,0.12500001,0.12500003
2017-09-13,0.090909086,0.090909086,0.090909086,0.090909086,0.54545456,0.090909086
2017-09-14,0.16666664,0.16666664,0.16666664,0.16666678,0.16666664,0.16666669
2017-09-15,0.37500003,0.125,0.125,0.125,0.125,0.125
2017-09-18,0.16666667,0.16666667,0.16666667,0.16666667,0.16666667,0.16666667
2017-09-19,0.15727551,0.15727882,0.15727651,0.15727551,0.15727551,0.21361808
2017-09-20,0.16666667,0.16666667,0.16666667,0.16666667,0.16666667,0.16666667
2017-09-21,0.11111111,0.44444445,0.11111111,0.11111111,0.11111111,0.11111111
2017-09-22,0.090909086,0.090909086,0.090909086,0.090909086,0.54545456,0.090909086
2017-09-25,0.15727551,0.15727882,0.15727651,0.15727551,0.15727551,0.21361808
2017-09-26,0.37500003,0.125,0.125,0.125,0.125,0.125
2017-09-27,0.11111113,0.4444443,0.11111113,0.11111117,0.11111113,0.11111114
2017-09-28,0.37500003,0.125,0.125,0.125,0.125,0.125
2017-09-29,0.37500003,0.125,0.125,0.125,0.125,0.125
2017-10-02,0.16665831,0.16665831,0.16665831,0.1666957,0.16665831,0.16667104
2017-10-03,0.15727551,0.15727882,0.15727651,0.15727551,0.15727551,0.21361808
2017-10-04,0.37499794,0.12500018,0.12500018,0.12500098,0.12500018,0.12500058
2017-10-05,0.15727551,0.15727882,0.15727651,0.15727551,0.15727551,0.21361808
2017-10-06,0.15727551,0.15727882,0.15727651,0.15727551,0.15727551,0.21361808
2017-10-09,0.15727551,0.15727882,0.15727651,0.15727551,0.15727551,0.21361808
2017-10-10,0.11115304,0.44412997,0.11115304,0.11123122,0.11115304,0.11117968
2017-10-11,0.16664907,0.16664907,0.16664907,0.16672781,0.16664907,0.1666759
2017-10-12,0.15727551,0.15727882,0.15727651,0.15727551,0.15727551,0.21361808
2017-10-13,0.111952156,0.43809244,0.111952156,0.11355512,0.111952186,0.11249589
2017-10-16,0.16662835,0.16662835,0.16662835,0.16679984,0.16662835,0.16668677
2017-10-17,0.37500003,0.125,0.125,0.125,0.125,0.125
2017-10-18,0.15727551,0.15727882,0.15727651,0.15727551,0.15727551,0.21361808
2017-10-19,0.15727551,0.15727882,0.15727651,0.15727551,0.15727551,0.21361808
2017-10-20,0.11111291,0.44443098,0.11111291,0.11111626,0.11111291,0.11111405
2017-10-23,0.16666661,0.16666661,0.16666661,0.16666688,0.16666661,0.1666667
2017-10-24,0.15727551,0.15727882,0.15727651,0.15727551,0.15727551,0.21361808
2017-10-25,0.37500003,0.125,0.125,0.125,0.125,0.125
2017-10-26,0.090909086,0.090909086,0.090909086,0.090909086,0.54545456,0.090909086
2017-10-27,0.15727551,0.15727882,0.15727651,0.15727551,0.15727551,0.21361808
2017-10-30,0.111123204,0.4443537,0.111123204,0.11114576,0.111123204,0.1111309
2017-10-31,0.16664234,0.16664234,0.16664234,0.16675124,0.16664234,0.16667946
2017-11-01,0.37498185,0.12500152,0.12500152,0.12500851,0.12500152,0.12500502
2017-11-02,0.15727551,0.15727882,0.15727651,0.15727551,0.15727551,0.21361808
2017-11-03,0.111158065,0.44409227,0.111158065,0.111245655,0.111158065,0.111187905
2017-11-06,0.1111678,0.44401917,0.1111678,0.11127359,0.1111678,0.11120385
2017-11-07,0.3747916,0.1250175,0.1250175,0.12509811,0.12501751,0.12505782
2017-11-08,0.3749393,0.1250051,0.1250051,0.1250286,0.1250051,0.12501684
2017-11-09,0.15727551,0.15727882,0.15727651,0.15727551,0.15727551,0.21361808
2017-11-10,0.3749989,0.12500009,0.12500009,0.1250005,0.12500009,0.12500028
2017-11-13,0.15727551,0.15727882,0.15727651,0.15727551,0.15727551,0.21361808
2017-11-14,0.15727551,0.15727882,0.15727651,0.15727551,0.15727551,0.21361808
2017-11-15,0.15727551,0.15727882,0.15727651,0.15727551,0.15727551,0.21361808
2017-11-16,0.16666642,0.16666642,0.16666642,0.16666752,0.16666642,0.16666679
2017-11-17,0.15727551,0.15727882,0.15727651,0.15727551,0.15727551,0.21361808
2017-11-20,0.11111111,0.44444445,0.11111111,0.11111111,0.11111111,0.11111111
2017-11-21,0.37500003,0.125,0.125,0.125,0.125,0.125
2017-11-22,0.37500003,0.125,0.125,0.125,0.125,0.125
2017-11-24,0.15727551,0.15727882,0.15727651,0.15727551,0.15727551,0.21361808
2017-11-27,0.111111164,0.44444412,0.111111164,0.11111124,0.111111164,0.11111119
2017-11-28,0.090909086,0.090909086,0.090909086,0.090909086,0.54545456,0.090909086
2017-11-29,0.111112356,0.44443503,0.111112356,0.11111469,0.111112356,0.11111315
2017-11-30,0.16666538,0.16666538,0.16666538,0.16667117,0.16666538,0.16666734
2017-12-01,0.16665256,0.16665256,0.16665256,0.1667157,0.16665256,0.16667409
2017-12-04,0.09090929,0.09090929,0.09090929,0.090909496,0.54545325,0.09090935
2017-12-05,0.16662955,0.16662955,0.16662955,0.16679564,0.16662955,0.16668615
2017-12-06,0.15727551,0.15727882,0.15727651,0.15727551,0.15727551,0.21361808
2017-12-07,0.11112693,0.4443259,0.11112693,0.1111564,0.11112693,0.11113697
2017-12-08,0.09090912,0.09090912,0.09090912,0.090909146,0.5454544,0.09090912
2017-12-11,0.1666578,0.1666578,0.1666578,0.16669746,0.1666578,0.16667132
2017-12-12,0.3749997,0.12500001,0.12500001,0.12500015,0.12500001,0.12500009
2017-12-13,0.090909086,0.090909086,0.090909086,0.090909086,0.54545456,0.090909086
2017-12-14,0.090909086,0.090909086,0.090909086,0.090909086,0.54545456,0.090909086
2017-12-15,0.090909086,0.090909086,0.090909086,0.090909086,0.54545456,0.090909086
2017-12-18,0.15727551,0.15727882,0.15727651,0.15727551,0.15727551,0.21361808
2017-12-19,0.090909086,0.090909086,0.090909086,0.090909086,0.54545456,0.090909086
2017-12-20,0.11111111,0.4444444,0.11111111,0.11111113,0.11111111,0.11111111
2017-12-21,0.15727551,0.15727882,0.15727651,0.15727551,0.15727551,0.21361808
2017-12-22,0.090909086,0.090909086,0.090909086,0.090909086,0.54545456,0.090909086
2017-12-26,0.11111118,0.44444394,0.11111118,0.11111131,0.11111118,0.11111122
2017-12-27,0.15727551,0.15727882,0.15727651,0.15727551,0.15727551,0.21361808
2017-12-28,0.15727551,0.15727882,0.15727651,0.15727551,0.15727551,0.21361808
2017-12-29,0.16666654,0.16666654,0.16666654,0.16666707,0.16666654,0.16666672
2018-01-02,0.16666605,0.16666605,0.16666605,0.16666886,0.16666605,0.16666701
2018-01-03,0.1666639,0.1666639,0.1666639,0.16667625,0.1666639,0.16666812
2018-01-04,0.11112859,0.44431338,0.11112859,0.11116118,0.11112859,0.11113969
2018-01-05,0.1666624,0.1666624,0.1666624,0.16668156,0.1666624,0.16666892
2018-01-08,0.16666178,0.16666178,0.16666178,0.1666836,0.16666178,0.16666922
2018-01-09,0.111133404,0.44427723,0.111133404,0.111174956,0.111133404,0.11114756
2018-01-10,0.37499687,0.12500025,0.12500025,0.12500145,0.12500025,0.12500083
2018-01-11,0.090909086,0.090909086,0.090909086,0.090909086,0.54545456,0.090909086
2018-01-12,0.090909086,0.090909086,0.090909086,0.090909086,0.54545456,0.090909086
2018-01-16,0.090909086,0.090909086,0.090909086,0.090909086,0.54545456,0.090909086
2018-01-17,0.15727551,0.15727882,0.15727651,0.15727551,0.15727551,0.21361808
2018-01-18,0.16666664,0.16666664,0.16666664,0.1666667,0.16666664,0.16666667
2018-01-19,0.16666666,0.16666666,0.16666666,0.16666669,0.16666666,0.16666667
2018-01-22,0.37500003,0.125,0.125,0.125,0.125,0.125
2018-01-23,0.15727551,0.15727882,0.15727651,0.15727551,0.15727551,0.21361808
2018-01-24,0.11111167,0.44444022,0.11111167,0.111112714,0.11111167,0.11111203
2018-01-25,0.11111242,0.44443455,0.11111242,0.111114874,0.11111242,0.11111326
2018-01-26,0.16666642,0.16666642,0.16666642,0.16666752,0.16666642,0.1666668
2018-01-29,0.11111627,0.44440573,0.11111627,0.11112589,0.11111627,0.11111954
2018-01-30,0.16665874,0.16665874,0.16665874,0.16669416,0.16665874,0.16667081
2018-01-31,0.37488112,0.12500998,0.12500998,0.12505597,0.12501,0.12503298
2018-02-01,0.090909764,0.090909764,0.090909764,0.09091045,0.5454503,0.090909995
2018-02-02,0.15727551,0.15727882,0.15727651,0.15727551,0.15727551,0.21361808
2018-02-05,0.15727551,0.15727882,0.15727651,0.15727551,0.15727551,0.21361808
2018-02-06,0.37308642,0.12515974,0.12515973,0.12590316,0.12515989,0.12553105
2018-02-07,0.1116101,0.44068706,0.1116101,0.11255232,0.1116101,0.11193032
2018-02-08,0.090910524,0.090910524,0.090910524,0.09091202,0.5454453,0.09091103
2018-02-09,0.11136519,0.44253516,0.11136519,0.11184181,0.11136519,0.1115274
2018-02-12,0.15727551,0.15727882,0.15727651,0.15727551,0.15727551,0.21361808
2018-02-13,0.090909086,0.090909086,0.090909086,0.090909086,0.54545456,0.090909086
2018-02-14,0.090909086,0.090909086,0.090909086,0.090909086,0.54545456,0.090909086
2018-02-15,0.15727551,0.15727882,0.15727651,0.15727551,0.15727551,0.21361808
2018-02-16,0.11111111,0.4444444,0.11111111,0.11111113,0.11111111,0.11111111
2018-02-20,0.37500003,0.125,0.125,0.125,0.125,0.125
2018-02-21,0.15727551,0.15727882,0.15727651,0.15727551,0.15727551,0.21361808
2018-02-22,0.37500003,0.125,0.125,0.125,0.125,0.125
2018-02-23,0.090909086,0.090909086,0.090909086,0.090909086,0.54545456,0.090909086
2018-02-26,0.090909086,0.090909086,0.090909086,0.090909086,0.54545456,0.090909086
2018-02-27,0.16666666,0.16666666,0.16666666,0.1666667,0.16666666,0.16666667
2018-02-28,0.090909086,0.090909086,0.090909086,0.090909086,0.54545456,0.090909086
2018-03-01,0.11111475,0.44441712,0.11111475,0.11112153,0.11111475,0.111117065
2018-03-02,0.090909086,0.090909086,0.090909086,0.090909086,0.54545456,0.090909086
2018-03-05,0.11112382,0.4443491,0.11112382,0.111147515,0.11112382,0.1111319
2018-03-06,0.1666584,0.1666584,0.1666584,0.16669542,0.1666584,0.16667101
2018-03-07,0.09090909,0.09090909,0.09090909,0.090909116,0.54545444,0.09090909
2018-03-08,0.3749854,0.12500124,0.12500124,0.12500688,0.12500124,0.12500408
2018-03-09,0.37499407,0.12500049,0.12500049,0.12500279,0.12500049,0.12500164
2018-03-12,0.090909086,0.090909086,0.090909086,0.090909086,0.54545456,0.090909086
2018-03-13,0.15727551,0.15727882,0.15727651,0.15727551,0.15727551,0.21361808
2018-03-14,0.15727551,0.15727882,0.15727651,0.15727551,0.15727551,0.21361808
2018-03-15,0.090909086,0.090909086,0.090909086,0.090909086,0.54545456,0.090909086
2018-03-16,0.090909086,0.090909086,0.090909086,0.090909086,0.54545456,0.090909086
2018-03-19,0.37500003,0.125,0.125,0.125,0.125,0.125
2018-03-20,0.16666667,0.16666667,0.16666667,0.16666667,0.16666667,0.16666667
2018-03-21,0.16666667,0.16666667,0.16666667,0.16666667,0.16666667,0.16666667
2018-03-22,0.15727551,0.15727882,0.15727651,0.15727551,0.15727551,0.21361808
2018-03-23,0.16666667,0.16666667,0.16666667,0.16666667,0.16666667,0.16666667
2018-03-26,0.11111111,0.4444444,0.11111111,0.11111113,0.11111111,0.11111111
2018-03-27,0.37500003,0.125,0.125,0.125,0.125,0.125
2018-03-28,0.090909086,0.090909086,0.090909086,0.090909086,0.54545456,0.090909086
2018-03-29,0.16666374,0.16666374,0.16666374,0.16667682,0.16666374,0.16666819
2018-04-02,0.16664103,0.16664103,0.16664103,0.1667558,0.16664103,0.16668013
2018-04-03,0.09091004,0.09091004,0.09091004,0.09091104,0.54544854,0.09091038
2018-04-04,0.3748449,0.12501301,0.12501301,0.12507299,0.12501302,0.125043
2018-04-05,0.15727551,0.15727882,0.15727651,0.15727551,0.15727551,0.21361808
2018-04-06,0.11116814,0.44401664,0.11116814,0.111274555,0.11116814,0.11120439
2018-04-09,0.15727551,0.15727882,0.15727651,0.15727551,0.15727551,0.21361808
2018-04-10,0.3749692,0.12500258,0.12500258,0.1250145,0.12500258,0.12500854
2018-04-11,0.15727551,0.15727882,0.15727651,0.15727551,0.15727551,0.21361808
2018-04-12,0.16666098,0.16666098,0.16666098,0.16668646,0.16666098,0.16666965
2018-04-13,0.37499925,0.12500006,0.12500006,0.12500034,0.12500006,0.12500021
2018-04-16,0.090909086,0.090909086,0.090909086,0.090909086,0.54545456,0.090909086
2018-04-17,0.37500003,0.125,0.125,0.125,0.125,0.125
2018-04-18,0.37500003,0.125,0.125,0.125,0.125,0.125
2018-04-19,0.1111114,0.44444233,0.1111114,0.11111193,0.1111114,0.11111159
2018-04-20,0.15727551,0.15727882,0.15727651,0.15727551,0.15727551,0.21361808
2018-04-23,0.15727551,0.15727882,0.15727651,0.15727551,0.15727551,0.21361808
2018-04-24,0.11111128,0.44444317,0.11111128,0.1111116,0.11111128,0.11111139
2018-04-25,0.16666652,0.16666652,0.16666652,0.16666715,0.16666652,0.16666673
2018-04-26,0.11111128,0.44444317,0.11111128,0.1111116,0.11111128,0.11111139
2018-04-27,0.111111596,0.44444066,0.111111596,0.11111253,0.111111596,0.11111192
2018-04-30,0.15727551,0.15727882,0.15727651,0.15727551,0.15727551,0.21361808
2018-05-01,0.3749517,0.12500404,0.12500404,0.12502274,0.12500404,0.1250134
2018-05-02,0.111122645,0.44435796,0.111122645,0.111144155,0.111122645,0.111129984
2018-05-03,0.37475738,0.12502035,0.12502035,0.1251142,0.12502038,0.1250673
2018-05-04,0.16658582,0.16658582,0.16658582,0.16694763,0.16658582,0.16670905
2018-05-07,0.37479013,0.12501763,0.12501763,0.12509882,0.12501764,0.12505823
2018-05-08,0.37487715,0.12501033,0.12501033,0.12505782,0.12501034,0.12503408
2018-05-09,0.11112013,0.44437683,0.11112013,0.11113693,0.11112013,0.11112584
2018-05-10,0.37498617,0.12500116,0.12500116,0.1250065,0.12500116,0.12500381
2018-05-11,0.3749854,0.12500122,0.12500122,0.12500684,0.12500122,0.12500402
2018-05-14,0.37497658,0.12500197,0.12500197,0.12501103,0.12500197,0.1250065
2018-05-15,0.090909086,0.090909086,0.090909086,0.090909086,0.54545456,0.090909086
2018-05-16,0.16666599,0.16666599,0.16666599,0.16666906,0.16666599,0.16666703
2018-05-17,0.37500003,0.125,0.125,0.125,0.125,0.125
2018-05-18,0.37500003,0.125,0.125,0.125,0.125,0.125
2018-05-21,0.11111111,0.44444445,0.11111111,0.11111111,0.11111111,0.11111111
2018-05-22,0.090909086,0.090909086,0.090909086,0.090909086,0.54545456,0.090909086
2018-05-23,0.16666664,0.16666664,0.16666664,0.1666668,0.16666664,0.16666669
2018-05-24,0.15727551,0.15727882,0.15727651,0.15727551,0.15727551,0.21361808
2018-05-25,0.15727551,0.15727882,0.15727651,0.15727551,0.15727551,0.21361808
2018-05-29,0.16666654,0.16666654,0.16666654,0.16666712,0.16666654,0.16666675
2018-05-30,0.15727551,0.15727882,0.15727651,0.15727551,0.15727551,0.21361808
2018-05-31,0.16665784,0.16665784,0.16665784,0.16669737,0.16665784,0.1666713
2018-06-01,0.09090916,0.09090916,0.09090916,0.09090924,0.5454541,0.090909176
2018-06-04,0.37481204,0.12501578,0.12501578,0.12508848,0.1250158,0.12505214
2018-06-05,0.11111427,0.4444208,0.11111427,0.11112016,0.11111427,0.111116275
2018-06-06,0.16656646,0.16656646,0.16656646,0.16701497,0.16656646,0.16671918
2018-06-07,0.16658227,0.16658227,0.16658227,0.16695999,0.16658227,0.1667109
2018-06-08,0.090909116,0.090909116,0.090909116,0.09090913,0.54545444,0.09090913
2018-06-11,0.1666435,0.1666435,0.1666435,0.16674718,0.1666435,0.16667883
2018-06-12,0.37499812,0.12500016,0.12500016,0.12500091,0.12500016,0.12500055
2018-06-13,0.16666006,0.16666006,0.16666006,0.16668963,0.16666006,0.16667014
2018-06-14,0.090909086,0.090909086,0.090909086,0.090909086,0.54545456,0.090909086
2018-06-15,0.15727551,0.15727882,0.15727651,0.15727551,0.15727551,0.21361808
2018-06-18,0.11111111,0.44444445,0.11111111,0.11111111,0.11111111,0.11111111
2018-06-19,0.16666664,0.16666664,0.16666664,0.16666672,0.16666664,0.16666667
2018-06-20,0.090909086,0.090909086,0.090909086,0.090909086,0.54545456,0.090909086
2018-06-21,0.15727551,0.15727882,0.15727651,0.15727551,0.15727551,0.21361808
2018-06-22,0.37500003,0.125,0.125,0.125,0.125,0.125
2018-06-25,0.11111111,0.44444445,0.11111111,0.11111111,0.11111111,0.11111111
2018-06-26,0.090909086,0.090909086,0.090909086,0.090909086,0.54545456,0.090909086
2018-06-27,0.090909086,0.090909086,0.090909086,0.090909086,0.54545456,0.090909086
2018-06-28,0.37500003,0.125,0.125,0.125,0.125,0.125
2018-06-29,0.090909086,0.090909086,0.090909086,0.090909086,0.54545456,0.090909086
2018-07-02,0.11111478,0.44441703,0.11111478,0.11112158,0.11111478,0.111117095
2018-07-03,0.16665542,0.16665542,0.16665542,0.16670576,0.16665542,0.16667257
2018-07-05,0.16665179,0.16665179,0.16665179,0.16671842,0.16665179,0.16667448
2018-07-06,0.16665074,0.16665074,0.16665074,0.166722,0.16665074,0.16667503
2018-07-09,0.11111263,0.444433,0.11111263,0.111115485,0.11111263,0.1111136
2018-07-10,0.37499836,0.12500015,0.12500015,0.12500079,0.12500015,0.12500048
2018-07-11,0.090909086,0.090909086,0.090909086,0.090909086,0.54545456,0.090909086
2018-07-12,0.090909086,0.090909086,0.090909086,0.090909086,0.54545456,0.090909086
2018-07-13,0.11111154,0.44444135,0.11111154,0.11111232,0.11111154,0.111111805
2018-07-16,0.37500003,0.125,0.125,0.125,0.125,0.125
2018-07-17,0.37500003,0.125,0.125,0.125,0.125,0.125
2018-07-18,0.15727551,0.15727882,0.15727651,0.15727551,0.15727551,0.21361808
2018-07-19,0.37500003,0.125,0.125,0.125,0.125,0.125
2018-07-20,0.16666664,0.16666664,0.16666664,0.16666675,0.16666664,0.16666667
2018-07-23,0.090909086,0.090909086,0.090909086,0.090909086,0.54545456,0.090909086
2018-07-24,0.16666664,0.16666664,0.16666664,0.1666668,0.16666664,0.16666669
2018-07-25,0.16666663,0.16666663,0.16666663,0.1666668,0.16666663,0.16666669
2018-07-26,0.090909086,0.090909086,0.090909086,0.090909086,0.54545456,0.090909086
2018-07-27,0.15727551,0.15727882,0.15727651,0.15727551,0.15727551,0.21361808
2018-07-30,0.16666621,0.16666621,0.16666621,0.16666824,0.16666621,0.1666669
2018-07-31,0.111111544,0.4444412,0.111111544,0.11111236,0.111111544,0.11111182
2018-08-01,0.1666582,0.1666582,0.1666582,0.1666961,0.1666582,0.16667111
2018-08-02,0.11111204,0.44443747,0.11111204,0.11111378,0.11111204,0.11111264
2018-08-03,0.37499636,0.1250003,0.1250003,0.12500171,0.1250003,0.12500103
2018-08-06,0.090909086,0.090909086,0.090909086,0.090909086,0.54545456,0.090909086
2018-08-07,0.090909086,0.090909086,0.090909086,0.090909086,0.54545456,0.090909086
2018-08-08,0.11111414,0.4444217,0.11111414,0.111119784,0.11111414,0.11111606
2018-08-09,0.37499902,0.12500006,0.12500006,0.12500046,0.12500006,0.12500027
2018-08-10,0.090909086,0.090909086,0.090909086,0.090909086,0.54545456,0.090909086
2018-08-13,0.37499976,0.12500003,0.12500003,0.12500015,0.12500003,0.12500007
2018-08-14,0.1111112,0.4444437,0.1111112,0.11111137,0.1111112,0.11111125
2018-08-15,0.37500003,0.125,0.125,0.125,0.125,0.125
2018-08-16,0.15727551,0.15727882,0.15727651,0.15727551,0.15727551,0.21361808
2018-08-17,0.16666666,0.16666666,0.16666666,0.1666667,0.16666666,0.16666667
2018-08-20,0.11111111,0.44444445,0.11111111,0.11111111,0.11111111,0.11111111
2018-08-21,0.090909086,0.090909086,0.090909086,0.090909086,0.54545456,0.090909086
2018-08-22,0.090909086,0.090909086,0.090909086,0.090909086,0.54545456,0.090909086
2018-08-23,0.37500003,0.125,0.125,0.125,0.125,0.125
2018-08-24,0.37500003,0.125,0.125,0.125,0.125,0.125
2018-08-27,0.15727551,0.15727882,0.15727651,0.15727551,0.15727551,0.21361808
2018-08-28,0.37500003,0.125,0.125,0.125,0.125,0.125
2018-08-29,0.090909086,0.090909086,0.090909086,0.090909086,0.54545456,0.090909086
2018-08-30,0.16666597,0.16666597,0.16666597,0.16666907,0.16666597,0.16666703
2018-08-31,0.16666377,0.16666377,0.16666377,0.16667676,0.16666377,0.16666819
2018-09-04,0.16665886,0.16665886,0.16665886,0.16669382,0.16665886,0.16667077
2018-09-05,0.111111514,0.44444135,0.111111514,0.11111227,0.111111514,0.111111775
2018-09-06,0.16665114,0.16665114,0.16665114,0.16672061,0.16665114,0.16667482
2018-09-07,0.37499848,0.12500013,0.12500013,0.12500073,0.12500013,0.12500042
2018-09-10,0.16665018,0.16665018,0.16665018,0.16672395,0.16665018,0.16667531
2018-09-11,0.15727551,0.15727882,0.15727651,0.15727551,0.15727551,0.21361808
2018-09-12,0.090909086,0.090909086,0.090909086,0.090909086,0.54545456,0.090909086
2018-09-13,0.1111122,0.4444363,0.1111122,0.11111423,0.1111122,0.11111289
2018-09-14,0.1666659,0.1666659,0.1666659,0.16666937,0.1666659,0.16666707
2018-09-17,0.16666651,0.16666651,0.16666651,0.16666721,0.16666651,0.16666675
2018-09-18,0.15727551,0.15727882,0.15727651,0.15727551,0.15727551,0.21361808
2018-09-19,0.090909086,0.090909086,0.090909086,0.090909086,0.54545456,0.090909086
2018-09-20,0.37500003,0.125,0.125,0.125,0.125,0.125
2018-09-21,0.15727551,0.15727882,0.15727651,0.15727551,0.15727551,0.21361808
2018-09-24,0.37500003,0.125,0.125,0.125,0.125,0.125
2018-09-25,0.090909086,0.090909086,0.090909086,0.090909086,0.54545456,0.090909086
2018-09-26,0.16666664,0.16666664,0.16666664,0.16666679,0.16666664,0.16666667
2018-09-27,0.15727551,0.15727882,0.15727651,0.15727551,0.15727551,0.21361808
2018-09-28,0.090909086,0.090909086,0.090909086,0.090909086,0.54545456,0.090909086
2018-10-01,0.37499982,0.12500001,0.12500001,0.12500009,0.12500001,0.12500006
2018-10-02,0.16665831,0.16665831,0.16665831,0.1666957,0.16665831,0.16667105
2018-10-03,0.16665126,0.16665126,0.16665126,0.16672018,0.16665126,0.16667475
2018-10-04,0.15727551,0.15727882,0.15727651,0.15727551,0.15727551,0.21361808
2018-10-05,0.16664091,0.16664091,0.16664091,0.16675623,0.16664091,0.16668019
2018-10-08,0.11111376,0.44442466,0.11111376,0.11111867,0.11111376,0.111115426
2018-10-09,0.15727551,0.15727882,0.15727651,0.15727551,0.15727551,0.21361808
2018-10-10,0.15727551,0.15727882,0.15727651,0.15727551,0.15727551,0.21361808
2018-10-11,0.11111199,0.4444379,0.11111199,0.11111362,0.11111199,0.11111255
2018-10-12,0.111114435,0.44441947,0.111114435,0.111120634,0.111114435,0.11111655
2018-10-15,0.090909086,0.090909086,0.090909086,0.090909086,0.54545456,0.090909086
2018-10-16,0.11111135,0.4444427,0.11111135,0.11111179,0.11111135,0.1111115
2018-10-17,0.11111111,0.4444444,0.11111111,0.11111113,0.11111111,0.11111111
2018-10-18,0.3749754,0.12500207,0.12500207,0.12501158,0.12500207,0.12500681
2018-10-19,0.15727551,0.15727882,0.15727651,0.15727551,0.15727551,0.21361808
2018-10-22,0.15727551,0.15727882,0.15727651,0.15727551,0.15727551,0.21361808
2018-10-23,0.090909086,0.090909086,0.090909086,0.090909086,0.54545456,0.090909086
2018-10-24,0.090909086,0.090909086,0.090909086,0.090909086,0.54545456,0.090909086
2018-10-25,0.16666658,0.16666658,0.16666658,0.16666698,0.16666658,0.16666672
2018-10-26,0.1111114,0.44444233,0.1111114,0.11111193,0.1111114,0.11111159
2018-10-29,0.11111234,0.44443527,0.11111234,0.11111463,0.11111234,0.11111312
2018-10-30,0.37499836,0.12500015,0.12500015,0.12500077,0.12500015,0.12500048
2018-10-31,0.37497947,0.12500173,0.12500173,0.1250097,0.12500173,0.1250057
2018-11-01,0.090910375,0.090910375,0.090910375,0.09091171,0.54544634,0.09091083
2018-11-02,0.16655932,0.16655932,0.16655932,0.16703978,0.16655932,0.16672291
2018-11-05,0.16650167,0.16650167,0.16650167,0.1672403,0.16650167,0.16675302
2018-11-06,0.15727551,0.15727882,0.15727651,0.15727551,0.15727551,0.21361808
2018-11-07,0.11195484,0.43807212,0.11195484,0.11356302,0.11195487,0.11250034
2018-11-08,0.15727551,0.15727882,0.15727651,0.15727551,0.15727551,0.21361808
2018-11-09,0.15727551,0.15727882,0.15727651,0.15727551,0.15727551,0.21361808
2018-11-12,0.3739859,0.12508489,0.12508489,0.12547798,0.125085,0.12528136
2018-11-13,0.090909086,0.090909086,0.090909086,0.090909086,0.54545456,0.090909086
2018-11-14,0.3745308,0.12503935,0.12503935,0.12522097,0.12503938,0.12513018
2018-11-15,0.090909086,0.090909086,0.090909086,0.090909086,0.54545456,0.090909086
2018-11-16,0.111119434,0.44438204,0.111119434,0.11113494,0.111119434,0.11112473
2018-11-19,0.37499976,0.12500001,0.12500001,0.12500012,0.12500001,0.12500006
2018-11-20,0.37499982,0.12500001,0.12500001,0.12500009,0.12500001,0.12500006
2018-11-21,0.090909086,0.090909086,0.090909086,0.090909086,0.54545456,0.090909086
2018-11-23,0.37499997,0.125,0.125,0.12500001,0.125,0.125
2018-11-26,0.11111113,0.4444443,0.11111113,0.11111116,0.11111113,0.11111114
2018-11-27,0.16666636,0.16666636,0.16666636,0.1666677,0.16666636,0.1666668
2018-11-28,0.37500003,0.125,0.125,0.125,0.125,0.125
2018-11-29,0.111118324,0.4443903,0.111118324,0.111131765,0.111118324,0.111122906
2018-11-30,0.09090913,0.09090913,0.09090913,0.09090918,0.5454542,0.09090915
2018-12-03,0.09090998,0.09090998,0.09090998,0.09091089,0.54544896,0.090910286
2018-12-04,0.11282698,0.4313838,0.11282698,0.11617741,0.112826996,0.113957815
2018-12-06,0.09090991,0.09090991,0.09090991,0.09091076,0.5454494,0.090910204
2018-12-07,0.37461612,0.1250322,0.1250322,0.12518074,0.12503222,0.12510647
2018-12-10,0.111449406,0.4419006,0.111449406,0.11208538,0.111449406,0.11166574
2018-12-11,0.09090916,0.09090916,0.09090916,0.09090924,0.5454541,0.090909176
2018-12-12,0.09090909,0.09090909,0.09090909,0.090909116,0.54545444,0.09090909
2018-12-13,0.111131705,0.44429007,0.111131705,0.111170076,0.111131705,0.11114479
2018-12-14,0.090909086,0.090909086,0.090909086,0.090909086,0.54545456,0.090909086
2018-12-17,0.37499908,0.12500007,0.12500007,0.12500043,0.12500007,0.12500025
2018-12-18,0.15727551,0.15727882,0.15727651,0.15727551,0.15727551,0.21361808
2018-12-19,0.37499997,0.125,0.125,0.12500001,0.125,0.12500001
2018-12-20,0.16666666,0.16666666,0.16666666,0.16666669,0.16666666,0.16666669
2018-12-21,0.16666667,0.16666667,0.16666667,0.16666669,0.16666667,0.16666667
2018-12-24,0.16666667,0.16666667,0.16666667,0.16666669,0.16666667,0.16666667
2018-12-26,0.11111111,0.44444445,0.11111111,0.11111111,0.11111111,0.11111111
2018-12-27,0.11111114,0.4444442,0.11111114,0.1111112,0.11111114,0.11111116
2018-12-28,0.15727551,0.15727882,0.15727651,0.15727551,0.15727551,0.21361808
2018-12-31,0.11111232,0.44443536,0.11111232,0.111114584,0.11111232,0.111113094
2019-01-02,0.09090959,0.09090959,0.09090959,0.090910114,0.5454514,0.09090976
2019-01-03,0.11118582,0.44388393,0.11118582,0.11132529,0.11118582,0.11123332
2019-01-04,0.15727551,0.15727882,0.15727651,0.15727551,0.15727551,0.21361808
2019-01-07,0.16664371,0.16664371,0.16664371,0.16674645,0.16664371,0.16667871
2019-01-08,0.37498337,0.12500139,0.12500139,0.12500784,0.12500139,0.12500462
2019-01-09,0.16664052,0.16664052,0.16664052,0.1667575,0.16664052,0.16668038
2019-01-10,0.37499192,0.12500069,0.12500069,0.12500381,0.12500069,0.12500225
2019-01-11,0.15727551,0.15727882,0.15727651,0.15727551,0.15727551,0.21361808
2019-01-14,0.16666588,0.16666588,0.16666588,0.16666943,0.16666588,0.16666709
2019-01-15,0.37499982,0.12500001,0.12500001,0.12500009,0.12500001,0.12500006
2019-01-16,0.16666663,0.16666663,0.16666663,0.16666678,0.16666663,0.16666669
2019-01-17,0.090909086,0.090909086,0.090909086,0.090909086,0.54545456,0.090909086
2019-01-18,0.11111141,0.44444218,0.11111141,0.11111196,0.11111141,0.11111159
2019-01-22,0.37500003,0.125,0.125,0.125,0.125,0.125
2019-01-23,0.37500003,0.125,0.125,0.125,0.125,0.125
2019-01-24,0.11111113,0.44444445,0.11111113,0.11111113,0.11111113,0.11111113
2019-01-25,0.37500003,0.125,0.125,0.125,0.125,0.125
2019-01-28,0.15727551,0.15727882,0.15727651,0.15727551,0.15727551,0.21361808
2019-01-29,0.090909086,0.090909086,0.090909086,0.090909086,0.54545456,0.090909086
2019-01-30,0.15727551,0.15727882,0.15727651,0.15727551,0.15727551,0.21361808
2019-01-31,0.16657914,0.16657914,0.16657914,0.1669709,0.16657914,0.16671255
2019-02-01,0.16635288,0.16635288,0.16635288,0.16775805,0.1663529,0.16683044
2019-02-04,0.090909526,0.090909526,0.090909526,0.09090998,0.5454518,0.090909675
2019-02-05,0.1663638,0.1663638,0.1663638,0.16771999,0.1663638,0.16682476
2019-02-06,0.16637686,0.16637686,0.16637686,0.16767457,0.16637686,0.166818
2019-02-07,0.090909444,0.090909444,0.090909444,0.090909794,0.54545236,0.09090956
2019-02-08,0.16657884,0.16657884,0.16657884,0.16697189,0.16657884,0.16671269
2019-02-11,0.09090909,0.09090909,0.09090909,0.090909116,0.54545444,0.09090909
2019-02-12,0.111186005,0.44388247,0.111186005,0.11132582,0.111186005,0.111233644
2019-02-13,0.3749987,0.1250001,0.1250001,0.12500061,0.1250001,0.12500036
2019-02-14,0.16666651,0.16666651,0.16666651,0.16666722,0.16666651,0.16666675
2019-02-15,0.090909086,0.090909086,0.090909086,0.090909086,0.54545456,0.090909086
2019-02-19,0.16666666,0.16666666,0.16666666,0.1666667,0.16666666,0.16666667
2019-02-20,0.37500003,0.125,0.125,0.125,0.125,0.125
2019-02-21,0.11111113,0.44444445,0.11111113,0.11111113,0.11111113,0.11111113
2019-02-22,0.11111111,0.4444444,0.11111111,0.11111113,0.11111111,0.11111111
2019-02-25,0.11111113,0.44444436,0.11111113,0.11111116,0.11111113,0.11111114
2019-02-26,0.11111114,0.44444427,0.11111114,0.11111119,0.11111114,0.11111116
2019-02-27,0.16666663,0.16666663,0.16666663,0.1666668,0.16666663,0.16666669
2019-02-28,0.11111165,0.44444045,0.11111165,0.11111264,0.11111165,0.11111199
2019-03-01,0.15727551,0.15727882,0.15727651,0.15727551,0.15727551,0.21361808
2019-03-04,0.37499198,0.12500069,0.12500069,0.12500378,0.12500069,0.12500222
2019-03-05,0.16664118,0.16664118,0.16664118,0.16675527,0.16664118,0.16668005
2019-03-06,0.15727551,0.15727882,0.15727651,0.15727551,0.15727551,0.21361808
2019-03-07,0.16664723,0.16664723,0.16664723,0.16673425,0.16664723,0.16667688
2019-03-08,0.37499118,0.12500075,0.12500075,0.12500417,0.12500075,0.12500246
2019-03-11,0.090909086,0.090909086,0.090909086,0.090909086,0.54545456,0.090909086
2019-03-12,0.15727551,0.15727882,0.15727651,0.15727551,0.15727551,0.21361808
2019-03-13,0.37499976,0.12500003,0.12500003,0.12500015,0.12500003,0.12500007
2019-03-14,0.15727551,0.15727882,0.15727651,0.15727551,0.15727551,0.21361808
2019-03-15,0.090909086,0.090909086,0.090909086,0.090909086,0.54545456,0.090909086
2019-03-18,0.11111113,0.4444443,0.11111113,0.11111116,0.11111113,0.11111114
2019-03-19,0.37500003,0.125,0.125,0.125,0.125,0.125
2019-03-20,0.16666664,0.16666664,0.16666664,0.16666676,0.16666664,0.16666669
2019-03-21,0.16666664,0.16666664,0.16666664,0.1666667,0.16666664,0.16666666
2019-03-22,0.16666666,0.16666666,0.16666666,0.1666667,0.16666666,0.16666667
2019-03-25,0.16666664,0.16666664,0.16666664,0.16666672,0.16666664,0.16666667
2019-03-26,0.16666664,0.16666664,0.16666664,0.1666668,0.16666664,0.16666669
2019-03-27,0.11111137,0.44444242,0.11111137,0.11111188,0.11111137,0.111111544
2019-03-28,0.15727551,0.15727882,0.15727651,0.15727551,0.15727551,0.21361808
2019-03-29,0.16665566,0.16665566,0.16665566,0.16670488,0.16665566,0.16667244
2019-04-01,0.15727551,0.15727882,0.15727651,0.15727551,0.15727551,0.21361808
2019-04-02,0.37498915,0.12500091,0.12500091,0.12500511,0.12500091,0.12500301
2019-04-03,0.3749914,0.12500073,0.12500073,0.12500405,0.12500073,0.12500238
2019-04-04,0.15727551,0.15727882,0.15727651,0.15727551,0.15727551,0.21361808
2019-04-05,0.37499434,0.12500048,0.12500048,0.12500268,0.12500048,0.12500158
2019-04-08,0.1113232,0.4428514,0.1113232,0.11172057,0.1113232,0.11145848
2019-04-09,0.15727551,0.15727882,0.15727651,0.15727551,0.15727551,0.21361808
2019-04-10,0.090909086,0.090909086,0.090909086,0.090909086,0.54545456,0.090909086
2019-04-11,0.090909086,0.090909086,0.090909086,0.090909086,0.54545456,0.090909086
2019-04-12,0.11147808,0.4416844,0.11147808,0.112168506,0.11147808,0.11171289
2019-04-15,0.090909086,0.090909086,0.090909086,0.090909086,0.54545456,0.090909086
2019-04-16,0.15727551,0.15727882,0.15727651,0.15727551,0.15727551,0.21361808
2019-04-17,0.090909086,0.090909086,0.090909086,0.090909086,0.54545456,0.090909086
2019-04-18,0.16666645,0.16666645,0.16666645,0.16666745,0.16666645,0.16666679
2019-04-22,0.090909086,0.090909086,0.090909086,0.090909086,0.54545456,0.090909086
2019-04-23,0.15727551,0.15727882,0.15727651,0.15727551,0.15727551,0.21361808
2019-04-24,0.090909086,0.090909086,0.090909086,0.090909086,0.54545456,0.090909086
2019-04-25,0.15727551,0.15727882,0.15727651,0.15727551,0.15727551,0.21361808
2019-04-26,0.37500003,0.125,0.125,0.125,0.125,0.125
2019-04-29,0.15727551,0.15727882,0.15727651,0.15727551,0.15727551,0.21361808
2019-04-30,0.37499976,0.12500001,0.12500001,0.1250001,0.12500001,0.12500006
2019-05-01,0.09090912,0.09090912,0.09090912,0.090909146,0.5454544,0.09090912
2019-05-02,0.15727551,0.15727882,0.15727651,0.15727551,0.15727551,0.21361808
2019-05-03,0.37495035,0.12500417,0.12500417,0.1250234,0.12500417,0.12501378
2019-05-06,0.15727551,0.15727882,0.15727651,0.15727551,0.15727551,0.21361808
2019-05-07,0.11113157,0.44429097,0.11113157,0.1111697,0.11113157,0.11114457
2019-05-08,0.16656156,0.16656156,0.16656156,0.16703205,0.16656156,0.16672175
2019-05-09,0.11115737,0.44409752,0.11115737,0.11124365,0.11115737,0.111186765
2019-05-10,0.37499943,0.12500003,0.12500003,0.12500028,0.12500003,0.12500016
2019-05-13,0.15727551,0.15727882,0.15727651,0.15727551,0.15727551,0.21361808
2019-05-14,0.16665226,0.16665226,0.16665226,0.16671671,0.16665226,0.16667421
2019-05-15,0.090909086,0.090909086,0.090909086,0.090909086,0.54545456,0.090909086
2019-05-16,0.11111154,0.44444135,0.11111154,0.11111232,0.11111154,0.111111805
2019-05-17,0.11111114,0.4444442,0.11111114,0.11111121,0.11111114,0.11111117
2019-05-20,0.090909086,0.090909086,0.090909086,0.090909086,0.54545456,0.090909086
2019-05-21,0.37500003,0.125,0.125,0.125,0.125,0.125
2019-05-22,0.11111111,0.4444444,0.11111111,0.11111113,0.11111111,0.11111111
2019-05-23,0.15727551,0.15727882,0.15727651,0.15727551,0.15727551,0.21361808
2019-05-24,0.37500003,0.125,0.125,0.125,0.125,0.125
2019-05-28,0.16666664,0.16666664,0.16666664,0.1666667,0.16666664,0.16666667
2019-05-29,0.11111114,0.44444427,0.11111114,0.111111194,0.11111114,0.11111116
2019-05-30,0.16666588,0.16666588,0.16666588,0.1666694,0.16666588,0.16666709
2019-05-31,0.1111122,0.44443625,0.1111122,0.11111424,0.1111122,0.11111289
2019-06-03,0.37499604,0.12500033,0.12500033,0.12500186,0.12500033,0.12500109
2019-06-04,0.09090956,0.09090956,0.09090956,0.09091005,0.5454516,0.090909734
2019-06-05,0.090909645,0.090909645,0.090909645,0.090910226,0.545451,0.09090984
2019-06-06,0.09090971,0.09090971,0.09090971,0.09091035,0.54545057,0.09090992
2019-06-07,0.11114429,0.44419575,0.11114429,0.11120612,0.11114429,0.11116536
2019-06-10,0.1666397,0.1666397,0.1666397,0.16676037,0.1666397,0.16668081
2019-06-11,0.15727551,0.15727882,0.15727651,0.15727551,0.15727551,0.21361808
2019-06-12,0.111329615,0.44280314,0.111329615,0.11173906,0.111329615,0.111469
2019-06-13,0.11115499,0.4441153,0.11115499,0.11123685,0.11115499,0.111182876
2019-06-14,0.16666648,0.16666648,0.16666648,0.16666733,0.16666648,0.16666678
2019-06-17,0.16666664,0.16666664,0.16666664,0.16666678,0.16666664,0.16666669
2019-06-18,0.37500003,0.125,0.125,0.125,0.125,0.125
2019-06-19,0.16666666,0.16666666,0.16666666,0.16666669,0.16666666,0.16666669
2019-06-20,0.37500003,0.125,0.125,0.125,0.125,0.125
2019-06-21,0.090909086,0.090909086,0.090909086,0.090909086,0.54545456,0.090909086
2019-06-24,0.37500003,0.125,0.125,0.125,0.125,0.125
2019-06-25,0.090909086,0.090909086,0.090909086,0.090909086,0.54545456,0.090909086
2019-06-26,0.11111113,0.4444443,0.11111113,0.11111116,0.11111113,0.11111114
2019-06-27,0.16666667,0.16666667,0.16666667,0.16666669,0.16666667,0.16666667
2019-06-28,0.11111127,0.44444323,0.11111127,0.11111156,0.11111127,0.11111137
2019-07-01,0.15727551,0.15727882,0.15727651,0.15727551,0.15727551,0.21361808
2019-07-02,0.37500003,0.125,0.125,0.125,0.125,0.125
2019-07-03,0.15727551,0.15727882,0.15727651,0.15727551,0.15727551,0.21361808
2019-07-05,0.111111194,0.44444388,0.111111194,0.11111134,0.111111194,0.111111246
2019-07-08,0.16666637,0.16666637,0.16666637,0.16666768,0.16666637,0.1666668
2019-07-09,0.16666639,0.16666639,0.16666639,0.16666763,0.16666639,0.16666679
2019-07-10,0.090909086,0.090909086,0.090909086,0.090909086,0.54545456,0.090909086
2019-07-11,0.15727551,0.15727882,0.15727651,0.15727551,0.15727551,0.21361808
2019-07-12,0.16666664,0.16666664,0.16666664,0.1666667,0.16666664,0.16666666
2019-07-15,0.16666666,0.16666666,0.16666666,0.16666669,0.16666666,0.16666669
2019-07-16,0.37500003,0.125,0.125,0.125,0.125,0.125
2019-07-17,0.37500003,0.125,0.125,0.125,0.125,0.125
2019-07-18,0.15727551,0.15727882,0.15727651,0.15727551,0.15727551,0.21361808
2019-07-19,0.37500003,0.125,0.125,0.125,0.125,0.125
2019-07-22,0.15727551,0.15727882,0.15727651,0.15727551,0.15727551,0.21361808
