Config (path: configs/portfolio_management/portfolio_management_mcad_eiie_eiie_adam_mse_covid.py): {'data': {'type': 'PortfolioManagementDataset', 'data_path': 'data/portfolio_management/mcad/covid', 'train_path': 'data/portfolio_management/mcad/covid/train.csv', 'valid_path': 'data/portfolio_management/mcad/covid/valid.csv', 'test_path': 'data/portfolio_management/mcad/covid/test.csv', 'tech_indicator_list': ['zopen', 'zhigh', 'zlow', 'zadjcp', 'zclose', 'zd_5', 'zd_10', 'zd_15', 'zd_20', 'zd_25', 'zd_30'], 'length_day': 10, 'initial_amount': 100000, 'transaction_cost_pct': 0.001, 'test_dynamic_path': 'data/portfolio_management/mcad/covid/test_with_label.csv', 'test_dynamic': '-1'}, 'environment': {'type': 'PortfolioManagementEIIEEnvironment'}, 'agent': {'type': 'PortfolioManagementEIIE', 'memory_capacity': 1000, 'gamma': 0.99, 'policy_update_frequency': 500}, 'trainer': {'type': 'PortfolioManagementEIIETrainer', 'epochs': 200, 'work_dir': 'work_dir/portfolio_management_mcad_eiie_eiie_adam_mse_covid', 'if_remove': False}, 'loss': {'type': 'MSELoss'}, 'optimizer': {'type': 'Adam', 'lr': 0.001}, 'act': {'type': 'EIIEConv', 'input_dim': None, 'output_dim': 1, 'time_steps': 10, 'kernel_size': 3, 'dims': [32]}, 'cri': {'type': 'EIIECritic', 'input_dim': None, 'action_dim': None, 'output_dim': 1, 'time_steps': None, 'num_layers': 1, 'hidden_size': 32}, 'transition': {'type': 'Transition'}, 'task_name': 'portfolio_management', 'dataset_name': 'mcad', 'net_name': 'eiie', 'agent_name': 'eiie', 'optimizer_name': 'adam', 'loss_name': 'mse', 'regime_name': 'covid', 'work_dir': 'work_dir/portfolio_management_mcad_eiie_eiie_adam_mse_covid'}
Train Episode: [1/200]
+--------------+-------------+------------+--------------+
| Total Return | Sharp Ratio | Volatility | Max Drawdown |
+--------------+-------------+------------+--------------+
|    0nan%     |     0nan    |   0nan%    |  7.202800%   |
+--------------+-------------+------------+--------------+
Valid Episode: [1/200]
+--------------------------------------------------------------------------------------------------------------------------------------------------------------------------------------------------------+-------------+-------------+--------------+
|                                                                                              Total Return                                                                                              | Sharp Ratio |  Volatility | Max Drawdown |
+--------------------------------------------------------------------------------------------------------------------------------------------------------------------------------------------------------+-------------+-------------+--------------+
| 1238433099393237486511069763893621615764235422148595064610211979269219685417023011752372033705071625892580372955607607077101638206660166372784628156275894740758798460597644530785822758141952.000000% |  15.082572  | 136.147841% |  8.110460%   |
+--------------------------------------------------------------------------------------------------------------------------------------------------------------------------------------------------------+-------------+-------------+--------------+
Train Episode: [2/200]
+--------------+-------------+------------+--------------+
| Total Return | Sharp Ratio | Volatility | Max Drawdown |
+--------------+-------------+------------+--------------+
|    0nan%     |     0nan    |   0nan%    |  8.826004%   |
+--------------+-------------+------------+--------------+
Valid Episode: [2/200]
+------------------------------------------------------------------------------------------------------------------------------------------------------------------------------------------------------+-------------+-------------+--------------+
|                                                                                             Total Return                                                                                             | Sharp Ratio |  Volatility | Max Drawdown |
+------------------------------------------------------------------------------------------------------------------------------------------------------------------------------------------------------+-------------+-------------+--------------+
| 45734196503981116901623274659140090880255186310986942067250316552509780302634967645216914769937454239637669814760167228053572025059959753513473351048113189501119303403906753003018545790976.000000% |  14.368180  | 143.903563% |  9.895793%   |
+------------------------------------------------------------------------------------------------------------------------------------------------------------------------------------------------------+-------------+-------------+--------------+
Train Episode: [3/200]
+--------------+-------------+------------+--------------+
| Total Return | Sharp Ratio | Volatility | Max Drawdown |
+--------------+-------------+------------+--------------+
|    0nan%     |     0nan    |   0nan%    |  12.338200%  |
+--------------+-------------+------------+--------------+
Valid Episode: [3/200]
+----------------------------------------------------------------------------------------------------------------------------------------------------------------------------------------------------+-------------+-------------+--------------+
|                                                                                            Total Return                                                                                            | Sharp Ratio |  Volatility | Max Drawdown |
+----------------------------------------------------------------------------------------------------------------------------------------------------------------------------------------------------+-------------+-------------+--------------+
| 941078350649460276756214168850621539148816701537234429223764698555501503249489473494850865752894689524444387143673005729180952125665270963518206237218690674164602481239384314350992883712.000000% |  13.670957  | 152.338193% |  11.784258%  |
+----------------------------------------------------------------------------------------------------------------------------------------------------------------------------------------------------+-------------+-------------+--------------+
Train Episode: [4/200]
+--------------+-------------+------------+--------------+
| Total Return | Sharp Ratio | Volatility | Max Drawdown |
+--------------+-------------+------------+--------------+
|    0nan%     |     0nan    |   0nan%    |  15.206256%  |
+--------------+-------------+------------+--------------+
Valid Episode: [4/200]
+--------------------------------------------------------------------------------------------------------------------------------------------------------------------------------------------------+-------------+-------------+--------------+
|                                                                                           Total Return                                                                                           | Sharp Ratio |  Volatility | Max Drawdown |
+--------------------------------------------------------------------------------------------------------------------------------------------------------------------------------------------------+-------------+-------------+--------------+
| 5934951696197249915736390431995682678579843430951044777480621220933336268495319805311411432706699527583299833376028428228313484486595502863133763458501007070105909674820766951366721536.000000% |  12.925409  | 162.482987% |  13.997378%  |
+--------------------------------------------------------------------------------------------------------------------------------------------------------------------------------------------------+-------------+-------------+--------------+
Train Episode: [5/200]
+--------------+-------------+------------+--------------+
| Total Return | Sharp Ratio | Volatility | Max Drawdown |
+--------------+-------------+------------+--------------+
|    0nan%     |     0nan    |   0nan%    |  18.518127%  |
+--------------+-------------+------------+--------------+
Valid Episode: [5/200]
+-----------------------------------------------------------------------------------------------------------------------------------------------------------------------------------------------+-------------+-------------+--------------+
|                                                                                          Total Return                                                                                         | Sharp Ratio |  Volatility | Max Drawdown |
+-----------------------------------------------------------------------------------------------------------------------------------------------------------------------------------------------+-------------+-------------+--------------+
| 1855210858406436453778461623180306683181870181964338839245942355847922485931350619665409171109250989321204111859249397090895466972345552518141432393178356343751132964199223242260480.000000% |  11.995071  | 177.144021% |  17.112235%  |
+-----------------------------------------------------------------------------------------------------------------------------------------------------------------------------------------------+-------------+-------------+--------------+
Train Episode: [6/200]
+--------------+-------------+------------+--------------+
| Total Return | Sharp Ratio | Volatility | Max Drawdown |
+--------------+-------------+------------+--------------+
|    0nan%     |     0nan    |   0nan%    |  22.260784%  |
+--------------+-------------+------------+--------------+
Valid Episode: [6/200]
+------------------------------------------------------------------------------------------------------------------------------------------------------------------------------------------+-------------+-------------+--------------+
|                                                                                       Total Return                                                                                       | Sharp Ratio |  Volatility | Max Drawdown |
+------------------------------------------------------------------------------------------------------------------------------------------------------------------------------------------+-------------+-------------+--------------+
| 99657172316753000393014135797136582466476800043012599152262162823800127365872170216337720170436814401463615320736218324066390991898204836791637497895588889875956378284786188288.000000% |  11.136911  | 193.156097% |  20.431525%  |
+------------------------------------------------------------------------------------------------------------------------------------------------------------------------------------------+-------------+-------------+--------------+
Train Episode: [7/200]
+--------------+-------------+------------+--------------+
| Total Return | Sharp Ratio | Volatility | Max Drawdown |
+--------------+-------------+------------+--------------+
|    0nan%     |     0nan    |   0nan%    |  28.194698%  |
+--------------+-------------+------------+--------------+
Valid Episode: [7/200]
+----------------------------------------------------------------------------------------------------------------------------------------------------------------------------------------+-------------+-------------+--------------+
|                                                                                      Total Return                                                                                      | Sharp Ratio |  Volatility | Max Drawdown |
+----------------------------------------------------------------------------------------------------------------------------------------------------------------------------------------+-------------+-------------+--------------+
| 319934544280618180143491529701042863861775673367363054341038441465855339566156120125931651236178677812429319479627372188554897497751066170475604019770922394293406585271091200.000000% |  10.730349  | 201.773733% |  22.190744%  |
+----------------------------------------------------------------------------------------------------------------------------------------------------------------------------------------+-------------+-------------+--------------+
Train Episode: [8/200]
+--------------+-------------+------------+--------------+
| Total Return | Sharp Ratio | Volatility | Max Drawdown |
+--------------+-------------+------------+--------------+
|    0nan%     |     0nan    |   0nan%    |  30.302278%  |
+--------------+-------------+------------+--------------+
Valid Episode: [8/200]
+----------------------------------------------------------------------------------------------------------------------------------------------------------------------------------------+-------------+-------------+--------------+
|                                                                                      Total Return                                                                                      | Sharp Ratio |  Volatility | Max Drawdown |
+----------------------------------------------------------------------------------------------------------------------------------------------------------------------------------------+-------------+-------------+--------------+
| 307815948756657577725032863232820661015559673813567402742220451141641453381100730496427531071524845300052353087201822852566653660622033062955327711417160304915864447174574080.000000% |  10.727825  | 201.829298% |  22.202099%  |
+----------------------------------------------------------------------------------------------------------------------------------------------------------------------------------------+-------------+-------------+--------------+
Train Episode: [9/200]
+--------------+-------------+------------+--------------+
| Total Return | Sharp Ratio | Volatility | Max Drawdown |
+--------------+-------------+------------+--------------+
|    0nan%     |     0nan    |   0nan%    |  30.318291%  |
+--------------+-------------+------------+--------------+
Valid Episode: [9/200]
+----------------------------------------------------------------------------------------------------------------------------------------------------------------------------------------+-------------+-------------+--------------+
|                                                                                      Total Return                                                                                      | Sharp Ratio |  Volatility | Max Drawdown |
+----------------------------------------------------------------------------------------------------------------------------------------------------------------------------------------+-------------+-------------+--------------+
| 288988476630352663442189934865146715248621312793939836035999139158663400411094829503041462531196781901136546454080634274545787403952661021142227176951661137836682445223624704.000000% |  10.723689  | 201.920647% |  22.220735%  |
+----------------------------------------------------------------------------------------------------------------------------------------------------------------------------------------+-------------+-------------+--------------+
Train Episode: [10/200]
+--------------+-------------+------------+--------------+
| Total Return | Sharp Ratio | Volatility | Max Drawdown |
+--------------+-------------+------------+--------------+
|    0nan%     |     0nan    |   0nan%    |  30.347759%  |
+--------------+-------------+------------+--------------+
Valid Episode: [10/200]
+----------------------------------------------------------------------------------------------------------------------------------------------------------------------------------------+-------------+-------------+--------------+
|                                                                                      Total Return                                                                                      | Sharp Ratio |  Volatility | Max Drawdown |
+----------------------------------------------------------------------------------------------------------------------------------------------------------------------------------------+-------------+-------------+--------------+
| 330030193019346375832384586035021856534138439546986479575261432018369618753120663643452069230453104522124455563281022402315929311110454835755397451225923455352603678196367360.000000% |  10.732468  | 201.726054% |  22.181247%  |
+----------------------------------------------------------------------------------------------------------------------------------------------------------------------------------------+-------------+-------------+--------------+
Train Episode: [11/200]
+--------------+-------------+------------+--------------+
| Total Return | Sharp Ratio | Volatility | Max Drawdown |
+--------------+-------------+------------+--------------+
|    0nan%     |     0nan    |   0nan%    |  30.289737%  |
+--------------+-------------+------------+--------------+
Valid Episode: [11/200]
+----------------------------------------------------------------------------------------------------------------------------------------------------------------------------------------+-------------+-------------+--------------+
|                                                                                      Total Return                                                                                      | Sharp Ratio |  Volatility | Max Drawdown |
+----------------------------------------------------------------------------------------------------------------------------------------------------------------------------------------+-------------+-------------+--------------+
| 332730448223714968455681147530239288303620976290686291013344024907869643684782995770353065293094663975544126454580174729753274626848692394497695144689998897556739164521627648.000000% |  10.733017  | 201.713755% |  22.178785%  |
+----------------------------------------------------------------------------------------------------------------------------------------------------------------------------------------+-------------+-------------+--------------+
Train Episode: [12/200]
+--------------+-------------+------------+--------------+
| Total Return | Sharp Ratio | Volatility | Max Drawdown |
+--------------+-------------+------------+--------------+
|    0nan%     |     0nan    |   0nan%    |  30.286466%  |
+--------------+-------------+------------+--------------+
Valid Episode: [12/200]
+----------------------------------------------------------------------------------------------------------------------------------------------------------------------------------------+-------------+-------------+--------------+
|                                                                                      Total Return                                                                                      | Sharp Ratio |  Volatility | Max Drawdown |
+----------------------------------------------------------------------------------------------------------------------------------------------------------------------------------------+-------------+-------------+--------------+
| 291553596892137147799537601339397861881743888171807706245194786636637922292803148697564476443315964165719811426353944274712025043171978034843448329655166774703097289461727232.000000% |  10.724333  | 201.905597% |  22.217845%  |
+----------------------------------------------------------------------------------------------------------------------------------------------------------------------------------------+-------------+-------------+--------------+
Train Episode: [13/200]
+--------------+-------------+------------+--------------+
| Total Return | Sharp Ratio | Volatility | Max Drawdown |
+--------------+-------------+------------+--------------+
|    0nan%     |     0nan    |   0nan%    |  30.341132%  |
+--------------+-------------+------------+--------------+
Valid Episode: [13/200]
+----------------------------------------------------------------------------------------------------------------------------------------------------------------------------------------+-------------+-------------+--------------+
|                                                                                      Total Return                                                                                      | Sharp Ratio |  Volatility | Max Drawdown |
+----------------------------------------------------------------------------------------------------------------------------------------------------------------------------------------+-------------+-------------+--------------+
| 299241880225575452018561368857238258618523616808654036425482917751135136581406544791394376843023663760667229229686108714564079801467720499719620911277163338576257731096739840.000000% |  10.726048  | 201.867620% |  22.210102%  |
+----------------------------------------------------------------------------------------------------------------------------------------------------------------------------------------+-------------+-------------+--------------+
Train Episode: [14/200]
+--------------+-------------+------------+--------------+
| Total Return | Sharp Ratio | Volatility | Max Drawdown |
+--------------+-------------+------------+--------------+
|    0nan%     |     0nan    |   0nan%    |  30.349329%  |
+--------------+-------------+------------+--------------+
Valid Episode: [14/200]
+----------------------------------------------------------------------------------------------------------------------------------------------------------------------------------------+-------------+-------------+--------------+
|                                                                                      Total Return                                                                                      | Sharp Ratio |  Volatility | Max Drawdown |
+----------------------------------------------------------------------------------------------------------------------------------------------------------------------------------------+-------------+-------------+--------------+
| 289646130782199265153050683939188018530382693080471211228829682004724551339024325176532366363481950661346799425185929600052963021656220975005335012173026143919345035951210496.000000% |  10.723920  | 201.914524% |  22.219694%  |
+----------------------------------------------------------------------------------------------------------------------------------------------------------------------------------------+-------------+-------------+--------------+
Train Episode: [15/200]
+--------------+-------------+------------+--------------+
| Total Return | Sharp Ratio | Volatility | Max Drawdown |
+--------------+-------------+------------+--------------+
|    0nan%     |     0nan    |   0nan%    |  30.343828%  |
+--------------+-------------+------------+--------------+
Valid Episode: [15/200]
+----------------------------------------------------------------------------------------------------------------------------------------------------------------------------------------+-------------+-------------+--------------+
|                                                                                      Total Return                                                                                      | Sharp Ratio |  Volatility | Max Drawdown |
+----------------------------------------------------------------------------------------------------------------------------------------------------------------------------------------+-------------+-------------+--------------+
| 311257931291573615082219150093567952928481148328103205404871923616662431766488107992403174359968878674195040388696750372184300931167773443297721301843649488773449536096960512.000000% |  10.728689  | 201.808572% |  22.198238%  |
+----------------------------------------------------------------------------------------------------------------------------------------------------------------------------------------+-------------+-------------+--------------+
Train Episode: [16/200]
+--------------+-------------+------------+--------------+
| Total Return | Sharp Ratio | Volatility | Max Drawdown |
+--------------+-------------+------------+--------------+
|    0nan%     |     0nan    |   0nan%    |  30.314212%  |
+--------------+-------------+------------+--------------+
Valid Episode: [16/200]
+----------------------------------------------------------------------------------------------------------------------------------------------------------------------------------------+-------------+-------------+--------------+
|                                                                                      Total Return                                                                                      | Sharp Ratio |  Volatility | Max Drawdown |
+----------------------------------------------------------------------------------------------------------------------------------------------------------------------------------------+-------------+-------------+--------------+
| 298788657095240559294673086309772147390318722904237117468716930423728469054470146774896782972612507540800711944979301020422780941799540564742302646135882020277869304721965056.000000% |  10.726017  | 201.867460% |  22.210266%  |
+----------------------------------------------------------------------------------------------------------------------------------------------------------------------------------------+-------------+-------------+--------------+
Train Episode: [17/200]
+--------------+-------------+------------+--------------+
| Total Return | Sharp Ratio | Volatility | Max Drawdown |
+--------------+-------------+------------+--------------+
|    0nan%     |     0nan    |   0nan%    |  30.331160%  |
+--------------+-------------+------------+--------------+
Valid Episode: [17/200]
+----------------------------------------------------------------------------------------------------------------------------------------------------------------------------------------+-------------+-------------+--------------+
|                                                                                      Total Return                                                                                      | Sharp Ratio |  Volatility | Max Drawdown |
+----------------------------------------------------------------------------------------------------------------------------------------------------------------------------------------+-------------+-------------+--------------+
| 293507045181346266915582734799279651376228713293421490226370773723433426186224720492589099170992033408120050619056769750778361088756432006148855729375926199610182303016288256.000000% |  10.724861  | 201.892796% |  22.215479%  |
+----------------------------------------------------------------------------------------------------------------------------------------------------------------------------------------+-------------+-------------+--------------+
Train Episode: [18/200]
+--------------+-------------+------------+--------------+
| Total Return | Sharp Ratio | Volatility | Max Drawdown |
+--------------+-------------+------------+--------------+
|    0nan%     |     0nan    |   0nan%    |  30.353925%  |
+--------------+-------------+------------+--------------+
Valid Episode: [18/200]
+----------------------------------------------------------------------------------------------------------------------------------------------------------------------------------------+-------------+-------------+--------------+
|                                                                                      Total Return                                                                                      | Sharp Ratio |  Volatility | Max Drawdown |
+----------------------------------------------------------------------------------------------------------------------------------------------------------------------------------------+-------------+-------------+--------------+
| 313682671839779768013410313747922824422913549785436692480870800147135941410805497618780553063894642029952383300224411464308972962731818413165020110895678689483272667854274560.000000% |  10.729261  | 201.795163% |  22.195699%  |
+----------------------------------------------------------------------------------------------------------------------------------------------------------------------------------------+-------------+-------------+--------------+
Train Episode: [19/200]
+--------------+-------------+------------+--------------+
| Total Return | Sharp Ratio | Volatility | Max Drawdown |
+--------------+-------------+------------+--------------+
|    0nan%     |     0nan    |   0nan%    |  30.330349%  |
+--------------+-------------+------------+--------------+
Valid Episode: [19/200]
+----------------------------------------------------------------------------------------------------------------------------------------------------------------------------------------+-------------+-------------+--------------+
|                                                                                      Total Return                                                                                      | Sharp Ratio |  Volatility | Max Drawdown |
+----------------------------------------------------------------------------------------------------------------------------------------------------------------------------------------+-------------+-------------+--------------+
| 300874739946688104638264409605734008114736564497151604233072307267550116683348584612799027392244870575898268442043470303793151615237252195913161760495852508424489002181066752.000000% |  10.726522  | 201.855686% |  22.208045%  |
+----------------------------------------------------------------------------------------------------------------------------------------------------------------------------------------+-------------+-------------+--------------+
Train Episode: [20/200]
+--------------+-------------+------------+--------------+
| Total Return | Sharp Ratio | Volatility | Max Drawdown |
+--------------+-------------+------------+--------------+
|    0nan%     |     0nan    |   0nan%    |  30.328478%  |
+--------------+-------------+------------+--------------+
Valid Episode: [20/200]
+----------------------------------------------------------------------------------------------------------------------------------------------------------------------------------------+-------------+-------------+--------------+
|                                                                                      Total Return                                                                                      | Sharp Ratio |  Volatility | Max Drawdown |
+----------------------------------------------------------------------------------------------------------------------------------------------------------------------------------------+-------------+-------------+--------------+
| 307621598953410432263017278478331296193505329778647127240396148338167074645332138232817592285385057839840199027674172082865926649851912729602989234789415175727814378287792128.000000% |  10.727989  | 201.823154% |  22.201455%  |
+----------------------------------------------------------------------------------------------------------------------------------------------------------------------------------------+-------------+-------------+--------------+
Train Episode: [21/200]
+--------------+-------------+------------+--------------+
| Total Return | Sharp Ratio | Volatility | Max Drawdown |
+--------------+-------------+------------+--------------+
|    0nan%     |     0nan    |   0nan%    |  30.319318%  |
+--------------+-------------+------------+--------------+
Valid Episode: [21/200]
+----------------------------------------------------------------------------------------------------------------------------------------------------------------------------------------+-------------+-------------+--------------+
|                                                                                      Total Return                                                                                      | Sharp Ratio |  Volatility | Max Drawdown |
+----------------------------------------------------------------------------------------------------------------------------------------------------------------------------------------+-------------+-------------+--------------+
| 301439409486083099992825949352435710467514544896715668429606799442224420301351146621622470070433243223934818031828347727710957605292986759020955048058882471966329327434334208.000000% |  10.726658  | 201.852505% |  22.207439%  |
+----------------------------------------------------------------------------------------------------------------------------------------------------------------------------------------+-------------+-------------+--------------+
Train Episode: [22/200]
+--------------+-------------+------------+--------------+
| Total Return | Sharp Ratio | Volatility | Max Drawdown |
+--------------+-------------+------------+--------------+
|    0nan%     |     0nan    |   0nan%    |  30.319574%  |
+--------------+-------------+------------+--------------+
Valid Episode: [22/200]
+----------------------------------------------------------------------------------------------------------------------------------------------------------------------------------------+-------------+-------------+--------------+
|                                                                                      Total Return                                                                                      | Sharp Ratio |  Volatility | Max Drawdown |
+----------------------------------------------------------------------------------------------------------------------------------------------------------------------------------------+-------------+-------------+--------------+
| 302207035418474198646697611335471621390529213978927762984050285961846718122548442821036602064303116808333334617145782208955329804462857771535647434303553563960877884605726720.000000% |  10.726838  | 201.848375% |  22.206619%  |
+----------------------------------------------------------------------------------------------------------------------------------------------------------------------------------------+-------------+-------------+--------------+
Train Episode: [23/200]
+--------------+-------------+------------+--------------+
| Total Return | Sharp Ratio | Volatility | Max Drawdown |
+--------------+-------------+------------+--------------+
|    0nan%     |     0nan    |   0nan%    |  30.297772%  |
+--------------+-------------+------------+--------------+
Valid Episode: [23/200]
+----------------------------------------------------------------------------------------------------------------------------------------------------------------------------------------+-------------+-------------+--------------+
|                                                                                      Total Return                                                                                      | Sharp Ratio |  Volatility | Max Drawdown |
+----------------------------------------------------------------------------------------------------------------------------------------------------------------------------------------+-------------+-------------+--------------+
| 307380762349507129190945917046376766702460388840431142397238798658873596971174284173885428068184298450727131576553347741305352585669964470802381742677140735471550524783853568.000000% |  10.727973  | 201.823054% |  22.201518%  |
+----------------------------------------------------------------------------------------------------------------------------------------------------------------------------------------+-------------+-------------+--------------+
Train Episode: [24/200]
+--------------+-------------+------------+--------------+
| Total Return | Sharp Ratio | Volatility | Max Drawdown |
+--------------+-------------+------------+--------------+
|    0nan%     |     0nan    |   0nan%    |  30.319484%  |
+--------------+-------------+------------+--------------+
Valid Episode: [24/200]
+----------------------------------------------------------------------------------------------------------------------------------------------------------------------------------------+-------------+-------------+--------------+
|                                                                                      Total Return                                                                                      | Sharp Ratio |  Volatility | Max Drawdown |
+----------------------------------------------------------------------------------------------------------------------------------------------------------------------------------------+-------------+-------------+--------------+
| 324026281479310840115645226829332403601579799959948271420484223625483600728131461231013610301496990551275125539190826250281865397848379063765449584337694838578889101443858432.000000% |  10.731473  | 201.745371% |  22.185784%  |
+----------------------------------------------------------------------------------------------------------------------------------------------------------------------------------------+-------------+-------------+--------------+
Train Episode: [25/200]
+--------------+-------------+------------+--------------+
| Total Return | Sharp Ratio | Volatility | Max Drawdown |
+--------------+-------------+------------+--------------+
|    0nan%     |     0nan    |   0nan%    |  30.297766%  |
+--------------+-------------+------------+--------------+
Valid Episode: [25/200]
+----------------------------------------------------------------------------------------------------------------------------------------------------------------------------------------+-------------+-------------+--------------+
|                                                                                      Total Return                                                                                      | Sharp Ratio |  Volatility | Max Drawdown |
+----------------------------------------------------------------------------------------------------------------------------------------------------------------------------------------+-------------+-------------+--------------+
| 311338273563453011595593383159398287873126183452562755660094504116351874173203184481521638494952660283836441942994772394965779670936247262281299616904887338610244437202173952.000000% |  10.728832  | 201.803847% |  22.197651%  |
+----------------------------------------------------------------------------------------------------------------------------------------------------------------------------------------+-------------+-------------+--------------+
Train Episode: [26/200]
+--------------+-------------+------------+--------------+
| Total Return | Sharp Ratio | Volatility | Max Drawdown |
+--------------+-------------+------------+--------------+
|    0nan%     |     0nan    |   0nan%    |  30.313023%  |
+--------------+-------------+------------+--------------+
Valid Episode: [26/200]
+----------------------------------------------------------------------------------------------------------------------------------------------------------------------------------------+-------------+-------------+--------------+
|                                                                                      Total Return                                                                                      | Sharp Ratio |  Volatility | Max Drawdown |
+----------------------------------------------------------------------------------------------------------------------------------------------------------------------------------------+-------------+-------------+--------------+
| 309698583707731539619043271948841184767332237999152156901286443688782934912256297783375991575415110186154747368605565865783480077533784448658545854662276881470227409423826944.000000% |  10.728496  | 201.811138% |  22.199168%  |
+----------------------------------------------------------------------------------------------------------------------------------------------------------------------------------------+-------------+-------------+--------------+
Train Episode: [27/200]
+--------------+-------------+------------+--------------+
| Total Return | Sharp Ratio | Volatility | Max Drawdown |
+--------------+-------------+------------+--------------+
|    0nan%     |     0nan    |   0nan%    |  30.303250%  |
+--------------+-------------+------------+--------------+
Valid Episode: [27/200]
+----------------------------------------------------------------------------------------------------------------------------------------------------------------------------------------+-------------+-------------+--------------+
|                                                                                      Total Return                                                                                      | Sharp Ratio |  Volatility | Max Drawdown |
+----------------------------------------------------------------------------------------------------------------------------------------------------------------------------------------+-------------+-------------+--------------+
| 321111475520986187196036113295634495810219288758463794424637844639282050984498439329090510614253631714115307253747856095523707119465138366452049437672857199056173867393351680.000000% |  10.730897  | 201.757866% |  22.188389%  |
+----------------------------------------------------------------------------------------------------------------------------------------------------------------------------------------+-------------+-------------+--------------+
Train Episode: [28/200]
+--------------+-------------+------------+--------------+
| Total Return | Sharp Ratio | Volatility | Max Drawdown |
+--------------+-------------+------------+--------------+
|    0nan%     |     0nan    |   0nan%    |  30.301457%  |
+--------------+-------------+------------+--------------+
Valid Episode: [28/200]
+----------------------------------------------------------------------------------------------------------------------------------------------------------------------------------------+-------------+-------------+--------------+
|                                                                                      Total Return                                                                                      | Sharp Ratio |  Volatility | Max Drawdown |
+----------------------------------------------------------------------------------------------------------------------------------------------------------------------------------------+-------------+-------------+--------------+
| 287792089076091015062150614249951368387912461891747157550059362643649737979095005583286981159162659009883249593980328083926410013749291632597812016788782705038018066501337088.000000% |  10.723677  | 201.917670% |  22.220864%  |
+----------------------------------------------------------------------------------------------------------------------------------------------------------------------------------------+-------------+-------------+--------------+
Train Episode: [29/200]
+--------------+-------------+------------+--------------+
| Total Return | Sharp Ratio | Volatility | Max Drawdown |
+--------------+-------------+------------+--------------+
|    0nan%     |     0nan    |   0nan%    |  30.346581%  |
+--------------+-------------+------------+--------------+
Valid Episode: [29/200]
+----------------------------------------------------------------------------------------------------------------------------------------------------------------------------------------+-------------+-------------+--------------+
|                                                                                      Total Return                                                                                      | Sharp Ratio |  Volatility | Max Drawdown |
+----------------------------------------------------------------------------------------------------------------------------------------------------------------------------------------+-------------+-------------+--------------+
| 313246821721626631377464688153553560524581159264034913783561690994709715705321989047141906427405323507174145852453357644240274673656513838238817492021893257377270052027367424.000000% |  10.729289  | 201.793097% |  22.195616%  |
+----------------------------------------------------------------------------------------------------------------------------------------------------------------------------------------+-------------+-------------+--------------+
Train Episode: [30/200]
+--------------+-------------+------------+--------------+
| Total Return | Sharp Ratio | Volatility | Max Drawdown |
+--------------+-------------+------------+--------------+
|    0nan%     |     0nan    |   0nan%    |  30.366005%  |
+--------------+-------------+------------+--------------+
Valid Episode: [30/200]
+----------------------------------------------------------------------------------------------------------------------------------------------------------------------------------------+-------------+-------------+--------------+
|                                                                                      Total Return                                                                                      | Sharp Ratio |  Volatility | Max Drawdown |
+----------------------------------------------------------------------------------------------------------------------------------------------------------------------------------------+-------------+-------------+--------------+
| 313738329647521517447246056491645174549358654682374855799870420686813406438042329308126584454975912791623146301803058922178980344962454088398437175200988366677467713828290560.000000% |  10.729396  | 201.790669% |  22.195115%  |
+----------------------------------------------------------------------------------------------------------------------------------------------------------------------------------------+-------------+-------------+--------------+
Train Episode: [31/200]
+--------------+-------------+------------+--------------+
| Total Return | Sharp Ratio | Volatility | Max Drawdown |
+--------------+-------------+------------+--------------+
|    0nan%     |     0nan    |   0nan%    |  30.313703%  |
+--------------+-------------+------------+--------------+
Valid Episode: [31/200]
+----------------------------------------------------------------------------------------------------------------------------------------------------------------------------------------+-------------+-------------+--------------+
|                                                                                      Total Return                                                                                      | Sharp Ratio |  Volatility | Max Drawdown |
+----------------------------------------------------------------------------------------------------------------------------------------------------------------------------------------+-------------+-------------+--------------+
| 276684684856841677635379763912375124278377553435600387309055315194872950083767134819111529564711043680445602176289888303409388735829027360163242719858891728989456159347834880.000000% |  10.721131  | 201.973553% |  22.232294%  |
+----------------------------------------------------------------------------------------------------------------------------------------------------------------------------------------+-------------+-------------+--------------+
Train Episode: [32/200]
+--------------+-------------+------------+--------------+
| Total Return | Sharp Ratio | Volatility | Max Drawdown |
+--------------+-------------+------------+--------------+
|    0nan%     |     0nan    |   0nan%    |  30.362796%  |
+--------------+-------------+------------+--------------+
Valid Episode: [32/200]
+----------------------------------------------------------------------------------------------------------------------------------------------------------------------------------------+-------------+-------------+--------------+
|                                                                                      Total Return                                                                                      | Sharp Ratio |  Volatility | Max Drawdown |
+----------------------------------------------------------------------------------------------------------------------------------------------------------------------------------------+-------------+-------------+--------------+
| 289635702196398404813300716655476452468585134787245574731727738662518858380368431596042939457910018417967014151676876547494823499581590584796661192887322930755073125392580608.000000% |  10.724147  | 201.906656% |  22.218691%  |
+----------------------------------------------------------------------------------------------------------------------------------------------------------------------------------------+-------------+-------------+--------------+
Train Episode: [33/200]
+--------------+-------------+------------+--------------+
| Total Return | Sharp Ratio | Volatility | Max Drawdown |
+--------------+-------------+------------+--------------+
|    0nan%     |     0nan    |   0nan%    |  30.343865%  |
+--------------+-------------+------------+--------------+
Valid Episode: [33/200]
+----------------------------------------------------------------------------------------------------------------------------------------------------------------------------------------+-------------+-------------+--------------+
|                                                                                      Total Return                                                                                      | Sharp Ratio |  Volatility | Max Drawdown |
+----------------------------------------------------------------------------------------------------------------------------------------------------------------------------------------+-------------+-------------+--------------+
| 308654127695217964035763314486675324921191075103408208712049944672630014001238855223538612338490553270580325088427756020503932422785894364444637576447253795374784596292927488.000000% |  10.728358  | 201.813143% |  22.199749%  |
+----------------------------------------------------------------------------------------------------------------------------------------------------------------------------------------+-------------+-------------+--------------+
Train Episode: [34/200]
+--------------+-------------+------------+--------------+
| Total Return | Sharp Ratio | Volatility | Max Drawdown |
+--------------+-------------+------------+--------------+
|    0nan%     |     0nan    |   0nan%    |  30.350452%  |
+--------------+-------------+------------+--------------+
Valid Episode: [34/200]
+----------------------------------------------------------------------------------------------------------------------------------------------------------------------------------------+-------------+-------------+--------------+
|                                                                                      Total Return                                                                                      | Sharp Ratio |  Volatility | Max Drawdown |
+----------------------------------------------------------------------------------------------------------------------------------------------------------------------------------------+-------------+-------------+--------------+
| 316119705516691904226224886839470082424695066411031198265281127896853420049849846099942551894811315534795266336980415656654690624219158392775328278269797627564496110793785344.000000% |  10.729952  | 201.777681% |  22.192567%  |
+----------------------------------------------------------------------------------------------------------------------------------------------------------------------------------------+-------------+-------------+--------------+
Train Episode: [35/200]
+--------------+-------------+------------+--------------+
| Total Return | Sharp Ratio | Volatility | Max Drawdown |
+--------------+-------------+------------+--------------+
|    0nan%     |     0nan    |   0nan%    |  30.339018%  |
+--------------+-------------+------------+--------------+
Valid Episode: [35/200]
+----------------------------------------------------------------------------------------------------------------------------------------------------------------------------------------+-------------+-------------+--------------+
|                                                                                      Total Return                                                                                      | Sharp Ratio |  Volatility | Max Drawdown |
+----------------------------------------------------------------------------------------------------------------------------------------------------------------------------------------+-------------+-------------+--------------+
| 316595410933643087033175455068143865925209291023886640869591893625911296243114061542537640063196829529848409509055409093052020348081133485930130716464953858066201741291945984.000000% |  10.730081  | 201.774437% |  22.191996%  |
+----------------------------------------------------------------------------------------------------------------------------------------------------------------------------------------+-------------+-------------+--------------+
Train Episode: [36/200]
+--------------+-------------+------------+--------------+
| Total Return | Sharp Ratio | Volatility | Max Drawdown |
+--------------+-------------+------------+--------------+
|    0nan%     |     0nan    |   0nan%    |  30.307374%  |
+--------------+-------------+------------+--------------+
Valid Episode: [36/200]
+----------------------------------------------------------------------------------------------------------------------------------------------------------------------------------------+-------------+-------------+--------------+
|                                                                                      Total Return                                                                                      | Sharp Ratio |  Volatility | Max Drawdown |
+----------------------------------------------------------------------------------------------------------------------------------------------------------------------------------------+-------------+-------------+--------------+
| 289501810179721272458861972830289382546843910543897351530104102400680043652076518723439093663136556276750214615823018345880782166789794560893081981511795188388204420374986752.000000% |  10.724181  | 201.905096% |  22.218505%  |
+----------------------------------------------------------------------------------------------------------------------------------------------------------------------------------------+-------------+-------------+--------------+
Train Episode: [37/200]
+--------------+-------------+------------+--------------+
| Total Return | Sharp Ratio | Volatility | Max Drawdown |
+--------------+-------------+------------+--------------+
|    0nan%     |     0nan    |   0nan%    |  30.344227%  |
+--------------+-------------+------------+--------------+
Valid Episode: [37/200]
+----------------------------------------------------------------------------------------------------------------------------------------------------------------------------------------+-------------+-------------+--------------+
|                                                                                      Total Return                                                                                      | Sharp Ratio |  Volatility | Max Drawdown |
+----------------------------------------------------------------------------------------------------------------------------------------------------------------------------------------+-------------+-------------+--------------+
| 304780774553843238421615245039404949537798817740987853747943828660679749823736071316607527156283126399058141178479048349775136982605647963610665023258567564731852504946442240.000000% |  10.727583  | 201.829617% |  22.203207%  |
+----------------------------------------------------------------------------------------------------------------------------------------------------------------------------------------+-------------+-------------+--------------+
Train Episode: [38/200]
+--------------+-------------+------------+--------------+
| Total Return | Sharp Ratio | Volatility | Max Drawdown |
+--------------+-------------+------------+--------------+
|    0nan%     |     0nan    |   0nan%    |  30.373143%  |
+--------------+-------------+------------+--------------+
Valid Episode: [38/200]
+----------------------------------------------------------------------------------------------------------------------------------------------------------------------------------------+-------------+-------------+--------------+
|                                                                                      Total Return                                                                                      | Sharp Ratio |  Volatility | Max Drawdown |
+----------------------------------------------------------------------------------------------------------------------------------------------------------------------------------------+-------------+-------------+--------------+
| 285367644548630883037663785580515419161279669965116113661344498863019718194896059809839222453669992583876108721908522670735710047852593113538473945736870989746300218423377920.000000% |  10.723257  | 201.925294% |  22.222664%  |
+----------------------------------------------------------------------------------------------------------------------------------------------------------------------------------------+-------------+-------------+--------------+
Train Episode: [39/200]
+--------------+-------------+------------+--------------+
| Total Return | Sharp Ratio | Volatility | Max Drawdown |
+--------------+-------------+------------+--------------+
|    0nan%     |     0nan    |   0nan%    |  30.312903%  |
+--------------+-------------+------------+--------------+
Valid Episode: [39/200]
+----------------------------------------------------------------------------------------------------------------------------------------------------------------------------------------+-------------+-------------+--------------+
|                                                                                      Total Return                                                                                      | Sharp Ratio |  Volatility | Max Drawdown |
+----------------------------------------------------------------------------------------------------------------------------------------------------------------------------------------+-------------+-------------+--------------+
| 277153494434345770074953813758354389741602774096209167723574111250410676057122474242407986338872432783941417738959151536937527280857242804636047084009248841600308811155898368.000000% |  10.721358  | 201.967084% |  22.231210%  |
+----------------------------------------------------------------------------------------------------------------------------------------------------------------------------------------+-------------+-------------+--------------+
Train Episode: [40/200]
+--------------+-------------+------------+--------------+
| Total Return | Sharp Ratio | Volatility | Max Drawdown |
+--------------+-------------+------------+--------------+
|    0nan%     |     0nan    |   0nan%    |  30.362343%  |
+--------------+-------------+------------+--------------+
Valid Episode: [40/200]
+----------------------------------------------------------------------------------------------------------------------------------------------------------------------------------------+-------------+-------------+--------------+
|                                                                                      Total Return                                                                                      | Sharp Ratio |  Volatility | Max Drawdown |
+----------------------------------------------------------------------------------------------------------------------------------------------------------------------------------------+-------------+-------------+--------------+
| 276987660801244414385712285493667398854299521469321117126064047507363390022090608285775080711283598169090101747795152162325360767523483298228541905646851431249354670575976448.000000% |  10.721326  | 201.967710% |  22.231361%  |
+----------------------------------------------------------------------------------------------------------------------------------------------------------------------------------------+-------------+-------------+--------------+
Train Episode: [41/200]
+--------------+-------------+------------+--------------+
| Total Return | Sharp Ratio | Volatility | Max Drawdown |
+--------------+-------------+------------+--------------+
|    0nan%     |     0nan    |   0nan%    |  30.362616%  |
+--------------+-------------+------------+--------------+
Valid Episode: [41/200]
+----------------------------------------------------------------------------------------------------------------------------------------------------------------------------------------+-------------+-------------+--------------+
|                                                                                      Total Return                                                                                      | Sharp Ratio |  Volatility | Max Drawdown |
+----------------------------------------------------------------------------------------------------------------------------------------------------------------------------------------+-------------+-------------+--------------+
| 315143969267106840341167630952020251946930380547905412790482197297187799004009064981032132310844621989068316999446404932358571946104720219695035112502123304936940154761773056.000000% |  10.729853  | 201.778597% |  22.192997%  |
+----------------------------------------------------------------------------------------------------------------------------------------------------------------------------------------+-------------+-------------+--------------+
Train Episode: [42/200]
+--------------+-------------+------------+--------------+
| Total Return | Sharp Ratio | Volatility | Max Drawdown |
+--------------+-------------+------------+--------------+
|    0nan%     |     0nan    |   0nan%    |  30.322755%  |
+--------------+-------------+------------+--------------+
Valid Episode: [42/200]
+----------------------------------------------------------------------------------------------------------------------------------------------------------------------------------------+-------------+-------------+--------------+
|                                                                                      Total Return                                                                                      | Sharp Ratio |  Volatility | Max Drawdown |
+----------------------------------------------------------------------------------------------------------------------------------------------------------------------------------------+-------------+-------------+--------------+
| 295195237692687231726118450910984409834534153629008578776663000466532645837518860670179089061944529879349217868537687729631555937762225322459687748528019046644813845615345664.000000% |  10.725544  | 201.873930% |  22.212372%  |
+----------------------------------------------------------------------------------------------------------------------------------------------------------------------------------------+-------------+-------------+--------------+
Train Episode: [43/200]
+--------------+-------------+------------+--------------+
| Total Return | Sharp Ratio | Volatility | Max Drawdown |
+--------------+-------------+------------+--------------+
|    0nan%     |     0nan    |   0nan%    |  30.334750%  |
+--------------+-------------+------------+--------------+
Valid Episode: [43/200]
+----------------------------------------------------------------------------------------------------------------------------------------------------------------------------------------+-------------+-------------+--------------+
|                                                                                      Total Return                                                                                      | Sharp Ratio |  Volatility | Max Drawdown |
+----------------------------------------------------------------------------------------------------------------------------------------------------------------------------------------+-------------+-------------+--------------+
| 294897682736337143207852408254605495120869724774438710936361991391478573349005604064494521431624614629696085095488742341303166836557688848969735868055079932338833109293203456.000000% |  10.725496  | 201.874788% |  22.212601%  |
+----------------------------------------------------------------------------------------------------------------------------------------------------------------------------------------+-------------+-------------+--------------+
Train Episode: [44/200]
+--------------+-------------+------------+--------------+
| Total Return | Sharp Ratio | Volatility | Max Drawdown |
+--------------+-------------+------------+--------------+
|    0nan%     |     0nan    |   0nan%    |  30.336892%  |
+--------------+-------------+------------+--------------+
Valid Episode: [44/200]
+----------------------------------------------------------------------------------------------------------------------------------------------------------------------------------------+-------------+-------------+--------------+
|                                                                                      Total Return                                                                                      | Sharp Ratio |  Volatility | Max Drawdown |
+----------------------------------------------------------------------------------------------------------------------------------------------------------------------------------------+-------------+-------------+--------------+
| 305282653593730531716676447644730787928058315363401737269657008368853690160326563634896297748855755640580616561979925755256419043253091986570021070196231027092929964752764928.000000% |  10.727776  | 201.824319% |  22.202337%  |
+----------------------------------------------------------------------------------------------------------------------------------------------------------------------------------------+-------------+-------------+--------------+
Train Episode: [45/200]
+--------------+-------------+------------+--------------+
| Total Return | Sharp Ratio | Volatility | Max Drawdown |
+--------------+-------------+------------+--------------+
|    0nan%     |     0nan    |   0nan%    |  30.322502%  |
+--------------+-------------+------------+--------------+
Valid Episode: [45/200]
+----------------------------------------------------------------------------------------------------------------------------------------------------------------------------------------+-------------+-------------+--------------+
|                                                                                      Total Return                                                                                      | Sharp Ratio |  Volatility | Max Drawdown |
+----------------------------------------------------------------------------------------------------------------------------------------------------------------------------------------+-------------+-------------+--------------+
| 303760284964778128075852612065439484583976672900742420665646397998597338977118437660028186211788141906595208638702134971545583911937810099773107467473903299626183703694147584.000000% |  10.727446  | 201.831602% |  22.203814%  |
+----------------------------------------------------------------------------------------------------------------------------------------------------------------------------------------+-------------+-------------+--------------+
Train Episode: [46/200]
+--------------+-------------+------------+--------------+
| Total Return | Sharp Ratio | Volatility | Max Drawdown |
+--------------+-------------+------------+--------------+
|    0nan%     |     0nan    |   0nan%    |  30.332797%  |
+--------------+-------------+------------+--------------+
Valid Episode: [46/200]
+----------------------------------------------------------------------------------------------------------------------------------------------------------------------------------------+-------------+-------------+--------------+
|                                                                                      Total Return                                                                                      | Sharp Ratio |  Volatility | Max Drawdown |
+----------------------------------------------------------------------------------------------------------------------------------------------------------------------------------------+-------------+-------------+--------------+
| 301819980729022471231222233034656078111443206525423369672245062798747678325364048587175511667663035114567127509717373571672831959453725180994256664371998495496420769864351744.000000% |  10.727028  | 201.840828% |  22.205706%  |
+----------------------------------------------------------------------------------------------------------------------------------------------------------------------------------------+-------------+-------------+--------------+
Train Episode: [47/200]
+--------------+-------------+------------+--------------+
| Total Return | Sharp Ratio | Volatility | Max Drawdown |
+--------------+-------------+------------+--------------+
|    0nan%     |     0nan    |   0nan%    |  30.317942%  |
+--------------+-------------+------------+--------------+
Valid Episode: [47/200]
+----------------------------------------------------------------------------------------------------------------------------------------------------------------------------------------+-------------+-------------+--------------+
|                                                                                      Total Return                                                                                      | Sharp Ratio |  Volatility | Max Drawdown |
+----------------------------------------------------------------------------------------------------------------------------------------------------------------------------------------+-------------+-------------+--------------+
| 299695267167452052544297826475543377082273004221104475753320656836266970886338668969075729479149335936394697824189129862667691914399402142997739459608998070075139401631924224.000000% |  10.726577  | 201.850633% |  22.207724%  |
+----------------------------------------------------------------------------------------------------------------------------------------------------------------------------------------+-------------+-------------+--------------+
Train Episode: [48/200]
+--------------+-------------+------------+--------------+
| Total Return | Sharp Ratio | Volatility | Max Drawdown |
+--------------+-------------+------------+--------------+
|    0nan%     |     0nan    |   0nan%    |  30.330025%  |
+--------------+-------------+------------+--------------+
Valid Episode: [48/200]
+----------------------------------------------------------------------------------------------------------------------------------------------------------------------------------------+-------------+-------------+--------------+
|                                                                                      Total Return                                                                                      | Sharp Ratio |  Volatility | Max Drawdown |
+----------------------------------------------------------------------------------------------------------------------------------------------------------------------------------------+-------------+-------------+--------------+
| 287167289336055105286974325277667703838645320532423586198243296148746186907311137876494562760758271901659820258028684082887678570211352989479945637914423018052094006336159744.000000% |  10.723766  | 201.912849% |  22.220367%  |
+----------------------------------------------------------------------------------------------------------------------------------------------------------------------------------------+-------------+-------------+--------------+
Train Episode: [49/200]
+--------------+-------------+------------+--------------+
| Total Return | Sharp Ratio | Volatility | Max Drawdown |
+--------------+-------------+------------+--------------+
|    0nan%     |     0nan    |   0nan%    |  30.347521%  |
+--------------+-------------+------------+--------------+
Valid Episode: [49/200]
+----------------------------------------------------------------------------------------------------------------------------------------------------------------------------------------+-------------+-------------+--------------+
|                                                                                      Total Return                                                                                      | Sharp Ratio |  Volatility | Max Drawdown |
+----------------------------------------------------------------------------------------------------------------------------------------------------------------------------------------+-------------+-------------+--------------+
| 321625100805731217002380757602020803385793211048504507328868808389955863945676132770753720320185368325755317104523418483024923117118799030814118891765892362280200945564385280.000000% |  10.731248  | 201.747075% |  22.186710%  |
+----------------------------------------------------------------------------------------------------------------------------------------------------------------------------------------+-------------+-------------+--------------+
Train Episode: [50/200]
+--------------+-------------+------------+--------------+
| Total Return | Sharp Ratio | Volatility | Max Drawdown |
+--------------+-------------+------------+--------------+
|    0nan%     |     0nan    |   0nan%    |  30.337796%  |
+--------------+-------------+------------+--------------+
Valid Episode: [50/200]
+----------------------------------------------------------------------------------------------------------------------------------------------------------------------------------------+-------------+-------------+--------------+
|                                                                                      Total Return                                                                                      | Sharp Ratio |  Volatility | Max Drawdown |
+----------------------------------------------------------------------------------------------------------------------------------------------------------------------------------------+-------------+-------------+--------------+
| 306828543251324515306183485286835077948529836787581550720616736095115699862185700904111882192060722792154348630422563335041189797358242220044288821566923922697600371341131776.000000% |  10.728147  | 201.815638% |  22.200663%  |
+----------------------------------------------------------------------------------------------------------------------------------------------------------------------------------------+-------------+-------------+--------------+
Train Episode: [51/200]
+--------------+-------------+------------+--------------+
| Total Return | Sharp Ratio | Volatility | Max Drawdown |
+--------------+-------------+------------+--------------+
|    0nan%     |     0nan    |   0nan%    |  30.325129%  |
+--------------+-------------+------------+--------------+
Valid Episode: [51/200]
+----------------------------------------------------------------------------------------------------------------------------------------------------------------------------------------+-------------+-------------+--------------+
|                                                                                      Total Return                                                                                      | Sharp Ratio |  Volatility | Max Drawdown |
+----------------------------------------------------------------------------------------------------------------------------------------------------------------------------------------+-------------+-------------+--------------+
| 315687084959965694442224992879725075968652094530575090673434826469756460112065697272207827403381354162277396815805856353094137942629569726279874402760832039744746432279609344.000000% |  10.730041  | 201.773529% |  22.192151%  |
+----------------------------------------------------------------------------------------------------------------------------------------------------------------------------------------+-------------+-------------+--------------+
Train Episode: [52/200]
+--------------+-------------+------------+--------------+
| Total Return | Sharp Ratio | Volatility | Max Drawdown |
+--------------+-------------+------------+--------------+
|    0nan%     |     0nan    |   0nan%    |  30.308512%  |
+--------------+-------------+------------+--------------+
Valid Episode: [52/200]
+----------------------------------------------------------------------------------------------------------------------------------------------------------------------------------------+-------------+-------------+--------------+
|                                                                                      Total Return                                                                                      | Sharp Ratio |  Volatility | Max Drawdown |
+----------------------------------------------------------------------------------------------------------------------------------------------------------------------------------------+-------------+-------------+--------------+
| 294235711609976149481801812596152063193177999322971229485433123182133582687308235799513217086987259215980846956540355438869617408608603029199518102348564051229303048547336192.000000% |  10.725422  | 201.875531% |  22.212919%  |
+----------------------------------------------------------------------------------------------------------------------------------------------------------------------------------------+-------------+-------------+--------------+
Train Episode: [53/200]
+--------------+-------------+------------+--------------+
| Total Return | Sharp Ratio | Volatility | Max Drawdown |
+--------------+-------------+------------+--------------+
|    0nan%     |     0nan    |   0nan%    |  30.337603%  |
+--------------+-------------+------------+--------------+
Valid Episode: [53/200]
+----------------------------------------------------------------------------------------------------------------------------------------------------------------------------------------+-------------+-------------+--------------+
|                                                                                      Total Return                                                                                      | Sharp Ratio |  Volatility | Max Drawdown |
+----------------------------------------------------------------------------------------------------------------------------------------------------------------------------------------+-------------+-------------+--------------+
| 308542581729462911144835135823688467808167623799155730899882631387450979963559785067022577916087587377372160081883140813182434112695879846893646295260411715347692689570136064.000000% |  10.728555  | 201.806101% |  22.198840%  |
+----------------------------------------------------------------------------------------------------------------------------------------------------------------------------------------+-------------+-------------+--------------+
Train Episode: [54/200]
+--------------+-------------+------------+--------------+
| Total Return | Sharp Ratio | Volatility | Max Drawdown |
+--------------+-------------+------------+--------------+
|    0nan%     |     0nan    |   0nan%    |  30.343064%  |
+--------------+-------------+------------+--------------+
Valid Episode: [54/200]
+----------------------------------------------------------------------------------------------------------------------------------------------------------------------------------------+-------------+-------------+--------------+
|                                                                                      Total Return                                                                                      | Sharp Ratio |  Volatility | Max Drawdown |
+----------------------------------------------------------------------------------------------------------------------------------------------------------------------------------------+-------------+-------------+--------------+
| 312674077700752865589619309721116051741191538498359929434313245717251045716350932345900064713586550087761632901233868868934040322743575259623318623213483128014613506923954176.000000% |  10.729443  | 201.786344% |  22.194849%  |
+----------------------------------------------------------------------------------------------------------------------------------------------------------------------------------------+-------------+-------------+--------------+
Train Episode: [55/200]
+--------------+-------------+------------+--------------+
| Total Return | Sharp Ratio | Volatility | Max Drawdown |
+--------------+-------------+------------+--------------+
|    0nan%     |     0nan    |   0nan%    |  30.307504%  |
+--------------+-------------+------------+--------------+
Valid Episode: [55/200]
+----------------------------------------------------------------------------------------------------------------------------------------------------------------------------------------+-------------+-------------+--------------+
|                                                                                      Total Return                                                                                      | Sharp Ratio |  Volatility | Max Drawdown |
+----------------------------------------------------------------------------------------------------------------------------------------------------------------------------------------+-------------+-------------+--------------+
| 297088551656650500727008456756294455313132152463084203366606627956120341126719004026778116023430245914835685397116098302578134035051036736415192133790335021999464296984084480.000000% |  10.726072  | 201.860938% |  22.209984%  |
+----------------------------------------------------------------------------------------------------------------------------------------------------------------------------------------+-------------+-------------+--------------+
Train Episode: [56/200]
+--------------+-------------+------------+--------------+
| Total Return | Sharp Ratio | Volatility | Max Drawdown |
+--------------+-------------+------------+--------------+
|    0nan%     |     0nan    |   0nan%    |  30.333406%  |
+--------------+-------------+------------+--------------+
Valid Episode: [56/200]
+----------------------------------------------------------------------------------------------------------------------------------------------------------------------------------------+-------------+-------------+--------------+
|                                                                                      Total Return                                                                                      | Sharp Ratio |  Volatility | Max Drawdown |
+----------------------------------------------------------------------------------------------------------------------------------------------------------------------------------------+-------------+-------------+--------------+
| 286003123369923992776492439955536351875583657302360315485225407533610823507445165258376143463968826814759169508964723655914229333130897087795404565686617338089384844896239616.000000% |  10.723566  | 201.916470% |  22.221253%  |
+----------------------------------------------------------------------------------------------------------------------------------------------------------------------------------------+-------------+-------------+--------------+
Train Episode: [57/200]
+--------------+-------------+------------+--------------+
| Total Return | Sharp Ratio | Volatility | Max Drawdown |
+--------------+-------------+------------+--------------+
|    0nan%     |     0nan    |   0nan%    |  30.348959%  |
+--------------+-------------+------------+--------------+
Valid Episode: [57/200]
+----------------------------------------------------------------------------------------------------------------------------------------------------------------------------------------+-------------+-------------+--------------+
|                                                                                      Total Return                                                                                      | Sharp Ratio |  Volatility | Max Drawdown |
+----------------------------------------------------------------------------------------------------------------------------------------------------------------------------------------+-------------+-------------+--------------+
| 290857064822148372814638103773088690911535000949499702825172484916772426070367109267113902413122935020642067114202812996524113615604868294552853432730846296383763114230808576.000000% |  10.724680  | 201.891737% |  22.216224%  |
+----------------------------------------------------------------------------------------------------------------------------------------------------------------------------------------+-------------+-------------+--------------+
Train Episode: [58/200]
+--------------+-------------+------------+--------------+
| Total Return | Sharp Ratio | Volatility | Max Drawdown |
+--------------+-------------+------------+--------------+
|    0nan%     |     0nan    |   0nan%    |  30.293006%  |
+--------------+-------------+------------+--------------+
Valid Episode: [58/200]
+----------------------------------------------------------------------------------------------------------------------------------------------------------------------------------------+-------------+-------------+--------------+
|                                                                                      Total Return                                                                                      | Sharp Ratio |  Volatility | Max Drawdown |
+----------------------------------------------------------------------------------------------------------------------------------------------------------------------------------------+-------------+-------------+--------------+
| 322146611867668078514842463885830179985790005196343255923519115017308644664970579134923192559387165262880996161889144265008851813276437870307255998679263530321848895600066560.000000% |  10.731421  | 201.742485% |  22.185878%  |
+----------------------------------------------------------------------------------------------------------------------------------------------------------------------------------------+-------------+-------------+--------------+
Train Episode: [59/200]
+--------------+-------------+------------+--------------+
| Total Return | Sharp Ratio | Volatility | Max Drawdown |
+--------------+-------------+------------+--------------+
|    0nan%     |     0nan    |   0nan%    |  30.323517%  |
+--------------+-------------+------------+--------------+
Valid Episode: [59/200]
+----------------------------------------------------------------------------------------------------------------------------------------------------------------------------------------+-------------+-------------+--------------+
|                                                                                      Total Return                                                                                      | Sharp Ratio |  Volatility | Max Drawdown |
+----------------------------------------------------------------------------------------------------------------------------------------------------------------------------------------+-------------+-------------+--------------+
| 288009975880970451508534256147750993196957963953349654277340181758825718987474278610051236324552038060788452539453830743205540949204339218356000310697005309230086574860926976.000000% |  10.724046  | 201.905614% |  22.219022%  |
+----------------------------------------------------------------------------------------------------------------------------------------------------------------------------------------+-------------+-------------+--------------+
Train Episode: [60/200]
+--------------+-------------+------------+--------------+
| Total Return | Sharp Ratio | Volatility | Max Drawdown |
+--------------+-------------+------------+--------------+
|    0nan%     |     0nan    |   0nan%    |  30.345878%  |
+--------------+-------------+------------+--------------+
Valid Episode: [60/200]
+----------------------------------------------------------------------------------------------------------------------------------------------------------------------------------------+-------------+-------------+--------------+
|                                                                                      Total Return                                                                                      | Sharp Ratio |  Volatility | Max Drawdown |
+----------------------------------------------------------------------------------------------------------------------------------------------------------------------------------------+-------------+-------------+--------------+
| 289656028751088118155479109389161986263217580945147953870818388136928427523011455563377640024319542927614135703461254573241994232100015809991003447795546963789758705281531904.000000% |  10.724438  | 201.896737% |  22.217283%  |
+----------------------------------------------------------------------------------------------------------------------------------------------------------------------------------------+-------------+-------------+--------------+
Train Episode: [61/200]
+--------------+-------------+------------+--------------+
| Total Return | Sharp Ratio | Volatility | Max Drawdown |
+--------------+-------------+------------+--------------+
|    0nan%     |     0nan    |   0nan%    |  30.343565%  |
+--------------+-------------+------------+--------------+
Valid Episode: [61/200]
+----------------------------------------------------------------------------------------------------------------------------------------------------------------------------------------+-------------+-------------+--------------+
|                                                                                      Total Return                                                                                      | Sharp Ratio |  Volatility | Max Drawdown |
+----------------------------------------------------------------------------------------------------------------------------------------------------------------------------------------+-------------+-------------+--------------+
| 327032720731466851086233816283557281798736128483342821181090702955707261994880911857002784438987290382566334470660677698266282729276502257814408360069476072531858695187857408.000000% |  10.732443  | 201.719550% |  22.181267%  |
+----------------------------------------------------------------------------------------------------------------------------------------------------------------------------------------+-------------+-------------+--------------+
Train Episode: [62/200]
+--------------+-------------+------------+--------------+
| Total Return | Sharp Ratio | Volatility | Max Drawdown |
+--------------+-------------+------------+--------------+
|    0nan%     |     0nan    |   0nan%    |  30.339759%  |
+--------------+-------------+------------+--------------+
Valid Episode: [62/200]
+----------------------------------------------------------------------------------------------------------------------------------------------------------------------------------------+-------------+-------------+--------------+
|                                                                                      Total Return                                                                                      | Sharp Ratio |  Volatility | Max Drawdown |
+----------------------------------------------------------------------------------------------------------------------------------------------------------------------------------------+-------------+-------------+--------------+
| 302366021367727646174780375270006921377188862095627804171039861623898183475123134416617120496241990762594072316038238869833463156231871611905290361011992504971586818013134848.000000% |  10.727275  | 201.833801% |  22.204498%  |
+----------------------------------------------------------------------------------------------------------------------------------------------------------------------------------------+-------------+-------------+--------------+
Train Episode: [63/200]
+--------------+-------------+------------+--------------+
| Total Return | Sharp Ratio | Volatility | Max Drawdown |
+--------------+-------------+------------+--------------+
|    0nan%     |     0nan    |   0nan%    |  30.316096%  |
+--------------+-------------+------------+--------------+
Valid Episode: [63/200]
+----------------------------------------------------------------------------------------------------------------------------------------------------------------------------------------+-------------+-------------+--------------+
|                                                                                      Total Return                                                                                      | Sharp Ratio |  Volatility | Max Drawdown |
+----------------------------------------------------------------------------------------------------------------------------------------------------------------------------------------+-------------+-------------+--------------+
| 288049317333587928334814575780624685541600642047098229649468358284363870687165370561298881446240604759074550394465229297027834091293197171175594311037825161172760166095912960.000000% |  10.724085  | 201.904373% |  22.218836%  |
+----------------------------------------------------------------------------------------------------------------------------------------------------------------------------------------+-------------+-------------+--------------+
Train Episode: [64/200]
+--------------+-------------+------------+--------------+
| Total Return | Sharp Ratio | Volatility | Max Drawdown |
+--------------+-------------+------------+--------------+
|    0nan%     |     0nan    |   0nan%    |  30.345704%  |
+--------------+-------------+------------+--------------+
Valid Episode: [64/200]
+----------------------------------------------------------------------------------------------------------------------------------------------------------------------------------------+-------------+-------------+--------------+
|                                                                                      Total Return                                                                                      | Sharp Ratio |  Volatility | Max Drawdown |
+----------------------------------------------------------------------------------------------------------------------------------------------------------------------------------------+-------------+-------------+--------------+
| 317258158309981381587039365724838126944565900302064569732174931107809616268503489500736677573313482822799515185610672095729793944615853022726351739760801250431581126716817408.000000% |  10.730464  | 201.763045% |  22.190132%  |
+----------------------------------------------------------------------------------------------------------------------------------------------------------------------------------------+-------------+-------------+--------------+
Train Episode: [65/200]
+--------------+-------------+------------+--------------+
| Total Return | Sharp Ratio | Volatility | Max Drawdown |
+--------------+-------------+------------+--------------+
|    0nan%     |     0nan    |   0nan%    |  30.305805%  |
+--------------+-------------+------------+--------------+
Valid Episode: [65/200]
+----------------------------------------------------------------------------------------------------------------------------------------------------------------------------------------+-------------+-------------+--------------+
|                                                                                      Total Return                                                                                      | Sharp Ratio |  Volatility | Max Drawdown |
+----------------------------------------------------------------------------------------------------------------------------------------------------------------------------------------+-------------+-------------+--------------+
| 279520123115541068522784796487164126450714333161836425591533696693881149558434911228056123571744982627691680731644782154972746628673471296320850862600203230581598087429488640.000000% |  10.722126  | 201.947575% |  22.227657%  |
+----------------------------------------------------------------------------------------------------------------------------------------------------------------------------------------+-------------+-------------+--------------+
Train Episode: [66/200]
+--------------+-------------+------------+--------------+
| Total Return | Sharp Ratio | Volatility | Max Drawdown |
+--------------+-------------+------------+--------------+
|    0nan%     |     0nan    |   0nan%    |  30.358097%  |
+--------------+-------------+------------+--------------+
Valid Episode: [66/200]
+----------------------------------------------------------------------------------------------------------------------------------------------------------------------------------------+-------------+-------------+--------------+
|                                                                                      Total Return                                                                                      | Sharp Ratio |  Volatility | Max Drawdown |
+----------------------------------------------------------------------------------------------------------------------------------------------------------------------------------------+-------------+-------------+--------------+
| 305774864170686705177313994032513868745157268331756096775384163899485887416678842240355932689383786173396908335736166007731418043555384217964316321620254022447130683776172032.000000% |  10.728052  | 201.816178% |  22.200975%  |
+----------------------------------------------------------------------------------------------------------------------------------------------------------------------------------------+-------------+-------------+--------------+
Train Episode: [67/200]
+--------------+-------------+------------+--------------+
| Total Return | Sharp Ratio | Volatility | Max Drawdown |
+--------------+-------------+------------+--------------+
|    0nan%     |     0nan    |   0nan%    |  30.308185%  |
+--------------+-------------+------------+--------------+
Valid Episode: [67/200]
+----------------------------------------------------------------------------------------------------------------------------------------------------------------------------------------+-------------+-------------+--------------+
|                                                                                      Total Return                                                                                      | Sharp Ratio |  Volatility | Max Drawdown |
+----------------------------------------------------------------------------------------------------------------------------------------------------------------------------------------+-------------+-------------+--------------+
| 312231025732079104282448590778093241621676509863028152511363253238765243279468663534190831355118036237845618439250185787512064148828595159725636935014111855567512949286240256.000000% |  10.729436  | 201.785459% |  22.194759%  |
+----------------------------------------------------------------------------------------------------------------------------------------------------------------------------------------+-------------+-------------+--------------+
Train Episode: [68/200]
+--------------+-------------+------------+--------------+
| Total Return | Sharp Ratio | Volatility | Max Drawdown |
+--------------+-------------+------------+--------------+
|    0nan%     |     0nan    |   0nan%    |  30.312411%  |
+--------------+-------------+------------+--------------+
Valid Episode: [68/200]
+----------------------------------------------------------------------------------------------------------------------------------------------------------------------------------------+-------------+-------------+--------------+
|                                                                                      Total Return                                                                                      | Sharp Ratio |  Volatility | Max Drawdown |
+----------------------------------------------------------------------------------------------------------------------------------------------------------------------------------------+-------------+-------------+--------------+
| 310452679126493607572100833817391919171800427113494238169696635684662883694008140732791101817967696316709743377715904166402422909447818502842770026844212782249604410060570624.000000% |  10.729056  | 201.793915% |  22.196440%  |
+----------------------------------------------------------------------------------------------------------------------------------------------------------------------------------------+-------------+-------------+--------------+
Train Episode: [69/200]
+--------------+-------------+------------+--------------+
| Total Return | Sharp Ratio | Volatility | Max Drawdown |
+--------------+-------------+------------+--------------+
|    0nan%     |     0nan    |   0nan%    |  30.314642%  |
+--------------+-------------+------------+--------------+
Valid Episode: [69/200]
+----------------------------------------------------------------------------------------------------------------------------------------------------------------------------------------+-------------+-------------+--------------+
|                                                                                      Total Return                                                                                      | Sharp Ratio |  Volatility | Max Drawdown |
+----------------------------------------------------------------------------------------------------------------------------------------------------------------------------------------+-------------+-------------+--------------+
| 308233338975261482436295351161926853230836282444037238338494180489822739086117778330925515071697776004110331477698271675497401378390392702324257511090813555271266355482984448.000000% |  10.728577  | 201.804595% |  22.198576%  |
+----------------------------------------------------------------------------------------------------------------------------------------------------------------------------------------+-------------+-------------+--------------+
Train Episode: [70/200]
+--------------+-------------+------------+--------------+
| Total Return | Sharp Ratio | Volatility | Max Drawdown |
+--------------+-------------+------------+--------------+
|    0nan%     |     0nan    |   0nan%    |  30.317516%  |
+--------------+-------------+------------+--------------+
Valid Episode: [70/200]
+----------------------------------------------------------------------------------------------------------------------------------------------------------------------------------------+-------------+-------------+--------------+
|                                                                                      Total Return                                                                                      | Sharp Ratio |  Volatility | Max Drawdown |
+----------------------------------------------------------------------------------------------------------------------------------------------------------------------------------------+-------------+-------------+--------------+
| 341265370958727669568891134578824695386183696891351593079478436124965847869633571157503356703697703637544464116371505053460637414243639045521111482840695648461174140875833344.000000% |  10.735302  | 201.655822% |  22.168344%  |
+----------------------------------------------------------------------------------------------------------------------------------------------------------------------------------------+-------------+-------------+--------------+
Train Episode: [71/200]
+--------------+-------------+------------+--------------+
| Total Return | Sharp Ratio | Volatility | Max Drawdown |
+--------------+-------------+------------+--------------+
|    0nan%     |     0nan    |   0nan%    |  30.354377%  |
+--------------+-------------+------------+--------------+
Valid Episode: [71/200]
+----------------------------------------------------------------------------------------------------------------------------------------------------------------------------------------+-------------+-------------+--------------+
|                                                                                      Total Return                                                                                      | Sharp Ratio |  Volatility | Max Drawdown |
+----------------------------------------------------------------------------------------------------------------------------------------------------------------------------------------+-------------+-------------+--------------+
| 303008663119282944646141982475276459507980794327196206397415220817216816824178822955892807890472658007499030748762344510768058016236638211147815846791345190359631346314248192.000000% |  10.727453  | 201.829417% |  22.203605%  |
+----------------------------------------------------------------------------------------------------------------------------------------------------------------------------------------+-------------+-------------+--------------+
Train Episode: [72/200]
+--------------+-------------+------------+--------------+
| Total Return | Sharp Ratio | Volatility | Max Drawdown |
+--------------+-------------+------------+--------------+
|    0nan%     |     0nan    |   0nan%    |  30.324558%  |
+--------------+-------------+------------+--------------+
Valid Episode: [72/200]
+----------------------------------------------------------------------------------------------------------------------------------------------------------------------------------------+-------------+-------------+--------------+
|                                                                                      Total Return                                                                                      | Sharp Ratio |  Volatility | Max Drawdown |
+----------------------------------------------------------------------------------------------------------------------------------------------------------------------------------------+-------------+-------------+--------------+
| 279673212923192325209274077449295005154613338280261587813862288244127890376006155085198361357869342898388464374844287507225657096977067073549196576586529962434372154874134528.000000% |  10.722176  | 201.946273% |  22.227334%  |
+----------------------------------------------------------------------------------------------------------------------------------------------------------------------------------------+-------------+-------------+--------------+
Train Episode: [73/200]
+--------------+-------------+------------+--------------+
| Total Return | Sharp Ratio | Volatility | Max Drawdown |
+--------------+-------------+------------+--------------+
|    0nan%     |     0nan    |   0nan%    |  30.357512%  |
+--------------+-------------+------------+--------------+
Valid Episode: [73/200]
+----------------------------------------------------------------------------------------------------------------------------------------------------------------------------------------+-------------+-------------+--------------+
|                                                                                      Total Return                                                                                      | Sharp Ratio |  Volatility | Max Drawdown |
+----------------------------------------------------------------------------------------------------------------------------------------------------------------------------------------+-------------+-------------+--------------+
| 305038295234823460297607582046595856931979112309295723904390532570853711477506753043152257257707296026689379770165697699102122457573670228854971186080945509132278678067085312.000000% |  10.727906  | 201.819229% |  22.201513%  |
+----------------------------------------------------------------------------------------------------------------------------------------------------------------------------------------+-------------+-------------+--------------+
Train Episode: [74/200]
+--------------+-------------+------------+--------------+
| Total Return | Sharp Ratio | Volatility | Max Drawdown |
+--------------+-------------+------------+--------------+
|    0nan%     |     0nan    |   0nan%    |  30.321597%  |
+--------------+-------------+------------+--------------+
Valid Episode: [74/200]
+----------------------------------------------------------------------------------------------------------------------------------------------------------------------------------------+-------------+-------------+--------------+
|                                                                                      Total Return                                                                                      | Sharp Ratio |  Volatility | Max Drawdown |
+----------------------------------------------------------------------------------------------------------------------------------------------------------------------------------------+-------------+-------------+--------------+
| 292657825357993732599082565205472631353181347907197731037773475237781095333924266431238400897964663368730751741946301947073235767422681466108489270027264631055696345226543104.000000% |  10.725193  | 201.879097% |  22.213728%  |
+----------------------------------------------------------------------------------------------------------------------------------------------------------------------------------------+-------------+-------------+--------------+
Train Episode: [75/200]
+--------------+-------------+------------+--------------+
| Total Return | Sharp Ratio | Volatility | Max Drawdown |
+--------------+-------------+------------+--------------+
|    0nan%     |     0nan    |   0nan%    |  30.348882%  |
+--------------+-------------+------------+--------------+
Valid Episode: [75/200]
+----------------------------------------------------------------------------------------------------------------------------------------------------------------------------------------+-------------+-------------+--------------+
|                                                                                      Total Return                                                                                      | Sharp Ratio |  Volatility | Max Drawdown |
+----------------------------------------------------------------------------------------------------------------------------------------------------------------------------------------+-------------+-------------+--------------+
| 298098561314182477440311701489114548193815356917420552744682523628510835289697475684116841081701816822239574432214699023802184904342901196967330211600442814031145308872769536.000000% |  10.726405  | 201.852284% |  22.208278%  |
+----------------------------------------------------------------------------------------------------------------------------------------------------------------------------------------+-------------+-------------+--------------+
Train Episode: [76/200]
+--------------+-------------+------------+--------------+
| Total Return | Sharp Ratio | Volatility | Max Drawdown |
+--------------+-------------+------------+--------------+
|    0nan%     |     0nan    |   0nan%    |  30.331135%  |
+--------------+-------------+------------+--------------+
Valid Episode: [76/200]
+----------------------------------------------------------------------------------------------------------------------------------------------------------------------------------------+-------------+-------------+--------------+
|                                                                                      Total Return                                                                                      | Sharp Ratio |  Volatility | Max Drawdown |
+----------------------------------------------------------------------------------------------------------------------------------------------------------------------------------------+-------------+-------------+--------------+
| 302547976899256744302224022454801316182953737413435048167833297646004230055202583747794696103774538727496386734536008335647703473239273840975005154741851008047087134712004608.000000% |  10.727382  | 201.830641% |  22.203855%  |
+----------------------------------------------------------------------------------------------------------------------------------------------------------------------------------------+-------------+-------------+--------------+
Train Episode: [77/200]
+--------------+-------------+------------+--------------+
| Total Return | Sharp Ratio | Volatility | Max Drawdown |
+--------------+-------------+------------+--------------+
|    0nan%     |     0nan    |   0nan%    |  30.324891%  |
+--------------+-------------+------------+--------------+
Valid Episode: [77/200]
+----------------------------------------------------------------------------------------------------------------------------------------------------------------------------------------+-------------+-------------+--------------+
|                                                                                      Total Return                                                                                      | Sharp Ratio |  Volatility | Max Drawdown |
+----------------------------------------------------------------------------------------------------------------------------------------------------------------------------------------+-------------+-------------+--------------+
| 291195169487510839688780743269785859355173914611840926294556185088526969278223288250713521724037179573645898205466041963738828999613829506511291660900936326555889946203258880.000000% |  10.724875  | 201.885982% |  22.215125%  |
+----------------------------------------------------------------------------------------------------------------------------------------------------------------------------------------+-------------+-------------+--------------+
Train Episode: [78/200]
+--------------+-------------+------------+--------------+
| Total Return | Sharp Ratio | Volatility | Max Drawdown |
+--------------+-------------+------------+--------------+
|    0nan%     |     0nan    |   0nan%    |  30.340673%  |
+--------------+-------------+------------+--------------+
Valid Episode: [78/200]
+----------------------------------------------------------------------------------------------------------------------------------------------------------------------------------------+-------------+-------------+--------------+
|                                                                                      Total Return                                                                                      | Sharp Ratio |  Volatility | Max Drawdown |
+----------------------------------------------------------------------------------------------------------------------------------------------------------------------------------------+-------------+-------------+--------------+
| 269871311922477170228432754321262655762260749390543389235983800788113561291069014013140102679653403288233264428094026897905204412239422851066520746557705997343087560927215616.000000% |  10.719880  | 201.996562% |  22.237624%  |
+----------------------------------------------------------------------------------------------------------------------------------------------------------------------------------------+-------------+-------------+--------------+
Train Episode: [79/200]
+--------------+-------------+------------+--------------+
| Total Return | Sharp Ratio | Volatility | Max Drawdown |
+--------------+-------------+------------+--------------+
|    0nan%     |     0nan    |   0nan%    |  30.319586%  |
+--------------+-------------+------------+--------------+
Valid Episode: [79/200]
+----------------------------------------------------------------------------------------------------------------------------------------------------------------------------------------+-------------+-------------+--------------+
|                                                                                      Total Return                                                                                      | Sharp Ratio |  Volatility | Max Drawdown |
+----------------------------------------------------------------------------------------------------------------------------------------------------------------------------------------+-------------+-------------+--------------+
| 285234277762979960451758981797252642485330225621874033576767169766628329880353833107877988157762666013642384342063291254361537665029404650414387705498430071678614074606747648.000000% |  10.723539  | 201.915259% |  22.221174%  |
+----------------------------------------------------------------------------------------------------------------------------------------------------------------------------------------+-------------+-------------+--------------+
Train Episode: [80/200]
+--------------+-------------+------------+--------------+
| Total Return | Sharp Ratio | Volatility | Max Drawdown |
+--------------+-------------+------------+--------------+
|    0nan%     |     0nan    |   0nan%    |  30.349331%  |
+--------------+-------------+------------+--------------+
Valid Episode: [80/200]
+----------------------------------------------------------------------------------------------------------------------------------------------------------------------------------------+-------------+-------------+--------------+
|                                                                                      Total Return                                                                                      | Sharp Ratio |  Volatility | Max Drawdown |
+----------------------------------------------------------------------------------------------------------------------------------------------------------------------------------------+-------------+-------------+--------------+
| 283326215917435847625156897681319813771683210331425691600598721677413644557223656874905955707464414222719262695378450944379078910864200218396001751824501550387183384499585024.000000% |  10.723083  | 201.925538% |  22.223196%  |
+----------------------------------------------------------------------------------------------------------------------------------------------------------------------------------------+-------------+-------------+--------------+
Train Episode: [81/200]
+--------------+-------------+------------+--------------+
| Total Return | Sharp Ratio | Volatility | Max Drawdown |
+--------------+-------------+------------+--------------+
|    0nan%     |     0nan    |   0nan%    |  30.351994%  |
+--------------+-------------+------------+--------------+
Valid Episode: [81/200]
+----------------------------------------------------------------------------------------------------------------------------------------------------------------------------------------+-------------+-------------+--------------+
|                                                                                      Total Return                                                                                      | Sharp Ratio |  Volatility | Max Drawdown |
+----------------------------------------------------------------------------------------------------------------------------------------------------------------------------------------+-------------+-------------+--------------+
| 286000467649904044614788681832997572437563225162803207036682136917765110941916364952635018313543864662459305537286761277516035509234953547709192733136901719532897347928326144.000000% |  10.723700  | 201.911881% |  22.220380%  |
+----------------------------------------------------------------------------------------------------------------------------------------------------------------------------------------+-------------+-------------+--------------+
Train Episode: [82/200]
+--------------+-------------+------------+--------------+
| Total Return | Sharp Ratio | Volatility | Max Drawdown |
+--------------+-------------+------------+--------------+
|    0nan%     |     0nan    |   0nan%    |  30.347985%  |
+--------------+-------------+------------+--------------+
Valid Episode: [82/200]
+----------------------------------------------------------------------------------------------------------------------------------------------------------------------------------------+-------------+-------------+--------------+
|                                                                                      Total Return                                                                                      | Sharp Ratio |  Volatility | Max Drawdown |
+----------------------------------------------------------------------------------------------------------------------------------------------------------------------------------------+-------------+-------------+--------------+
| 286734043122159089547750150413823740006938299866141021805359389294728268064538285314081562473899037832020281545292007512244271217956614005282866502647425750597041873372577792.000000% |  10.723874  | 201.907968% |  22.219573%  |
+----------------------------------------------------------------------------------------------------------------------------------------------------------------------------------------+-------------+-------------+--------------+
Train Episode: [83/200]
+--------------+-------------+------------+--------------+
| Total Return | Sharp Ratio | Volatility | Max Drawdown |
+--------------+-------------+------------+--------------+
|    0nan%     |     0nan    |   0nan%    |  30.312053%  |
+--------------+-------------+------------+--------------+
Valid Episode: [83/200]
+----------------------------------------------------------------------------------------------------------------------------------------------------------------------------------------+-------------+-------------+--------------+
|                                                                                      Total Return                                                                                      | Sharp Ratio |  Volatility | Max Drawdown |
+----------------------------------------------------------------------------------------------------------------------------------------------------------------------------------------+-------------+-------------+--------------+
| 300756166471828658130260979926633189516929990801135532152024023934581738274476709896197354946734320846599339590340059018017911128366880480396341230876478080663069332179255296.000000% |  10.727027  | 201.838070% |  22.205381%  |
+----------------------------------------------------------------------------------------------------------------------------------------------------------------------------------------+-------------+-------------+--------------+
Train Episode: [84/200]
+--------------+-------------+------------+--------------+
| Total Return | Sharp Ratio | Volatility | Max Drawdown |
+--------------+-------------+------------+--------------+
|    0nan%     |     0nan    |   0nan%    |  30.379394%  |
+--------------+-------------+------------+--------------+
Valid Episode: [84/200]
+----------------------------------------------------------------------------------------------------------------------------------------------------------------------------------------+-------------+-------------+--------------+
|                                                                                      Total Return                                                                                      | Sharp Ratio |  Volatility | Max Drawdown |
+----------------------------------------------------------------------------------------------------------------------------------------------------------------------------------------+-------------+-------------+--------------+
| 305255304883648123897566420939934265501059785658042910768593471659129370199775987885492964976373588235688623921084941137843679614627561333568578019961346757747115264990773248.000000% |  10.728002  | 201.816523% |  22.200958%  |
+----------------------------------------------------------------------------------------------------------------------------------------------------------------------------------------+-------------+-------------+--------------+
Train Episode: [85/200]
+--------------+-------------+------------+--------------+
| Total Return | Sharp Ratio | Volatility | Max Drawdown |
+--------------+-------------+------------+--------------+
|    0nan%     |     0nan    |   0nan%    |  30.320685%  |
+--------------+-------------+------------+--------------+
Valid Episode: [85/200]
+----------------------------------------------------------------------------------------------------------------------------------------------------------------------------------------+-------------+-------------+--------------+
|                                                                                      Total Return                                                                                      | Sharp Ratio |  Volatility | Max Drawdown |
+----------------------------------------------------------------------------------------------------------------------------------------------------------------------------------------+-------------+-------------+--------------+
| 284753444029043418119758605619755568360909146529054621456835604132186554163612293021856192482125212302388697518542382244021127683121946638343710381111917126292561539597598720.000000% |  10.723429  | 201.917691% |  22.221496%  |
+----------------------------------------------------------------------------------------------------------------------------------------------------------------------------------------+-------------+-------------+--------------+
Train Episode: [86/200]
+--------------+-------------+------------+--------------+
| Total Return | Sharp Ratio | Volatility | Max Drawdown |
+--------------+-------------+------------+--------------+
|    0nan%     |     0nan    |   0nan%    |  30.349365%  |
+--------------+-------------+------------+--------------+
Valid Episode: [86/200]
+----------------------------------------------------------------------------------------------------------------------------------------------------------------------------------------+-------------+-------------+--------------+
|                                                                                      Total Return                                                                                      | Sharp Ratio |  Volatility | Max Drawdown |
+----------------------------------------------------------------------------------------------------------------------------------------------------------------------------------------+-------------+-------------+--------------+
| 285349390079076346225486602399680681954155374853974589361393998999960866127615491656532317445795968833019067934599697785992114274922171549773281048602664391520711147163484160.000000% |  10.723578  | 201.914251% |  22.220824%  |
+----------------------------------------------------------------------------------------------------------------------------------------------------------------------------------------+-------------+-------------+--------------+
Train Episode: [87/200]
+--------------+-------------+------------+--------------+
| Total Return | Sharp Ratio | Volatility | Max Drawdown |
+--------------+-------------+------------+--------------+
|    0nan%     |     0nan    |   0nan%    |  30.346096%  |
+--------------+-------------+------------+--------------+
Valid Episode: [87/200]
+----------------------------------------------------------------------------------------------------------------------------------------------------------------------------------------+-------------+-------------+--------------+
|                                                                                      Total Return                                                                                      | Sharp Ratio |  Volatility | Max Drawdown |
+----------------------------------------------------------------------------------------------------------------------------------------------------------------------------------------+-------------+-------------+--------------+
| 300512996564333171283918083436825605468266391861096031030756678429168229588938756620255149804619653483998338758715956750709165251608038645605204031248168553113582713318670336.000000% |  10.726999  | 201.838382% |  22.205408%  |
+----------------------------------------------------------------------------------------------------------------------------------------------------------------------------------------+-------------+-------------+--------------+
Train Episode: [88/200]
+--------------+-------------+------------+--------------+
| Total Return | Sharp Ratio | Volatility | Max Drawdown |
+--------------+-------------+------------+--------------+
|    0nan%     |     0nan    |   0nan%    |  30.323869%  |
+--------------+-------------+------------+--------------+
Valid Episode: [88/200]
+----------------------------------------------------------------------------------------------------------------------------------------------------------------------------------------+-------------+-------------+--------------+
|                                                                                      Total Return                                                                                      | Sharp Ratio |  Volatility | Max Drawdown |
+----------------------------------------------------------------------------------------------------------------------------------------------------------------------------------------+-------------+-------------+--------------+
| 307395820810852565139291176063869476407250916010692358307276994418807247537177072372336467736216556703377009719272535436670167819202298016160115820277539145584891744659439616.000000% |  10.728505  | 201.804875% |  22.198613%  |
+----------------------------------------------------------------------------------------------------------------------------------------------------------------------------------------+-------------+-------------+--------------+
Train Episode: [89/200]
+--------------+-------------+------------+--------------+
| Total Return | Sharp Ratio | Volatility | Max Drawdown |
+--------------+-------------+------------+--------------+
|    0nan%     |     0nan    |   0nan%    |  30.317733%  |
+--------------+-------------+------------+--------------+
Valid Episode: [89/200]
+----------------------------------------------------------------------------------------------------------------------------------------------------------------------------------------+-------------+-------------+--------------+
|                                                                                      Total Return                                                                                      | Sharp Ratio |  Volatility | Max Drawdown |
+----------------------------------------------------------------------------------------------------------------------------------------------------------------------------------------+-------------+-------------+--------------+
| 307232530131052379203700747356908218315086899868052442267172437723700825973029388451777949335186049556974677323742330812226717898477690011671348394408807268075963477309521920.000000% |  10.728468  | 201.805721% |  22.198733%  |
+----------------------------------------------------------------------------------------------------------------------------------------------------------------------------------------+-------------+-------------+--------------+
Train Episode: [90/200]
+--------------+-------------+------------+--------------+
| Total Return | Sharp Ratio | Volatility | Max Drawdown |
+--------------+-------------+------------+--------------+
|    0nan%     |     0nan    |   0nan%    |  30.317830%  |
+--------------+-------------+------------+--------------+
Valid Episode: [90/200]
+----------------------------------------------------------------------------------------------------------------------------------------------------------------------------------------+-------------+-------------+--------------+
|                                                                                      Total Return                                                                                      | Sharp Ratio |  Volatility | Max Drawdown |
+----------------------------------------------------------------------------------------------------------------------------------------------------------------------------------------+-------------+-------------+--------------+
| 282505424961378273200059874689811112697810538081529199948439973356666619293533654427326914055684153050751382262070928602333240356782586167266986095353828209805568209353441280.000000% |  10.722944  | 201.928013% |  22.223545%  |
+----------------------------------------------------------------------------------------------------------------------------------------------------------------------------------------+-------------+-------------+--------------+
Train Episode: [91/200]
+--------------+-------------+------------+--------------+
| Total Return | Sharp Ratio | Volatility | Max Drawdown |
+--------------+-------------+------------+--------------+
|    0nan%     |     0nan    |   0nan%    |  30.348286%  |
+--------------+-------------+------------+--------------+
Valid Episode: [91/200]
+----------------------------------------------------------------------------------------------------------------------------------------------------------------------------------------+-------------+-------------+--------------+
|                                                                                      Total Return                                                                                      | Sharp Ratio |  Volatility | Max Drawdown |
+----------------------------------------------------------------------------------------------------------------------------------------------------------------------------------------+-------------+-------------+--------------+
| 296207836908064825288199204985830415033550201483480074495700193978390271667428481036366894360671756220929803968802936017578405690351144429725793820817403326938476618702651392.000000% |  10.726073  | 201.858562% |  22.209464%  |
+----------------------------------------------------------------------------------------------------------------------------------------------------------------------------------------+-------------+-------------+--------------+
Train Episode: [92/200]
+--------------+-------------+------------+--------------+
| Total Return | Sharp Ratio | Volatility | Max Drawdown |
+--------------+-------------+------------+--------------+
|    0nan%     |     0nan    |   0nan%    |  30.315004%  |
+--------------+-------------+------------+--------------+
Valid Episode: [92/200]
+----------------------------------------------------------------------------------------------------------------------------------------------------------------------------------------+-------------+-------------+--------------+
|                                                                                      Total Return                                                                                      | Sharp Ratio |  Volatility | Max Drawdown |
+----------------------------------------------------------------------------------------------------------------------------------------------------------------------------------------+-------------+-------------+--------------+
| 299415050554917737431014692337062314171402385101498377164397256482378195380705976980697984759122071518402550128969408821598300692987196884210826936492640702085423284225048576.000000% |  10.726799  | 201.842292% |  22.206186%  |
+----------------------------------------------------------------------------------------------------------------------------------------------------------------------------------------+-------------+-------------+--------------+
Train Episode: [93/200]
+--------------+-------------+------------+--------------+
| Total Return | Sharp Ratio | Volatility | Max Drawdown |
+--------------+-------------+------------+--------------+
|    0nan%     |     0nan    |   0nan%    |  30.328440%  |
+--------------+-------------+------------+--------------+
Valid Episode: [93/200]
+----------------------------------------------------------------------------------------------------------------------------------------------------------------------------------------+-------------+-------------+--------------+
|                                                                                      Total Return                                                                                      | Sharp Ratio |  Volatility | Max Drawdown |
+----------------------------------------------------------------------------------------------------------------------------------------------------------------------------------------+-------------+-------------+--------------+
| 309269511688465623878409151450222041594577769954639605830900609403079273223366032232881329436247552147310689527280873275836780411214970932968170971883416301411239294467571712.000000% |  10.728940  | 201.794841% |  22.196533%  |
+----------------------------------------------------------------------------------------------------------------------------------------------------------------------------------------+-------------+-------------+--------------+
Train Episode: [94/200]
+--------------+-------------+------------+--------------+
| Total Return | Sharp Ratio | Volatility | Max Drawdown |
+--------------+-------------+------------+--------------+
|    0nan%     |     0nan    |   0nan%    |  30.315035%  |
+--------------+-------------+------------+--------------+
Valid Episode: [94/200]
+----------------------------------------------------------------------------------------------------------------------------------------------------------------------------------------+-------------+-------------+--------------+
|                                                                                      Total Return                                                                                      | Sharp Ratio |  Volatility | Max Drawdown |
+----------------------------------------------------------------------------------------------------------------------------------------------------------------------------------------+-------------+-------------+--------------+
| 291455889750295304053483144491449046387224927122605001431045827534791964724432736998319943712856498309356005341528750916665316089432609075693534431877319730954499949540147200.000000% |  10.725018  | 201.881827% |  22.214146%  |
+----------------------------------------------------------------------------------------------------------------------------------------------------------------------------------------+-------------+-------------+--------------+
Train Episode: [95/200]
+--------------+-------------+------------+--------------+
| Total Return | Sharp Ratio | Volatility | Max Drawdown |
+--------------+-------------+------------+--------------+
|    0nan%     |     0nan    |   0nan%    |  30.351453%  |
+--------------+-------------+------------+--------------+
Valid Episode: [95/200]
+----------------------------------------------------------------------------------------------------------------------------------------------------------------------------------------+-------------+-------------+--------------+
|                                                                                      Total Return                                                                                      | Sharp Ratio |  Volatility | Max Drawdown |
+----------------------------------------------------------------------------------------------------------------------------------------------------------------------------------------+-------------+-------------+--------------+
| 282964280585202545651352016941610872062424594733379412404025857452527426071100476800130422383985310397829026133876752609276517040182688026192957395017446773615787237212946432.000000% |  10.723076  | 201.924764% |  22.222849%  |
+----------------------------------------------------------------------------------------------------------------------------------------------------------------------------------------+-------------+-------------+--------------+
Train Episode: [96/200]
+--------------+-------------+------------+--------------+
| Total Return | Sharp Ratio | Volatility | Max Drawdown |
+--------------+-------------+------------+--------------+
|    0nan%     |     0nan    |   0nan%    |  30.320998%  |
+--------------+-------------+------------+--------------+
Valid Episode: [96/200]
+----------------------------------------------------------------------------------------------------------------------------------------------------------------------------------------+-------------+-------------+--------------+
|                                                                                      Total Return                                                                                      | Sharp Ratio |  Volatility | Max Drawdown |
+----------------------------------------------------------------------------------------------------------------------------------------------------------------------------------------+-------------+-------------+--------------+
| 290744536162411846786580020280200210130213553802770773696371867157748598217886235125621706025569464289486059740011297204017048274372648603227489935967444292541107975443447808.000000% |  10.724859  | 201.885294% |  22.214796%  |
+----------------------------------------------------------------------------------------------------------------------------------------------------------------------------------------+-------------+-------------+--------------+
Train Episode: [97/200]
+--------------+-------------+------------+--------------+
| Total Return | Sharp Ratio | Volatility | Max Drawdown |
+--------------+-------------+------------+--------------+
|    0nan%     |     0nan    |   0nan%    |  30.340141%  |
+--------------+-------------+------------+--------------+
Valid Episode: [97/200]
+----------------------------------------------------------------------------------------------------------------------------------------------------------------------------------------+-------------+-------------+--------------+
|                                                                                      Total Return                                                                                      | Sharp Ratio |  Volatility | Max Drawdown |
+----------------------------------------------------------------------------------------------------------------------------------------------------------------------------------------+-------------+-------------+--------------+
| 272352509143536798911265729386701411245263875274290883929953284903811737316440770591315221516300175124700394728022103102048321547123483620337489778630480939045554167203495936.000000% |  10.720561  | 201.980524% |  22.234113%  |
+----------------------------------------------------------------------------------------------------------------------------------------------------------------------------------------+-------------+-------------+--------------+
Train Episode: [98/200]
+--------------+-------------+------------+--------------+
| Total Return | Sharp Ratio | Volatility | Max Drawdown |
+--------------+-------------+------------+--------------+
|    0nan%     |     0nan    |   0nan%    |  30.367000%  |
+--------------+-------------+------------+--------------+
Valid Episode: [98/200]
+----------------------------------------------------------------------------------------------------------------------------------------------------------------------------------------+-------------+-------------+--------------+
|                                                                                      Total Return                                                                                      | Sharp Ratio |  Volatility | Max Drawdown |
+----------------------------------------------------------------------------------------------------------------------------------------------------------------------------------------+-------------+-------------+--------------+
| 282896195302860315681253294152289374454940951963250046353320658596594130168151932477892058091929485146932750677787155375789426544671839340411870035389767244924713062715359232.000000% |  10.723066  | 201.924918% |  22.222796%  |
+----------------------------------------------------------------------------------------------------------------------------------------------------------------------------------------+-------------+-------------+--------------+
Train Episode: [99/200]
+--------------+-------------+------------+--------------+
| Total Return | Sharp Ratio | Volatility | Max Drawdown |
+--------------+-------------+------------+--------------+
|    0nan%     |     0nan    |   0nan%    |  30.336952%  |
+--------------+-------------+------------+--------------+
Valid Episode: [99/200]
+----------------------------------------------------------------------------------------------------------------------------------------------------------------------------------------+-------------+-------------+--------------+
|                                                                                      Total Return                                                                                      | Sharp Ratio |  Volatility | Max Drawdown |
+----------------------------------------------------------------------------------------------------------------------------------------------------------------------------------------+-------------+-------------+--------------+
| 295003190812883021113199591018454839498482272286982888996150071335263370767396931349746185763212117096528057088778966503004897216605021867737503258694013440409035754375741440.000000% |  10.725820  | 201.864010% |  22.210380%  |
+----------------------------------------------------------------------------------------------------------------------------------------------------------------------------------------+-------------+-------------+--------------+
Train Episode: [100/200]
+--------------+-------------+------------+--------------+
| Total Return | Sharp Ratio | Volatility | Max Drawdown |
+--------------+-------------+------------+--------------+
|    0nan%     |     0nan    |   0nan%    |  30.343127%  |
+--------------+-------------+------------+--------------+
Valid Episode: [100/200]
+----------------------------------------------------------------------------------------------------------------------------------------------------------------------------------------+-------------+-------------+--------------+
|                                                                                      Total Return                                                                                      | Sharp Ratio |  Volatility | Max Drawdown |
+----------------------------------------------------------------------------------------------------------------------------------------------------------------------------------------+-------------+-------------+--------------+
| 280592688042570144431195636943003553511490312122624643182589919329158443296680048699832570271119603616909578174352801093013139708611767523423744548883739891326078881223409664.000000% |  10.722534  | 201.936627% |  22.225161%  |
+----------------------------------------------------------------------------------------------------------------------------------------------------------------------------------------+-------------+-------------+--------------+
Train Episode: [101/200]
+--------------+-------------+------------+--------------+
| Total Return | Sharp Ratio | Volatility | Max Drawdown |
+--------------+-------------+------------+--------------+
|    0nan%     |     0nan    |   0nan%    |  30.354390%  |
+--------------+-------------+------------+--------------+
Valid Episode: [101/200]
+----------------------------------------------------------------------------------------------------------------------------------------------------------------------------------------+-------------+-------------+--------------+
|                                                                                      Total Return                                                                                      | Sharp Ratio |  Volatility | Max Drawdown |
+----------------------------------------------------------------------------------------------------------------------------------------------------------------------------------------+-------------+-------------+--------------+
| 309117721392556154445617050551142170201436031567478152705952964577154901942957405523432778834586769001961982576146496470806441025063719080295822110234636370585630896744824832.000000% |  10.728922  | 201.795076% |  22.196417%  |
+----------------------------------------------------------------------------------------------------------------------------------------------------------------------------------------+-------------+-------------+--------------+
Train Episode: [102/200]
+--------------+-------------+------------+--------------+
| Total Return | Sharp Ratio | Volatility | Max Drawdown |
+--------------+-------------+------------+--------------+
|    0nan%     |     0nan    |   0nan%    |  30.314423%  |
+--------------+-------------+------------+--------------+
Valid Episode: [102/200]
+----------------------------------------------------------------------------------------------------------------------------------------------------------------------------------------+-------------+-------------+--------------+
|                                                                                      Total Return                                                                                      | Sharp Ratio |  Volatility | Max Drawdown |
+----------------------------------------------------------------------------------------------------------------------------------------------------------------------------------------+-------------+-------------+--------------+
| 296425508402996027392713588851727635864805397118232861304472133308113216570681135913177520374272654975964416946250659467321012641711604044498754062058412356389184225706770432.000000% |  10.726167  | 201.855944% |  22.208822%  |
+----------------------------------------------------------------------------------------------------------------------------------------------------------------------------------------+-------------+-------------+--------------+
Train Episode: [103/200]
+--------------+-------------+------------+--------------+
| Total Return | Sharp Ratio | Volatility | Max Drawdown |
+--------------+-------------+------------+--------------+
|    0nan%     |     0nan    |   0nan%    |  30.338385%  |
+--------------+-------------+------------+--------------+
Valid Episode: [103/200]
+----------------------------------------------------------------------------------------------------------------------------------------------------------------------------------------+-------------+-------------+--------------+
|                                                                                      Total Return                                                                                      | Sharp Ratio |  Volatility | Max Drawdown |
+----------------------------------------------------------------------------------------------------------------------------------------------------------------------------------------+-------------+-------------+--------------+
| 283429211984137856320623376203147430463584551618018745568065598638893777419020437943051198975174434760060810401364061083036900031877199517428299613742632665566145252931141632.000000% |  10.723229  | 201.920818% |  22.222023%  |
+----------------------------------------------------------------------------------------------------------------------------------------------------------------------------------------+-------------+-------------+--------------+
Train Episode: [104/200]
+--------------+-------------+------------+--------------+
| Total Return | Sharp Ratio | Volatility | Max Drawdown |
+--------------+-------------+------------+--------------+
|    0nan%     |     0nan    |   0nan%    |  30.323990%  |
+--------------+-------------+------------+--------------+
Valid Episode: [104/200]
+----------------------------------------------------------------------------------------------------------------------------------------------------------------------------------------+-------------+-------------+--------------+
|                                                                                      Total Return                                                                                      | Sharp Ratio |  Volatility | Max Drawdown |
+----------------------------------------------------------------------------------------------------------------------------------------------------------------------------------------+-------------+-------------+--------------+
| 278044193035941903472861003194778605797998798435234561521297197647696373176136156824498721988319480207342465474430734844133723068046421105322804787319105120051459289021153280.000000% |  10.721979  | 201.948375% |  22.227658%  |
+----------------------------------------------------------------------------------------------------------------------------------------------------------------------------------------+-------------+-------------+--------------+
Train Episode: [105/200]
+--------------+-------------+------------+--------------+
| Total Return | Sharp Ratio | Volatility | Max Drawdown |
+--------------+-------------+------------+--------------+
|    0nan%     |     0nan    |   0nan%    |  30.358284%  |
+--------------+-------------+------------+--------------+
Valid Episode: [105/200]
+----------------------------------------------------------------------------------------------------------------------------------------------------------------------------------------+-------------+-------------+--------------+
|                                                                                      Total Return                                                                                      | Sharp Ratio |  Volatility | Max Drawdown |
+----------------------------------------------------------------------------------------------------------------------------------------------------------------------------------------+-------------+-------------+--------------+
| 303506436074516176092045795965438399225269578051881807521495043980047072503857418771875263731288649058786847730416620995633886623562528114024248654344270210602275124337967104.000000% |  10.727743  | 201.820802% |  22.201689%  |
+----------------------------------------------------------------------------------------------------------------------------------------------------------------------------------------+-------------+-------------+--------------+
Train Episode: [106/200]
+--------------+-------------+------------+--------------+
| Total Return | Sharp Ratio | Volatility | Max Drawdown |
+--------------+-------------+------------+--------------+
|    0nan%     |     0nan    |   0nan%    |  30.322011%  |
+--------------+-------------+------------+--------------+
Valid Episode: [106/200]
+----------------------------------------------------------------------------------------------------------------------------------------------------------------------------------------+-------------+-------------+--------------+
|                                                                                      Total Return                                                                                      | Sharp Ratio |  Volatility | Max Drawdown |
+----------------------------------------------------------------------------------------------------------------------------------------------------------------------------------------+-------------+-------------+--------------+
| 268912580761715906215243703302466922342501712202685771182002621376442000788307505670089029064025569615682928994474214194717172613365999093650052966691513476642325809351098368.000000% |  10.719782  | 201.997080% |  22.237478%  |
+----------------------------------------------------------------------------------------------------------------------------------------------------------------------------------------+-------------+-------------+--------------+
Train Episode: [107/200]
+--------------+-------------+------------+--------------+
| Total Return | Sharp Ratio | Volatility | Max Drawdown |
+--------------+-------------+------------+--------------+
|    0nan%     |     0nan    |   0nan%    |  30.312783%  |
+--------------+-------------+------------+--------------+
Valid Episode: [107/200]
+----------------------------------------------------------------------------------------------------------------------------------------------------------------------------------------+-------------+-------------+--------------+
|                                                                                      Total Return                                                                                      | Sharp Ratio |  Volatility | Max Drawdown |
+----------------------------------------------------------------------------------------------------------------------------------------------------------------------------------------+-------------+-------------+--------------+
| 298762090172961024688222944204034006338765081957062140036059096878991581986253151675453324500571628518530690762230469061561955774988507117077991693649436812378808405861597184.000000% |  10.726714  | 201.843479% |  22.206274%  |
+----------------------------------------------------------------------------------------------------------------------------------------------------------------------------------------+-------------+-------------+--------------+
Train Episode: [108/200]
+--------------+-------------+------------+--------------+
| Total Return | Sharp Ratio | Volatility | Max Drawdown |
+--------------+-------------+------------+--------------+
|    0nan%     |     0nan    |   0nan%    |  30.333148%  |
+--------------+-------------+------------+--------------+
Valid Episode: [108/200]
+----------------------------------------------------------------------------------------------------------------------------------------------------------------------------------------+-------------+-------------+--------------+
|                                                                                      Total Return                                                                                      | Sharp Ratio |  Volatility | Max Drawdown |
+----------------------------------------------------------------------------------------------------------------------------------------------------------------------------------------+-------------+-------------+--------------+
| 301437171217586936179851745308054824107751984064240481306537417629591646456060194315186186157502272925449943938674930347215049864975135180292298277822146007661895541525053440.000000% |  10.727313  | 201.830083% |  22.203565%  |
+----------------------------------------------------------------------------------------------------------------------------------------------------------------------------------------+-------------+-------------+--------------+
Train Episode: [109/200]
+--------------+-------------+------------+--------------+
| Total Return | Sharp Ratio | Volatility | Max Drawdown |
+--------------+-------------+------------+--------------+
|    0nan%     |     0nan    |   0nan%    |  30.324791%  |
+--------------+-------------+------------+--------------+
Valid Episode: [109/200]
+----------------------------------------------------------------------------------------------------------------------------------------------------------------------------------------+-------------+-------------+--------------+
|                                                                                      Total Return                                                                                      | Sharp Ratio |  Volatility | Max Drawdown |
+----------------------------------------------------------------------------------------------------------------------------------------------------------------------------------------+-------------+-------------+--------------+
| 297882946654391232822372912193592135974937635652821650058737756345529516059870728152530789069466216783936309669754347665594755581080423089217916792124940018251081804041682944.000000% |  10.726532  | 201.847347% |  22.207062%  |
+----------------------------------------------------------------------------------------------------------------------------------------------------------------------------------------+-------------+-------------+--------------+
Train Episode: [110/200]
+--------------+-------------+------------+--------------+
| Total Return | Sharp Ratio | Volatility | Max Drawdown |
+--------------+-------------+------------+--------------+
|    0nan%     |     0nan    |   0nan%    |  30.329602%  |
+--------------+-------------+------------+--------------+
Valid Episode: [110/200]
+----------------------------------------------------------------------------------------------------------------------------------------------------------------------------------------+-------------+-------------+--------------+
|                                                                                      Total Return                                                                                      | Sharp Ratio |  Volatility | Max Drawdown |
+----------------------------------------------------------------------------------------------------------------------------------------------------------------------------------------+-------------+-------------+--------------+
| 293690112909927379041533836130178050389907180191732298591303745405744107478821111309052929455560815690832410412950337062235003704219847363409179462943548417083463482206060544.000000% |  10.725619  | 201.867313% |  22.211145%  |
+----------------------------------------------------------------------------------------------------------------------------------------------------------------------------------------+-------------+-------------+--------------+
Train Episode: [111/200]
+--------------+-------------+------------+--------------+
| Total Return | Sharp Ratio | Volatility | Max Drawdown |
+--------------+-------------+------------+--------------+
|    0nan%     |     0nan    |   0nan%    |  30.325289%  |
+--------------+-------------+------------+--------------+
Valid Episode: [111/200]
+----------------------------------------------------------------------------------------------------------------------------------------------------------------------------------------+-------------+-------------+--------------+
|                                                                                      Total Return                                                                                      | Sharp Ratio |  Volatility | Max Drawdown |
+----------------------------------------------------------------------------------------------------------------------------------------------------------------------------------------+-------------+-------------+--------------+
| 307153521609673587135580292183857995631218125216617464023046651208638651621482285837750838141699536514900278007943670577769853322363094301135783986298873581034978480758980608.000000% |  10.728582  | 201.801605% |  22.197812%  |
+----------------------------------------------------------------------------------------------------------------------------------------------------------------------------------------+-------------+-------------+--------------+
Train Episode: [112/200]
+--------------+-------------+------------+--------------+
| Total Return | Sharp Ratio | Volatility | Max Drawdown |
+--------------+-------------+------------+--------------+
|    0nan%     |     0nan    |   0nan%    |  30.349038%  |
+--------------+-------------+------------+--------------+
Valid Episode: [112/200]
+----------------------------------------------------------------------------------------------------------------------------------------------------------------------------------------+-------------+-------------+--------------+
|                                                                                      Total Return                                                                                      | Sharp Ratio |  Volatility | Max Drawdown |
+----------------------------------------------------------------------------------------------------------------------------------------------------------------------------------------+-------------+-------------+--------------+
| 298153220766350412996257193104194152194590891424646971145969206836765281865486790040727383352228296910117783141332884616909428439013578454473537894864989804050606592106692608.000000% |  10.726625  | 201.844884% |  22.206596%  |
+----------------------------------------------------------------------------------------------------------------------------------------------------------------------------------------+-------------+-------------+--------------+
Train Episode: [113/200]
+--------------+-------------+------------+--------------+
| Total Return | Sharp Ratio | Volatility | Max Drawdown |
+--------------+-------------+------------+--------------+
|    0nan%     |     0nan    |   0nan%    |  30.329246%  |
+--------------+-------------+------------+--------------+
Valid Episode: [113/200]
+----------------------------------------------------------------------------------------------------------------------------------------------------------------------------------------+-------------+-------------+--------------+
|                                                                                      Total Return                                                                                      | Sharp Ratio |  Volatility | Max Drawdown |
+----------------------------------------------------------------------------------------------------------------------------------------------------------------------------------------+-------------+-------------+--------------+
| 293328353939989433601913985954870677945755540632677475603271058182022431145537237544614387429216211268581785070383053944314884522824228424797425707441871796827671764903395328.000000% |  10.725555  | 201.868514% |  22.211393%  |
+----------------------------------------------------------------------------------------------------------------------------------------------------------------------------------------+-------------+-------------+--------------+
Train Episode: [114/200]
+--------------+-------------+------------+--------------+
| Total Return | Sharp Ratio | Volatility | Max Drawdown |
+--------------+-------------+------------+--------------+
|    0nan%     |     0nan    |   0nan%    |  30.335951%  |
+--------------+-------------+------------+--------------+
Valid Episode: [114/200]
+----------------------------------------------------------------------------------------------------------------------------------------------------------------------------------------+-------------+-------------+--------------+
|                                                                                      Total Return                                                                                      | Sharp Ratio |  Volatility | Max Drawdown |
+----------------------------------------------------------------------------------------------------------------------------------------------------------------------------------------+-------------+-------------+--------------+
| 282502995178298473498020398396278662447167757450580149304869108602387986086593050892776591784550957575488273539668972447073895307365497920620923167853321035475649840050864128.000000% |  10.723071  | 201.923658% |  22.222523%  |
+----------------------------------------------------------------------------------------------------------------------------------------------------------------------------------------+-------------+-------------+--------------+
Train Episode: [115/200]
+--------------+-------------+------------+--------------+
| Total Return | Sharp Ratio | Volatility | Max Drawdown |
+--------------+-------------+------------+--------------+
|    0nan%     |     0nan    |   0nan%    |  30.324970%  |
+--------------+-------------+------------+--------------+
Valid Episode: [115/200]
+----------------------------------------------------------------------------------------------------------------------------------------------------------------------------------------+-------------+-------------+--------------+
|                                                                                      Total Return                                                                                      | Sharp Ratio |  Volatility | Max Drawdown |
+----------------------------------------------------------------------------------------------------------------------------------------------------------------------------------------+-------------+-------------+--------------+
| 306306031189695716121491067678730675010616583220723777301841263909515323750287904900712635005123398812833518050531048688591962538661275165732090801803665047359910084136140800.000000% |  10.728394  | 201.805853% |  22.198544%  |
+----------------------------------------------------------------------------------------------------------------------------------------------------------------------------------------+-------------+-------------+--------------+
Train Episode: [116/200]
+--------------+-------------+------------+--------------+
| Total Return | Sharp Ratio | Volatility | Max Drawdown |
+--------------+-------------+------------+--------------+
|    0nan%     |     0nan    |   0nan%    |  30.316067%  |
+--------------+-------------+------------+--------------+
Valid Episode: [116/200]
+----------------------------------------------------------------------------------------------------------------------------------------------------------------------------------------+-------------+-------------+--------------+
|                                                                                      Total Return                                                                                      | Sharp Ratio |  Volatility | Max Drawdown |
+----------------------------------------------------------------------------------------------------------------------------------------------------------------------------------------+-------------+-------------+--------------+
| 267999647735958222384363989211383826927582808079781262397443089085476122535478545241782950119062714127196912075676216813588476877093520344135667126899520091920711958711500800.000000% |  10.719598  | 202.000690% |  22.238097%  |
+----------------------------------------------------------------------------------------------------------------------------------------------------------------------------------------+-------------+-------------+--------------+
Train Episode: [117/200]
+--------------+-------------+------------+--------------+
| Total Return | Sharp Ratio | Volatility | Max Drawdown |
+--------------+-------------+------------+--------------+
|    0nan%     |     0nan    |   0nan%    |  30.372739%  |
+--------------+-------------+------------+--------------+
Valid Episode: [117/200]
+----------------------------------------------------------------------------------------------------------------------------------------------------------------------------------------+-------------+-------------+--------------+
|                                                                                      Total Return                                                                                      | Sharp Ratio |  Volatility | Max Drawdown |
+----------------------------------------------------------------------------------------------------------------------------------------------------------------------------------------+-------------+-------------+--------------+
| 290845679151334227475757619074557972635212584910202398675145137575496821613494458827367521640206326121298809903629516456793501086577690545487537723606941979583389492135854080.000000% |  10.724991  | 201.881076% |  22.213792%  |
+----------------------------------------------------------------------------------------------------------------------------------------------------------------------------------------+-------------+-------------+--------------+
Train Episode: [118/200]
+--------------+-------------+------------+--------------+
| Total Return | Sharp Ratio | Volatility | Max Drawdown |
+--------------+-------------+------------+--------------+
|    0nan%     |     0nan    |   0nan%    |  30.338928%  |
+--------------+-------------+------------+--------------+
Valid Episode: [118/200]
+----------------------------------------------------------------------------------------------------------------------------------------------------------------------------------------+-------------+-------------+--------------+
|                                                                                      Total Return                                                                                      | Sharp Ratio |  Volatility | Max Drawdown |
+----------------------------------------------------------------------------------------------------------------------------------------------------------------------------------------+-------------+-------------+--------------+
| 278853077873684847158834853930267576970953241799565818444567512953136462880613369952606504089683407632273887833523278101607688443756971566702075611548548185513674946266529792.000000% |  10.722217  | 201.942552% |  22.226273%  |
+----------------------------------------------------------------------------------------------------------------------------------------------------------------------------------------+-------------+-------------+--------------+
Train Episode: [119/200]
+--------------+-------------+------------+--------------+
| Total Return | Sharp Ratio | Volatility | Max Drawdown |
+--------------+-------------+------------+--------------+
|    0nan%     |     0nan    |   0nan%    |  30.331324%  |
+--------------+-------------+------------+--------------+
Valid Episode: [119/200]
+----------------------------------------------------------------------------------------------------------------------------------------------------------------------------------------+-------------+-------------+--------------+
|                                                                                      Total Return                                                                                      | Sharp Ratio |  Volatility | Max Drawdown |
+----------------------------------------------------------------------------------------------------------------------------------------------------------------------------------------+-------------+-------------+--------------+
| 302829625209924228945058297500218608266948631300781205747360876619163842679678233921581300192315521988311091949289268502006628797319296867232128627486824740241226390193569792.000000% |  10.727644  | 201.822415% |  22.201806%  |
+----------------------------------------------------------------------------------------------------------------------------------------------------------------------------------------+-------------+-------------+--------------+
Train Episode: [120/200]
+--------------+-------------+------------+--------------+
| Total Return | Sharp Ratio | Volatility | Max Drawdown |
+--------------+-------------+------------+--------------+
|    0nan%     |     0nan    |   0nan%    |  30.319469%  |
+--------------+-------------+------------+--------------+
Valid Episode: [120/200]
+----------------------------------------------------------------------------------------------------------------------------------------------------------------------------------------+-------------+-------------+--------------+
|                                                                                      Total Return                                                                                      | Sharp Ratio |  Volatility | Max Drawdown |
+----------------------------------------------------------------------------------------------------------------------------------------------------------------------------------------+-------------+-------------+--------------+
| 293537330704040909683859399223388544869153676430489760491331186546229360191866710733910256508097766778977471248051377067464299165106656204391024260019783031281089667619880960.000000% |  10.725591  | 201.867874% |  22.211014%  |
+----------------------------------------------------------------------------------------------------------------------------------------------------------------------------------------+-------------+-------------+--------------+
Train Episode: [121/200]
+--------------+-------------+------------+--------------+
| Total Return | Sharp Ratio | Volatility | Max Drawdown |
+--------------+-------------+------------+--------------+
|    0nan%     |     0nan    |   0nan%    |  30.334883%  |
+--------------+-------------+------------+--------------+
Valid Episode: [121/200]
+----------------------------------------------------------------------------------------------------------------------------------------------------------------------------------------+-------------+-------------+--------------+
|                                                                                      Total Return                                                                                      | Sharp Ratio |  Volatility | Max Drawdown |
+----------------------------------------------------------------------------------------------------------------------------------------------------------------------------------------+-------------+-------------+--------------+
| 301157017069453277676125937777338935811908043450087393670160278846827116619088059557414181485580776705287449389194112722689030367044635354950389484101067887293789675982946304.000000% |  10.727282  | 201.830386% |  22.203384%  |
+----------------------------------------------------------------------------------------------------------------------------------------------------------------------------------------+-------------+-------------+--------------+
Train Episode: [122/200]
+--------------+-------------+------------+--------------+
| Total Return | Sharp Ratio | Volatility | Max Drawdown |
+--------------+-------------+------------+--------------+
|    0nan%     |     0nan    |   0nan%    |  30.324273%  |
+--------------+-------------+------------+--------------+
Valid Episode: [122/200]
+----------------------------------------------------------------------------------------------------------------------------------------------------------------------------------------+-------------+-------------+--------------+
|                                                                                      Total Return                                                                                      | Sharp Ratio |  Volatility | Max Drawdown |
+----------------------------------------------------------------------------------------------------------------------------------------------------------------------------------------+-------------+-------------+--------------+
| 285711009683548167253728457567126512392627096831888697458966984572555784691533182443853412168301555889127107657532415776032991764270304101042765214788393570657555128319475712.000000% |  10.723841  | 201.906281% |  22.218832%  |
+----------------------------------------------------------------------------------------------------------------------------------------------------------------------------------------+-------------+-------------+--------------+
Train Episode: [123/200]
+--------------+-------------+------------+--------------+
| Total Return | Sharp Ratio | Volatility | Max Drawdown |
+--------------+-------------+------------+--------------+
|    0nan%     |     0nan    |   0nan%    |  30.351172%  |
+--------------+-------------+------------+--------------+
Valid Episode: [123/200]
+----------------------------------------------------------------------------------------------------------------------------------------------------------------------------------------+-------------+-------------+--------------+
|                                                                                      Total Return                                                                                      | Sharp Ratio |  Volatility | Max Drawdown |
+----------------------------------------------------------------------------------------------------------------------------------------------------------------------------------------+-------------+-------------+--------------+
| 288779473296370010280514961897087858453506045099417635163840221815698237907690089032034089747968252880383804297522571013777908537227940821984579678779867794463599954283724800.000000% |  10.724545  | 201.890652% |  22.215611%  |
+----------------------------------------------------------------------------------------------------------------------------------------------------------------------------------------+-------------+-------------+--------------+
Train Episode: [124/200]
+--------------+-------------+------------+--------------+
| Total Return | Sharp Ratio | Volatility | Max Drawdown |
+--------------+-------------+------------+--------------+
|    0nan%     |     0nan    |   0nan%    |  30.346637%  |
+--------------+-------------+------------+--------------+
Valid Episode: [124/200]
+----------------------------------------------------------------------------------------------------------------------------------------------------------------------------------------+-------------+-------------+--------------+
|                                                                                      Total Return                                                                                      | Sharp Ratio |  Volatility | Max Drawdown |
+----------------------------------------------------------------------------------------------------------------------------------------------------------------------------------------+-------------+-------------+--------------+
| 294444145170481649186312249172757289068682675255855919964428972989952364688438776862828970730212883357924511769882254361124204604764881768137645974333561724516240961614905344.000000% |  10.725837  | 201.861912% |  22.209783%  |
+----------------------------------------------------------------------------------------------------------------------------------------------------------------------------------------+-------------+-------------+--------------+
Train Episode: [125/200]
+--------------+-------------+------------+--------------+
| Total Return | Sharp Ratio | Volatility | Max Drawdown |
+--------------+-------------+------------+--------------+
|    0nan%     |     0nan    |   0nan%    |  30.333604%  |
+--------------+-------------+------------+--------------+
Valid Episode: [125/200]
+----------------------------------------------------------------------------------------------------------------------------------------------------------------------------------------+-------------+-------------+--------------+
|                                                                                      Total Return                                                                                      | Sharp Ratio |  Volatility | Max Drawdown |
+----------------------------------------------------------------------------------------------------------------------------------------------------------------------------------------+-------------+-------------+--------------+
| 288715806260830897709746072989910392034653259785488154319538666133137627337284933953078249805987813211656569288408371692856195533726107841190992460362219117289842210846539776.000000% |  10.724544  | 201.890507% |  22.215593%  |
+----------------------------------------------------------------------------------------------------------------------------------------------------------------------------------------+-------------+-------------+--------------+
Train Episode: [126/200]
+--------------+-------------+------------+--------------+
| Total Return | Sharp Ratio | Volatility | Max Drawdown |
+--------------+-------------+------------+--------------+
|    0nan%     |     0nan    |   0nan%    |  30.341698%  |
+--------------+-------------+------------+--------------+
Valid Episode: [126/200]
+----------------------------------------------------------------------------------------------------------------------------------------------------------------------------------------+-------------+-------------+--------------+
|                                                                                      Total Return                                                                                      | Sharp Ratio |  Volatility | Max Drawdown |
+----------------------------------------------------------------------------------------------------------------------------------------------------------------------------------------+-------------+-------------+--------------+
| 272974362422372308414919637213788034962313812179392261430826320583063831250276329837030489376389847217706533076942739256908587152581072420094012547572772559830013647033204736.000000% |  10.720863  | 201.971987% |  22.232123%  |
+----------------------------------------------------------------------------------------------------------------------------------------------------------------------------------------+-------------+-------------+--------------+
Train Episode: [127/200]
+--------------+-------------+------------+--------------+
| Total Return | Sharp Ratio | Volatility | Max Drawdown |
+--------------+-------------+------------+--------------+
|    0nan%     |     0nan    |   0nan%    |  30.338170%  |
+--------------+-------------+------------+--------------+
Valid Episode: [127/200]
+----------------------------------------------------------------------------------------------------------------------------------------------------------------------------------------+-------------+-------------+--------------+
|                                                                                      Total Return                                                                                      | Sharp Ratio |  Volatility | Max Drawdown |
+----------------------------------------------------------------------------------------------------------------------------------------------------------------------------------------+-------------+-------------+--------------+
| 279167429031444286022751681101000382983090576614300670740021566728719287658793600287949922857346859017276018606618356470408728912197574268392275830735658553164000856637440000.000000% |  10.722347  | 201.938972% |  22.225434%  |
+----------------------------------------------------------------------------------------------------------------------------------------------------------------------------------------+-------------+-------------+--------------+
Train Episode: [128/200]
+--------------+-------------+------------+--------------+
| Total Return | Sharp Ratio | Volatility | Max Drawdown |
+--------------+-------------+------------+--------------+
|    0nan%     |     0nan    |   0nan%    |  30.324612%  |
+--------------+-------------+------------+--------------+
Valid Episode: [128/200]
+----------------------------------------------------------------------------------------------------------------------------------------------------------------------------------------+-------------+-------------+--------------+
|                                                                                      Total Return                                                                                      | Sharp Ratio |  Volatility | Max Drawdown |
+----------------------------------------------------------------------------------------------------------------------------------------------------------------------------------------+-------------+-------------+--------------+
| 282307334793608747706034425833171777504233495811032769754842607272142876527093154915012304628755029699204058463615520637878861503885019728312580547693402672009137351615840256.000000% |  10.723075  | 201.922969% |  22.222119%  |
+----------------------------------------------------------------------------------------------------------------------------------------------------------------------------------------+-------------+-------------+--------------+
Train Episode: [129/200]
+--------------+-------------+------------+--------------+
| Total Return | Sharp Ratio | Volatility | Max Drawdown |
+--------------+-------------+------------+--------------+
|    0nan%     |     0nan    |   0nan%    |  30.350776%  |
+--------------+-------------+------------+--------------+
Valid Episode: [129/200]
+----------------------------------------------------------------------------------------------------------------------------------------------------------------------------------------+-------------+-------------+--------------+
|                                                                                      Total Return                                                                                      | Sharp Ratio |  Volatility | Max Drawdown |
+----------------------------------------------------------------------------------------------------------------------------------------------------------------------------------------+-------------+-------------+--------------+
| 294457102337545501137832841245523725507911354140258653991660751802785288739105998084974498441856280048862192073972046622130732699944526256215631841501026442377253212947218432.000000% |  10.725843  | 201.861726% |  22.209625%  |
+----------------------------------------------------------------------------------------------------------------------------------------------------------------------------------------+-------------+-------------+--------------+
Train Episode: [130/200]
+--------------+-------------+------------+--------------+
| Total Return | Sharp Ratio | Volatility | Max Drawdown |
+--------------+-------------+------------+--------------+
|    0nan%     |     0nan    |   0nan%    |  30.333283%  |
+--------------+-------------+------------+--------------+
Valid Episode: [130/200]
+----------------------------------------------------------------------------------------------------------------------------------------------------------------------------------------+-------------+-------------+--------------+
|                                                                                      Total Return                                                                                      | Sharp Ratio |  Volatility | Max Drawdown |
+----------------------------------------------------------------------------------------------------------------------------------------------------------------------------------------+-------------+-------------+--------------+
| 310228378017387672652401420411122411530091399179146440491577055045680656083971759126593365467825478625586903259910442108449793846834748868433919250617263553830636342858481664.000000% |  10.729272  | 201.785964% |  22.194188%  |
+----------------------------------------------------------------------------------------------------------------------------------------------------------------------------------------+-------------+-------------+--------------+
Train Episode: [131/200]
+--------------+-------------+------------+--------------+
| Total Return | Sharp Ratio | Volatility | Max Drawdown |
+--------------+-------------+------------+--------------+
|    0nan%     |     0nan    |   0nan%    |  30.311636%  |
+--------------+-------------+------------+--------------+
Valid Episode: [131/200]
+----------------------------------------------------------------------------------------------------------------------------------------------------------------------------------------+-------------+-------------+--------------+
|                                                                                      Total Return                                                                                      | Sharp Ratio |  Volatility | Max Drawdown |
+----------------------------------------------------------------------------------------------------------------------------------------------------------------------------------------+-------------+-------------+--------------+
| 295249017129806744816118935233402561774193747440010169679332362483616616048706555993232561339843194620280553902963976894299528455010642282667195792379885496095505268785283072.000000% |  10.725991  | 201.858812% |  22.208897%  |
+----------------------------------------------------------------------------------------------------------------------------------------------------------------------------------------+-------------+-------------+--------------+
Train Episode: [132/200]
+--------------+-------------+------------+--------------+
| Total Return | Sharp Ratio | Volatility | Max Drawdown |
+--------------+-------------+------------+--------------+
|    0nan%     |     0nan    |   0nan%    |  30.325794%  |
+--------------+-------------+------------+--------------+
Valid Episode: [132/200]
+----------------------------------------------------------------------------------------------------------------------------------------------------------------------------------------+-------------+-------------+--------------+
|                                                                                      Total Return                                                                                      | Sharp Ratio |  Volatility | Max Drawdown |
+----------------------------------------------------------------------------------------------------------------------------------------------------------------------------------------+-------------+-------------+--------------+
| 291910191533658710345075045051839650827232631424650636593035982140439220964743898860480285702560334714341437909106011080203963717796045360733664201615861256824199357583589376.000000% |  10.725244  | 201.875315% |  22.212243%  |
+----------------------------------------------------------------------------------------------------------------------------------------------------------------------------------------+-------------+-------------+--------------+
Train Episode: [133/200]
+--------------+-------------+------------+--------------+
| Total Return | Sharp Ratio | Volatility | Max Drawdown |
+--------------+-------------+------------+--------------+
|    0nan%     |     0nan    |   0nan%    |  30.336418%  |
+--------------+-------------+------------+--------------+
Valid Episode: [133/200]
+----------------------------------------------------------------------------------------------------------------------------------------------------------------------------------------+-------------+-------------+--------------+
|                                                                                      Total Return                                                                                      | Sharp Ratio |  Volatility | Max Drawdown |
+----------------------------------------------------------------------------------------------------------------------------------------------------------------------------------------+-------------+-------------+--------------+
| 280327103584897204977947077177342178814938168905036705955895172295746499828907639114533007675406261646606281476578521759778448152168911109151506571941236063466240027947696128.000000% |  10.722595  | 201.933801% |  22.224170%  |
+----------------------------------------------------------------------------------------------------------------------------------------------------------------------------------------+-------------+-------------+--------------+
Train Episode: [134/200]
+--------------+-------------+------------+--------------+
| Total Return | Sharp Ratio | Volatility | Max Drawdown |
+--------------+-------------+------------+--------------+
|    0nan%     |     0nan    |   0nan%    |  30.353215%  |
+--------------+-------------+------------+--------------+
Valid Episode: [134/200]
+----------------------------------------------------------------------------------------------------------------------------------------------------------------------------------------+-------------+-------------+--------------+
|                                                                                      Total Return                                                                                      | Sharp Ratio |  Volatility | Max Drawdown |
+----------------------------------------------------------------------------------------------------------------------------------------------------------------------------------------+-------------+-------------+--------------+
| 295492986447567036196594388788874970738305792449628417480202984581954349658210115667875191665838088836226163863093082424878558795223546735132004031148562384281233771393449984.000000% |  10.726058  | 201.857146% |  22.208552%  |
+----------------------------------------------------------------------------------------------------------------------------------------------------------------------------------------+-------------+-------------+--------------+
Train Episode: [135/200]
+--------------+-------------+------------+--------------+
| Total Return | Sharp Ratio | Volatility | Max Drawdown |
+--------------+-------------+------------+--------------+
|    0nan%     |     0nan    |   0nan%    |  30.331356%  |
+--------------+-------------+------------+--------------+
Valid Episode: [135/200]
+----------------------------------------------------------------------------------------------------------------------------------------------------------------------------------------+-------------+-------------+--------------+
|                                                                                      Total Return                                                                                      | Sharp Ratio |  Volatility | Max Drawdown |
+----------------------------------------------------------------------------------------------------------------------------------------------------------------------------------------+-------------+-------------+--------------+
| 296602237912007415888442186398154400208248579092198703825984924052430310665920419411695879044010537011369772014651807033995205731739257579681459829192994692399989506829189120.000000% |  10.726306  | 201.851648% |  22.207403%  |
+----------------------------------------------------------------------------------------------------------------------------------------------------------------------------------------+-------------+-------------+--------------+
Train Episode: [136/200]
+--------------+-------------+------------+--------------+
| Total Return | Sharp Ratio | Volatility | Max Drawdown |
+--------------+-------------+------------+--------------+
|    0nan%     |     0nan    |   0nan%    |  30.316757%  |
+--------------+-------------+------------+--------------+
Valid Episode: [136/200]
+----------------------------------------------------------------------------------------------------------------------------------------------------------------------------------------+-------------+-------------+--------------+
|                                                                                      Total Return                                                                                      | Sharp Ratio |  Volatility | Max Drawdown |
+----------------------------------------------------------------------------------------------------------------------------------------------------------------------------------------+-------------+-------------+--------------+
| 292133855969595161593227487813638304026112992792677848653021737910014009796124455115440261117898821267428171829018479687997911877735784176126505822109898971988908155791736832.000000% |  10.725313  | 201.873545% |  22.211844%  |
+----------------------------------------------------------------------------------------------------------------------------------------------------------------------------------------+-------------+-------------+--------------+
Train Episode: [137/200]
+--------------+-------------+------------+--------------+
| Total Return | Sharp Ratio | Volatility | Max Drawdown |
+--------------+-------------+------------+--------------+
|    0nan%     |     0nan    |   0nan%    |  30.335910%  |
+--------------+-------------+------------+--------------+
Valid Episode: [137/200]
+----------------------------------------------------------------------------------------------------------------------------------------------------------------------------------------+-------------+-------------+--------------+
|                                                                                      Total Return                                                                                      | Sharp Ratio |  Volatility | Max Drawdown |
+----------------------------------------------------------------------------------------------------------------------------------------------------------------------------------------+-------------+-------------+--------------+
| 308033253998877912700656144710627831126879862969690286093136692726199604294055606784171746444476134742580164572762521801493195389085680584819718895087193597790090018246623232.000000% |  10.728805  | 201.796282% |  22.196115%  |
+----------------------------------------------------------------------------------------------------------------------------------------------------------------------------------------+-------------+-------------+--------------+
Train Episode: [138/200]
+--------------+-------------+------------+--------------+
| Total Return | Sharp Ratio | Volatility | Max Drawdown |
+--------------+-------------+------------+--------------+
|    0nan%     |     0nan    |   0nan%    |  30.313914%  |
+--------------+-------------+------------+--------------+
Valid Episode: [138/200]
+----------------------------------------------------------------------------------------------------------------------------------------------------------------------------------------+-------------+-------------+--------------+
|                                                                                      Total Return                                                                                      | Sharp Ratio |  Volatility | Max Drawdown |
+----------------------------------------------------------------------------------------------------------------------------------------------------------------------------------------+-------------+-------------+--------------+
| 278740728918049310724198871340691076095737227270321926293475807505141876862686637990653539215638512510035061570699268714963873618567940568519376010511213048968644614001000448.000000% |  10.722208  | 201.942527% |  22.225774%  |
+----------------------------------------------------------------------------------------------------------------------------------------------------------------------------------------+-------------+-------------+--------------+
Train Episode: [139/200]
+--------------+-------------+------------+--------------+
| Total Return | Sharp Ratio | Volatility | Max Drawdown |
+--------------+-------------+------------+--------------+
|    0nan%     |     0nan    |   0nan%    |  30.354941%  |
+--------------+-------------+------------+--------------+
Valid Episode: [139/200]
+----------------------------------------------------------------------------------------------------------------------------------------------------------------------------------------+-------------+-------------+--------------+
|                                                                                      Total Return                                                                                      | Sharp Ratio |  Volatility | Max Drawdown |
+----------------------------------------------------------------------------------------------------------------------------------------------------------------------------------------+-------------+-------------+--------------+
| 282823876915702652667905089811814749056350721154810293366055598545478116987171381213494654485251860587401633270904227306890407066335454993303216417417618065906045830553403392.000000% |  10.723161  | 201.921486% |  22.221463%  |
+----------------------------------------------------------------------------------------------------------------------------------------------------------------------------------------+-------------+-------------+--------------+
Train Episode: [140/200]
+--------------+-------------+------------+--------------+
| Total Return | Sharp Ratio | Volatility | Max Drawdown |
+--------------+-------------+------------+--------------+
|    0nan%     |     0nan    |   0nan%    |  30.306911%  |
+--------------+-------------+------------+--------------+
Valid Episode: [140/200]
+----------------------------------------------------------------------------------------------------------------------------------------------------------------------------------------+-------------+-------------+--------------+
|                                                                                      Total Return                                                                                      | Sharp Ratio |  Volatility | Max Drawdown |
+----------------------------------------------------------------------------------------------------------------------------------------------------------------------------------------+-------------+-------------+--------------+
| 277516149768567635723397643712871829304603172496984727564820179716668297821563091102305298291970416882551261205102635862506337143778341222021290004705416140618098485363736576.000000% |  10.721902  | 201.949514% |  22.227100%  |
+----------------------------------------------------------------------------------------------------------------------------------------------------------------------------------------+-------------+-------------+--------------+
Train Episode: [141/200]
+--------------+-------------+------------+--------------+
| Total Return | Sharp Ratio | Volatility | Max Drawdown |
+--------------+-------------+------------+--------------+
|    0nan%     |     0nan    |   0nan%    |  30.356557%  |
+--------------+-------------+------------+--------------+
Valid Episode: [141/200]
+----------------------------------------------------------------------------------------------------------------------------------------------------------------------------------------+-------------+-------------+--------------+
|                                                                                      Total Return                                                                                      | Sharp Ratio |  Volatility | Max Drawdown |
+----------------------------------------------------------------------------------------------------------------------------------------------------------------------------------------+-------------+-------------+--------------+
| 311060330032867298075860297973962902988760604088703705316682893074040774602874428605677886229375928406070924578387799253425515310166589301402955462985073151481499780756013056.000000% |  10.729425  | 201.782866% |  22.193223%  |
+----------------------------------------------------------------------------------------------------------------------------------------------------------------------------------------+-------------+-------------+--------------+
Train Episode: [142/200]
+--------------+-------------+------------+--------------+
| Total Return | Sharp Ratio | Volatility | Max Drawdown |
+--------------+-------------+------------+--------------+
|    0nan%     |     0nan    |   0nan%    |  30.309417%  |
+--------------+-------------+------------+--------------+
Valid Episode: [142/200]
+----------------------------------------------------------------------------------------------------------------------------------------------------------------------------------------+-------------+-------------+--------------+
|                                                                                      Total Return                                                                                      | Sharp Ratio |  Volatility | Max Drawdown |
+----------------------------------------------------------------------------------------------------------------------------------------------------------------------------------------+-------------+-------------+--------------+
| 292065411667153441437775485396626725241819295999966434605630909827447000158983453478764729511791510673512498540200552793082004428051399932118055081370118910577527031668408320.000000% |  10.725279  | 201.874573% |  22.211855%  |
+----------------------------------------------------------------------------------------------------------------------------------------------------------------------------------------+-------------+-------------+--------------+
Train Episode: [143/200]
+--------------+-------------+------------+--------------+
| Total Return | Sharp Ratio | Volatility | Max Drawdown |
+--------------+-------------+------------+--------------+
|    0nan%     |     0nan    |   0nan%    |  30.335427%  |
+--------------+-------------+------------+--------------+
Valid Episode: [143/200]
+----------------------------------------------------------------------------------------------------------------------------------------------------------------------------------------+-------------+-------------+--------------+
|                                                                                      Total Return                                                                                      | Sharp Ratio |  Volatility | Max Drawdown |
+----------------------------------------------------------------------------------------------------------------------------------------------------------------------------------------+-------------+-------------+--------------+
| 295455772498066933971194251047872418032842551963421459285694802703387160047188080531708054663441346610144772904330736712418259006778423677455400012449900369592931628911427584.000000% |  10.726028  | 201.858118% |  22.208436%  |
+----------------------------------------------------------------------------------------------------------------------------------------------------------------------------------------+-------------+-------------+--------------+
Train Episode: [144/200]
+--------------+-------------+------------+--------------+
| Total Return | Sharp Ratio | Volatility | Max Drawdown |
+--------------+-------------+------------+--------------+
|    0nan%     |     0nan    |   0nan%    |  30.340660%  |
+--------------+-------------+------------+--------------+
Valid Episode: [144/200]
+----------------------------------------------------------------------------------------------------------------------------------------------------------------------------------------+-------------+-------------+--------------+
|                                                                                      Total Return                                                                                      | Sharp Ratio |  Volatility | Max Drawdown |
+----------------------------------------------------------------------------------------------------------------------------------------------------------------------------------------+-------------+-------------+--------------+
| 282644292796965190652046861155626765749795132339790196491684208990953765212848040824284302225664174371429740463273925421258854971919535529645921372321356392638145295265300480.000000% |  10.723123  | 201.922299% |  22.221513%  |
+----------------------------------------------------------------------------------------------------------------------------------------------------------------------------------------+-------------+-------------+--------------+
Train Episode: [145/200]
+--------------+-------------+------------+--------------+
| Total Return | Sharp Ratio | Volatility | Max Drawdown |
+--------------+-------------+------------+--------------+
|    0nan%     |     0nan    |   0nan%    |  30.346081%  |
+--------------+-------------+------------+--------------+
Valid Episode: [145/200]
+----------------------------------------------------------------------------------------------------------------------------------------------------------------------------------------+-------------+-------------+--------------+
|                                                                                      Total Return                                                                                      | Sharp Ratio |  Volatility | Max Drawdown |
+----------------------------------------------------------------------------------------------------------------------------------------------------------------------------------------+-------------+-------------+--------------+
| 289591470176202784006487317860154630699980097403232424392826764305084980383957404160245323783254100808823469403492998011095043821576659908591137562602247050388650745984450560.000000% |  10.724712  | 201.887212% |  22.214346%  |
+----------------------------------------------------------------------------------------------------------------------------------------------------------------------------------------+-------------+-------------+--------------+
Train Episode: [146/200]
+--------------+-------------+------------+--------------+
| Total Return | Sharp Ratio | Volatility | Max Drawdown |
+--------------+-------------+------------+--------------+
|    0nan%     |     0nan    |   0nan%    |  30.338757%  |
+--------------+-------------+------------+--------------+
Valid Episode: [146/200]
+----------------------------------------------------------------------------------------------------------------------------------------------------------------------------------------+-------------+-------------+--------------+
|                                                                                      Total Return                                                                                      | Sharp Ratio |  Volatility | Max Drawdown |
+----------------------------------------------------------------------------------------------------------------------------------------------------------------------------------------+-------------+-------------+--------------+
| 296215060739442612007909445887389792987969622201198418924289902353866806932305922636698585585570968911739871477460858308921714965299265116487191663020577329670944303024701440.000000% |  10.726193  | 201.854514% |  22.207661%  |
+----------------------------------------------------------------------------------------------------------------------------------------------------------------------------------------+-------------+-------------+--------------+
Train Episode: [147/200]
+--------------+-------------+------------+--------------+
| Total Return | Sharp Ratio | Volatility | Max Drawdown |
+--------------+-------------+------------+--------------+
|    0nan%     |     0nan    |   0nan%    |  30.329295%  |
+--------------+-------------+------------+--------------+
Valid Episode: [147/200]
+----------------------------------------------------------------------------------------------------------------------------------------------------------------------------------------+-------------+-------------+--------------+
|                                                                                      Total Return                                                                                      | Sharp Ratio |  Volatility | Max Drawdown |
+----------------------------------------------------------------------------------------------------------------------------------------------------------------------------------------+-------------+-------------+--------------+
| 302625050497928854492494725166401164948534196239265605412547740510800544304478204836193269476261220790836490406561744532514560595634459459747487915751728184939824487390511104.000000% |  10.727594  | 201.823606% |  22.201319%  |
+----------------------------------------------------------------------------------------------------------------------------------------------------------------------------------------+-------------+-------------+--------------+
Train Episode: [148/200]
+--------------+-------------+------------+--------------+
| Total Return | Sharp Ratio | Volatility | Max Drawdown |
+--------------+-------------+------------+--------------+
|    0nan%     |     0nan    |   0nan%    |  30.312405%  |
+--------------+-------------+------------+--------------+
Valid Episode: [148/200]
+----------------------------------------------------------------------------------------------------------------------------------------------------------------------------------------+-------------+-------------+--------------+
|                                                                                      Total Return                                                                                      | Sharp Ratio |  Volatility | Max Drawdown |
+----------------------------------------------------------------------------------------------------------------------------------------------------------------------------------------+-------------+-------------+--------------+
| 306064601752326019395227403640835880039172165506781412639021505924770566273281867120501281332176505651879626669882820149003495415010988094173915920710048179465011458511732736.000000% |  10.728332  | 201.807345% |  22.197961%  |
+----------------------------------------------------------------------------------------------------------------------------------------------------------------------------------------+-------------+-------------+--------------+
Train Episode: [149/200]
+--------------+-------------+------------+--------------+
| Total Return | Sharp Ratio | Volatility | Max Drawdown |
+--------------+-------------+------------+--------------+
|    0nan%     |     0nan    |   0nan%    |  30.325335%  |
+--------------+-------------+------------+--------------+
Valid Episode: [149/200]
+----------------------------------------------------------------------------------------------------------------------------------------------------------------------------------------+-------------+-------------+--------------+
|                                                                                      Total Return                                                                                      | Sharp Ratio |  Volatility | Max Drawdown |
+----------------------------------------------------------------------------------------------------------------------------------------------------------------------------------------+-------------+-------------+--------------+
| 293523217390728266282249616877393037948614816406104548793755530790064124811742472168290887065260461194052887273403002086878987847033317982340795224252978260386707908587421696.000000% |  10.725579  | 201.868261% |  22.210335%  |
+----------------------------------------------------------------------------------------------------------------------------------------------------------------------------------------+-------------+-------------+--------------+
Train Episode: [150/200]
+--------------+-------------+------------+--------------+
| Total Return | Sharp Ratio | Volatility | Max Drawdown |
+--------------+-------------+------------+--------------+
|    0nan%     |     0nan    |   0nan%    |  30.332721%  |
+--------------+-------------+------------+--------------+
Valid Episode: [150/200]
+----------------------------------------------------------------------------------------------------------------------------------------------------------------------------------------+-------------+-------------+--------------+
|                                                                                      Total Return                                                                                      | Sharp Ratio |  Volatility | Max Drawdown |
+----------------------------------------------------------------------------------------------------------------------------------------------------------------------------------------+-------------+-------------+--------------+
| 315808451231319671935113397710987596189226381718457058271590463934400431709925854321009700033219634485118403443564891279230372463169131327708138369359245604859356149087993856.000000% |  10.730408  | 201.761317% |  22.188596%  |
+----------------------------------------------------------------------------------------------------------------------------------------------------------------------------------------+-------------+-------------+--------------+
Train Episode: [151/200]
+--------------+-------------+------------+--------------+
| Total Return | Sharp Ratio | Volatility | Max Drawdown |
+--------------+-------------+------------+--------------+
|    0nan%     |     0nan    |   0nan%    |  30.302500%  |
+--------------+-------------+------------+--------------+
Valid Episode: [151/200]
+----------------------------------------------------------------------------------------------------------------------------------------------------------------------------------------+-------------+-------------+--------------+
|                                                                                      Total Return                                                                                      | Sharp Ratio |  Volatility | Max Drawdown |
+----------------------------------------------------------------------------------------------------------------------------------------------------------------------------------------+-------------+-------------+--------------+
| 298063251506564744302663417888573338589741013639373648136995610299001862031191540578611203187236531814733309713043746622684309002403134417981458663329106963717264941024018432.000000% |  10.726597  | 201.845620% |  22.205708%  |
+----------------------------------------------------------------------------------------------------------------------------------------------------------------------------------------+-------------+-------------+--------------+
Train Episode: [152/200]
+--------------+-------------+------------+--------------+
| Total Return | Sharp Ratio | Volatility | Max Drawdown |
+--------------+-------------+------------+--------------+
|    0nan%     |     0nan    |   0nan%    |  30.327967%  |
+--------------+-------------+------------+--------------+
Valid Episode: [152/200]
+----------------------------------------------------------------------------------------------------------------------------------------------------------------------------------------+-------------+-------------+--------------+
|                                                                                      Total Return                                                                                      | Sharp Ratio |  Volatility | Max Drawdown |
+----------------------------------------------------------------------------------------------------------------------------------------------------------------------------------------+-------------+-------------+--------------+
| 278768621679351861689820372658433686639841653445793537408930361593536542189017796100290707283362243530026906561256916458281551334782323747453652549819183489400718174575394816.000000% |  10.722181  | 201.943574% |  22.225547%  |
+----------------------------------------------------------------------------------------------------------------------------------------------------------------------------------------+-------------+-------------+--------------+
Train Episode: [153/200]
+--------------+-------------+------------+--------------+
| Total Return | Sharp Ratio | Volatility | Max Drawdown |
+--------------+-------------+------------+--------------+
|    0nan%     |     0nan    |   0nan%    |  30.312495%  |
+--------------+-------------+------------+--------------+
Valid Episode: [153/200]
+----------------------------------------------------------------------------------------------------------------------------------------------------------------------------------------+-------------+-------------+--------------+
|                                                                                      Total Return                                                                                      | Sharp Ratio |  Volatility | Max Drawdown |
+----------------------------------------------------------------------------------------------------------------------------------------------------------------------------------------+-------------+-------------+--------------+
| 291011586753344200192209847589828751597219433207560353277021089013578354261094075416126810755299201104997496465606030254255644695443002841642042517944700924456907753618669568.000000% |  10.725004  | 201.881116% |  22.212805%  |
+----------------------------------------------------------------------------------------------------------------------------------------------------------------------------------------+-------------+-------------+--------------+
Train Episode: [154/200]
+--------------+-------------+------------+--------------+
| Total Return | Sharp Ratio | Volatility | Max Drawdown |
+--------------+-------------+------------+--------------+
|    0nan%     |     0nan    |   0nan%    |  30.336044%  |
+--------------+-------------+------------+--------------+
Valid Episode: [154/200]
+----------------------------------------------------------------------------------------------------------------------------------------------------------------------------------------+-------------+-------------+--------------+
|                                                                                      Total Return                                                                                      | Sharp Ratio |  Volatility | Max Drawdown |
+----------------------------------------------------------------------------------------------------------------------------------------------------------------------------------------+-------------+-------------+--------------+
| 300718044981791309095042944998546425149886372940966651509741682061459688229050264991376663016262947895898163746278116815484157925422999954561646892653750917622553669716148224.000000% |  10.727157  | 201.833540% |  22.203094%  |
+----------------------------------------------------------------------------------------------------------------------------------------------------------------------------------------+-------------+-------------+--------------+
Train Episode: [155/200]
+--------------+-------------+------------+--------------+
| Total Return | Sharp Ratio | Volatility | Max Drawdown |
+--------------+-------------+------------+--------------+
|    0nan%     |     0nan    |   0nan%    |  30.322415%  |
+--------------+-------------+------------+--------------+
Valid Episode: [155/200]
+----------------------------------------------------------------------------------------------------------------------------------------------------------------------------------------+-------------+-------------+--------------+
|                                                                                      Total Return                                                                                      | Sharp Ratio |  Volatility | Max Drawdown |
+----------------------------------------------------------------------------------------------------------------------------------------------------------------------------------------+-------------+-------------+--------------+
| 298303125035230402002289388041781883655613632652107886980295215616101983272059083993400391111252477789998275346636172513899023721799638195216040954090815692782506699940429824.000000% |  10.726621  | 201.845456% |  22.205474%  |
+----------------------------------------------------------------------------------------------------------------------------------------------------------------------------------------+-------------+-------------+--------------+
Train Episode: [156/200]
+--------------+-------------+------------+--------------+
| Total Return | Sharp Ratio | Volatility | Max Drawdown |
+--------------+-------------+------------+--------------+
|    0nan%     |     0nan    |   0nan%    |  30.336501%  |
+--------------+-------------+------------+--------------+
Valid Episode: [156/200]
+----------------------------------------------------------------------------------------------------------------------------------------------------------------------------------------+-------------+-------------+--------------+
|                                                                                      Total Return                                                                                      | Sharp Ratio |  Volatility | Max Drawdown |
+----------------------------------------------------------------------------------------------------------------------------------------------------------------------------------------+-------------+-------------+--------------+
| 291190620145969918930980361415219835899665398060056140716906017100715808792064638658250550004303246548882576714439648411350101834634231249420997566097230535809883020613124096.000000% |  10.725013  | 201.881284% |  22.212674%  |
+----------------------------------------------------------------------------------------------------------------------------------------------------------------------------------------+-------------+-------------+--------------+
Train Episode: [157/200]
+--------------+-------------+------------+--------------+
| Total Return | Sharp Ratio | Volatility | Max Drawdown |
+--------------+-------------+------------+--------------+
|    0nan%     |     0nan    |   0nan%    |  30.355090%  |
+--------------+-------------+------------+--------------+
Valid Episode: [157/200]
+----------------------------------------------------------------------------------------------------------------------------------------------------------------------------------------+-------------+-------------+--------------+
|                                                                                      Total Return                                                                                      | Sharp Ratio |  Volatility | Max Drawdown |
+----------------------------------------------------------------------------------------------------------------------------------------------------------------------------------------+-------------+-------------+--------------+
| 302765331818095529770358867134750230260959887770987872258243309186026089607600899815455143106997618941159609207894724622615069445153522794701133506134525247508796144674144256.000000% |  10.727595  | 201.823948% |  22.201038%  |
+----------------------------------------------------------------------------------------------------------------------------------------------------------------------------------------+-------------+-------------+--------------+
Train Episode: [158/200]
+--------------+-------------+------------+--------------+
| Total Return | Sharp Ratio | Volatility | Max Drawdown |
+--------------+-------------+------------+--------------+
|    0nan%     |     0nan    |   0nan%    |  30.319249%  |
+--------------+-------------+------------+--------------+
Valid Episode: [158/200]
+----------------------------------------------------------------------------------------------------------------------------------------------------------------------------------------+-------------+-------------+--------------+
|                                                                                      Total Return                                                                                      | Sharp Ratio |  Volatility | Max Drawdown |
+----------------------------------------------------------------------------------------------------------------------------------------------------------------------------------------+-------------+-------------+--------------+
| 298989055330032054196952730710468429647893182006111626332534349189615329128604268509002903961047222339441041435395111918895367599835957066344376216463717173429759647839944704.000000% |  10.726788  | 201.841577% |  22.204641%  |
+----------------------------------------------------------------------------------------------------------------------------------------------------------------------------------------+-------------+-------------+--------------+
Train Episode: [159/200]
+--------------+-------------+------------+--------------+
| Total Return | Sharp Ratio | Volatility | Max Drawdown |
+--------------+-------------+------------+--------------+
|    0nan%     |     0nan    |   0nan%    |  30.324439%  |
+--------------+-------------+------------+--------------+
Valid Episode: [159/200]
+----------------------------------------------------------------------------------------------------------------------------------------------------------------------------------------+-------------+-------------+--------------+
|                                                                                      Total Return                                                                                      | Sharp Ratio |  Volatility | Max Drawdown |
+----------------------------------------------------------------------------------------------------------------------------------------------------------------------------------------+-------------+-------------+--------------+
| 335924735075391081700324056376034394548118274712653988661767454094408770252189354412561550499315487997061632167202728906902414355769918518388179150093005521693569928235319296.000000% |  10.734481  | 201.671330% |  22.170037%  |
+----------------------------------------------------------------------------------------------------------------------------------------------------------------------------------------+-------------+-------------+--------------+
Train Episode: [160/200]
+--------------+-------------+------------+--------------+
| Total Return | Sharp Ratio | Volatility | Max Drawdown |
+--------------+-------------+------------+--------------+
|    0nan%     |     0nan    |   0nan%    |  30.332327%  |
+--------------+-------------+------------+--------------+
Valid Episode: [160/200]
+----------------------------------------------------------------------------------------------------------------------------------------------------------------------------------------+-------------+-------------+--------------+
|                                                                                      Total Return                                                                                      | Sharp Ratio |  Volatility | Max Drawdown |
+----------------------------------------------------------------------------------------------------------------------------------------------------------------------------------------+-------------+-------------+--------------+
| 300830384600902441609848832682448172792694682247387716175987289211713936825605995434898186240144781766995173293243024246020530502341502476452223402187365269212337050014973952.000000% |  10.727193  | 201.832596% |  22.202789%  |
+----------------------------------------------------------------------------------------------------------------------------------------------------------------------------------------+-------------+-------------+--------------+
Train Episode: [161/200]
+--------------+-------------+------------+--------------+
| Total Return | Sharp Ratio | Volatility | Max Drawdown |
+--------------+-------------+------------+--------------+
|    0nan%     |     0nan    |   0nan%    |  30.350148%  |
+--------------+-------------+------------+--------------+
Valid Episode: [161/200]
+----------------------------------------------------------------------------------------------------------------------------------------------------------------------------------------+-------------+-------------+--------------+
|                                                                                      Total Return                                                                                      | Sharp Ratio |  Volatility | Max Drawdown |
+----------------------------------------------------------------------------------------------------------------------------------------------------------------------------------------+-------------+-------------+--------------+
| 289303142965184622365451413445922496963430693896006408112820418264138255896429908997807799254664794865431641787654885997039593083747097105187790209298405108685359226594263040.000000% |  10.724609  | 201.889932% |  22.214410%  |
+----------------------------------------------------------------------------------------------------------------------------------------------------------------------------------------+-------------+-------------+--------------+
Train Episode: [162/200]
+--------------+-------------+------------+--------------+
| Total Return | Sharp Ratio | Volatility | Max Drawdown |
+--------------+-------------+------------+--------------+
|    0nan%     |     0nan    |   0nan%    |  30.337770%  |
+--------------+-------------+------------+--------------+
Valid Episode: [162/200]
+----------------------------------------------------------------------------------------------------------------------------------------------------------------------------------------+-------------+-------------+--------------+
|                                                                                      Total Return                                                                                      | Sharp Ratio |  Volatility | Max Drawdown |
+----------------------------------------------------------------------------------------------------------------------------------------------------------------------------------------+-------------+-------------+--------------+
| 300863043658595829128057171177210108696393278415438030951621274586461041208214839117943379633934348825551826770819162927392244817183884213002029977205518790671248070874759168.000000% |  10.727183  | 201.833041% |  22.202830%  |
+----------------------------------------------------------------------------------------------------------------------------------------------------------------------------------------+-------------+-------------+--------------+
Train Episode: [163/200]
+--------------+-------------+------------+--------------+
| Total Return | Sharp Ratio | Volatility | Max Drawdown |
+--------------+-------------+------------+--------------+
|    0nan%     |     0nan    |   0nan%    |  30.321592%  |
+--------------+-------------+------------+--------------+
Valid Episode: [163/200]
+----------------------------------------------------------------------------------------------------------------------------------------------------------------------------------------+-------------+-------------+--------------+
|                                                                                      Total Return                                                                                      | Sharp Ratio |  Volatility | Max Drawdown |
+----------------------------------------------------------------------------------------------------------------------------------------------------------------------------------------+-------------+-------------+--------------+
| 281622981698803820015257943367240686154754383830115517119751915903922558577298885584781353276221909213326547191439887719981830909978033673774443593942126898710736164574199808.000000% |  10.722818  | 201.929848% |  22.222452%  |
+----------------------------------------------------------------------------------------------------------------------------------------------------------------------------------------+-------------+-------------+--------------+
Train Episode: [164/200]
+--------------+-------------+------------+--------------+
| Total Return | Sharp Ratio | Volatility | Max Drawdown |
+--------------+-------------+------------+--------------+
|    0nan%     |     0nan    |   0nan%    |  30.324313%  |
+--------------+-------------+------------+--------------+
Valid Episode: [164/200]
+----------------------------------------------------------------------------------------------------------------------------------------------------------------------------------------+-------------+-------------+--------------+
|                                                                                      Total Return                                                                                      | Sharp Ratio |  Volatility | Max Drawdown |
+----------------------------------------------------------------------------------------------------------------------------------------------------------------------------------------+-------------+-------------+--------------+
| 289431613029830054964519802422240960525092376887104876079356881266329075724701298084728238944832321616040497595106957599458211387856013440198051988611046949880349106420842496.000000% |  10.724614  | 201.890123% |  22.214374%  |
+----------------------------------------------------------------------------------------------------------------------------------------------------------------------------------------+-------------+-------------+--------------+
Train Episode: [165/200]
+--------------+-------------+------------+--------------+
| Total Return | Sharp Ratio | Volatility | Max Drawdown |
+--------------+-------------+------------+--------------+
|    0nan%     |     0nan    |   0nan%    |  30.335689%  |
+--------------+-------------+------------+--------------+
Valid Episode: [165/200]
+----------------------------------------------------------------------------------------------------------------------------------------------------------------------------------------+-------------+-------------+--------------+
|                                                                                      Total Return                                                                                      | Sharp Ratio |  Volatility | Max Drawdown |
+----------------------------------------------------------------------------------------------------------------------------------------------------------------------------------------+-------------+-------------+--------------+
| 309594371794813616042308979029841268777186626784164877683702888952655046987397972434528000112500646133396658355287641936159653362814027777682702403607950937567898609207214080.000000% |  10.729059  | 201.791623% |  22.194358%  |
+----------------------------------------------------------------------------------------------------------------------------------------------------------------------------------------+-------------+-------------+--------------+
Train Episode: [166/200]
+--------------+-------------+------------+--------------+
| Total Return | Sharp Ratio | Volatility | Max Drawdown |
+--------------+-------------+------------+--------------+
|    0nan%     |     0nan    |   0nan%    |  30.309665%  |
+--------------+-------------+------------+--------------+
Valid Episode: [166/200]
+----------------------------------------------------------------------------------------------------------------------------------------------------------------------------------------+-------------+-------------+--------------+
|                                                                                      Total Return                                                                                      | Sharp Ratio |  Volatility | Max Drawdown |
+----------------------------------------------------------------------------------------------------------------------------------------------------------------------------------------+-------------+-------------+--------------+
| 289254793626190884277367838490875702250882720383082118206581616384804818199962979689607584701878276529049076197050351100376221407314013188664939723493880537215766983205715968.000000% |  10.724571  | 201.891107% |  22.214536%  |
+----------------------------------------------------------------------------------------------------------------------------------------------------------------------------------------+-------------+-------------+--------------+
Train Episode: [167/200]
+--------------+-------------+------------+--------------+
| Total Return | Sharp Ratio | Volatility | Max Drawdown |
+--------------+-------------+------------+--------------+
|    0nan%     |     0nan    |   0nan%    |  30.337597%  |
+--------------+-------------+------------+--------------+
Valid Episode: [167/200]
+----------------------------------------------------------------------------------------------------------------------------------------------------------------------------------------+-------------+-------------+--------------+
|                                                                                      Total Return                                                                                      | Sharp Ratio |  Volatility | Max Drawdown |
+----------------------------------------------------------------------------------------------------------------------------------------------------------------------------------------+-------------+-------------+--------------+
| 279222672834472817707315805113637362688740325154627062652391253953125179521947611098662309463046392043555225744494191228770189615386788695829448870102519134289132402855903232.000000% |  10.722257  | 201.942262% |  22.224942%  |
+----------------------------------------------------------------------------------------------------------------------------------------------------------------------------------------+-------------+-------------+--------------+
Train Episode: [168/200]
+--------------+-------------+------------+--------------+
| Total Return | Sharp Ratio | Volatility | Max Drawdown |
+--------------+-------------+------------+--------------+
|    0nan%     |     0nan    |   0nan%    |  30.328444%  |
+--------------+-------------+------------+--------------+
Valid Episode: [168/200]
+----------------------------------------------------------------------------------------------------------------------------------------------------------------------------------------+-------------+-------------+--------------+
|                                                                                      Total Return                                                                                      | Sharp Ratio |  Volatility | Max Drawdown |
+----------------------------------------------------------------------------------------------------------------------------------------------------------------------------------------+-------------+-------------+--------------+
| 298715718036109435414069480973953496889877235929714824826300641674815080129987570679176210553726725341208243473564942221927989566331710970976715318895930794022402039448862720.000000% |  10.726719  | 201.843207% |  22.204840%  |
+----------------------------------------------------------------------------------------------------------------------------------------------------------------------------------------+-------------+-------------+--------------+
Train Episode: [169/200]
+--------------+-------------+------------+--------------+
| Total Return | Sharp Ratio | Volatility | Max Drawdown |
+--------------+-------------+------------+--------------+
|    0nan%     |     0nan    |   0nan%    |  30.355416%  |
+--------------+-------------+------------+--------------+
Valid Episode: [169/200]
+----------------------------------------------------------------------------------------------------------------------------------------------------------------------------------------+-------------+-------------+--------------+
|                                                                                      Total Return                                                                                      | Sharp Ratio |  Volatility | Max Drawdown |
+----------------------------------------------------------------------------------------------------------------------------------------------------------------------------------------+-------------+-------------+--------------+
| 271601580127918347227613313619938637648602515425286050083419359862086023632203069015147590234333079524895595993225088056782476101887757483260259805939503974894628317022912512.000000% |  10.720457  | 201.981897% |  22.233008%  |
+----------------------------------------------------------------------------------------------------------------------------------------------------------------------------------------+-------------+-------------+--------------+
Train Episode: [170/200]
+--------------+-------------+------------+--------------+
| Total Return | Sharp Ratio | Volatility | Max Drawdown |
+--------------+-------------+------------+--------------+
|    0nan%     |     0nan    |   0nan%    |  30.363598%  |
+--------------+-------------+------------+--------------+
Valid Episode: [170/200]
+----------------------------------------------------------------------------------------------------------------------------------------------------------------------------------------+-------------+-------------+--------------+
|                                                                                      Total Return                                                                                      | Sharp Ratio |  Volatility | Max Drawdown |
+----------------------------------------------------------------------------------------------------------------------------------------------------------------------------------------+-------------+-------------+--------------+
| 289630634141221020863720722997243484005438136035520870836336393121632615272847025661478884907134875139178435985473336803348591002133454380423777791434614745251954514901073920.000000% |  10.724689  | 201.888092% |  22.213923%  |
+----------------------------------------------------------------------------------------------------------------------------------------------------------------------------------------+-------------+-------------+--------------+
Train Episode: [171/200]
+--------------+-------------+------------+--------------+
| Total Return | Sharp Ratio | Volatility | Max Drawdown |
+--------------+-------------+------------+--------------+
|    0nan%     |     0nan    |   0nan%    |  30.337017%  |
+--------------+-------------+------------+--------------+
Valid Episode: [171/200]
+----------------------------------------------------------------------------------------------------------------------------------------------------------------------------------------+-------------+-------------+--------------+
|                                                                                      Total Return                                                                                      | Sharp Ratio |  Volatility | Max Drawdown |
+----------------------------------------------------------------------------------------------------------------------------------------------------------------------------------------+-------------+-------------+--------------+
| 261575713082730733927861699664113212860994294219665365645850942781142300420035390278488898285105229722789777083439112039817605612257961610663939143330881455068931306513498112.000000% |  10.717984  | 202.036759% |  22.244088%  |
+----------------------------------------------------------------------------------------------------------------------------------------------------------------------------------------+-------------+-------------+--------------+
Train Episode: [172/200]
+--------------+-------------+------------+--------------+
| Total Return | Sharp Ratio | Volatility | Max Drawdown |
+--------------+-------------+------------+--------------+
|    0nan%     |     0nan    |   0nan%    |  30.341195%  |
+--------------+-------------+------------+--------------+
Valid Episode: [172/200]
+----------------------------------------------------------------------------------------------------------------------------------------------------------------------------------------+-------------+-------------+--------------+
|                                                                                      Total Return                                                                                      | Sharp Ratio |  Volatility | Max Drawdown |
+----------------------------------------------------------------------------------------------------------------------------------------------------------------------------------------+-------------+-------------+--------------+
| 306725100354763390357685484977573682089459192140318256464396216217829074916413839125892925128365416381967489675971158108499791296369385799177284605002605904036151896095850496.000000% |  10.728466  | 201.804494% |  22.196865%  |
+----------------------------------------------------------------------------------------------------------------------------------------------------------------------------------------+-------------+-------------+--------------+
Train Episode: [173/200]
+--------------+-------------+------------+--------------+
| Total Return | Sharp Ratio | Volatility | Max Drawdown |
+--------------+-------------+------------+--------------+
|    0nan%     |     0nan    |   0nan%    |  30.315686%  |
+--------------+-------------+------------+--------------+
Valid Episode: [173/200]
+----------------------------------------------------------------------------------------------------------------------------------------------------------------------------------------+-------------+-------------+--------------+
|                                                                                      Total Return                                                                                      | Sharp Ratio |  Volatility | Max Drawdown |
+----------------------------------------------------------------------------------------------------------------------------------------------------------------------------------------+-------------+-------------+--------------+
| 294519978056793374992714962225999654830576631963057520722964781194464587009894776991389532285333714140519115940245826560500695258176247804534223509347574680957622151624523776.000000% |  10.725792  | 201.863682% |  22.208885%  |
+----------------------------------------------------------------------------------------------------------------------------------------------------------------------------------------+-------------+-------------+--------------+
Train Episode: [174/200]
+--------------+-------------+------------+--------------+
| Total Return | Sharp Ratio | Volatility | Max Drawdown |
+--------------+-------------+------------+--------------+
|    0nan%     |     0nan    |   0nan%    |  30.329933%  |
+--------------+-------------+------------+--------------+
Valid Episode: [174/200]
+----------------------------------------------------------------------------------------------------------------------------------------------------------------------------------------+-------------+-------------+--------------+
|                                                                                      Total Return                                                                                      | Sharp Ratio |  Volatility | Max Drawdown |
+----------------------------------------------------------------------------------------------------------------------------------------------------------------------------------------+-------------+-------------+--------------+
| 296404642671640979470610414336033775247099645744003719455477556654091338136528277956125520647579295745900464651808465469715246582594671671523620785978711653524277291531632640.000000% |  10.726212  | 201.854384% |  22.206980%  |
+----------------------------------------------------------------------------------------------------------------------------------------------------------------------------------------+-------------+-------------+--------------+
Train Episode: [175/200]
+--------------+-------------+------------+--------------+
| Total Return | Sharp Ratio | Volatility | Max Drawdown |
+--------------+-------------+------------+--------------+
|    0nan%     |     0nan    |   0nan%    |  30.327284%  |
+--------------+-------------+------------+--------------+
Valid Episode: [175/200]
+----------------------------------------------------------------------------------------------------------------------------------------------------------------------------------------+-------------+-------------+--------------+
|                                                                                      Total Return                                                                                      | Sharp Ratio |  Volatility | Max Drawdown |
+----------------------------------------------------------------------------------------------------------------------------------------------------------------------------------------+-------------+-------------+--------------+
| 297931005990953403381746108442820140437697813045771246507022477816065751437787928287005008439964285232314471640697000532265587618604589288826182385124958628518016013622575104.000000% |  10.726546  | 201.847045% |  22.205448%  |
+----------------------------------------------------------------------------------------------------------------------------------------------------------------------------------------+-------------+-------------+--------------+
Train Episode: [176/200]
+--------------+-------------+------------+--------------+
| Total Return | Sharp Ratio | Volatility | Max Drawdown |
+--------------+-------------+------------+--------------+
|    0nan%     |     0nan    |   0nan%    |  30.315801%  |
+--------------+-------------+------------+--------------+
Valid Episode: [176/200]
+----------------------------------------------------------------------------------------------------------------------------------------------------------------------------------------+-------------+-------------+--------------+
|                                                                                      Total Return                                                                                      | Sharp Ratio |  Volatility | Max Drawdown |
+----------------------------------------------------------------------------------------------------------------------------------------------------------------------------------------+-------------+-------------+--------------+
| 291501674456492636618481467624561448745956803879479850634583748613464042645106147928413875343172607995276012515371955003101883990481401049875993166758215920151557469057843200.000000% |  10.725109  | 201.878839% |  22.211909%  |
+----------------------------------------------------------------------------------------------------------------------------------------------------------------------------------------+-------------+-------------+--------------+
Train Episode: [177/200]
+--------------+-------------+------------+--------------+
| Total Return | Sharp Ratio | Volatility | Max Drawdown |
+--------------+-------------+------------+--------------+
|    0nan%     |     0nan    |   0nan%    |  30.348433%  |
+--------------+-------------+------------+--------------+
Valid Episode: [177/200]
+----------------------------------------------------------------------------------------------------------------------------------------------------------------------------------------+-------------+-------------+--------------+
|                                                                                      Total Return                                                                                      | Sharp Ratio |  Volatility | Max Drawdown |
+----------------------------------------------------------------------------------------------------------------------------------------------------------------------------------------+-------------+-------------+--------------+
| 305418120780935643833942477251281934697637128911543710400732711359753944232649375041034244921473288448034583883893836536280407906443548790261584360910713684556388717224263680.000000% |  10.728183  | 201.810784% |  22.198064%  |
+----------------------------------------------------------------------------------------------------------------------------------------------------------------------------------------+-------------+-------------+--------------+
Train Episode: [178/200]
+--------------+-------------+------------+--------------+
| Total Return | Sharp Ratio | Volatility | Max Drawdown |
+--------------+-------------+------------+--------------+
|    0nan%     |     0nan    |   0nan%    |  30.314818%  |
+--------------+-------------+------------+--------------+
Valid Episode: [178/200]
+----------------------------------------------------------------------------------------------------------------------------------------------------------------------------------------+-------------+-------------+--------------+
|                                                                                      Total Return                                                                                      | Sharp Ratio |  Volatility | Max Drawdown |
+----------------------------------------------------------------------------------------------------------------------------------------------------------------------------------------+-------------+-------------+--------------+
| 294809005974193282082309310563626688831781853322038063005094386273983703559626430109736756394668487314890534140676523481477916659068827511238884383202494562390817584694951936.000000% |  10.725858  | 201.862191% |  22.208508%  |
+----------------------------------------------------------------------------------------------------------------------------------------------------------------------------------------+-------------+-------------+--------------+
Train Episode: [179/200]
+--------------+-------------+------------+--------------+
| Total Return | Sharp Ratio | Volatility | Max Drawdown |
+--------------+-------------+------------+--------------+
|    0nan%     |     0nan    |   0nan%    |  30.329346%  |
+--------------+-------------+------------+--------------+
Valid Episode: [179/200]
+----------------------------------------------------------------------------------------------------------------------------------------------------------------------------------------+-------------+-------------+--------------+
|                                                                                      Total Return                                                                                      | Sharp Ratio |  Volatility | Max Drawdown |
+----------------------------------------------------------------------------------------------------------------------------------------------------------------------------------------+-------------+-------------+--------------+
| 306410948666079832852150906076211513577852384314758273141994467080797481865070664017694499343573314510542070329393583750397495412198561628461051360139182536169555773311942656.000000% |  10.728381  | 201.806609% |  22.197125%  |
+----------------------------------------------------------------------------------------------------------------------------------------------------------------------------------------+-------------+-------------+--------------+
Train Episode: [180/200]
+--------------+-------------+------------+--------------+
| Total Return | Sharp Ratio | Volatility | Max Drawdown |
+--------------+-------------+------------+--------------+
|    0nan%     |     0nan    |   0nan%    |  30.344840%  |
+--------------+-------------+------------+--------------+
Valid Episode: [180/200]
+----------------------------------------------------------------------------------------------------------------------------------------------------------------------------------------+-------------+-------------+--------------+
|                                                                                      Total Return                                                                                      | Sharp Ratio |  Volatility | Max Drawdown |
+----------------------------------------------------------------------------------------------------------------------------------------------------------------------------------------+-------------+-------------+--------------+
| 302915345059596747306711259367174156028638007956933955093110170731327051027803543876727901992055656052600703461396097103263380461862967414770662468353329606281557672089092096.000000% |  10.727618  | 201.823558% |  22.200532%  |
+----------------------------------------------------------------------------------------------------------------------------------------------------------------------------------------+-------------+-------------+--------------+
Train Episode: [181/200]
+--------------+-------------+------------+--------------+
| Total Return | Sharp Ratio | Volatility | Max Drawdown |
+--------------+-------------+------------+--------------+
|    0nan%     |     0nan    |   0nan%    |  30.339599%  |
+--------------+-------------+------------+--------------+
Valid Episode: [181/200]
+----------------------------------------------------------------------------------------------------------------------------------------------------------------------------------------+-------------+-------------+--------------+
|                                                                                      Total Return                                                                                      | Sharp Ratio |  Volatility | Max Drawdown |
+----------------------------------------------------------------------------------------------------------------------------------------------------------------------------------------+-------------+-------------+--------------+
| 291492442610857377437098433563971694199017815798074100422775206037407634762027780551319783344975188992137865731368861518637919897131857927872171626471119083959970042851885056.000000% |  10.725086  | 201.879604% |  22.211906%  |
+----------------------------------------------------------------------------------------------------------------------------------------------------------------------------------------+-------------+-------------+--------------+
Train Episode: [182/200]
+--------------+-------------+------------+--------------+
| Total Return | Sharp Ratio | Volatility | Max Drawdown |
+--------------+-------------+------------+--------------+
|    0nan%     |     0nan    |   0nan%    |  30.333603%  |
+--------------+-------------+------------+--------------+
Valid Episode: [182/200]
+----------------------------------------------------------------------------------------------------------------------------------------------------------------------------------------+-------------+-------------+--------------+
|                                                                                      Total Return                                                                                      | Sharp Ratio |  Volatility | Max Drawdown |
+----------------------------------------------------------------------------------------------------------------------------------------------------------------------------------------+-------------+-------------+--------------+
| 281077782410140480852244292367598176625449676944158689619772490378610185450376721875748687744601947401146075201711609348165511550262991125813049379441506499728811594373660672.000000% |  10.722698  | 201.932409% |  22.222657%  |
+----------------------------------------------------------------------------------------------------------------------------------------------------------------------------------------+-------------+-------------+--------------+
Train Episode: [183/200]
+--------------+-------------+------------+--------------+
| Total Return | Sharp Ratio | Volatility | Max Drawdown |
+--------------+-------------+------------+--------------+
|    0nan%     |     0nan    |   0nan%    |  30.348672%  |
+--------------+-------------+------------+--------------+
Valid Episode: [183/200]
+----------------------------------------------------------------------------------------------------------------------------------------------------------------------------------------+-------------+-------------+--------------+
|                                                                                      Total Return                                                                                      | Sharp Ratio |  Volatility | Max Drawdown |
+----------------------------------------------------------------------------------------------------------------------------------------------------------------------------------------+-------------+-------------+--------------+
| 287689428818014974593295667548131430193243823813368892805129278891142847822638132743555536775037544902549791885729486047857801264335774163534970544305445295755816223524257792.000000% |  10.724234  | 201.898331% |  22.215720%  |
+----------------------------------------------------------------------------------------------------------------------------------------------------------------------------------------+-------------+-------------+--------------+
Train Episode: [184/200]
+--------------+-------------+------------+--------------+
| Total Return | Sharp Ratio | Volatility | Max Drawdown |
+--------------+-------------+------------+--------------+
|    0nan%     |     0nan    |   0nan%    |  30.313121%  |
+--------------+-------------+------------+--------------+
Valid Episode: [184/200]
+----------------------------------------------------------------------------------------------------------------------------------------------------------------------------------------+-------------+-------------+--------------+
|                                                                                      Total Return                                                                                      | Sharp Ratio |  Volatility | Max Drawdown |
+----------------------------------------------------------------------------------------------------------------------------------------------------------------------------------------+-------------+-------------+--------------+
| 295479002336725933530067435911668900710029315547877734737996835105430955038231714111566788030887269337729618636297804537680942153769525335388083454122090318216370113908572160.000000% |  10.725989  | 201.859531% |  22.207793%  |
+----------------------------------------------------------------------------------------------------------------------------------------------------------------------------------------+-------------+-------------+--------------+
Train Episode: [185/200]
+--------------+-------------+------------+--------------+
| Total Return | Sharp Ratio | Volatility | Max Drawdown |
+--------------+-------------+------------+--------------+
|    0nan%     |     0nan    |   0nan%    |  30.332767%  |
+--------------+-------------+------------+--------------+
Valid Episode: [185/200]
+----------------------------------------------------------------------------------------------------------------------------------------------------------------------------------------+-------------+-------------+--------------+
|                                                                                      Total Return                                                                                      | Sharp Ratio |  Volatility | Max Drawdown |
+----------------------------------------------------------------------------------------------------------------------------------------------------------------------------------------+-------------+-------------+--------------+
| 304249624325061526069662178681410353047534996066471960327686269732909082233670079117999123319353043400792327650851554755017694747717613560648373382986046725229989697928822784.000000% |  10.727927  | 201.816510% |  22.199081%  |
+----------------------------------------------------------------------------------------------------------------------------------------------------------------------------------------+-------------+-------------+--------------+
Train Episode: [186/200]
+--------------+-------------+------------+--------------+
| Total Return | Sharp Ratio | Volatility | Max Drawdown |
+--------------+-------------+------------+--------------+
|    0nan%     |     0nan    |   0nan%    |  30.315790%  |
+--------------+-------------+------------+--------------+
Valid Episode: [186/200]
+----------------------------------------------------------------------------------------------------------------------------------------------------------------------------------------+-------------+-------------+--------------+
|                                                                                      Total Return                                                                                      | Sharp Ratio |  Volatility | Max Drawdown |
+----------------------------------------------------------------------------------------------------------------------------------------------------------------------------------------+-------------+-------------+--------------+
| 295473559399873245526031168591116749755672498508651859211984692126481344205232118479466139881419707784072571240956291715298282880339184374632086163739138764000479032538824704.000000% |  10.726002  | 201.859072% |  22.207719%  |
+----------------------------------------------------------------------------------------------------------------------------------------------------------------------------------------+-------------+-------------+--------------+
Train Episode: [187/200]
+--------------+-------------+------------+--------------+
| Total Return | Sharp Ratio | Volatility | Max Drawdown |
+--------------+-------------+------------+--------------+
|    0nan%     |     0nan    |   0nan%    |  30.327928%  |
+--------------+-------------+------------+--------------+
Valid Episode: [187/200]
+----------------------------------------------------------------------------------------------------------------------------------------------------------------------------------------+-------------+-------------+--------------+
|                                                                                      Total Return                                                                                      | Sharp Ratio |  Volatility | Max Drawdown |
+----------------------------------------------------------------------------------------------------------------------------------------------------------------------------------------+-------------+-------------+--------------+
| 279048841642847198287322287655624501794223208998755379082635219669247950246904225706359010962109982515376867568155409414237849441851909001771496463143032797631522669022150656.000000% |  10.722218  | 201.943091% |  22.224711%  |
+----------------------------------------------------------------------------------------------------------------------------------------------------------------------------------------+-------------+-------------+--------------+
Train Episode: [188/200]
+--------------+-------------+------------+--------------+
| Total Return | Sharp Ratio | Volatility | Max Drawdown |
+--------------+-------------+------------+--------------+
|    0nan%     |     0nan    |   0nan%    |  30.330499%  |
+--------------+-------------+------------+--------------+
Valid Episode: [188/200]
+----------------------------------------------------------------------------------------------------------------------------------------------------------------------------------------+-------------+-------------+--------------+
|                                                                                      Total Return                                                                                      | Sharp Ratio |  Volatility | Max Drawdown |
+----------------------------------------------------------------------------------------------------------------------------------------------------------------------------------------+-------------+-------------+--------------+
| 284497113828038580470802754647215611618169198563632674293078314898542635318799810218342545237737384021305226332313785482276188098175290763879456485205237205850113796412014592.000000% |  10.723483  | 201.915173% |  22.218982%  |
+----------------------------------------------------------------------------------------------------------------------------------------------------------------------------------------+-------------+-------------+--------------+
Train Episode: [189/200]
+--------------+-------------+------------+--------------+
| Total Return | Sharp Ratio | Volatility | Max Drawdown |
+--------------+-------------+------------+--------------+
|    0nan%     |     0nan    |   0nan%    |  30.311849%  |
+--------------+-------------+------------+--------------+
Valid Episode: [189/200]
+----------------------------------------------------------------------------------------------------------------------------------------------------------------------------------------+-------------+-------------+--------------+
|                                                                                      Total Return                                                                                      | Sharp Ratio |  Volatility | Max Drawdown |
+----------------------------------------------------------------------------------------------------------------------------------------------------------------------------------------+-------------+-------------+--------------+
| 290789190142295937975348803526372602469487621560863778362171679495964416192555782257467780190103587267136577091655156244330186499761034293361478471309538267365401914222051328.000000% |  10.724915  | 201.883562% |  22.212523%  |
+----------------------------------------------------------------------------------------------------------------------------------------------------------------------------------------+-------------+-------------+--------------+
Train Episode: [190/200]
+--------------+-------------+------------+--------------+
| Total Return | Sharp Ratio | Volatility | Max Drawdown |
+--------------+-------------+------------+--------------+
|    0nan%     |     0nan    |   0nan%    |  30.334158%  |
+--------------+-------------+------------+--------------+
Valid Episode: [190/200]
+----------------------------------------------------------------------------------------------------------------------------------------------------------------------------------------+-------------+-------------+--------------+
|                                                                                      Total Return                                                                                      | Sharp Ratio |  Volatility | Max Drawdown |
+----------------------------------------------------------------------------------------------------------------------------------------------------------------------------------------+-------------+-------------+--------------+
| 305598105089415986165966148669021183508314021402683228563948977653931390764923875737195512557253920947053050424021485940355044107358120701445039804692157208456825283889070080.000000% |  10.728188  | 201.811105% |  22.197776%  |
+----------------------------------------------------------------------------------------------------------------------------------------------------------------------------------------+-------------+-------------+--------------+
Train Episode: [191/200]
+--------------+-------------+------------+--------------+
| Total Return | Sharp Ratio | Volatility | Max Drawdown |
+--------------+-------------+------------+--------------+
|    0nan%     |     0nan    |   0nan%    |  30.313591%  |
+--------------+-------------+------------+--------------+
Valid Episode: [191/200]
+----------------------------------------------------------------------------------------------------------------------------------------------------------------------------------------+-------------+-------------+--------------+
|                                                                                      Total Return                                                                                      | Sharp Ratio |  Volatility | Max Drawdown |
+----------------------------------------------------------------------------------------------------------------------------------------------------------------------------------------+-------------+-------------+--------------+
| 307491544919843280783210788699239408363492876794497042705559214154957341281598476975291859774371594696146901908426606519350736050900835323171848027104518203338101895379025920.000000% |  10.728601  | 201.801894% |  22.195896%  |
+----------------------------------------------------------------------------------------------------------------------------------------------------------------------------------------+-------------+-------------+--------------+
Train Episode: [192/200]
+--------------+-------------+------------+--------------+
| Total Return | Sharp Ratio | Volatility | Max Drawdown |
+--------------+-------------+------------+--------------+
|    0nan%     |     0nan    |   0nan%    |  30.348662%  |
+--------------+-------------+------------+--------------+
Valid Episode: [192/200]
+----------------------------------------------------------------------------------------------------------------------------------------------------------------------------------------+-------------+-------------+--------------+
|                                                                                      Total Return                                                                                      | Sharp Ratio |  Volatility | Max Drawdown |
+----------------------------------------------------------------------------------------------------------------------------------------------------------------------------------------+-------------+-------------+--------------+
| 309554856264041493488248274851565256318119518479496976475401690519641276933390749857176550653438777373848561433142455002330665243883893325140544013130960541264684888151293952.000000% |  10.729059  | 201.791564% |  22.193846%  |
+----------------------------------------------------------------------------------------------------------------------------------------------------------------------------------------+-------------+-------------+--------------+
Train Episode: [193/200]
+--------------+-------------+------------+--------------+
| Total Return | Sharp Ratio | Volatility | Max Drawdown |
+--------------+-------------+------------+--------------+
|    0nan%     |     0nan    |   0nan%    |  30.325995%  |
+--------------+-------------+------------+--------------+
Valid Episode: [193/200]
+----------------------------------------------------------------------------------------------------------------------------------------------------------------------------------------+-------------+-------------+--------------+
|                                                                                      Total Return                                                                                      | Sharp Ratio |  Volatility | Max Drawdown |
+----------------------------------------------------------------------------------------------------------------------------------------------------------------------------------------+-------------+-------------+--------------+
| 297259168864778267890078730666341841396896349945136327831766583075998297488138282810432766702550938490680730411251803271913867454132433407110142306311946573626024581532745728.000000% |  10.726379  | 201.850964% |  22.205889%  |
+----------------------------------------------------------------------------------------------------------------------------------------------------------------------------------------+-------------+-------------+--------------+
Train Episode: [194/200]
+--------------+-------------+------------+--------------+
| Total Return | Sharp Ratio | Volatility | Max Drawdown |
+--------------+-------------+------------+--------------+
|    0nan%     |     0nan    |   0nan%    |  30.325067%  |
+--------------+-------------+------------+--------------+
Valid Episode: [194/200]
+----------------------------------------------------------------------------------------------------------------------------------------------------------------------------------------+-------------+-------------+--------------+
|                                                                                      Total Return                                                                                      | Sharp Ratio |  Volatility | Max Drawdown |
+----------------------------------------------------------------------------------------------------------------------------------------------------------------------------------------+-------------+-------------+--------------+
| 301154182801539949788712817318266087838338887496434512176241994334017031854698065577448616812772202977783159309296321743954093298675731926790685322211203160195479213432635392.000000% |  10.727233  | 201.832092% |  22.202044%  |
+----------------------------------------------------------------------------------------------------------------------------------------------------------------------------------------+-------------+-------------+--------------+
Train Episode: [195/200]
+--------------+-------------+------------+--------------+
| Total Return | Sharp Ratio | Volatility | Max Drawdown |
+--------------+-------------+------------+--------------+
|    0nan%     |     0nan    |   0nan%    |  30.319620%  |
+--------------+-------------+------------+--------------+
Valid Episode: [195/200]
+----------------------------------------------------------------------------------------------------------------------------------------------------------------------------------------+-------------+-------------+--------------+
|                                                                                      Total Return                                                                                      | Sharp Ratio |  Volatility | Max Drawdown |
+----------------------------------------------------------------------------------------------------------------------------------------------------------------------------------------+-------------+-------------+--------------+
| 295380781139853145142833326549264336897611125396986479789559360453206529389001579975524144116571527696631558757556673153881298434619495315070392391462528636887286178633482240.000000% |  10.725960  | 201.860254% |  22.207764%  |
+----------------------------------------------------------------------------------------------------------------------------------------------------------------------------------------+-------------+-------------+--------------+
Train Episode: [196/200]
+--------------+-------------+------------+--------------+
| Total Return | Sharp Ratio | Volatility | Max Drawdown |
+--------------+-------------+------------+--------------+
|    0nan%     |     0nan    |   0nan%    |  30.327516%  |
+--------------+-------------+------------+--------------+
Valid Episode: [196/200]
+----------------------------------------------------------------------------------------------------------------------------------------------------------------------------------------+-------------+-------------+--------------+
|                                                                                      Total Return                                                                                      | Sharp Ratio |  Volatility | Max Drawdown |
+----------------------------------------------------------------------------------------------------------------------------------------------------------------------------------------+-------------+-------------+--------------+
| 298534084424023990597717311748504257293392020787620182388836137438140037890029544194091142897246735887882694517559754175784158534800418074871580513812041467677695461103239168.000000% |  10.726670  | 201.844401% |  22.204546%  |
+----------------------------------------------------------------------------------------------------------------------------------------------------------------------------------------+-------------+-------------+--------------+
Train Episode: [197/200]
+--------------+-------------+------------+--------------+
| Total Return | Sharp Ratio | Volatility | Max Drawdown |
+--------------+-------------+------------+--------------+
|    0nan%     |     0nan    |   0nan%    |  30.304680%  |
+--------------+-------------+------------+--------------+
Valid Episode: [197/200]
+----------------------------------------------------------------------------------------------------------------------------------------------------------------------------------------+-------------+-------------+--------------+
|                                                                                      Total Return                                                                                      | Sharp Ratio |  Volatility | Max Drawdown |
+----------------------------------------------------------------------------------------------------------------------------------------------------------------------------------------+-------------+-------------+--------------+
| 298128286084367635464109978549618696773462576893600314351965793577431492067793750760700807662374409480719764198298192948936989760200204031031639347970560874278831756203261952.000000% |  10.726582  | 201.846341% |  22.204938%  |
+----------------------------------------------------------------------------------------------------------------------------------------------------------------------------------------+-------------+-------------+--------------+
Train Episode: [198/200]
+--------------+-------------+------------+--------------+
| Total Return | Sharp Ratio | Volatility | Max Drawdown |
+--------------+-------------+------------+--------------+
|    0nan%     |     0nan    |   0nan%    |  30.323679%  |
+--------------+-------------+------------+--------------+
Valid Episode: [198/200]
+----------------------------------------------------------------------------------------------------------------------------------------------------------------------------------------+-------------+-------------+--------------+
|                                                                                      Total Return                                                                                      | Sharp Ratio |  Volatility | Max Drawdown |
+----------------------------------------------------------------------------------------------------------------------------------------------------------------------------------------+-------------+-------------+--------------+
| 285878343525874514496657265257608263215620711703622672574006596112420321300480354189015363354447255980354498323672062102780759728222313070685817620366007624539727411397263360.000000% |  10.723819  | 201.907523% |  22.217344%  |
+----------------------------------------------------------------------------------------------------------------------------------------------------------------------------------------+-------------+-------------+--------------+
Train Episode: [199/200]
+--------------+-------------+------------+--------------+
| Total Return | Sharp Ratio | Volatility | Max Drawdown |
+--------------+-------------+------------+--------------+
|    0nan%     |     0nan    |   0nan%    |  30.340852%  |
+--------------+-------------+------------+--------------+
Valid Episode: [199/200]
+----------------------------------------------------------------------------------------------------------------------------------------------------------------------------------------+-------------+-------------+--------------+
|                                                                                      Total Return                                                                                      | Sharp Ratio |  Volatility | Max Drawdown |
+----------------------------------------------------------------------------------------------------------------------------------------------------------------------------------------+-------------+-------------+--------------+
| 290230208239939932237942018414014159295279442752522747051650438581527185179029296356297015247316814197408069058962855470708315893761398895025010513503627038184645042743803904.000000% |  10.724833  | 201.884843% |  22.212760%  |
+----------------------------------------------------------------------------------------------------------------------------------------------------------------------------------------+-------------+-------------+--------------+
Train Episode: [200/200]
+--------------+-------------+------------+--------------+
| Total Return | Sharp Ratio | Volatility | Max Drawdown |
+--------------+-------------+------------+--------------+
|    0nan%     |     0nan    |   0nan%    |  30.334677%  |
+--------------+-------------+------------+--------------+
Valid Episode: [200/200]
+----------------------------------------------------------------------------------------------------------------------------------------------------------------------------------------+-------------+-------------+--------------+
|                                                                                      Total Return                                                                                      | Sharp Ratio |  Volatility | Max Drawdown |
+----------------------------------------------------------------------------------------------------------------------------------------------------------------------------------------+-------------+-------------+--------------+
| 275044848154870328663180424614093501944629303283332525956122386541803515564702457122864365924542347770862658374482553025099671299331404005688633428316666896957541458468929536.000000% |  10.721298  | 201.963115% |  22.228665%  |
+----------------------------------------------------------------------------------------------------------------------------------------------------------------------------------------+-------------+-------------+--------------+
train end
