date,spy,qqq,dbc,agg,gld,cash
2007-10-10,0.0909094,0.0909094,0.0909094,0.090909734,0.5454524,0.09090952
2007-10-11,0.11111111,0.44444445,0.11111111,0.11111111,0.11111111,0.11111111
2007-10-12,0.11111111,0.44444445,0.11111111,0.11111111,0.11111111,0.11111111
2007-10-15,0.1666545,0.1666545,0.1666545,0.16670896,0.1666545,0.16667305
2007-10-16,0.37491938,0.12500677,0.12500677,0.12503792,0.12500678,0.12502235
2007-10-17,0.11111111,0.44444445,0.11111111,0.11111111,0.11111111,0.11111111
2007-10-18,0.3749989,0.1250001,0.1250001,0.12500054,0.1250001,0.12500033
2007-10-19,0.37499955,0.12500003,0.12500003,0.1250002,0.12500003,0.1250001
2007-10-22,0.11111111,0.44444445,0.11111111,0.11111111,0.11111111,0.11111111
2007-10-23,0.11111111,0.44444445,0.11111111,0.11111111,0.11111111,0.11111111
2007-10-24,0.090909086,0.090909086,0.090909086,0.090909086,0.54545456,0.090909086
2007-10-25,0.15727551,0.15727882,0.15727651,0.15727551,0.15727551,0.21361808
2007-10-26,0.37499988,0.12500001,0.12500001,0.12500004,0.12500001,0.12500001
2007-10-29,0.15727551,0.15727882,0.15727651,0.15727551,0.15727551,0.21361808
2007-10-30,0.16666088,0.16666088,0.16666088,0.16668679,0.16666088,0.1666697
2007-10-31,0.09092114,0.09092114,0.09092114,0.090933636,0.54537755,0.09092541
2007-11-01,0.09095036,0.09095036,0.09095036,0.090993136,0.5451908,0.090964936
2007-11-02,0.15727551,0.15727882,0.15727651,0.15727551,0.15727551,0.21361808
2007-11-05,0.16664475,0.16664475,0.16664475,0.16674279,0.16664475,0.16667815
2007-11-06,0.09113332,0.09113332,0.09113332,0.09136646,0.5440208,0.0912127
2007-11-07,0.3749836,0.12500139,0.12500139,0.12500775,0.12500139,0.12500456
2007-11-08,0.15727551,0.15727882,0.15727651,0.15727551,0.15727551,0.21361808
2007-11-09,0.16666612,0.16666612,0.16666612,0.1666686,0.16666612,0.16666695
2007-11-12,0.15727551,0.15727882,0.15727651,0.15727551,0.15727551,0.21361808
2007-11-13,0.37499514,0.12500042,0.12500042,0.12500232,0.12500042,0.12500136
2007-11-14,0.11111111,0.44444445,0.11111111,0.11111111,0.11111111,0.11111111
2007-11-15,0.15727551,0.15727882,0.15727651,0.15727551,0.15727551,0.21361808
2007-11-16,0.16666667,0.16666667,0.16666667,0.16666667,0.16666667,0.16666667
2007-11-19,0.16666667,0.16666667,0.16666667,0.16666667,0.16666667,0.16666667
2007-11-20,0.37500003,0.125,0.125,0.125,0.125,0.125
2007-11-21,0.11111111,0.44444445,0.11111111,0.11111111,0.11111111,0.11111111
2007-11-23,0.11111111,0.44444445,0.11111111,0.11111111,0.11111111,0.11111111
2007-11-26,0.11111111,0.44444445,0.11111111,0.11111111,0.11111111,0.11111111
2007-11-27,0.15727551,0.15727882,0.15727651,0.15727551,0.15727551,0.21361808
2007-11-28,0.09090928,0.09090928,0.09090928,0.09090947,0.54545337,0.090909354
2007-11-29,0.16666606,0.16666606,0.16666606,0.16666876,0.16666606,0.16666698
2007-11-30,0.37499976,0.12500003,0.12500003,0.12500015,0.12500003,0.12500007
2007-12-03,0.37499812,0.12500016,0.12500016,0.12500091,0.12500016,0.12500055
2007-12-04,0.16654372,0.16654372,0.16654372,0.16709405,0.16654372,0.16673106
2007-12-05,0.09130243,0.09130244,0.09130243,0.09171273,0.54293793,0.09144205
2007-12-06,0.16657093,0.16657093,0.16657093,0.16699943,0.16657093,0.16671684
2007-12-07,0.16658561,0.16658561,0.16658561,0.16694842,0.16658561,0.16670917
2007-12-10,0.09092364,0.09092364,0.09092364,0.09093871,0.54536164,0.09092878
2007-12-11,0.15727551,0.15727882,0.15727651,0.15727551,0.15727551,0.21361808
2007-12-12,0.11111111,0.44444445,0.11111111,0.11111111,0.11111111,0.11111111
2007-12-13,0.090909086,0.090909086,0.090909086,0.090909086,0.54545456,0.090909086
2007-12-14,0.090909086,0.090909086,0.090909086,0.090909086,0.54545456,0.090909086
2007-12-17,0.15727551,0.15727882,0.15727651,0.15727551,0.15727551,0.21361808
2007-12-18,0.16666655,0.16666655,0.16666655,0.16666706,0.16666655,0.16666673
2007-12-19,0.37500003,0.125,0.125,0.125,0.125,0.125
2007-12-20,0.090909086,0.090909086,0.090909086,0.090909086,0.54545456,0.090909086
2007-12-21,0.11111111,0.44444445,0.11111111,0.11111111,0.11111111,0.11111111
2007-12-24,0.37499988,0.12500001,0.12500001,0.12500004,0.12500001,0.12500001
2007-12-26,0.11111111,0.44444445,0.11111111,0.11111111,0.11111111,0.11111111
2007-12-27,0.15727551,0.15727882,0.15727651,0.15727551,0.15727551,0.21361808
2007-12-28,0.37499997,0.125,0.125,0.12500001,0.125,0.12500001
2007-12-31,0.11111111,0.44444445,0.11111111,0.11111111,0.11111111,0.11111111
2008-01-02,0.16665395,0.16665395,0.16665395,0.16671084,0.16665395,0.16667333
2008-01-03,0.11111111,0.44444445,0.11111111,0.11111111,0.11111111,0.11111111
2008-01-04,0.3749887,0.12500094,0.12500094,0.1250053,0.12500094,0.12500313
2008-01-07,0.37498173,0.12500153,0.12500153,0.1250086,0.12500153,0.12500507
2008-01-08,0.09091542,0.09091542,0.09091542,0.090921976,0.54541415,0.090917654
2008-01-09,0.16665779,0.16665779,0.16665779,0.16669749,0.16665779,0.16667132
2008-01-10,0.15727551,0.15727882,0.15727651,0.15727551,0.15727551,0.21361808
2008-01-11,0.0909156,0.0909156,0.0909156,0.09092234,0.54541296,0.0909179
2008-01-14,0.09091116,0.09091116,0.09091116,0.0909133,0.5454413,0.09091188
2008-01-15,0.37499997,0.12500001,0.12500001,0.12500004,0.12500001,0.12500003
2008-01-16,0.11111111,0.44444445,0.11111111,0.11111111,0.11111111,0.11111111
2008-01-17,0.16666664,0.16666664,0.16666664,0.16666672,0.16666664,0.16666667
2008-01-18,0.11111111,0.44444445,0.11111111,0.11111111,0.11111111,0.11111111
2008-01-22,0.15727551,0.15727882,0.15727651,0.15727551,0.15727551,0.21361808
2008-01-23,0.16666667,0.16666667,0.16666667,0.16666669,0.16666667,0.16666667
2008-01-24,0.37500003,0.125,0.125,0.125,0.125,0.125
2008-01-25,0.11111111,0.44444445,0.11111111,0.11111111,0.11111111,0.11111111
2008-01-28,0.11111111,0.44444445,0.11111111,0.11111111,0.11111111,0.11111111
2008-01-29,0.37500003,0.125,0.125,0.125,0.125,0.125
2008-01-30,0.11111111,0.4444444,0.11111111,0.11111113,0.11111111,0.11111111
2008-01-31,0.16664448,0.16664448,0.16664448,0.16674377,0.16664448,0.16667832
2008-02-01,0.111111715,0.4444399,0.111111715,0.111112855,0.111111715,0.1111121
2008-02-04,0.37499374,0.12500052,0.12500052,0.12500292,0.12500052,0.12500173
2008-02-05,0.1111117,0.44444013,0.1111117,0.11111278,0.1111117,0.111112066
2008-02-06,0.1666352,0.1666352,0.1666352,0.16677602,0.1666352,0.16668318
2008-02-07,0.16663185,0.16663185,0.16663185,0.16678764,0.16663185,0.16668493
2008-02-08,0.1666518,0.1666518,0.1666518,0.16671833,0.1666518,0.16667446
2008-02-11,0.37499875,0.1250001,0.1250001,0.12500063,0.1250001,0.12500037
2008-02-12,0.11111111,0.44444445,0.11111111,0.11111111,0.11111111,0.11111111
2008-02-13,0.11111111,0.44444445,0.11111111,0.11111111,0.11111111,0.11111111
2008-02-14,0.09090915,0.09090915,0.09090915,0.09090923,0.5454541,0.090909176
2008-02-15,0.11111111,0.44444445,0.11111111,0.11111111,0.11111111,0.11111111
2008-02-19,0.11111111,0.44444445,0.11111111,0.11111111,0.11111111,0.11111111
2008-02-20,0.37500003,0.125,0.125,0.125,0.125,0.125
2008-02-21,0.15727551,0.15727882,0.15727651,0.15727551,0.15727551,0.21361808
2008-02-22,0.16666664,0.16666664,0.16666664,0.1666667,0.16666664,0.16666667
2008-02-25,0.37499997,0.125,0.125,0.12500001,0.125,0.125
2008-02-26,0.15727551,0.15727882,0.15727651,0.15727551,0.15727551,0.21361808
2008-02-27,0.090909116,0.090909116,0.090909116,0.09090913,0.54545444,0.090909116
2008-02-28,0.11111111,0.44444445,0.11111111,0.11111111,0.11111111,0.11111111
2008-02-29,0.11111111,0.44444445,0.11111111,0.11111111,0.11111111,0.11111111
2008-03-03,0.15727551,0.15727882,0.15727651,0.15727551,0.15727551,0.21361808
2008-03-04,0.3727882,0.12518448,0.12518443,0.12604441,0.12518464,0.12561387
2008-03-05,0.09098387,0.09098387,0.09098387,0.0910614,0.5449768,0.09101029
2008-03-06,0.15727551,0.15727882,0.15727651,0.15727551,0.15727551,0.21361808
2008-03-07,0.11111111,0.44444445,0.11111111,0.11111111,0.11111111,0.11111111
2008-03-10,0.15727551,0.15727882,0.15727651,0.15727551,0.15727551,0.21361808
2008-03-11,0.37487632,0.12501039,0.12501039,0.1250582,0.12501039,0.1250343
2008-03-12,0.37492347,0.12500642,0.12500642,0.12503603,0.12500642,0.12502123
2008-03-13,0.3749561,0.12500368,0.12500368,0.12502067,0.12500368,0.12501217
2008-03-14,0.15727551,0.15727882,0.15727651,0.15727551,0.15727551,0.21361808
2008-03-17,0.37499952,0.12500004,0.12500004,0.12500024,0.12500004,0.12500015
2008-03-18,0.15727551,0.15727882,0.15727651,0.15727551,0.15727551,0.21361808
2008-03-19,0.09090912,0.09090912,0.09090912,0.09090917,0.5454544,0.090909146
2008-03-20,0.37500003,0.125,0.125,0.125,0.125,0.125
2008-03-24,0.16666663,0.16666663,0.16666663,0.1666668,0.16666663,0.16666669
2008-03-25,0.1666663,0.1666663,0.1666663,0.16666792,0.1666663,0.16666685
2008-03-26,0.0909165,0.0909165,0.0909165,0.09092417,0.5454072,0.090919115
2008-03-27,0.37500003,0.125,0.125,0.125,0.125,0.125
2008-03-28,0.16658515,0.16658515,0.16658515,0.16694996,0.16658515,0.16670938
2008-03-31,0.15727551,0.15727882,0.15727651,0.15727551,0.15727551,0.21361808
2008-04-01,0.15727551,0.15727882,0.15727651,0.15727551,0.15727551,0.21361808
2008-04-02,0.3749737,0.1250022,0.1250022,0.1250124,0.1250022,0.1250073
2008-04-03,0.11111113,0.4444443,0.11111113,0.11111117,0.11111113,0.11111114
2008-04-04,0.111111164,0.44444412,0.111111164,0.11111124,0.111111164,0.11111119
2008-04-07,0.3747193,0.12502356,0.12502356,0.12513213,0.12502359,0.12507786
2008-04-08,0.11111129,0.44444302,0.11111129,0.11111163,0.11111129,0.11111141
2008-04-09,0.11111113,0.4444443,0.11111113,0.11111116,0.11111113,0.11111114
2008-04-10,0.37487602,0.12501042,0.12501042,0.12505837,0.12501043,0.12503439
2008-04-11,0.15727551,0.15727882,0.15727651,0.15727551,0.15727551,0.21361808
2008-04-14,0.11111111,0.44444445,0.11111111,0.11111111,0.11111111,0.11111111
2008-04-15,0.37492675,0.12500615,0.12500615,0.12503447,0.12500615,0.12502033
2008-04-16,0.09090909,0.09090909,0.09090909,0.090909116,0.54545444,0.09090909
2008-04-17,0.3749996,0.12500001,0.12500001,0.12500015,0.12500001,0.1250001
2008-04-18,0.090909086,0.090909086,0.090909086,0.090909086,0.54545456,0.090909086
2008-04-21,0.16666622,0.16666622,0.16666622,0.16666825,0.16666622,0.16666692
2008-04-22,0.16666633,0.16666633,0.16666633,0.16666785,0.16666633,0.16666684
2008-04-23,0.15727551,0.15727882,0.15727651,0.15727551,0.15727551,0.21361808
2008-04-24,0.11111111,0.44444445,0.11111111,0.11111111,0.11111111,0.11111111
2008-04-25,0.11111111,0.44444445,0.11111111,0.11111111,0.11111111,0.11111111
2008-04-28,0.11111111,0.44444445,0.11111111,0.11111111,0.11111111,0.11111111
2008-04-29,0.16665606,0.16665606,0.16665606,0.1667035,0.16665606,0.16667224
2008-04-30,0.1665938,0.1665938,0.1665938,0.16691986,0.1665938,0.16670485
2008-05-01,0.15727551,0.15727882,0.15727651,0.15727551,0.15727551,0.21361808
2008-05-02,0.11111114,0.44444427,0.11111114,0.11111119,0.11111114,0.11111116
2008-05-05,0.37259158,0.12520073,0.12520069,0.1261376,0.12520091,0.12566847
2008-05-06,0.37333965,0.12513871,0.12513869,0.12578338,0.12513886,0.12546076
2008-05-07,0.15727551,0.15727882,0.15727651,0.15727551,0.15727551,0.21361808
2008-05-08,0.09091745,0.09091745,0.09091745,0.09092611,0.5454011,0.090920396
2008-05-09,0.15727551,0.15727882,0.15727651,0.15727551,0.15727551,0.21361808
2008-05-12,0.16600084,0.16600084,0.16600084,0.16898477,0.16600084,0.1670118
2008-05-13,0.15727551,0.15727882,0.15727651,0.15727551,0.15727551,0.21361808
2008-05-14,0.090909205,0.090909205,0.090909205,0.090909325,0.5454538,0.09090924
2008-05-15,0.11111111,0.44444445,0.11111111,0.11111111,0.11111111,0.11111111
2008-05-16,0.37499997,0.125,0.125,0.12500001,0.125,0.125
2008-05-19,0.16666606,0.16666606,0.16666606,0.16666874,0.16666606,0.16666698
2008-05-20,0.37500003,0.125,0.125,0.125,0.125,0.125
2008-05-21,0.11111111,0.44444445,0.11111111,0.11111111,0.11111111,0.11111111
2008-05-22,0.15727551,0.15727882,0.15727651,0.15727551,0.15727551,0.21361808
2008-05-23,0.16666657,0.16666657,0.16666657,0.16666701,0.16666657,0.16666672
2008-05-27,0.16666657,0.16666657,0.16666657,0.16666704,0.16666657,0.16666673
2008-05-28,0.15727551,0.15727882,0.15727651,0.15727551,0.15727551,0.21361808
2008-05-29,0.16666591,0.16666591,0.16666591,0.1666693,0.16666591,0.16666706
2008-05-30,0.09090939,0.09090939,0.09090939,0.0909097,0.5454526,0.090909496
2008-06-02,0.37497857,0.1250018,0.1250018,0.12501007,0.1250018,0.12500593
2008-06-03,0.16664286,0.16664286,0.16664286,0.16674943,0.16664286,0.16667916
2008-06-04,0.16664325,0.16664325,0.16664325,0.16674803,0.16664325,0.16667897
2008-06-05,0.09093232,0.09093232,0.09093232,0.090956375,0.5453062,0.09094051
2008-06-06,0.11111111,0.44444445,0.11111111,0.11111111,0.11111111,0.11111111
2008-06-09,0.37478712,0.12501787,0.12501787,0.1251002,0.12501787,0.12505904
2008-06-10,0.15727551,0.15727882,0.15727651,0.15727551,0.15727551,0.21361808
2008-06-11,0.3748834,0.12500979,0.12500979,0.12505487,0.1250098,0.12503232
2008-06-12,0.11111111,0.44444445,0.11111111,0.11111111,0.11111111,0.11111111
2008-06-13,0.11111111,0.44444445,0.11111111,0.11111111,0.11111111,0.11111111
2008-06-16,0.09090932,0.09090932,0.09090932,0.09090957,0.545453,0.09090941
2008-06-17,0.09090916,0.09090916,0.09090916,0.09090924,0.5454541,0.090909176
2008-06-18,0.3749993,0.12500006,0.12500006,0.12500033,0.12500006,0.1250002
2008-06-19,0.15727551,0.15727882,0.15727651,0.15727551,0.15727551,0.21361808
2008-06-20,0.09090909,0.09090909,0.09090909,0.09090909,0.54545444,0.09090909
2008-06-23,0.16666639,0.16666639,0.16666639,0.16666764,0.16666639,0.1666668
2008-06-24,0.16666606,0.16666606,0.16666606,0.16666882,0.16666606,0.166667
2008-06-25,0.37499946,0.12500004,0.12500004,0.12500024,0.12500004,0.12500015
2008-06-26,0.37499976,0.12500001,0.12500001,0.1250001,0.12500001,0.12500006
2008-06-27,0.11111111,0.44444445,0.11111111,0.11111111,0.11111111,0.11111111
2008-06-30,0.3749987,0.1250001,0.1250001,0.12500063,0.1250001,0.12500036
2008-07-01,0.37499127,0.12500073,0.12500073,0.12500413,0.12500073,0.12500243
2008-07-02,0.090912,0.090912,0.090912,0.09091501,0.5454359,0.09091303
2008-07-03,0.11111111,0.44444445,0.11111111,0.11111111,0.11111111,0.11111111
2008-07-07,0.15727551,0.15727882,0.15727651,0.15727551,0.15727551,0.21361808
2008-07-08,0.1666621,0.1666621,0.1666621,0.16668256,0.1666621,0.16666906
2008-07-09,0.3749979,0.12500018,0.12500018,0.125001,0.12500018,0.12500058
2008-07-10,0.15727551,0.15727882,0.15727651,0.15727551,0.15727551,0.21361808
2008-07-11,0.37499803,0.12500016,0.12500016,0.12500092,0.12500016,0.12500055
2008-07-14,0.09090985,0.09090985,0.09090985,0.09091066,0.5454496,0.09091012
2008-07-15,0.37499997,0.12500001,0.12500001,0.12500004,0.12500001,0.12500003
2008-07-16,0.16666666,0.16666666,0.16666666,0.16666669,0.16666666,0.16666667
2008-07-17,0.16666667,0.16666667,0.16666667,0.16666667,0.16666667,0.16666667
2008-07-18,0.11111111,0.44444445,0.11111111,0.11111111,0.11111111,0.11111111
2008-07-21,0.16666667,0.16666667,0.16666667,0.16666667,0.16666667,0.16666667
2008-07-22,0.15727551,0.15727882,0.15727651,0.15727551,0.15727551,0.21361808
2008-07-23,0.11111111,0.44444445,0.11111111,0.11111111,0.11111111,0.11111111
2008-07-24,0.090909086,0.090909086,0.090909086,0.090909086,0.54545456,0.090909086
2008-07-25,0.11111111,0.44444445,0.11111111,0.11111111,0.11111111,0.11111111
2008-07-28,0.16666666,0.16666666,0.16666666,0.16666669,0.16666666,0.16666667
2008-07-29,0.37500003,0.125,0.125,0.125,0.125,0.125
2008-07-30,0.11111111,0.44444445,0.11111111,0.11111111,0.11111111,0.11111111
2008-07-31,0.090909295,0.090909295,0.090909295,0.0909095,0.54545325,0.09090937
2008-08-01,0.090909846,0.090909846,0.090909846,0.09091062,0.54544973,0.090910114
2008-08-04,0.09090995,0.09090995,0.09090995,0.09091085,0.545449,0.090910256
2008-08-05,0.3749975,0.12500021,0.12500021,0.12500118,0.12500021,0.1250007
2008-08-06,0.16662486,0.16662486,0.16662486,0.16681194,0.16662486,0.16668859
2008-08-07,0.11111113,0.44444436,0.11111113,0.11111116,0.11111113,0.11111114
2008-08-08,0.37499917,0.12500007,0.12500007,0.1250004,0.12500007,0.12500024
2008-08-11,0.11111111,0.44444445,0.11111111,0.11111111,0.11111111,0.11111111
2008-08-12,0.16666088,0.16666088,0.16666088,0.16668676,0.16666088,0.1666697
2008-08-13,0.09090912,0.09090912,0.09090912,0.090909146,0.5454544,0.09090912
2008-08-14,0.16666558,0.16666558,0.16666558,0.16667043,0.16666558,0.16666724
2008-08-15,0.090909086,0.090909086,0.090909086,0.090909086,0.54545456,0.090909086
2008-08-18,0.16666633,0.16666633,0.16666633,0.1666678,0.16666633,0.16666684
2008-08-19,0.16666645,0.16666645,0.16666645,0.16666739,0.16666645,0.16666676
2008-08-20,0.11111111,0.44444445,0.11111111,0.11111111,0.11111111,0.11111111
2008-08-21,0.16666658,0.16666658,0.16666658,0.16666698,0.16666658,0.16666672
2008-08-22,0.15727551,0.15727882,0.15727651,0.15727551,0.15727551,0.21361808
2008-08-25,0.16666657,0.16666657,0.16666657,0.16666697,0.16666657,0.16666672
2008-08-26,0.37500003,0.125,0.125,0.125,0.125,0.125
2008-08-27,0.090909086,0.090909086,0.090909086,0.090909086,0.54545456,0.090909086
2008-08-28,0.11111111,0.44444445,0.11111111,0.11111111,0.11111111,0.11111111
2008-08-29,0.11111111,0.44444445,0.11111111,0.11111111,0.11111111,0.11111111
2008-09-02,0.09090926,0.09090926,0.09090926,0.090909414,0.54545355,0.0909093
2008-09-03,0.11111111,0.44444445,0.11111111,0.11111111,0.11111111,0.11111111
2008-09-04,0.09090972,0.09090972,0.09090972,0.09091038,0.54545057,0.09090994
2008-09-05,0.09090982,0.09090982,0.09090982,0.09091058,0.5454498,0.09091008
2008-09-08,0.16665195,0.16665195,0.16665195,0.1667178,0.16665195,0.16667439
2008-09-09,0.37499988,0.12500001,0.12500001,0.12500004,0.12500001,0.12500001
2008-09-10,0.15727551,0.15727882,0.15727651,0.15727551,0.15727551,0.21361808
2008-09-11,0.11111111,0.44444445,0.11111111,0.11111111,0.11111111,0.11111111
2008-09-12,0.16666225,0.16666225,0.16666225,0.16668202,0.16666225,0.16666898
2008-09-15,0.16666315,0.16666315,0.16666315,0.16667886,0.16666315,0.1666685
2008-09-16,0.37500003,0.125,0.125,0.125,0.125,0.125
2008-09-17,0.16666503,0.16666503,0.16666503,0.1666724,0.16666503,0.16666755
2008-09-18,0.15727551,0.15727882,0.15727651,0.15727551,0.15727551,0.21361808
2008-09-19,0.15727551,0.15727882,0.15727651,0.15727551,0.15727551,0.21361808
2008-09-22,0.11111111,0.44444445,0.11111111,0.11111111,0.11111111,0.11111111
2008-09-23,0.16666651,0.16666651,0.16666651,0.16666721,0.16666651,0.16666675
2008-09-24,0.15727551,0.15727882,0.15727651,0.15727551,0.15727551,0.21361808
2008-09-25,0.090909086,0.090909086,0.090909086,0.090909086,0.54545456,0.090909086
2008-09-26,0.090909086,0.090909086,0.090909086,0.090909086,0.54545456,0.090909086
2008-09-29,0.11111111,0.44444445,0.11111111,0.11111111,0.11111111,0.11111111
2008-09-30,0.11111111,0.44444445,0.11111111,0.11111111,0.11111111,0.11111111
2008-10-01,0.11111111,0.44444445,0.11111111,0.11111111,0.11111111,0.11111111
2008-10-02,0.11111111,0.44444445,0.11111111,0.11111111,0.11111111,0.11111111
2008-10-03,0.11111111,0.44444445,0.11111111,0.11111111,0.11111111,0.11111111
2008-10-06,0.11111111,0.44444445,0.11111111,0.11111111,0.11111111,0.11111111
2008-10-07,0.11111111,0.44444445,0.11111111,0.11111111,0.11111111,0.11111111
2008-10-08,0.11111111,0.44444445,0.11111111,0.11111111,0.11111111,0.11111111
2008-10-09,0.0909107,0.0909107,0.0909107,0.09091238,0.5454442,0.090911284
2008-10-10,0.15727551,0.15727882,0.15727651,0.15727551,0.15727551,0.21361808
2008-10-13,0.09091005,0.09091005,0.09091005,0.09091104,0.5454484,0.09091038
2008-10-14,0.16666663,0.16666663,0.16666663,0.1666668,0.16666663,0.16666669
2008-10-15,0.37499997,0.125,0.125,0.12500001,0.125,0.12500001
2008-10-16,0.15727551,0.15727882,0.15727651,0.15727551,0.15727551,0.21361808
2008-10-17,0.11111111,0.44444445,0.11111111,0.11111111,0.11111111,0.11111111
2008-10-20,0.11111111,0.44444445,0.11111111,0.11111111,0.11111111,0.11111111
2008-10-21,0.09090938,0.09090938,0.09090938,0.09090968,0.54545265,0.090909496
2008-10-22,0.16666666,0.16666666,0.16666666,0.16666669,0.16666666,0.16666669
2008-10-23,0.15727551,0.15727882,0.15727651,0.15727551,0.15727551,0.21361808
2008-10-24,0.37499997,0.12500001,0.12500001,0.12500004,0.12500001,0.12500003
2008-10-27,0.090910725,0.090910725,0.090910725,0.09091242,0.54544413,0.09091131
2008-10-28,0.1666662,0.1666662,0.1666662,0.16666831,0.1666662,0.16666691
2008-10-29,0.15727551,0.15727882,0.15727651,0.15727551,0.15727551,0.21361808
2008-10-30,0.09094837,0.09094837,0.09094837,0.09098908,0.5452035,0.090962246
2008-10-31,0.15727551,0.15727882,0.15727651,0.15727551,0.15727551,0.21361808
2008-11-03,0.11163553,0.44049478,0.11163553,0.112626426,0.11163553,0.11197224
2008-11-04,0.16649525,0.16649525,0.16649525,0.16726258,0.16649525,0.16675636
2008-11-05,0.11234845,0.4350668,0.11234845,0.11473255,0.11234847,0.11315533
2008-11-06,0.113132924,0.4290119,0.113132924,0.11711482,0.11313294,0.11447449
2008-11-07,0.0943009,0.09430097,0.0943009,0.09804953,0.5234856,0.09556205
2008-11-10,0.374999,0.12500009,0.12500009,0.12500049,0.12500009,0.12500028
2008-11-11,0.16596319,0.16596319,0.16596319,0.16911614,0.16596319,0.16703105
2008-11-12,0.15727551,0.15727882,0.15727651,0.15727551,0.15727551,0.21361808
2008-11-13,0.37500003,0.125,0.125,0.125,0.125,0.125
2008-11-14,0.15727551,0.15727882,0.15727651,0.15727551,0.15727551,0.21361808
2008-11-17,0.15727551,0.15727882,0.15727651,0.15727551,0.15727551,0.21361808
2008-11-18,0.11111111,0.4444444,0.11111111,0.11111113,0.11111111,0.11111111
2008-11-19,0.16666284,0.16666284,0.16666284,0.16667993,0.16666284,0.16666867
2008-11-20,0.37500003,0.125,0.125,0.125,0.125,0.125
2008-11-21,0.1666659,0.1666659,0.1666659,0.16666934,0.1666659,0.16666707
2008-11-24,0.37500003,0.125,0.125,0.125,0.125,0.125
2008-11-25,0.11111111,0.44444445,0.11111111,0.11111111,0.11111111,0.11111111
2008-11-26,0.09092114,0.09092114,0.09092114,0.090933636,0.54537755,0.09092541
2008-11-28,0.11111111,0.4444444,0.11111111,0.11111113,0.11111111,0.11111111
2008-12-01,0.16666108,0.16666108,0.16666108,0.16668603,0.16666108,0.16666959
2008-12-02,0.0912948,0.09129482,0.0912948,0.09169709,0.5429868,0.09143171
2008-12-03,0.11111203,0.44443747,0.11111203,0.111113764,0.11111203,0.11111262
2008-12-04,0.37500003,0.125,0.125,0.125,0.125,0.125
2008-12-05,0.15727551,0.15727882,0.15727651,0.15727551,0.15727551,0.21361808
2008-12-08,0.1666666,0.1666666,0.1666666,0.16666692,0.1666666,0.16666672
2008-12-09,0.16666663,0.16666663,0.16666663,0.1666668,0.16666663,0.16666669
2008-12-10,0.11111148,0.4444417,0.11111148,0.11111216,0.11111148,0.111111715
2008-12-11,0.37500003,0.125,0.125,0.125,0.125,0.125
2008-12-12,0.111111164,0.44444412,0.111111164,0.11111124,0.111111164,0.11111119
2008-12-15,0.090915255,0.090915255,0.090915255,0.090921655,0.54541516,0.09091744
2008-12-16,0.15727551,0.15727882,0.15727651,0.15727551,0.15727551,0.21361808
2008-12-17,0.11111111,0.44444445,0.11111111,0.11111111,0.11111111,0.11111111
2008-12-18,0.37500003,0.125,0.125,0.125,0.125,0.125
2008-12-19,0.37500003,0.125,0.125,0.125,0.125,0.125
2008-12-22,0.090909086,0.090909086,0.090909086,0.090909086,0.54545456,0.090909086
2008-12-23,0.16666666,0.16666666,0.16666666,0.16666669,0.16666666,0.16666667
2008-12-24,0.090909086,0.090909086,0.090909086,0.090909086,0.54545456,0.090909086
2008-12-26,0.11111111,0.44444445,0.11111111,0.11111111,0.11111111,0.11111111
2008-12-29,0.090909086,0.090909086,0.090909086,0.090909086,0.54545456,0.090909086
2008-12-30,0.16666663,0.16666663,0.16666663,0.1666668,0.16666663,0.16666669
2008-12-31,0.37500003,0.125,0.125,0.125,0.125,0.125
2009-01-02,0.15727551,0.15727882,0.15727651,0.15727551,0.15727551,0.21361808
2009-01-05,0.09091652,0.09091652,0.09091652,0.09092421,0.5454071,0.090919144
2009-01-06,0.37500003,0.125,0.125,0.125,0.125,0.125
2009-01-07,0.15727551,0.15727882,0.15727651,0.15727551,0.15727551,0.21361808
2009-01-08,0.090923175,0.090923175,0.090923175,0.090937756,0.5453646,0.090928145
2009-01-09,0.16666614,0.16666614,0.16666614,0.16666849,0.16666614,0.16666692
2009-01-12,0.11111111,0.44444445,0.11111111,0.11111111,0.11111111,0.11111111
2009-01-13,0.16666658,0.16666658,0.16666658,0.166667,0.16666658,0.16666673
2009-01-14,0.15727551,0.15727882,0.15727651,0.15727551,0.15727551,0.21361808
2009-01-15,0.11111111,0.44444445,0.11111111,0.11111111,0.11111111,0.11111111
2009-01-16,0.11111111,0.44444445,0.11111111,0.11111111,0.11111111,0.11111111
2009-01-20,0.090909086,0.090909086,0.090909086,0.090909086,0.54545456,0.090909086
2009-01-21,0.090909086,0.090909086,0.090909086,0.090909086,0.54545456,0.090909086
2009-01-22,0.37500003,0.125,0.125,0.125,0.125,0.125
2009-01-23,0.15727551,0.15727882,0.15727651,0.15727551,0.15727551,0.21361808
2009-01-26,0.16666636,0.16666636,0.16666636,0.16666776,0.16666636,0.16666684
2009-01-27,0.09090923,0.09090923,0.09090923,0.09090938,0.54545367,0.09090928
2009-01-28,0.37500003,0.125,0.125,0.125,0.125,0.125
2009-01-29,0.37499997,0.125,0.125,0.12500001,0.125,0.12500001
2009-01-30,0.3749975,0.12500021,0.12500021,0.12500118,0.12500021,0.1250007
2009-02-02,0.16654272,0.16654272,0.16654272,0.16709754,0.16654272,0.1667316
2009-02-03,0.15727551,0.15727882,0.15727651,0.15727551,0.15727551,0.21361808
2009-02-04,0.097472034,0.097472176,0.097472034,0.105192706,0.5023537,0.10003739
2009-02-05,0.37462366,0.12503156,0.12503156,0.1251772,0.12503159,0.12510438
2009-02-06,0.16665275,0.16665275,0.16665275,0.166715,0.16665275,0.16667396
2009-02-09,0.15727551,0.15727882,0.15727651,0.15727551,0.15727551,0.21361808
2009-02-10,0.16666433,0.16666433,0.16666433,0.16667476,0.16666433,0.1666679
2009-02-11,0.16666548,0.16666548,0.16666548,0.16667077,0.16666548,0.16666728
2009-02-12,0.111111164,0.44444412,0.111111164,0.11111124,0.111111164,0.11111119
2009-02-13,0.15727551,0.15727882,0.15727651,0.15727551,0.15727551,0.21361808
2009-02-17,0.37492606,0.12500621,0.12500621,0.1250348,0.12500621,0.12502052
2009-02-18,0.37499708,0.12500025,0.12500025,0.1250014,0.12500025,0.12500083
2009-02-19,0.09090918,0.09090918,0.09090918,0.09090928,0.54545397,0.09090923
2009-02-20,0.11111111,0.44444445,0.11111111,0.11111111,0.11111111,0.11111111
2009-02-23,0.11111111,0.44444445,0.11111111,0.11111111,0.11111111,0.11111111
2009-02-24,0.090912245,0.090912245,0.090912245,0.090915516,0.54543436,0.09091336
2009-02-25,0.15727551,0.15727882,0.15727651,0.15727551,0.15727551,0.21361808
2009-02-26,0.15727551,0.15727882,0.15727651,0.15727551,0.15727551,0.21361808
2009-02-27,0.37499985,0.12500001,0.12500001,0.12500006,0.12500001,0.12500003
2009-03-02,0.111111715,0.44443983,0.111111715,0.111112855,0.111111715,0.1111121
2009-03-03,0.111112595,0.44443333,0.111112595,0.11111535,0.111112595,0.11111354
2009-03-04,0.11111239,0.44443488,0.11111239,0.11111476,0.11111239,0.1111132
2009-03-05,0.15727551,0.15727882,0.15727651,0.15727551,0.15727551,0.21361808
2009-03-06,0.3749898,0.12500086,0.12500086,0.1250048,0.12500086,0.12500283
2009-03-09,0.11111179,0.44443935,0.11111179,0.11111304,0.11111179,0.11111221
2009-03-10,0.09137433,0.09137434,0.09137433,0.0918603,0.5424771,0.09153966
2009-03-11,0.11111128,0.44444317,0.11111128,0.1111116,0.11111128,0.11111139
2009-03-12,0.16665983,0.16665983,0.16665983,0.16669042,0.16665983,0.16667025
2009-03-13,0.11111111,0.4444444,0.11111111,0.11111113,0.11111111,0.11111111
2009-03-16,0.1666651,0.1666651,0.1666651,0.16667205,0.1666651,0.16666748
2009-03-17,0.09851734,0.0985175,0.09851734,0.107657224,0.49524894,0.10154156
2009-03-18,0.15727551,0.15727882,0.15727651,0.15727551,0.15727551,0.21361808
2009-03-19,0.15727551,0.15727882,0.15727651,0.15727551,0.15727551,0.21361808
2009-03-20,0.12386521,0.123866335,0.12386521,0.2021029,0.2799442,0.14635615
2009-03-23,0.37499964,0.12500003,0.12500003,0.12500016,0.12500003,0.12500009
2009-03-24,0.095119365,0.09511946,0.095119365,0.09984745,0.5180893,0.09670499
2009-03-25,0.11111111,0.44444445,0.11111111,0.11111111,0.11111111,0.11111111
2009-03-26,0.16665502,0.16665502,0.16665502,0.16670719,0.16665502,0.1666728
2009-03-27,0.37499964,0.12500003,0.12500003,0.12500016,0.12500003,0.12500009
2009-03-30,0.15727551,0.15727882,0.15727651,0.15727551,0.15727551,0.21361808
2009-03-31,0.37494364,0.12500474,0.12500474,0.12502651,0.12500474,0.12501563
2009-04-01,0.3747236,0.12502319,0.12502319,0.12513009,0.12502322,0.12507667
2009-04-02,0.16613802,0.16613802,0.16613802,0.16850647,0.16613802,0.16694142
2009-04-03,0.16625306,0.16625306,0.16625306,0.16810563,0.16625306,0.16688211
2009-04-06,0.111112066,0.4444373,0.111112066,0.11111384,0.111112066,0.11111267
2009-04-07,0.15727551,0.15727882,0.15727651,0.15727551,0.15727551,0.21361808
2009-04-08,0.111112006,0.44443774,0.111112006,0.111113675,0.111112006,0.11111258
2009-04-09,0.37498513,0.12500124,0.12500124,0.12500699,0.12500124,0.12500413
2009-04-13,0.11111123,0.44444358,0.11111123,0.11111144,0.11111123,0.1111113
2009-04-14,0.37499708,0.12500025,0.12500025,0.1250014,0.12500025,0.12500083
2009-04-15,0.090909116,0.090909116,0.090909116,0.09090913,0.54545444,0.09090913
2009-04-16,0.15727551,0.15727882,0.15727651,0.15727551,0.15727551,0.21361808
2009-04-17,0.090909086,0.090909086,0.090909086,0.090909086,0.54545456,0.090909086
2009-04-20,0.37500003,0.125,0.125,0.125,0.125,0.125
2009-04-21,0.090909086,0.090909086,0.090909086,0.090909086,0.54545456,0.090909086
2009-04-22,0.15727551,0.15727882,0.15727651,0.15727551,0.15727551,0.21361808
2009-04-23,0.37500003,0.125,0.125,0.125,0.125,0.125
2009-04-24,0.15727551,0.15727882,0.15727651,0.15727551,0.15727551,0.21361808
2009-04-27,0.16666321,0.16666321,0.16666321,0.16667867,0.16666321,0.16666849
2009-04-28,0.15727551,0.15727882,0.15727651,0.15727551,0.15727551,0.21361808
2009-04-29,0.16663149,0.16663149,0.16663149,0.16678892,0.16663149,0.16668513
2009-04-30,0.09091222,0.09091222,0.09091222,0.09091546,0.54543465,0.090913326
2009-05-01,0.090924144,0.090924144,0.090924144,0.09093974,0.5453584,0.090929456
2009-05-04,0.15727551,0.15727882,0.15727651,0.15727551,0.15727551,0.21361808
2009-05-05,0.15727551,0.15727882,0.15727651,0.15727551,0.15727551,0.21361808
2009-05-06,0.11119061,0.44384804,0.11119061,0.11133901,0.11119061,0.111241154
2009-05-07,0.09109287,0.09109287,0.09109287,0.09128381,0.54427963,0.091157906
2009-05-08,0.09098242,0.09098242,0.09098242,0.091058455,0.544986,0.09100832
2009-05-11,0.374984,0.12500134,0.12500134,0.12500753,0.12500134,0.12500444
2009-05-12,0.15727551,0.15727882,0.15727651,0.15727551,0.15727551,0.21361808
2009-05-13,0.37499085,0.12500077,0.12500077,0.1250043,0.12500077,0.12500255
2009-05-14,0.11111113,0.44444436,0.11111113,0.11111114,0.11111113,0.11111114
2009-05-15,0.090909086,0.090909086,0.090909086,0.090909086,0.54545456,0.090909086
2009-05-18,0.16666616,0.16666616,0.16666616,0.1666684,0.16666616,0.16666692
2009-05-19,0.16666652,0.16666652,0.16666652,0.16666718,0.16666652,0.16666675
2009-05-20,0.15727551,0.15727882,0.15727651,0.15727551,0.15727551,0.21361808
2009-05-21,0.090909086,0.090909086,0.090909086,0.090909086,0.54545456,0.090909086
2009-05-22,0.15727551,0.15727882,0.15727651,0.15727551,0.15727551,0.21361808
2009-05-26,0.37500003,0.125,0.125,0.125,0.125,0.125
2009-05-27,0.15727551,0.15727882,0.15727651,0.15727551,0.15727551,0.21361808
2009-05-28,0.15727551,0.15727882,0.15727651,0.15727551,0.15727551,0.21361808
2009-05-29,0.15727551,0.15727882,0.15727651,0.15727551,0.15727551,0.21361808
2009-06-01,0.1666425,0.1666425,0.1666425,0.16675064,0.1666425,0.16667935
2009-06-02,0.15727551,0.15727882,0.15727651,0.15727551,0.15727551,0.21361808
2009-06-03,0.111111335,0.4444427,0.111111335,0.11111176,0.111111335,0.111111484
2009-06-04,0.09092708,0.09092708,0.09092708,0.09094568,0.5453397,0.090933405
2009-06-05,0.11111114,0.4444442,0.11111114,0.1111112,0.11111114,0.11111117
2009-06-08,0.16665597,0.16665597,0.16665597,0.16670379,0.16665597,0.16667227
2009-06-09,0.37499815,0.12500015,0.12500015,0.12500086,0.12500015,0.1250005
2009-06-10,0.16666213,0.16666213,0.16666213,0.16668244,0.16666213,0.16666904
2009-06-11,0.11111111,0.44444445,0.11111111,0.11111111,0.11111111,0.11111111
2009-06-12,0.15727551,0.15727882,0.15727651,0.15727551,0.15727551,0.21361808
2009-06-15,0.09090932,0.09090932,0.09090932,0.09090957,0.545453,0.09090941
2009-06-16,0.090909086,0.090909086,0.090909086,0.090909086,0.54545456,0.090909086
2009-06-17,0.1666666,0.1666666,0.1666666,0.16666695,0.1666666,0.16666672
2009-06-18,0.11111111,0.44444445,0.11111111,0.11111111,0.11111111,0.11111111
2009-06-19,0.090909086,0.090909086,0.090909086,0.090909086,0.54545456,0.090909086
2009-06-22,0.11111111,0.44444445,0.11111111,0.11111111,0.11111111,0.11111111
2009-06-23,0.16666637,0.16666637,0.16666637,0.16666774,0.16666637,0.16666684
2009-06-24,0.37500003,0.125,0.125,0.125,0.125,0.125
2009-06-25,0.16666628,0.16666628,0.16666628,0.16666801,0.16666628,0.16666687
2009-06-26,0.15727551,0.15727882,0.15727651,0.15727551,0.15727551,0.21361808
2009-06-29,0.37500003,0.125,0.125,0.125,0.125,0.125
2009-06-30,0.37499997,0.125,0.125,0.12500001,0.125,0.12500001
2009-07-01,0.09091161,0.09091161,0.09091161,0.09091424,0.54543835,0.090912506
2009-07-02,0.111111194,0.44444382,0.111111194,0.11111134,0.111111194,0.111111246
2009-07-06,0.37499902,0.12500006,0.12500006,0.12500046,0.12500006,0.12500027
2009-07-07,0.16663864,0.16663864,0.16663864,0.16676407,0.16663864,0.16668138
2009-07-08,0.15727551,0.15727882,0.15727651,0.15727551,0.15727551,0.21361808
2009-07-09,0.15727551,0.15727882,0.15727651,0.15727551,0.15727551,0.21361808
2009-07-10,0.37499988,0.12500001,0.12500001,0.12500004,0.12500001,0.12500003
2009-07-13,0.15727551,0.15727882,0.15727651,0.15727551,0.15727551,0.21361808
2009-07-14,0.11111111,0.44444445,0.11111111,0.11111111,0.11111111,0.11111111
2009-07-15,0.16666614,0.16666614,0.16666614,0.16666849,0.16666614,0.16666694
2009-07-16,0.15727551,0.15727882,0.15727651,0.15727551,0.15727551,0.21361808
2009-07-17,0.16666663,0.16666663,0.16666663,0.1666668,0.16666663,0.16666669
2009-07-20,0.37500003,0.125,0.125,0.125,0.125,0.125
2009-07-21,0.090909086,0.090909086,0.090909086,0.090909086,0.54545456,0.090909086
2009-07-22,0.37500003,0.125,0.125,0.125,0.125,0.125
2009-07-23,0.16666664,0.16666664,0.16666664,0.16666672,0.16666664,0.16666667
2009-07-24,0.090909086,0.090909086,0.090909086,0.090909086,0.54545456,0.090909086
2009-07-27,0.16666664,0.16666664,0.16666664,0.16666672,0.16666664,0.16666667
2009-07-28,0.15727551,0.15727882,0.15727651,0.15727551,0.15727551,0.21361808
2009-07-29,0.090909086,0.090909086,0.090909086,0.090909086,0.54545456,0.090909086
2009-07-30,0.090909086,0.090909086,0.090909086,0.090909086,0.54545456,0.090909086
2009-07-31,0.11111111,0.4444444,0.11111111,0.11111113,0.11111111,0.11111111
2009-08-03,0.16666032,0.16666032,0.16666032,0.16668865,0.16666032,0.16667
2009-08-04,0.09090915,0.09090915,0.09090915,0.09090922,0.5454541,0.090909176
2009-08-05,0.1111112,0.4444437,0.1111112,0.11111137,0.1111112,0.11111127
2009-08-06,0.1111112,0.4444437,0.1111112,0.11111137,0.1111112,0.11111127
2009-08-07,0.09090916,0.09090916,0.09090916,0.09090924,0.5454541,0.090909176
2009-08-10,0.37499896,0.12500009,0.12500009,0.12500049,0.12500009,0.1250003
2009-08-11,0.16665682,0.16665682,0.16665682,0.16670085,0.16665682,0.16667184
2009-08-12,0.09090909,0.09090909,0.09090909,0.090909116,0.54545444,0.09090909
2009-08-13,0.15727551,0.15727882,0.15727651,0.15727551,0.15727551,0.21361808
2009-08-14,0.15727551,0.15727882,0.15727651,0.15727551,0.15727551,0.21361808
2009-08-17,0.16666655,0.16666655,0.16666655,0.16666706,0.16666655,0.16666673
2009-08-18,0.090909086,0.090909086,0.090909086,0.090909086,0.54545456,0.090909086
2009-08-19,0.090909086,0.090909086,0.090909086,0.090909086,0.54545456,0.090909086
2009-08-20,0.16666666,0.16666666,0.16666666,0.1666667,0.16666666,0.16666667
2009-08-21,0.090909086,0.090909086,0.090909086,0.090909086,0.54545456,0.090909086
2009-08-24,0.37500003,0.125,0.125,0.125,0.125,0.125
2009-08-25,0.37500003,0.125,0.125,0.125,0.125,0.125
2009-08-26,0.37500003,0.125,0.125,0.125,0.125,0.125
2009-08-27,0.16666645,0.16666645,0.16666645,0.16666742,0.16666645,0.16666678
2009-08-28,0.090909116,0.090909116,0.090909116,0.09090913,0.54545444,0.090909116
2009-08-31,0.09090916,0.09090916,0.09090916,0.09090924,0.5454541,0.090909176
2009-09-01,0.09090929,0.09090929,0.09090929,0.090909496,0.54545325,0.09090936
2009-09-02,0.37500003,0.125,0.125,0.125,0.125,0.125
2009-09-03,0.16665283,0.16665283,0.16665283,0.16671477,0.16665283,0.16667394
2009-09-04,0.15727551,0.15727882,0.15727651,0.15727551,0.15727551,0.21361808
2009-09-08,0.16664594,0.16664594,0.16664594,0.1667387,0.16664594,0.16667755
2009-09-09,0.09091255,0.09091255,0.09091255,0.09091613,0.5454325,0.09091376
2009-09-10,0.111111976,0.44443804,0.111111976,0.11111356,0.111111976,0.11111252
2009-09-11,0.111111306,0.444443,0.111111306,0.11111166,0.111111306,0.111111425
2009-09-14,0.16666576,0.16666576,0.16666576,0.16666977,0.16666576,0.16666712
2009-09-15,0.09090972,0.09090972,0.09090972,0.090910375,0.5454505,0.09090995
2009-09-16,0.15727551,0.15727882,0.15727651,0.15727551,0.15727551,0.21361808
2009-09-17,0.16666666,0.16666666,0.16666666,0.1666667,0.16666666,0.16666667
2009-09-18,0.090909086,0.090909086,0.090909086,0.090909086,0.54545456,0.090909086
2009-09-21,0.11111111,0.44444445,0.11111111,0.11111111,0.11111111,0.11111111
2009-09-22,0.37500003,0.125,0.125,0.125,0.125,0.125
2009-09-23,0.37500003,0.125,0.125,0.125,0.125,0.125
2009-09-24,0.11111111,0.44444445,0.11111111,0.11111111,0.11111111,0.11111111
2009-09-25,0.16666666,0.16666666,0.16666666,0.16666675,0.16666666,0.16666669
2009-09-28,0.11111111,0.44444445,0.11111111,0.11111111,0.11111111,0.11111111
2009-09-29,0.16666622,0.16666622,0.16666622,0.16666819,0.16666622,0.1666669
2009-09-30,0.09090915,0.09090915,0.09090915,0.09090923,0.5454541,0.090909176
2009-10-01,0.09090935,0.09090935,0.09090935,0.0909096,0.54545295,0.09090943
2009-10-02,0.1111112,0.4444437,0.1111112,0.11111137,0.1111112,0.11111125
2009-10-05,0.37499312,0.12500058,0.12500058,0.12500325,0.12500058,0.1250019
2009-10-06,0.11111153,0.4444413,0.11111153,0.11111232,0.11111153,0.11111179
2009-10-07,0.090932,0.090932,0.090932,0.0909557,0.54530835,0.09094007
2009-10-08,0.15727551,0.15727882,0.15727651,0.15727551,0.15727551,0.21361808
2009-10-09,0.15727551,0.15727882,0.15727651,0.15727551,0.15727551,0.21361808
2009-10-12,0.166653,0.166653,0.166653,0.16671418,0.166653,0.16667385
2009-10-13,0.09096251,0.09096251,0.09096251,0.09101786,0.5451133,0.09098136
2009-10-14,0.15727551,0.15727882,0.15727651,0.15727551,0.15727551,0.21361808
2009-10-15,0.37499762,0.12500021,0.12500021,0.12500115,0.12500021,0.12500069
2009-10-16,0.16666651,0.16666651,0.16666651,0.16666722,0.16666651,0.16666676
2009-10-19,0.09090912,0.09090912,0.09090912,0.090909176,0.5454544,0.090909146
2009-10-20,0.090909116,0.090909116,0.090909116,0.09090913,0.54545444,0.09090913
2009-10-21,0.16666666,0.16666666,0.16666666,0.16666669,0.16666666,0.16666667
2009-10-22,0.15727551,0.15727882,0.15727651,0.15727551,0.15727551,0.21361808
2009-10-23,0.11111111,0.44444445,0.11111111,0.11111111,0.11111111,0.11111111
2009-10-26,0.16666666,0.16666666,0.16666666,0.16666669,0.16666666,0.16666667
2009-10-27,0.16666664,0.16666664,0.16666664,0.1666668,0.16666664,0.16666669
2009-10-28,0.11111111,0.44444445,0.11111111,0.11111111,0.11111111,0.11111111
2009-10-29,0.37499812,0.12500016,0.12500016,0.12500091,0.12500016,0.12500055
2009-10-30,0.1666328,0.1666328,0.1666328,0.16678438,0.1666328,0.16668443
2009-11-02,0.090915784,0.090915784,0.090915784,0.09092271,0.54541177,0.09091815
2009-11-03,0.16643855,0.16643855,0.16643855,0.16745993,0.16643855,0.16678593
2009-11-04,0.09101531,0.09101531,0.09101531,0.0911255,0.5447757,0.09105285
2009-11-05,0.111112356,0.44443512,0.111112356,0.11111467,0.111112356,0.11111315
2009-11-06,0.111116074,0.44440725,0.111116074,0.11112532,0.111116074,0.111119226
2009-11-09,0.37482005,0.12501511,0.12501511,0.12508471,0.12501512,0.1250499
2009-11-10,0.37493533,0.12500542,0.12500542,0.12503044,0.12500542,0.12501794
2009-11-11,0.091778524,0.09177855,0.091778524,0.09269375,0.53988117,0.092089415
2009-11-12,0.111112125,0.4444369,0.111112125,0.11111401,0.111112125,0.111112766
2009-11-13,0.16665767,0.16665767,0.16665767,0.16669798,0.16665767,0.16667141
2009-11-16,0.15727551,0.15727882,0.15727651,0.15727551,0.15727551,0.21361808
2009-11-17,0.15727551,0.15727882,0.15727651,0.15727551,0.15727551,0.21361808
2009-11-18,0.11111111,0.44444445,0.11111111,0.11111111,0.11111111,0.11111111
2009-11-19,0.09091147,0.09091147,0.09091147,0.09091393,0.54543936,0.0909123
2009-11-20,0.09090935,0.09090935,0.09090935,0.090909615,0.5454529,0.09090945
2009-11-23,0.11111111,0.44444445,0.11111111,0.11111111,0.11111111,0.11111111
2009-11-24,0.09090909,0.09090909,0.09090909,0.090909116,0.54545444,0.09090909
2009-11-25,0.11111111,0.44444445,0.11111111,0.11111111,0.11111111,0.11111111
2009-11-27,0.09090915,0.09090915,0.09090915,0.09090922,0.5454542,0.090909176
2009-11-30,0.15727551,0.15727882,0.15727651,0.15727551,0.15727551,0.21361808
2009-12-01,0.37499923,0.12500007,0.12500007,0.12500039,0.12500007,0.12500024
2009-12-02,0.37499854,0.12500012,0.12500012,0.12500069,0.12500012,0.12500042
2009-12-03,0.09091297,0.09091297,0.09091297,0.09091699,0.5454297,0.09091434
2009-12-04,0.37499848,0.12500013,0.12500013,0.12500072,0.12500013,0.12500042
2009-12-07,0.16665176,0.16665176,0.16665176,0.16671848,0.16665176,0.1666745
2009-12-08,0.16665329,0.16665329,0.16665329,0.16671318,0.16665329,0.16667369
2009-12-09,0.11111113,0.44444436,0.11111113,0.11111116,0.11111113,0.11111114
2009-12-10,0.37499997,0.12500001,0.12500001,0.12500004,0.12500001,0.12500003
2009-12-11,0.37499997,0.125,0.125,0.12500001,0.125,0.12500001
2009-12-14,0.15727551,0.15727882,0.15727651,0.15727551,0.15727551,0.21361808
2009-12-15,0.16666639,0.16666639,0.16666639,0.16666764,0.16666639,0.16666682
2009-12-16,0.090909116,0.090909116,0.090909116,0.09090913,0.54545444,0.09090913
2009-12-17,0.37500003,0.125,0.125,0.125,0.125,0.125
2009-12-18,0.37500003,0.125,0.125,0.125,0.125,0.125
2009-12-21,0.37500003,0.125,0.125,0.125,0.125,0.125
2009-12-22,0.090909086,0.090909086,0.090909086,0.090909086,0.54545456,0.090909086
2009-12-23,0.16666636,0.16666636,0.16666636,0.1666677,0.16666636,0.1666668
2009-12-24,0.090909086,0.090909086,0.090909086,0.090909086,0.54545456,0.090909086
2009-12-28,0.16666652,0.16666652,0.16666652,0.16666715,0.16666652,0.16666673
2009-12-29,0.090909116,0.090909116,0.090909116,0.09090913,0.54545444,0.09090913
2009-12-30,0.37499988,0.12500001,0.12500001,0.12500004,0.12500001,0.12500003
2009-12-31,0.15727551,0.15727882,0.15727651,0.15727551,0.15727551,0.21361808
2010-01-04,0.09091203,0.09091203,0.09091203,0.09091507,0.5454357,0.090913065
2010-01-05,0.15727551,0.15727882,0.15727651,0.15727551,0.15727551,0.21361808
2010-01-06,0.166073,0.166073,0.166073,0.16873315,0.166073,0.16697483
2010-01-07,0.111112006,0.44443774,0.111112006,0.111113675,0.111112006,0.11111258
2010-01-08,0.09091778,0.09091778,0.09091778,0.09092675,0.5453991,0.09092084
2010-01-11,0.090916686,0.090916686,0.090916686,0.09092456,0.545406,0.09091937
2010-01-12,0.15727551,0.15727882,0.15727651,0.15727551,0.15727551,0.21361808
2010-01-13,0.11111113,0.4444443,0.11111113,0.11111116,0.11111113,0.11111114
2010-01-14,0.11111111,0.44444445,0.11111111,0.11111111,0.11111111,0.11111111
2010-01-15,0.11111111,0.44444445,0.11111111,0.11111111,0.11111111,0.11111111
2010-01-19,0.1666666,0.1666666,0.1666666,0.1666669,0.1666666,0.16666669
2010-01-20,0.11111111,0.44444445,0.11111111,0.11111111,0.11111111,0.11111111
2010-01-21,0.15727551,0.15727882,0.15727651,0.15727551,0.15727551,0.21361808
2010-01-22,0.37500003,0.125,0.125,0.125,0.125,0.125
2010-01-25,0.37500003,0.125,0.125,0.125,0.125,0.125
2010-01-26,0.11111111,0.44444445,0.11111111,0.11111111,0.11111111,0.11111111
2010-01-27,0.16666618,0.16666618,0.16666618,0.16666839,0.16666618,0.16666694
2010-01-28,0.11111115,0.44444415,0.11111115,0.111111216,0.11111115,0.11111117
2010-01-29,0.09092639,0.09092639,0.09092639,0.09094429,0.5453441,0.09093249
2010-02-01,0.09106184,0.09106184,0.09106184,0.09122043,0.5444782,0.091115855
2010-02-02,0.11117054,0.4439986,0.11117054,0.111281425,0.11117054,0.11120831
2010-02-03,0.16578788,0.16578788,0.16578788,0.16972813,0.16578789,0.16712034
2010-02-04,0.11137257,0.4424798,0.11137257,0.11186307,0.11137257,0.111539476
2010-02-05,0.3749614,0.12500325,0.12500325,0.12501821,0.12500325,0.12501073
2010-02-08,0.111330256,0.44279823,0.111330256,0.111740924,0.111330256,0.11147004
2010-02-09,0.11113964,0.4442305,0.11113964,0.11119281,0.11113964,0.11115775
2010-02-10,0.15727551,0.15727882,0.15727651,0.15727551,0.15727551,0.21361808
2010-02-11,0.09093199,0.09093199,0.09093199,0.09095571,0.5453082,0.09094007
2010-02-12,0.15727551,0.15727882,0.15727651,0.15727551,0.15727551,0.21361808
2010-02-16,0.15727551,0.15727882,0.15727651,0.15727551,0.15727551,0.21361808
2010-02-17,0.15727551,0.15727882,0.15727651,0.15727551,0.15727551,0.21361808
2010-02-18,0.11111111,0.44444445,0.11111111,0.11111111,0.11111111,0.11111111
2010-02-19,0.16666657,0.16666657,0.16666657,0.16666704,0.16666657,0.16666672
2010-02-22,0.09091451,0.09091451,0.09091451,0.09092012,0.54542,0.09091642
2010-02-23,0.16666637,0.16666637,0.16666637,0.1666677,0.16666637,0.16666682
2010-02-24,0.09091056,0.09091056,0.09091056,0.090912096,0.54544514,0.09091108
2010-02-25,0.15727551,0.15727882,0.15727651,0.15727551,0.15727551,0.21361808
2010-02-26,0.37499997,0.12500001,0.12500001,0.12500004,0.12500001,0.12500003
2010-03-01,0.090913765,0.090913765,0.090913765,0.09091861,0.54542464,0.090915404
2010-03-02,0.111111164,0.44444412,0.111111164,0.11111124,0.111111164,0.11111119
2010-03-03,0.0909194,0.0909194,0.0909194,0.090930074,0.5453887,0.09092303
2010-03-04,0.09091608,0.09091608,0.09091608,0.09092332,0.5454099,0.09091854
2010-03-05,0.15727551,0.15727882,0.15727651,0.15727551,0.15727551,0.21361808
2010-03-08,0.15727551,0.15727882,0.15727651,0.15727551,0.15727551,0.21361808
2010-03-09,0.09091035,0.09091035,0.09091035,0.090911664,0.5454464,0.0909108
2010-03-10,0.0909108,0.0909108,0.0909108,0.090912566,0.5454436,0.090911396
2010-03-11,0.09091209,0.09091209,0.09091209,0.09091519,0.5454354,0.09091314
2010-03-12,0.16666539,0.16666539,0.16666539,0.16667111,0.16666539,0.16666736
2010-03-15,0.37486228,0.12501156,0.12501156,0.12506483,0.12501156,0.12503819
2010-03-16,0.090909325,0.090909325,0.090909325,0.090909556,0.54545313,0.0909094
2010-03-17,0.15727551,0.15727882,0.15727651,0.15727551,0.15727551,0.21361808
2010-03-18,0.37499997,0.125,0.125,0.12500001,0.125,0.12500001
2010-03-19,0.09090909,0.09090909,0.09090909,0.090909116,0.54545444,0.09090909
2010-03-22,0.11111111,0.44444445,0.11111111,0.11111111,0.11111111,0.11111111
2010-03-23,0.09090909,0.09090909,0.09090909,0.090909116,0.54545444,0.09090909
2010-03-24,0.15727551,0.15727882,0.15727651,0.15727551,0.15727551,0.21361808
2010-03-25,0.11111111,0.44444445,0.11111111,0.11111111,0.11111111,0.11111111
2010-03-26,0.09090921,0.09090921,0.09090921,0.09090933,0.5454538,0.09090925
2010-03-29,0.111111164,0.44444406,0.111111164,0.11111125,0.111111164,0.11111119
2010-03-30,0.15727551,0.15727882,0.15727651,0.15727551,0.15727551,0.21361808
2010-03-31,0.16644895,0.16644895,0.16644895,0.16742373,0.16644895,0.16678052
2010-04-01,0.16600856,0.16600856,0.16600856,0.1689579,0.16600856,0.16700788
2010-04-05,0.15727551,0.15727882,0.15727651,0.15727551,0.15727551,0.21361808
2010-04-06,0.091015324,0.091015324,0.091015324,0.09112553,0.5447756,0.09105287
2010-04-07,0.3733155,0.12514073,0.12514071,0.12579477,0.12514088,0.12546745
2010-04-08,0.0909926,0.0909926,0.0909926,0.09107921,0.54492086,0.09102211
2010-04-09,0.090982124,0.090982124,0.090982124,0.09105784,0.54498786,0.09100791
2010-04-12,0.1664705,0.1664705,0.1664705,0.16734874,0.1664705,0.16676928
2010-04-13,0.09092905,0.09092905,0.09092905,0.09094973,0.54532707,0.09093611
2010-04-14,0.37474746,0.12502119,0.12502119,0.12511888,0.1250212,0.12507007
2010-04-15,0.09090926,0.09090926,0.09090926,0.090909414,0.54545355,0.0909093
2010-04-16,0.090909116,0.090909116,0.090909116,0.09090913,0.54545444,0.09090913
2010-04-19,0.11111111,0.44444445,0.11111111,0.11111111,0.11111111,0.11111111
2010-04-20,0.11111111,0.44444445,0.11111111,0.11111111,0.11111111,0.11111111
2010-04-21,0.090909086,0.090909086,0.090909086,0.090909086,0.54545456,0.090909086
2010-04-22,0.15727551,0.15727882,0.15727651,0.15727551,0.15727551,0.21361808
2010-04-23,0.090909086,0.090909086,0.090909086,0.090909086,0.54545456,0.090909086
2010-04-26,0.16666666,0.16666666,0.16666666,0.1666667,0.16666666,0.16666667
2010-04-27,0.11111111,0.44444445,0.11111111,0.11111111,0.11111111,0.11111111
2010-04-28,0.16666596,0.16666596,0.16666596,0.16666915,0.16666596,0.16666704
2010-04-29,0.15727551,0.15727882,0.15727651,0.15727551,0.15727551,0.21361808
2010-04-30,0.16660441,0.16660441,0.16660441,0.16688304,0.16660441,0.16669932
2010-05-03,0.09096904,0.09096904,0.09096904,0.091031194,0.5450714,0.090990216
2010-05-04,0.37466913,0.12502776,0.12502776,0.12515576,0.12502778,0.12509179
2010-05-05,0.16641444,0.16641444,0.16641444,0.1675438,0.16641444,0.16679847
2010-05-06,0.1664224,0.1664224,0.1664224,0.16751607,0.1664224,0.1667943
2010-05-07,0.3744655,0.12504481,0.12504481,0.12525173,0.12504485,0.12514827
2010-05-10,0.111117214,0.44439876,0.111117214,0.111128576,0.111117214,0.11112108
2010-05-11,0.16660905,0.16660905,0.16660905,0.16686688,0.16660905,0.16669688
2010-05-12,0.15727551,0.15727882,0.15727651,0.15727551,0.15727551,0.21361808
2010-05-13,0.37498462,0.1250013,0.1250013,0.12500724,0.1250013,0.12500426
2010-05-14,0.15727551,0.15727882,0.15727651,0.15727551,0.15727551,0.21361808
2010-05-17,0.11111111,0.44444445,0.11111111,0.11111111,0.11111111,0.11111111
2010-05-18,0.15727551,0.15727882,0.15727651,0.15727551,0.15727551,0.21361808
2010-05-19,0.09090909,0.09090909,0.09090909,0.090909116,0.54545444,0.09090909
2010-05-20,0.09090909,0.09090909,0.09090909,0.090909116,0.54545444,0.09090909
2010-05-21,0.11111111,0.44444445,0.11111111,0.11111111,0.11111111,0.11111111
2010-05-24,0.16666664,0.16666664,0.16666664,0.16666679,0.16666664,0.16666667
2010-05-25,0.37500003,0.125,0.125,0.125,0.125,0.125
2010-05-26,0.090909205,0.090909205,0.090909205,0.090909325,0.5454538,0.09090924
2010-05-27,0.37500003,0.125,0.125,0.125,0.125,0.125
2010-05-28,0.15727551,0.15727882,0.15727651,0.15727551,0.15727551,0.21361808
2010-06-01,0.16665147,0.16665147,0.16665147,0.16671948,0.16665147,0.16667466
2010-06-02,0.09093383,0.09093383,0.09093383,0.09095947,0.5452965,0.09094258
2010-06-03,0.15727551,0.15727882,0.15727651,0.15727551,0.15727551,0.21361808
2010-06-04,0.15727551,0.15727882,0.15727651,0.15727551,0.15727551,0.21361808
2010-06-07,0.15727551,0.15727882,0.15727651,0.15727551,0.15727551,0.21361808
2010-06-08,0.111113414,0.44442722,0.111113414,0.11111769,0.111113414,0.11111487
2010-06-09,0.16666211,0.16666211,0.16666211,0.1666825,0.16666211,0.16666907
2010-06-10,0.111112274,0.44443575,0.111112274,0.11111444,0.111112274,0.11111301
2010-06-11,0.15727551,0.15727882,0.15727651,0.15727551,0.15727551,0.21361808
2010-06-14,0.15727551,0.15727882,0.15727651,0.15727551,0.15727551,0.21361808
2010-06-15,0.11111128,0.44444323,0.11111128,0.11111159,0.11111128,0.11111139
2010-06-16,0.09090925,0.09090925,0.09090925,0.09090943,0.5454534,0.09090931
2010-06-17,0.11111111,0.44444445,0.11111111,0.11111111,0.11111111,0.11111111
2010-06-18,0.15727551,0.15727882,0.15727651,0.15727551,0.15727551,0.21361808
2010-06-21,0.16666667,0.16666667,0.16666667,0.16666667,0.16666667,0.16666667
2010-06-22,0.090909086,0.090909086,0.090909086,0.090909086,0.54545456,0.090909086
2010-06-23,0.11111111,0.44444445,0.11111111,0.11111111,0.11111111,0.11111111
2010-06-24,0.11111111,0.44444445,0.11111111,0.11111111,0.11111111,0.11111111
2010-06-25,0.15727551,0.15727882,0.15727651,0.15727551,0.15727551,0.21361808
2010-06-28,0.15727551,0.15727882,0.15727651,0.15727551,0.15727551,0.21361808
2010-06-29,0.37500003,0.125,0.125,0.125,0.125,0.125
2010-06-30,0.11111111,0.4444444,0.11111111,0.11111113,0.11111111,0.11111111
2010-07-01,0.16666234,0.16666234,0.16666234,0.1666817,0.16666234,0.16666895
2010-07-02,0.37499946,0.12500004,0.12500004,0.12500024,0.12500004,0.12500015
2010-07-06,0.09090992,0.09090992,0.09090992,0.090910785,0.5454492,0.09091021
2010-07-07,0.3749996,0.12500001,0.12500001,0.12500016,0.12500001,0.1250001
2010-07-08,0.11111123,0.44444358,0.11111123,0.11111144,0.11111123,0.11111131
2010-07-09,0.15727551,0.15727882,0.15727651,0.15727551,0.15727551,0.21361808
2010-07-12,0.111111455,0.44444185,0.111111455,0.1111121,0.111111455,0.111111686
2010-07-13,0.09092242,0.09092242,0.09092242,0.09093623,0.5453693,0.090927124
2010-07-14,0.37500003,0.125,0.125,0.125,0.125,0.125
2010-07-15,0.37500003,0.125,0.125,0.125,0.125,0.125
2010-07-16,0.11111111,0.44444445,0.11111111,0.11111111,0.11111111,0.11111111
2010-07-19,0.37500003,0.125,0.125,0.125,0.125,0.125
2010-07-20,0.37500003,0.125,0.125,0.125,0.125,0.125
2010-07-21,0.37500003,0.125,0.125,0.125,0.125,0.125
2010-07-22,0.090909086,0.090909086,0.090909086,0.090909086,0.54545456,0.090909086
2010-07-23,0.11111111,0.44444445,0.11111111,0.11111111,0.11111111,0.11111111
2010-07-26,0.37500003,0.125,0.125,0.125,0.125,0.125
2010-07-27,0.37500003,0.125,0.125,0.125,0.125,0.125
2010-07-28,0.11111111,0.44444445,0.11111111,0.11111111,0.11111111,0.11111111
2010-07-29,0.15727551,0.15727882,0.15727651,0.15727551,0.15727551,0.21361808
2010-07-30,0.37500003,0.125,0.125,0.125,0.125,0.125
2010-08-02,0.09090924,0.09090924,0.09090924,0.09090941,0.54545355,0.090909295
2010-08-03,0.3749997,0.12500001,0.12500001,0.12500015,0.12500001,0.12500009
2010-08-04,0.09090938,0.09090938,0.09090938,0.09090968,0.54545265,0.09090948
2010-08-05,0.111111164,0.44444412,0.111111164,0.11111124,0.111111164,0.11111119
2010-08-06,0.09091014,0.09091014,0.09091014,0.090911224,0.54544777,0.09091051
2010-08-09,0.3749989,0.12500009,0.12500009,0.12500052,0.12500009,0.12500028
2010-08-10,0.11111114,0.44444427,0.11111114,0.11111119,0.11111114,0.11111116
2010-08-11,0.11111113,0.44444436,0.11111113,0.11111114,0.11111113,0.11111113
2010-08-12,0.11111111,0.44444445,0.11111111,0.11111111,0.11111111,0.11111111
2010-08-13,0.09090913,0.09090913,0.09090913,0.09090918,0.5454542,0.09090915
2010-08-16,0.11111111,0.44444445,0.11111111,0.11111111,0.11111111,0.11111111
2010-08-17,0.37500003,0.125,0.125,0.125,0.125,0.125
2010-08-18,0.11111111,0.44444445,0.11111111,0.11111111,0.11111111,0.11111111
2010-08-19,0.15727551,0.15727882,0.15727651,0.15727551,0.15727551,0.21361808
2010-08-20,0.15727551,0.15727882,0.15727651,0.15727551,0.15727551,0.21361808
2010-08-23,0.15727551,0.15727882,0.15727651,0.15727551,0.15727551,0.21361808
2010-08-24,0.37500003,0.125,0.125,0.125,0.125,0.125
2010-08-25,0.11111111,0.44444445,0.11111111,0.11111111,0.11111111,0.11111111
2010-08-26,0.11111111,0.44444445,0.11111111,0.11111111,0.11111111,0.11111111
2010-08-27,0.15727551,0.15727882,0.15727651,0.15727551,0.15727551,0.21361808
2010-08-30,0.15727551,0.15727882,0.15727651,0.15727551,0.15727551,0.21361808
2010-08-31,0.37500003,0.125,0.125,0.125,0.125,0.125
2010-09-01,0.111111216,0.4444437,0.111111216,0.1111114,0.111111216,0.11111128
2010-09-02,0.09091135,0.09091135,0.09091135,0.09091368,0.54544014,0.09091214
2010-09-03,0.37499955,0.12500004,0.12500004,0.12500021,0.12500004,0.12500013
2010-09-07,0.111111425,0.4444421,0.111111425,0.111112006,0.111111425,0.11111162
2010-09-08,0.16665602,0.16665602,0.16665602,0.16670369,0.16665602,0.16667226
2010-09-09,0.09092334,0.09092334,0.09092334,0.090938084,0.54536355,0.09092836
2010-09-10,0.15727551,0.15727882,0.15727651,0.15727551,0.15727551,0.21361808
2010-09-13,0.16666575,0.16666575,0.16666575,0.16666985,0.16666575,0.16666713
2010-09-14,0.15727551,0.15727882,0.15727651,0.15727551,0.15727551,0.21361808
2010-09-15,0.16666664,0.16666664,0.16666664,0.16666672,0.16666664,0.16666667
2010-09-16,0.09090912,0.09090912,0.09090912,0.09090913,0.5454544,0.09090912
2010-09-17,0.090909086,0.090909086,0.090909086,0.090909086,0.54545456,0.090909086
2010-09-20,0.37500003,0.125,0.125,0.125,0.125,0.125
2010-09-21,0.16666667,0.16666667,0.16666667,0.16666667,0.16666667,0.16666667
2010-09-22,0.16666667,0.16666667,0.16666667,0.16666667,0.16666667,0.16666667
2010-09-23,0.37500003,0.125,0.125,0.125,0.125,0.125
2010-09-24,0.15727551,0.15727882,0.15727651,0.15727551,0.15727551,0.21361808
2010-09-27,0.16666667,0.16666667,0.16666667,0.16666667,0.16666667,0.16666667
2010-09-28,0.37500003,0.125,0.125,0.125,0.125,0.125
2010-09-29,0.16666658,0.16666658,0.16666658,0.166667,0.16666658,0.16666672
2010-09-30,0.11111111,0.44444445,0.11111111,0.11111111,0.11111111,0.11111111
2010-10-01,0.16666415,0.16666415,0.16666415,0.1666754,0.16666415,0.16666798
2010-10-04,0.37499267,0.12500061,0.12500061,0.12500344,0.12500061,0.12500203
2010-10-05,0.37498942,0.12500088,0.12500088,0.12500498,0.12500088,0.12500292
2010-10-06,0.16665399,0.16665399,0.16665399,0.16671069,0.16665399,0.16667332
2010-10-07,0.37498596,0.12500118,0.12500118,0.12500659,0.12500118,0.12500389
2010-10-08,0.15727551,0.15727882,0.15727651,0.15727551,0.15727551,0.21361808
2010-10-11,0.16666296,0.16666296,0.16666296,0.16667959,0.16666296,0.16666862
2010-10-12,0.3749989,0.12500009,0.12500009,0.1250005,0.12500009,0.12500028
2010-10-13,0.0909104,0.0909104,0.0909104,0.090911746,0.5454463,0.09091085
2010-10-14,0.16666666,0.16666666,0.16666666,0.16666675,0.16666666,0.16666669
2010-10-15,0.15727551,0.15727882,0.15727651,0.15727551,0.15727551,0.21361808
2010-10-18,0.090909116,0.090909116,0.090909116,0.09090913,0.54545444,0.090909116
2010-10-19,0.11111111,0.44444445,0.11111111,0.11111111,0.11111111,0.11111111
2010-10-20,0.16666667,0.16666667,0.16666667,0.16666667,0.16666667,0.16666667
2010-10-21,0.16666667,0.16666667,0.16666667,0.16666667,0.16666667,0.16666667
2010-10-22,0.37500003,0.125,0.125,0.125,0.125,0.125
2010-10-25,0.16666666,0.16666666,0.16666666,0.16666669,0.16666666,0.16666669
2010-10-26,0.090909086,0.090909086,0.090909086,0.090909086,0.54545456,0.090909086
2010-10-27,0.16666655,0.16666655,0.16666655,0.16666704,0.16666655,0.16666672
2010-10-28,0.15727551,0.15727882,0.15727651,0.15727551,0.15727551,0.21361808
2010-10-29,0.09091035,0.09091035,0.09091035,0.090911664,0.5454464,0.0909108
2010-11-01,0.37488747,0.12500943,0.12500943,0.12505293,0.12500945,0.12503119
2010-11-02,0.15727551,0.15727882,0.15727651,0.15727551,0.15727551,0.21361808
2010-11-03,0.15727551,0.15727882,0.15727651,0.15727551,0.15727551,0.21361808
2010-11-04,0.090946145,0.090946145,0.090946145,0.090984546,0.54521775,0.09095922
2010-11-05,0.111113444,0.44442698,0.111113444,0.11111779,0.111113444,0.11111493
2010-11-08,0.3749156,0.12500708,0.12500708,0.12503973,0.1250071,0.1250234
2010-11-09,0.11111211,0.444437,0.11111211,0.111113966,0.11111211,0.11111275
2010-11-10,0.37499687,0.12500027,0.12500027,0.12500148,0.12500027,0.12500086
2010-11-11,0.15727551,0.15727882,0.15727651,0.15727551,0.15727551,0.21361808
2010-11-12,0.11111113,0.4444443,0.11111113,0.11111116,0.11111113,0.11111114
2010-11-15,0.16666664,0.16666664,0.16666664,0.16666678,0.16666664,0.16666669
2010-11-16,0.11111111,0.44444445,0.11111111,0.11111111,0.11111111,0.11111111
2010-11-17,0.11111111,0.44444445,0.11111111,0.11111111,0.11111111,0.11111111
2010-11-18,0.11111111,0.44444445,0.11111111,0.11111111,0.11111111,0.11111111
2010-11-19,0.09090909,0.09090909,0.09090909,0.090909116,0.54545444,0.09090909
2010-11-22,0.37499997,0.125,0.125,0.12500001,0.125,0.125
2010-11-23,0.090909116,0.090909116,0.090909116,0.09090913,0.54545444,0.09090913
2010-11-24,0.09090913,0.09090913,0.09090913,0.09090918,0.5454542,0.09090915
2010-11-26,0.0909093,0.0909093,0.0909093,0.09090953,0.5454532,0.090909384
2010-11-29,0.090909705,0.090909705,0.090909705,0.090910316,0.54545075,0.09090991
2010-11-30,0.37499774,0.12500018,0.12500018,0.12500104,0.12500018,0.12500061
2010-12-01,0.11111414,0.44442174,0.11111414,0.11111978,0.11111414,0.11111606
2010-12-02,0.1111191,0.44438455,0.1111191,0.111134,0.1111191,0.11112419
2010-12-03,0.16661827,0.16661827,0.16661827,0.16683485,0.16661827,0.16669205
2010-12-06,0.111115225,0.4444136,0.111115225,0.111122884,0.111115225,0.11111784
2010-12-07,0.090945646,0.090945646,0.090945646,0.09098352,0.5452209,0.09095855
2010-12-08,0.09091886,0.09091886,0.09091886,0.09092897,0.5453921,0.0909223
2010-12-09,0.15727551,0.15727882,0.15727651,0.15727551,0.15727551,0.21361808
2010-12-10,0.37499633,0.12500031,0.12500031,0.12500173,0.12500031,0.12500103
2010-12-13,0.3749983,0.12500015,0.12500015,0.12500082,0.12500015,0.12500049
2010-12-14,0.37499794,0.12500015,0.12500015,0.12500095,0.12500015,0.12500055
2010-12-15,0.37499908,0.12500007,0.12500007,0.12500043,0.12500007,0.12500025
2010-12-16,0.11111111,0.44444445,0.11111111,0.11111111,0.11111111,0.11111111
2010-12-17,0.090909086,0.090909086,0.090909086,0.090909086,0.54545456,0.090909086
2010-12-20,0.16666667,0.16666667,0.16666667,0.16666667,0.16666667,0.16666667
2010-12-21,0.11111111,0.44444445,0.11111111,0.11111111,0.11111111,0.11111111
2010-12-22,0.11111111,0.44444445,0.11111111,0.11111111,0.11111111,0.11111111
2010-12-23,0.16666667,0.16666667,0.16666667,0.16666667,0.16666667,0.16666667
2010-12-27,0.090909086,0.090909086,0.090909086,0.090909086,0.54545456,0.090909086
2010-12-28,0.37500003,0.125,0.125,0.125,0.125,0.125
2010-12-29,0.37500003,0.125,0.125,0.125,0.125,0.125
2010-12-30,0.09090912,0.09090912,0.09090912,0.090909176,0.5454544,0.090909146
2010-12-31,0.1666646,0.1666646,0.1666646,0.16667382,0.1666646,0.16666774
2011-01-03,0.1111113,0.44444314,0.1111113,0.11111164,0.1111113,0.11111142
2011-01-04,0.11111157,0.44444096,0.11111157,0.111112416,0.11111157,0.11111186
2011-01-05,0.16661742,0.16661742,0.16661742,0.16683784,0.16661742,0.16669251
2011-01-06,0.16657738,0.16657738,0.16657738,0.166977,0.16657738,0.16671346
2011-01-07,0.09093351,0.09093351,0.09093351,0.09095881,0.5452985,0.09094213
2011-01-10,0.37494013,0.12500502,0.12500502,0.12502816,0.12500502,0.1250166
2011-01-11,0.09091424,0.09091424,0.09091424,0.09091958,0.5454216,0.09091607
2011-01-12,0.09091084,0.09091084,0.09091084,0.09091263,0.5454435,0.090911455
2011-01-13,0.0909097,0.0909097,0.0909097,0.09091032,0.5454507,0.09090991
2011-01-14,0.37499982,0.12500001,0.12500001,0.12500009,0.12500001,0.12500003
2011-01-18,0.09090915,0.09090915,0.09090915,0.0909092,0.5454542,0.090909176
2011-01-19,0.37500003,0.125,0.125,0.125,0.125,0.125
2011-01-20,0.16666666,0.16666666,0.16666666,0.16666669,0.16666666,0.16666667
2011-01-21,0.37500003,0.125,0.125,0.125,0.125,0.125
2011-01-24,0.16666666,0.16666666,0.16666666,0.16666669,0.16666666,0.16666667
2011-01-25,0.16666663,0.16666663,0.16666663,0.16666685,0.16666663,0.1666667
2011-01-26,0.11111111,0.44444445,0.11111111,0.11111111,0.11111111,0.11111111
2011-01-27,0.37500003,0.125,0.125,0.125,0.125,0.125
2011-01-28,0.16664536,0.16664536,0.16664536,0.16674067,0.16664536,0.16667785
2011-01-31,0.37499508,0.12500042,0.12500042,0.12500234,0.12500042,0.12500137
2011-02-01,0.091038376,0.091038376,0.091038376,0.09117255,0.5446282,0.091084085
2011-02-02,0.3748304,0.12501423,0.12501423,0.12507986,0.12501426,0.12504706
2011-02-03,0.15727551,0.15727882,0.15727651,0.15727551,0.15727551,0.21361808
2011-02-04,0.1662253,0.1662253,0.1662253,0.16820234,0.1662253,0.16689645
2011-02-07,0.091088384,0.091088384,0.091088384,0.09127465,0.5443084,0.09115182
2011-02-08,0.15727551,0.15727882,0.15727651,0.15727551,0.15727551,0.21361808
2011-02-09,0.3749947,0.12500045,0.12500045,0.1250025,0.12500045,0.12500148
2011-02-10,0.090910465,0.090910465,0.090910465,0.09091188,0.5454458,0.090910956
2011-02-11,0.16666642,0.16666642,0.16666642,0.16666755,0.16666642,0.1666668
2011-02-14,0.09090968,0.09090968,0.09090968,0.09091029,0.54545075,0.0909099
2011-02-15,0.11111111,0.44444445,0.11111111,0.11111111,0.11111111,0.11111111
2011-02-16,0.09090909,0.09090909,0.09090909,0.090909116,0.54545444,0.09090909
2011-02-17,0.16666667,0.16666667,0.16666667,0.16666667,0.16666667,0.16666667
2011-02-18,0.11111111,0.44444445,0.11111111,0.11111111,0.11111111,0.11111111
2011-02-22,0.11111111,0.44444445,0.11111111,0.11111111,0.11111111,0.11111111
2011-02-23,0.37500003,0.125,0.125,0.125,0.125,0.125
2011-02-24,0.11111111,0.44444445,0.11111111,0.11111111,0.11111111,0.11111111
2011-02-25,0.11111111,0.44444445,0.11111111,0.11111111,0.11111111,0.11111111
2011-02-28,0.11111111,0.44444445,0.11111111,0.11111111,0.11111111,0.11111111
2011-03-01,0.15727551,0.15727882,0.15727651,0.15727551,0.15727551,0.21361808
2011-03-02,0.11111111,0.44444445,0.11111111,0.11111111,0.11111111,0.11111111
2011-03-03,0.0909104,0.0909104,0.0909104,0.090911746,0.5454463,0.09091085
2011-03-04,0.15727551,0.15727882,0.15727651,0.15727551,0.15727551,0.21361808
2011-03-07,0.090912245,0.090912245,0.090912245,0.0909155,0.5454344,0.090913355
2011-03-08,0.16666508,0.16666508,0.16666508,0.1666722,0.16666508,0.16666752
2011-03-09,0.37499946,0.12500004,0.12500004,0.12500024,0.12500004,0.12500015
2011-03-10,0.15727551,0.15727882,0.15727651,0.15727551,0.15727551,0.21361808
2011-03-11,0.11111111,0.44444445,0.11111111,0.11111111,0.11111111,0.11111111
2011-03-14,0.15727551,0.15727882,0.15727651,0.15727551,0.15727551,0.21361808
2011-03-15,0.16666664,0.16666664,0.16666664,0.1666667,0.16666664,0.16666667
2011-03-16,0.11111111,0.44444445,0.11111111,0.11111111,0.11111111,0.11111111
2011-03-17,0.37500003,0.125,0.125,0.125,0.125,0.125
2011-03-18,0.15727551,0.15727882,0.15727651,0.15727551,0.15727551,0.21361808
2011-03-21,0.37500003,0.125,0.125,0.125,0.125,0.125
2011-03-22,0.11111111,0.44444445,0.11111111,0.11111111,0.11111111,0.11111111
2011-03-23,0.11111111,0.44444445,0.11111111,0.11111111,0.11111111,0.11111111
2011-03-24,0.37500003,0.125,0.125,0.125,0.125,0.125
2011-03-25,0.16666663,0.16666663,0.16666663,0.1666668,0.16666663,0.16666669
2011-03-28,0.37500003,0.125,0.125,0.125,0.125,0.125
2011-03-29,0.15727551,0.15727882,0.15727651,0.15727551,0.15727551,0.21361808
2011-03-30,0.16665836,0.16665836,0.16665836,0.16669558,0.16665836,0.16667104
2011-03-31,0.11111173,0.44443992,0.11111173,0.111112855,0.11111173,0.11111211
2011-04-01,0.09132162,0.09132163,0.09132162,0.09175208,0.54281497,0.091468096
2011-04-04,0.1665181,0.1665181,0.1665181,0.16718316,0.1665181,0.16674446
2011-04-05,0.16649249,0.16649249,0.16649249,0.16727224,0.16649249,0.16675782
2011-04-06,0.3713988,0.12529898,0.12529893,0.12670414,0.12529927,0.12599987
2011-04-07,0.11111448,0.4444192,0.11111448,0.111120746,0.11111448,0.11111662
2011-04-08,0.15727551,0.15727882,0.15727651,0.15727551,0.15727551,0.21361808
2011-04-11,0.09095993,0.09095993,0.09095993,0.09101261,0.5451297,0.09097787
2011-04-12,0.09092514,0.09092514,0.09092514,0.090941764,0.54535204,0.090930805
2011-04-13,0.09091191,0.09091191,0.09091191,0.09091483,0.5454365,0.09091291
2011-04-14,0.15727551,0.15727882,0.15727651,0.15727551,0.15727551,0.21361808
2011-04-15,0.37497973,0.12500168,0.12500168,0.12500952,0.12500168,0.1250056
2011-04-18,0.090909086,0.090909086,0.090909086,0.090909086,0.54545456,0.090909086
2011-04-19,0.15727551,0.15727882,0.15727651,0.15727551,0.15727551,0.21361808
2011-04-20,0.16666667,0.16666667,0.16666667,0.16666667,0.16666667,0.16666667
2011-04-21,0.15727551,0.15727882,0.15727651,0.15727551,0.15727551,0.21361808
2011-04-25,0.090909086,0.090909086,0.090909086,0.090909086,0.54545456,0.090909086
2011-04-26,0.16666666,0.16666666,0.16666666,0.16666669,0.16666666,0.16666669
2011-04-27,0.16666664,0.16666664,0.16666664,0.1666667,0.16666664,0.16666667
2011-04-28,0.16666658,0.16666658,0.16666658,0.16666695,0.16666658,0.1666667
2011-04-29,0.09091249,0.09091249,0.09091249,0.090916015,0.54543275,0.0909137
2011-05-02,0.16666093,0.16666093,0.16666093,0.16668656,0.16666093,0.16666965
2011-05-03,0.37495813,0.1250035,0.1250035,0.12501971,0.1250035,0.12501162
2011-05-04,0.09097143,0.09097143,0.09097143,0.09103606,0.5450562,0.09099346
2011-05-05,0.16665767,0.16665767,0.16665767,0.16669796,0.16665767,0.1666714
2011-05-06,0.37497488,0.12500209,0.12500209,0.1250118,0.12500209,0.12500696
2011-05-09,0.1666605,0.1666605,0.1666605,0.16668805,0.1666605,0.1666699
2011-05-10,0.090922825,0.090922825,0.090922825,0.09093705,0.54536676,0.09092767
2011-05-11,0.15727551,0.15727882,0.15727651,0.15727551,0.15727551,0.21361808
2011-05-12,0.09091382,0.09091382,0.09091382,0.090918705,0.54542434,0.090915486
2011-05-13,0.09091072,0.09091072,0.09091072,0.09091241,0.54544413,0.090911284
2011-05-16,0.15727551,0.15727882,0.15727651,0.15727551,0.15727551,0.21361808
2011-05-17,0.15727551,0.15727882,0.15727651,0.15727551,0.15727551,0.21361808
2011-05-18,0.15727551,0.15727882,0.15727651,0.15727551,0.15727551,0.21361808
2011-05-19,0.09090909,0.09090909,0.09090909,0.090909116,0.54545444,0.09090909
2011-05-20,0.37500003,0.125,0.125,0.125,0.125,0.125
2011-05-23,0.15727551,0.15727882,0.15727651,0.15727551,0.15727551,0.21361808
2011-05-24,0.15727551,0.15727882,0.15727651,0.15727551,0.15727551,0.21361808
2011-05-25,0.09090909,0.09090909,0.09090909,0.090909116,0.54545444,0.09090909
2011-05-26,0.16666664,0.16666664,0.16666664,0.16666678,0.16666664,0.16666669
2011-05-27,0.09090928,0.09090928,0.09090928,0.09090947,0.54545337,0.090909354
2011-05-31,0.3749997,0.12500001,0.12500001,0.12500015,0.12500001,0.12500009
2011-06-01,0.16666183,0.16666183,0.16666183,0.16668348,0.16666183,0.1666692
2011-06-02,0.090917386,0.090917386,0.090917386,0.09092596,0.5454016,0.0909203
2011-06-03,0.16666119,0.16666119,0.16666119,0.1666857,0.16666119,0.16666953
2011-06-06,0.16666137,0.16666137,0.16666137,0.16668503,0.16666137,0.16666944
2011-06-07,0.15727551,0.15727882,0.15727651,0.15727551,0.15727551,0.21361808
2011-06-08,0.09091237,0.09091237,0.09091237,0.09091578,0.5454336,0.09091352
2011-06-09,0.16666618,0.16666618,0.16666618,0.16666839,0.16666618,0.16666694
2011-06-10,0.16666655,0.16666655,0.16666655,0.16666706,0.16666655,0.1666667
2011-06-13,0.16666661,0.16666661,0.16666661,0.16666685,0.16666661,0.16666669
2011-06-14,0.16666663,0.16666663,0.16666663,0.16666678,0.16666663,0.16666669
2011-06-15,0.15727551,0.15727882,0.15727651,0.15727551,0.15727551,0.21361808
2011-06-16,0.37500003,0.125,0.125,0.125,0.125,0.125
2011-06-17,0.37500003,0.125,0.125,0.125,0.125,0.125
2011-06-20,0.16666667,0.16666667,0.16666667,0.16666667,0.16666667,0.16666667
2011-06-21,0.090909086,0.090909086,0.090909086,0.090909086,0.54545456,0.090909086
2011-06-22,0.16666667,0.16666667,0.16666667,0.16666667,0.16666667,0.16666667
2011-06-23,0.11111111,0.44444445,0.11111111,0.11111111,0.11111111,0.11111111
2011-06-24,0.15727551,0.15727882,0.15727651,0.15727551,0.15727551,0.21361808
2011-06-27,0.15727551,0.15727882,0.15727651,0.15727551,0.15727551,0.21361808
2011-06-28,0.16666666,0.16666666,0.16666666,0.16666669,0.16666666,0.16666667
2011-06-29,0.09090912,0.09090912,0.09090912,0.09090913,0.5454544,0.09090912
2011-06-30,0.37499985,0.12500001,0.12500001,0.12500006,0.12500001,0.12500003
2011-07-01,0.37499866,0.1250001,0.1250001,0.12500064,0.1250001,0.12500037
2011-07-05,0.16666159,0.16666159,0.16666159,0.16668431,0.16666159,0.16666932
2011-07-06,0.16666092,0.16666092,0.16666092,0.16668667,0.16666092,0.1666697
2011-07-07,0.15727551,0.15727882,0.15727651,0.15727551,0.15727551,0.21361808
2011-07-08,0.09091034,0.09091034,0.09091034,0.09091162,0.5454466,0.090910785
2011-07-11,0.15727551,0.15727882,0.15727651,0.15727551,0.15727551,0.21361808
2011-07-12,0.16666576,0.16666576,0.16666576,0.16666982,0.16666576,0.16666713
2011-07-13,0.15727551,0.15727882,0.15727651,0.15727551,0.15727551,0.21361808
2011-07-14,0.11111111,0.44444445,0.11111111,0.11111111,0.11111111,0.11111111
2011-07-15,0.090909086,0.090909086,0.090909086,0.090909086,0.54545456,0.090909086
2011-07-18,0.37500003,0.125,0.125,0.125,0.125,0.125
2011-07-19,0.16666667,0.16666667,0.16666667,0.16666667,0.16666667,0.16666667
2011-07-20,0.37500003,0.125,0.125,0.125,0.125,0.125
2011-07-21,0.15727551,0.15727882,0.15727651,0.15727551,0.15727551,0.21361808
2011-07-22,0.16666667,0.16666667,0.16666667,0.16666667,0.16666667,0.16666667
2011-07-25,0.37500003,0.125,0.125,0.125,0.125,0.125
2011-07-26,0.16666667,0.16666667,0.16666667,0.16666667,0.16666667,0.16666667
2011-07-27,0.11111111,0.44444445,0.11111111,0.11111111,0.11111111,0.11111111
2011-07-28,0.11111111,0.44444445,0.11111111,0.11111111,0.11111111,0.11111111
2011-07-29,0.16666664,0.16666664,0.16666664,0.1666667,0.16666664,0.16666667
2011-08-01,0.37499985,0.12500001,0.12500001,0.12500006,0.12500001,0.12500003
2011-08-02,0.11111111,0.44444445,0.11111111,0.11111111,0.11111111,0.11111111
2011-08-03,0.09090923,0.09090923,0.09090923,0.09090938,0.54545367,0.09090928
2011-08-04,0.16666651,0.16666651,0.16666651,0.16666721,0.16666651,0.16666675
2011-08-05,0.09090946,0.09090946,0.09090946,0.09090984,0.5454522,0.090909585
2011-08-08,0.16666652,0.16666652,0.16666652,0.16666715,0.16666652,0.16666673
2011-08-09,0.16666663,0.16666663,0.16666663,0.16666678,0.16666663,0.16666669
2011-08-10,0.16666666,0.16666666,0.16666666,0.1666667,0.16666666,0.16666667
2011-08-11,0.09090913,0.09090913,0.09090913,0.09090918,0.5454542,0.09090915
2011-08-12,0.16666667,0.16666667,0.16666667,0.16666667,0.16666667,0.16666667
2011-08-15,0.11111111,0.44444445,0.11111111,0.11111111,0.11111111,0.11111111
2011-08-16,0.11111111,0.44444445,0.11111111,0.11111111,0.11111111,0.11111111
2011-08-17,0.11111111,0.44444445,0.11111111,0.11111111,0.11111111,0.11111111
2011-08-18,0.11111111,0.44444445,0.11111111,0.11111111,0.11111111,0.11111111
2011-08-19,0.16666667,0.16666667,0.16666667,0.16666667,0.16666667,0.16666667
2011-08-22,0.16666667,0.16666667,0.16666667,0.16666667,0.16666667,0.16666667
2011-08-23,0.15727551,0.15727882,0.15727651,0.15727551,0.15727551,0.21361808
2011-08-24,0.15727551,0.15727882,0.15727651,0.15727551,0.15727551,0.21361808
2011-08-25,0.15727551,0.15727882,0.15727651,0.15727551,0.15727551,0.21361808
2011-08-26,0.15727551,0.15727882,0.15727651,0.15727551,0.15727551,0.21361808
2011-08-29,0.09090909,0.09090909,0.09090909,0.090909116,0.54545444,0.09090909
2011-08-30,0.09090912,0.09090912,0.09090912,0.09090913,0.5454544,0.09090912
2011-08-31,0.11111111,0.44444445,0.11111111,0.11111111,0.11111111,0.11111111
2011-09-01,0.1666666,0.1666666,0.1666666,0.16666692,0.1666666,0.16666672
2011-09-02,0.37499937,0.12500006,0.12500006,0.12500031,0.12500006,0.12500018
2011-09-06,0.16666655,0.16666655,0.16666655,0.16666706,0.16666655,0.1666667
2011-09-07,0.16666658,0.16666658,0.16666658,0.16666695,0.16666658,0.1666667
2011-09-08,0.37499845,0.12500013,0.12500013,0.12500075,0.12500013,0.12500043
2011-09-09,0.16666666,0.16666666,0.16666666,0.16666675,0.16666666,0.16666669
2011-09-12,0.16666666,0.16666666,0.16666666,0.16666669,0.16666666,0.16666667
2011-09-13,0.16666667,0.16666667,0.16666667,0.16666669,0.16666667,0.16666667
2011-09-14,0.11111111,0.44444445,0.11111111,0.11111111,0.11111111,0.11111111
2011-09-15,0.11111111,0.44444445,0.11111111,0.11111111,0.11111111,0.11111111
2011-09-16,0.16666667,0.16666667,0.16666667,0.16666667,0.16666667,0.16666667
2011-09-19,0.090909086,0.090909086,0.090909086,0.090909086,0.54545456,0.090909086
2011-09-20,0.15727551,0.15727882,0.15727651,0.15727551,0.15727551,0.21361808
2011-09-21,0.090909086,0.090909086,0.090909086,0.090909086,0.54545456,0.090909086
2011-09-22,0.11111111,0.44444445,0.11111111,0.11111111,0.11111111,0.11111111
2011-09-23,0.37500003,0.125,0.125,0.125,0.125,0.125
2011-09-26,0.37500003,0.125,0.125,0.125,0.125,0.125
2011-09-27,0.11111111,0.44444445,0.11111111,0.11111111,0.11111111,0.11111111
2011-09-28,0.16666664,0.16666664,0.16666664,0.16666672,0.16666664,0.16666667
2011-09-29,0.09090912,0.09090912,0.09090912,0.090909146,0.5454544,0.09090912
2011-09-30,0.0909093,0.0909093,0.0909093,0.09090953,0.5454532,0.090909384
2011-10-03,0.37499812,0.12500016,0.12500016,0.12500091,0.12500016,0.12500055
2011-10-04,0.11111182,0.4444391,0.11111182,0.11111313,0.11111182,0.111112274
2011-10-05,0.11111289,0.44443107,0.11111289,0.11111621,0.11111289,0.11111402
2011-10-06,0.15727551,0.15727882,0.15727651,0.15727551,0.15727551,0.21361808
2011-10-07,0.15727551,0.15727882,0.15727651,0.15727551,0.15727551,0.21361808
2011-10-10,0.09122302,0.091223024,0.09122302,0.09154998,0.5434467,0.09133432
2011-10-11,0.111117855,0.44439387,0.111117855,0.11113041,0.111117855,0.111122146
2011-10-12,0.15727551,0.15727882,0.15727651,0.15727551,0.15727551,0.21361808
2011-10-13,0.16666634,0.16666634,0.16666634,0.16666777,0.16666634,0.16666684
2011-10-14,0.16666657,0.16666657,0.16666657,0.16666704,0.16666657,0.16666673
2011-10-17,0.16666664,0.16666664,0.16666664,0.16666672,0.16666664,0.16666667
2011-10-18,0.16666667,0.16666667,0.16666667,0.16666667,0.16666667,0.16666667
2011-10-19,0.09090915,0.09090915,0.09090915,0.09090922,0.5454541,0.090909176
2011-10-20,0.16666667,0.16666667,0.16666667,0.16666667,0.16666667,0.16666667
2011-10-21,0.15727551,0.15727882,0.15727651,0.15727551,0.15727551,0.21361808
2011-10-24,0.090909086,0.090909086,0.090909086,0.090909086,0.54545456,0.090909086
2011-10-25,0.090909086,0.090909086,0.090909086,0.090909086,0.54545456,0.090909086
2011-10-26,0.11111111,0.44444445,0.11111111,0.11111111,0.11111111,0.11111111
2011-10-27,0.15727551,0.15727882,0.15727651,0.15727551,0.15727551,0.21361808
2011-10-28,0.16666657,0.16666657,0.16666657,0.16666697,0.16666657,0.16666672
2011-10-31,0.16666603,0.16666603,0.16666603,0.16666889,0.16666603,0.16666701
2011-11-01,0.1111112,0.4444438,0.1111112,0.11111137,0.1111112,0.11111125
2011-11-02,0.16666389,0.16666389,0.16666389,0.16667631,0.16666389,0.16666812
2011-11-03,0.09091206,0.09091206,0.09091206,0.090915136,0.54543555,0.09091312
2011-11-04,0.37494346,0.12500475,0.12500475,0.12502661,0.12500475,0.12501569
2011-11-07,0.111112855,0.44443145,0.111112855,0.11111609,0.111112855,0.11111396
2011-11-08,0.15727551,0.15727882,0.15727651,0.15727551,0.15727551,0.21361808
2011-11-09,0.16666652,0.16666652,0.16666652,0.16666718,0.16666652,0.16666673
2011-11-10,0.16666664,0.16666664,0.16666664,0.16666675,0.16666664,0.16666669
2011-11-11,0.09090956,0.09090956,0.09090956,0.09091005,0.5454516,0.090909734
2011-11-14,0.15727551,0.15727882,0.15727651,0.15727551,0.15727551,0.21361808
2011-11-15,0.11111111,0.44444445,0.11111111,0.11111111,0.11111111,0.11111111
2011-11-16,0.16666667,0.16666667,0.16666667,0.16666667,0.16666667,0.16666667
2011-11-17,0.090909116,0.090909116,0.090909116,0.09090913,0.54545444,0.090909116
2011-11-18,0.090909086,0.090909086,0.090909086,0.090909086,0.54545456,0.090909086
2011-11-21,0.11111111,0.44444445,0.11111111,0.11111111,0.11111111,0.11111111
2011-11-22,0.15727551,0.15727882,0.15727651,0.15727551,0.15727551,0.21361808
2011-11-23,0.37500003,0.125,0.125,0.125,0.125,0.125
2011-11-25,0.15727551,0.15727882,0.15727651,0.15727551,0.15727551,0.21361808
2011-11-28,0.09090913,0.09090913,0.09090913,0.09090918,0.54545426,0.09090915
2011-11-29,0.09090963,0.09090963,0.09090963,0.09091019,0.54545116,0.090909824
2011-11-30,0.15727551,0.15727882,0.15727651,0.15727551,0.15727551,0.21361808
2011-12-01,0.15727551,0.15727882,0.15727651,0.15727551,0.15727551,0.21361808
2011-12-02,0.3747701,0.1250193,0.1250193,0.12510826,0.12501933,0.12506379
2011-12-05,0.1666478,0.1666478,0.1666478,0.1667322,0.1666478,0.16667657
2011-12-06,0.37451446,0.12504071,0.12504071,0.12522866,0.12504075,0.12513469
2011-12-07,0.15727551,0.15727882,0.15727651,0.15727551,0.15727551,0.21361808
2011-12-08,0.11111124,0.4444434,0.11111124,0.111111484,0.11111124,0.11111131
2011-12-09,0.09091086,0.09091086,0.09091086,0.090912715,0.5454432,0.09091149
2011-12-12,0.37499908,0.12500007,0.12500007,0.12500046,0.12500007,0.12500025
2011-12-13,0.09090912,0.09090912,0.09090912,0.090909146,0.5454544,0.09090912
2011-12-14,0.16666667,0.16666667,0.16666667,0.16666667,0.16666667,0.16666667
2011-12-15,0.16666666,0.16666666,0.16666666,0.16666669,0.16666666,0.16666667
2011-12-16,0.37500003,0.125,0.125,0.125,0.125,0.125
2011-12-19,0.11111111,0.44444445,0.11111111,0.11111111,0.11111111,0.11111111
2011-12-20,0.11111111,0.44444445,0.11111111,0.11111111,0.11111111,0.11111111
2011-12-21,0.090909086,0.090909086,0.090909086,0.090909086,0.54545456,0.090909086
2011-12-22,0.090909086,0.090909086,0.090909086,0.090909086,0.54545456,0.090909086
2011-12-23,0.090909086,0.090909086,0.090909086,0.090909086,0.54545456,0.090909086
2011-12-27,0.090909086,0.090909086,0.090909086,0.090909086,0.54545456,0.090909086
2011-12-28,0.15727551,0.15727882,0.15727651,0.15727551,0.15727551,0.21361808
2011-12-29,0.15727551,0.15727882,0.15727651,0.15727551,0.15727551,0.21361808
2011-12-30,0.11111111,0.4444444,0.11111111,0.11111113,0.11111111,0.11111111
2012-01-03,0.16665956,0.16665956,0.16665956,0.16669133,0.16665956,0.16667038
2012-01-04,0.111111626,0.44444057,0.111111626,0.111112595,0.111111626,0.11111196
2012-01-05,0.16662197,0.16662197,0.16662197,0.16682205,0.16662197,0.16669013
2012-01-06,0.16661447,0.16661447,0.16661447,0.16684806,0.16661447,0.16669403
2012-01-09,0.11111369,0.44442508,0.11111369,0.111118495,0.11111369,0.11111533
2012-01-10,0.11111504,0.44441506,0.11111504,0.11112235,0.11111504,0.11111753
2012-01-11,0.37499353,0.12500052,0.12500052,0.12500304,0.12500052,0.12500179
2012-01-12,0.37499952,0.12500004,0.12500004,0.12500024,0.12500004,0.12500013
2012-01-13,0.11111111,0.44444445,0.11111111,0.11111111,0.11111111,0.11111111
2012-01-17,0.37500003,0.125,0.125,0.125,0.125,0.125
2012-01-18,0.37500003,0.125,0.125,0.125,0.125,0.125
2012-01-19,0.15727551,0.15727882,0.15727651,0.15727551,0.15727551,0.21361808
2012-01-20,0.16666667,0.16666667,0.16666667,0.16666667,0.16666667,0.16666667
2012-01-23,0.11111111,0.44444445,0.11111111,0.11111111,0.11111111,0.11111111
2012-01-24,0.16666667,0.16666667,0.16666667,0.16666667,0.16666667,0.16666667
2012-01-25,0.11111111,0.44444445,0.11111111,0.11111111,0.11111111,0.11111111
2012-01-26,0.16666664,0.16666664,0.16666664,0.1666667,0.16666664,0.16666667
2012-01-27,0.11111113,0.44444436,0.11111113,0.11111116,0.11111113,0.11111114
2012-01-30,0.11111132,0.44444284,0.11111132,0.111111715,0.11111132,0.111111455
2012-01-31,0.111113034,0.44443002,0.111113034,0.11111661,0.111113034,0.11111425
2012-02-01,0.15727551,0.15727882,0.15727651,0.15727551,0.15727551,0.21361808
2012-02-02,0.3740242,0.1250817,0.12508169,0.1254599,0.12508178,0.12527072
2012-02-03,0.15727551,0.15727882,0.15727651,0.15727551,0.15727551,0.21361808
2012-02-06,0.16666125,0.16666125,0.16666125,0.16668545,0.16666125,0.16666949
2012-02-07,0.09097047,0.09097047,0.09097047,0.09103408,0.54506236,0.09099214
2012-02-08,0.15727551,0.15727882,0.15727651,0.15727551,0.15727551,0.21361808
2012-02-09,0.15727551,0.15727882,0.15727651,0.15727551,0.15727551,0.21361808
2012-02-10,0.37499988,0.12500001,0.12500001,0.12500004,0.12500001,0.12500001
2012-02-13,0.16666663,0.16666663,0.16666663,0.16666678,0.16666663,0.16666669
2012-02-14,0.09090912,0.09090912,0.09090912,0.09090917,0.5454544,0.090909146
2012-02-15,0.15727551,0.15727882,0.15727651,0.15727551,0.15727551,0.21361808
2012-02-16,0.11111111,0.44444445,0.11111111,0.11111111,0.11111111,0.11111111
2012-02-17,0.11111111,0.44444445,0.11111111,0.11111111,0.11111111,0.11111111
2012-02-21,0.15727551,0.15727882,0.15727651,0.15727551,0.15727551,0.21361808
2012-02-22,0.16666667,0.16666667,0.16666667,0.16666667,0.16666667,0.16666667
2012-02-23,0.090909086,0.090909086,0.090909086,0.090909086,0.54545456,0.090909086
2012-02-24,0.16666667,0.16666667,0.16666667,0.16666667,0.16666667,0.16666667
2012-02-27,0.15727551,0.15727882,0.15727651,0.15727551,0.15727551,0.21361808
2012-02-28,0.15727551,0.15727882,0.15727651,0.15727551,0.15727551,0.21361808
2012-02-29,0.16666663,0.16666663,0.16666663,0.16666684,0.16666663,0.16666669
2012-03-01,0.15727551,0.15727882,0.15727651,0.15727551,0.15727551,0.21361808
2012-03-02,0.16666427,0.16666427,0.16666427,0.16667499,0.16666427,0.16666791
2012-03-05,0.11111123,0.44444355,0.11111123,0.111111455,0.11111123,0.11111131
2012-03-06,0.16666046,0.16666046,0.16666046,0.16668823,0.16666046,0.16666993
2012-03-07,0.15727551,0.15727882,0.15727651,0.15727551,0.15727551,0.21361808
2012-03-08,0.15727551,0.15727882,0.15727651,0.15727551,0.15727551,0.21361808
2012-03-09,0.11111115,0.44444415,0.11111115,0.11111122,0.11111115,0.11111117
2012-03-12,0.37499976,0.12500003,0.12500003,0.12500015,0.12500003,0.12500007
2012-03-13,0.15727551,0.15727882,0.15727651,0.15727551,0.15727551,0.21361808
2012-03-14,0.37500003,0.125,0.125,0.125,0.125,0.125
2012-03-15,0.16666657,0.16666657,0.16666657,0.16666697,0.16666657,0.16666672
2012-03-16,0.37500003,0.125,0.125,0.125,0.125,0.125
2012-03-19,0.15727551,0.15727882,0.15727651,0.15727551,0.15727551,0.21361808
2012-03-20,0.090909086,0.090909086,0.090909086,0.090909086,0.54545456,0.090909086
2012-03-21,0.37500003,0.125,0.125,0.125,0.125,0.125
2012-03-22,0.11111111,0.44444445,0.11111111,0.11111111,0.11111111,0.11111111
2012-03-23,0.15727551,0.15727882,0.15727651,0.15727551,0.15727551,0.21361808
2012-03-26,0.090909086,0.090909086,0.090909086,0.090909086,0.54545456,0.090909086
2012-03-27,0.11111111,0.44444445,0.11111111,0.11111111,0.11111111,0.11111111
2012-03-28,0.1666664,0.1666664,0.1666664,0.16666758,0.1666664,0.1666668
2012-03-29,0.11111114,0.44444427,0.11111114,0.111111194,0.11111114,0.11111116
2012-03-30,0.16665529,0.16665529,0.16665529,0.16670625,0.16665529,0.16667265
2012-04-02,0.11111545,0.44441196,0.11111545,0.11112353,0.11111545,0.111118205
2012-04-03,0.15727551,0.15727882,0.15727651,0.15727551,0.15727551,0.21361808
2012-04-04,0.111118115,0.4443919,0.111118115,0.11113118,0.111118115,0.11112258
2012-04-05,0.15727551,0.15727882,0.15727651,0.15727551,0.15727551,0.21361808
2012-04-09,0.16662917,0.16662917,0.16662917,0.16679694,0.16662917,0.16668633
2012-04-10,0.37475058,0.12502094,0.12502094,0.12511744,0.12502097,0.12506919
2012-04-11,0.15727551,0.15727882,0.15727651,0.15727551,0.15727551,0.21361808
2012-04-12,0.11111139,0.44444233,0.11111139,0.11111191,0.11111139,0.11111156
2012-04-13,0.09092538,0.09092538,0.09092538,0.090942256,0.54535043,0.09093113
2012-04-16,0.15727551,0.15727882,0.15727651,0.15727551,0.15727551,0.21361808
2012-04-17,0.37499985,0.12500001,0.12500001,0.12500006,0.12500001,0.12500003
2012-04-18,0.15727551,0.15727882,0.15727651,0.15727551,0.15727551,0.21361808
2012-04-19,0.09090936,0.09090936,0.09090936,0.090909645,0.5454528,0.09090946
2012-04-20,0.11111111,0.44444445,0.11111111,0.11111111,0.11111111,0.11111111
2012-04-23,0.11111111,0.44444445,0.11111111,0.11111111,0.11111111,0.11111111
2012-04-24,0.16666667,0.16666667,0.16666667,0.16666669,0.16666667,0.16666667
2012-04-25,0.37500003,0.125,0.125,0.125,0.125,0.125
2012-04-26,0.16666664,0.16666664,0.16666664,0.1666668,0.16666664,0.16666669
2012-04-27,0.15727551,0.15727882,0.15727651,0.15727551,0.15727551,0.21361808
2012-04-30,0.37499908,0.12500007,0.12500007,0.12500043,0.12500007,0.12500025
2012-05-01,0.3749851,0.12500125,0.12500125,0.12500699,0.12500125,0.12500413
2012-05-02,0.090955354,0.090955354,0.090955354,0.09100329,0.545159,0.090971686
2012-05-03,0.15727551,0.15727882,0.15727651,0.15727551,0.15727551,0.21361808
2012-05-04,0.11111189,0.44443867,0.11111189,0.11111333,0.11111189,0.11111238
2012-05-07,0.16665757,0.16665757,0.16665757,0.1666983,0.16665757,0.16667145
2012-05-08,0.37499166,0.1250007,0.1250007,0.12500393,0.1250007,0.12500231
2012-05-09,0.16666539,0.16666539,0.16666539,0.16667113,0.16666539,0.16666734
2012-05-10,0.111111164,0.44444406,0.111111164,0.11111125,0.111111164,0.11111119
2012-05-11,0.11111113,0.4444443,0.11111113,0.11111117,0.11111113,0.11111114
2012-05-14,0.1666665,0.1666665,0.1666665,0.16666722,0.1666665,0.16666675
2012-05-15,0.09091199,0.09091199,0.09091199,0.090914994,0.5454361,0.09091301
2012-05-16,0.11111111,0.44444445,0.11111111,0.11111111,0.11111111,0.11111111
2012-05-17,0.37500003,0.125,0.125,0.125,0.125,0.125
2012-05-18,0.16666666,0.16666666,0.16666666,0.1666667,0.16666666,0.16666669
2012-05-21,0.090909086,0.090909086,0.090909086,0.090909086,0.54545456,0.090909086
2012-05-22,0.15727551,0.15727882,0.15727651,0.15727551,0.15727551,0.21361808
2012-05-23,0.37500003,0.125,0.125,0.125,0.125,0.125
2012-05-24,0.15727551,0.15727882,0.15727651,0.15727551,0.15727551,0.21361808
2012-05-25,0.11111111,0.44444445,0.11111111,0.11111111,0.11111111,0.11111111
2012-05-29,0.15727551,0.15727882,0.15727651,0.15727551,0.15727551,0.21361808
2012-05-30,0.11111113,0.44444436,0.11111113,0.11111116,0.11111113,0.11111114
2012-05-31,0.16666377,0.16666377,0.16666377,0.16667674,0.16666377,0.16666818
2012-06-01,0.090928845,0.090928845,0.090928845,0.0909493,0.54532844,0.09093581
2012-06-04,0.37493506,0.12500547,0.12500547,0.12503059,0.12500547,0.12501803
2012-06-05,0.09094904,0.09094904,0.09094904,0.09099044,0.5451993,0.09096315
2012-06-06,0.3749431,0.1250048,0.1250048,0.1250268,0.1250048,0.1250158
2012-06-07,0.11111725,0.44439828,0.11111725,0.11112871,0.11111725,0.11112116
2012-06-08,0.37499386,0.1250005,0.1250005,0.12500289,0.1250005,0.12500171
2012-06-11,0.111115076,0.44441468,0.111115076,0.11112247,0.111115076,0.111117594
2012-06-12,0.15727551,0.15727882,0.15727651,0.15727551,0.15727551,0.21361808
2012-06-13,0.16666552,0.16666552,0.16666552,0.1666707,0.16666552,0.16666728
2012-06-14,0.16666618,0.16666618,0.16666618,0.16666836,0.16666618,0.16666692
2012-06-15,0.37500003,0.125,0.125,0.125,0.125,0.125
2012-06-18,0.090909086,0.090909086,0.090909086,0.090909086,0.54545456,0.090909086
2012-06-19,0.16666664,0.16666664,0.16666664,0.1666667,0.16666664,0.16666666
2012-06-20,0.11111111,0.44444445,0.11111111,0.11111111,0.11111111,0.11111111
2012-06-21,0.37500003,0.125,0.125,0.125,0.125,0.125
2012-06-22,0.15727551,0.15727882,0.15727651,0.15727551,0.15727551,0.21361808
2012-06-25,0.16666667,0.16666667,0.16666667,0.16666667,0.16666667,0.16666667
2012-06-26,0.11111111,0.44444445,0.11111111,0.11111111,0.11111111,0.11111111
2012-06-27,0.11111111,0.44444445,0.11111111,0.11111111,0.11111111,0.11111111
2012-06-28,0.090909086,0.090909086,0.090909086,0.090909086,0.54545456,0.090909086
2012-06-29,0.37499997,0.125,0.125,0.12500001,0.125,0.12500001
2012-07-02,0.11111136,0.44444257,0.11111136,0.11111182,0.11111136,0.111111514
2012-07-03,0.09090939,0.09090939,0.09090939,0.0909097,0.5454526,0.090909496
2012-07-05,0.16666594,0.16666594,0.16666594,0.1666692,0.16666594,0.16666706
2012-07-06,0.15727551,0.15727882,0.15727651,0.15727551,0.15727551,0.21361808
2012-07-09,0.1111112,0.4444438,0.1111112,0.11111137,0.1111112,0.11111125
2012-07-10,0.3749991,0.12500006,0.12500006,0.12500042,0.12500006,0.12500025
2012-07-11,0.16666657,0.16666657,0.16666657,0.16666701,0.16666657,0.16666672
2012-07-12,0.15727551,0.15727882,0.15727651,0.15727551,0.15727551,0.21361808
2012-07-13,0.16666666,0.16666666,0.16666666,0.16666669,0.16666666,0.16666669
2012-07-16,0.37500003,0.125,0.125,0.125,0.125,0.125
2012-07-17,0.11111111,0.44444445,0.11111111,0.11111111,0.11111111,0.11111111
2012-07-18,0.15727551,0.15727882,0.15727651,0.15727551,0.15727551,0.21361808
2012-07-19,0.11111111,0.44444445,0.11111111,0.11111111,0.11111111,0.11111111
2012-07-20,0.15727551,0.15727882,0.15727651,0.15727551,0.15727551,0.21361808
2012-07-23,0.090909086,0.090909086,0.090909086,0.090909086,0.54545456,0.090909086
2012-07-24,0.090909086,0.090909086,0.090909086,0.090909086,0.54545456,0.090909086
2012-07-25,0.16666667,0.16666667,0.16666667,0.16666667,0.16666667,0.16666667
2012-07-26,0.37500003,0.125,0.125,0.125,0.125,0.125
2012-07-27,0.090909086,0.090909086,0.090909086,0.090909086,0.54545456,0.090909086
2012-07-30,0.11111111,0.44444445,0.11111111,0.11111111,0.11111111,0.11111111
2012-07-31,0.15727551,0.15727882,0.15727651,0.15727551,0.15727551,0.21361808
2012-08-01,0.09090929,0.09090929,0.09090929,0.090909496,0.54545325,0.09090935
2012-08-02,0.15727551,0.15727882,0.15727651,0.15727551,0.15727551,0.21361808
2012-08-03,0.16666606,0.16666606,0.16666606,0.16666882,0.16666606,0.166667
2012-08-06,0.11111111,0.4444444,0.11111111,0.11111113,0.11111111,0.11111111
2012-08-07,0.11111113,0.44444436,0.11111113,0.11111116,0.11111113,0.11111114
2012-08-08,0.15727551,0.15727882,0.15727651,0.15727551,0.15727551,0.21361808
2012-08-09,0.37500003,0.125,0.125,0.125,0.125,0.125
2012-08-10,0.09090922,0.09090922,0.09090922,0.09090936,0.5454537,0.09090927
2012-08-13,0.37500003,0.125,0.125,0.125,0.125,0.125
2012-08-14,0.37500003,0.125,0.125,0.125,0.125,0.125
2012-08-15,0.37500003,0.125,0.125,0.125,0.125,0.125
2012-08-16,0.16666667,0.16666667,0.16666667,0.16666667,0.16666667,0.16666667
2012-08-17,0.090909086,0.090909086,0.090909086,0.090909086,0.54545456,0.090909086
2012-08-20,0.090909086,0.090909086,0.090909086,0.090909086,0.54545456,0.090909086
2012-08-21,0.16666667,0.16666667,0.16666667,0.16666667,0.16666667,0.16666667
2012-08-22,0.37500003,0.125,0.125,0.125,0.125,0.125
2012-08-23,0.11111111,0.44444445,0.11111111,0.11111111,0.11111111,0.11111111
2012-08-24,0.37500003,0.125,0.125,0.125,0.125,0.125
2012-08-27,0.37500003,0.125,0.125,0.125,0.125,0.125
2012-08-28,0.16666667,0.16666667,0.16666667,0.16666667,0.16666667,0.16666667
2012-08-29,0.15727551,0.15727882,0.15727651,0.15727551,0.15727551,0.21361808
2012-08-30,0.11111111,0.44444445,0.11111111,0.11111111,0.11111111,0.11111111
2012-08-31,0.15727551,0.15727882,0.15727651,0.15727551,0.15727551,0.21361808
2012-09-04,0.09090934,0.09090934,0.09090934,0.09090959,0.545453,0.09090943
2012-09-05,0.15727551,0.15727882,0.15727651,0.15727551,0.15727551,0.21361808
2012-09-06,0.11111115,0.44444415,0.11111115,0.111111216,0.11111115,0.11111117
2012-09-07,0.16666633,0.16666633,0.16666633,0.16666783,0.16666633,0.16666685
2012-09-10,0.111111194,0.44444388,0.111111194,0.11111134,0.111111194,0.111111246
2012-09-11,0.09091228,0.09091228,0.09091228,0.09091559,0.54543424,0.0909134
2012-09-12,0.090910435,0.090910435,0.090910435,0.09091183,0.545446,0.090910904
2012-09-13,0.11111111,0.4444444,0.11111111,0.11111113,0.11111111,0.11111111
2012-09-14,0.11111111,0.44444445,0.11111111,0.11111111,0.11111111,0.11111111
2012-09-17,0.16666667,0.16666667,0.16666667,0.16666667,0.16666667,0.16666667
2012-09-18,0.15727551,0.15727882,0.15727651,0.15727551,0.15727551,0.21361808
2012-09-19,0.37500003,0.125,0.125,0.125,0.125,0.125
2012-09-20,0.15727551,0.15727882,0.15727651,0.15727551,0.15727551,0.21361808
2012-09-21,0.16666667,0.16666667,0.16666667,0.16666667,0.16666667,0.16666667
2012-09-24,0.37500003,0.125,0.125,0.125,0.125,0.125
2012-09-25,0.16666667,0.16666667,0.16666667,0.16666667,0.16666667,0.16666667
2012-09-26,0.16666667,0.16666667,0.16666667,0.16666667,0.16666667,0.16666667
2012-09-27,0.16666667,0.16666667,0.16666667,0.16666667,0.16666667,0.16666667
2012-09-28,0.16666666,0.16666666,0.16666666,0.16666669,0.16666666,0.16666667
2012-10-01,0.16666663,0.16666663,0.16666663,0.16666682,0.16666663,0.1666667
2012-10-02,0.090909556,0.090909556,0.090909556,0.09091003,0.5454516,0.09090971
2012-10-03,0.16666654,0.16666654,0.16666654,0.16666712,0.16666654,0.16666675
2012-10-04,0.1111112,0.4444438,0.1111112,0.11111137,0.1111112,0.11111125
2012-10-05,0.16666639,0.16666639,0.16666639,0.16666767,0.16666639,0.16666684
2012-10-08,0.3749983,0.12500015,0.12500015,0.12500082,0.12500015,0.12500048
2012-10-09,0.09091157,0.09091157,0.09091157,0.090914115,0.54543877,0.090912424
2012-10-10,0.090910725,0.090910725,0.090910725,0.09091242,0.54544413,0.09091131
2012-10-11,0.37499976,0.12500001,0.12500001,0.1250001,0.12500001,0.12500006
2012-10-12,0.16666666,0.16666666,0.16666666,0.16666669,0.16666666,0.16666667
2012-10-15,0.37497535,0.12500207,0.12500207,0.1250116,0.12500207,0.12500682
2012-10-16,0.11111111,0.44444445,0.11111111,0.11111111,0.11111111,0.11111111
2012-10-17,0.16666667,0.16666667,0.16666667,0.16666667,0.16666667,0.16666667
2012-10-18,0.11111111,0.44444445,0.11111111,0.11111111,0.11111111,0.11111111
2012-10-19,0.09090909,0.09090909,0.09090909,0.090909116,0.54545444,0.09090909
2012-10-22,0.15727551,0.15727882,0.15727651,0.15727551,0.15727551,0.21361808
2012-10-23,0.090909086,0.090909086,0.090909086,0.090909086,0.54545456,0.090909086
2012-10-24,0.11111111,0.44444445,0.11111111,0.11111111,0.11111111,0.11111111
2012-10-25,0.15727551,0.15727882,0.15727651,0.15727551,0.15727551,0.21361808
2012-10-26,0.16666664,0.16666664,0.16666664,0.16666672,0.16666664,0.16666667
2012-10-31,0.09090935,0.09090935,0.09090935,0.0909096,0.54545295,0.09090943
2012-11-01,0.09091103,0.09091103,0.09091103,0.090913035,0.54544216,0.09091171
2012-11-02,0.16666543,0.16666543,0.16666543,0.16667098,0.16666543,0.16666733
2012-11-05,0.15727551,0.15727882,0.15727651,0.15727551,0.15727551,0.21361808
2012-11-06,0.16666414,0.16666414,0.16666414,0.16667545,0.16666414,0.16666801
2012-11-07,0.16666433,0.16666433,0.16666433,0.1666748,0.16666433,0.16666791
2012-11-08,0.16666535,0.16666535,0.16666535,0.1666713,0.16666535,0.16666737
2012-11-09,0.16666628,0.16666628,0.16666628,0.166668,0.16666628,0.16666687
2012-11-12,0.11111113,0.44444436,0.11111113,0.11111116,0.11111113,0.11111114
2012-11-13,0.15727551,0.15727882,0.15727651,0.15727551,0.15727551,0.21361808
2012-11-14,0.16666664,0.16666664,0.16666664,0.16666678,0.16666664,0.16666669
2012-11-15,0.09092911,0.09092911,0.09092911,0.09094984,0.54532665,0.09093617
2012-11-16,0.09090951,0.09090951,0.09090951,0.090909936,0.54545194,0.09090965
2012-11-19,0.11111111,0.44444445,0.11111111,0.11111111,0.11111111,0.11111111
2012-11-20,0.37500003,0.125,0.125,0.125,0.125,0.125
2012-11-21,0.11111111,0.44444445,0.11111111,0.11111111,0.11111111,0.11111111
2012-11-23,0.15727551,0.15727882,0.15727651,0.15727551,0.15727551,0.21361808
2012-11-26,0.37500003,0.125,0.125,0.125,0.125,0.125
2012-11-27,0.11111111,0.44444445,0.11111111,0.11111111,0.11111111,0.11111111
2012-11-28,0.11111111,0.44444445,0.11111111,0.11111111,0.11111111,0.11111111
2012-11-29,0.37499976,0.12500001,0.12500001,0.1250001,0.12500001,0.12500006
2012-11-30,0.16666612,0.16666612,0.16666612,0.1666686,0.16666612,0.16666697
2012-12-03,0.16666166,0.16666166,0.16666166,0.16668408,0.16666166,0.1666693
2012-12-04,0.111113615,0.4444257,0.111113615,0.111118294,0.111113615,0.11111521
2012-12-05,0.16665399,0.16665399,0.16665399,0.16671073,0.16665399,0.16667333
2012-12-06,0.090918146,0.090918146,0.090918146,0.09092751,0.5453967,0.09092134
2012-12-07,0.37483776,0.12501362,0.12501362,0.12507635,0.12501363,0.125045
2012-12-10,0.15727551,0.15727882,0.15727651,0.15727551,0.15727551,0.21361808
2012-12-11,0.09090947,0.09090947,0.09090947,0.09090986,0.54545206,0.0909096
2012-12-12,0.15727551,0.15727882,0.15727651,0.15727551,0.15727551,0.21361808
2012-12-13,0.11111111,0.44444445,0.11111111,0.11111111,0.11111111,0.11111111
2012-12-14,0.37499988,0.12500001,0.12500001,0.12500004,0.12500001,0.12500001
2012-12-17,0.11111111,0.44444445,0.11111111,0.11111111,0.11111111,0.11111111
2012-12-18,0.15727551,0.15727882,0.15727651,0.15727551,0.15727551,0.21361808
2012-12-19,0.090909086,0.090909086,0.090909086,0.090909086,0.54545456,0.090909086
2012-12-20,0.15727551,0.15727882,0.15727651,0.15727551,0.15727551,0.21361808
2012-12-21,0.37500003,0.125,0.125,0.125,0.125,0.125
2012-12-24,0.11111111,0.44444445,0.11111111,0.11111111,0.11111111,0.11111111
2012-12-26,0.090909086,0.090909086,0.090909086,0.090909086,0.54545456,0.090909086
2012-12-27,0.11111111,0.44444445,0.11111111,0.11111111,0.11111111,0.11111111
2012-12-28,0.15727551,0.15727882,0.15727651,0.15727551,0.15727551,0.21361808
2012-12-31,0.09090915,0.09090915,0.09090915,0.09090922,0.5454541,0.090909176
2013-01-02,0.090910934,0.090910934,0.090910934,0.09091284,0.54544276,0.090911575
2013-01-03,0.16665715,0.16665715,0.16665715,0.16669977,0.16665715,0.16667168
2013-01-04,0.15727551,0.15727882,0.15727651,0.15727551,0.15727551,0.21361808
2013-01-07,0.16664894,0.16664894,0.16664894,0.16672826,0.16664894,0.16667597
2013-01-08,0.11111177,0.44443944,0.11111177,0.11111301,0.11111177,0.11111219
2013-01-09,0.0909167,0.0909167,0.0909167,0.090924576,0.5454059,0.09091939
2013-01-10,0.15727551,0.15727882,0.15727651,0.15727551,0.15727551,0.21361808
2013-01-11,0.15727551,0.15727882,0.15727651,0.15727551,0.15727551,0.21361808
2013-01-14,0.11111111,0.44444445,0.11111111,0.11111111,0.11111111,0.11111111
2013-01-15,0.11111111,0.44444445,0.11111111,0.11111111,0.11111111,0.11111111
2013-01-16,0.15727551,0.15727882,0.15727651,0.15727551,0.15727551,0.21361808
2013-01-17,0.15727551,0.15727882,0.15727651,0.15727551,0.15727551,0.21361808
2013-01-18,0.16666667,0.16666667,0.16666667,0.16666667,0.16666667,0.16666667
2013-01-22,0.16666667,0.16666667,0.16666667,0.16666667,0.16666667,0.16666667
2013-01-23,0.090909086,0.090909086,0.090909086,0.090909086,0.54545456,0.090909086
2013-01-24,0.16666667,0.16666667,0.16666667,0.16666667,0.16666667,0.16666667
2013-01-25,0.11111111,0.44444445,0.11111111,0.11111111,0.11111111,0.11111111
2013-01-28,0.16666663,0.16666663,0.16666663,0.1666668,0.16666663,0.16666669
2013-01-29,0.16666636,0.16666636,0.16666636,0.16666773,0.16666636,0.16666684
2013-01-30,0.090911955,0.090911955,0.090911955,0.090914905,0.54543626,0.09091295
2013-01-31,0.09092703,0.09092703,0.09092703,0.0909456,0.54533994,0.09093337
2013-02-01,0.09099266,0.09099266,0.09099266,0.09107931,0.5449205,0.09102217
2013-02-04,0.09102806,0.09102806,0.09102806,0.09115149,0.54469424,0.0910701
2013-02-05,0.15727551,0.15727882,0.15727651,0.15727551,0.15727551,0.21361808
2013-02-06,0.09109551,0.09109551,0.09109551,0.0912892,0.54426277,0.09116147
2013-02-07,0.16659191,0.16659191,0.16659191,0.1669265,0.16659191,0.16670586
2013-02-08,0.11111846,0.4443894,0.11111846,0.11113214,0.11111846,0.11112312
2013-02-11,0.09091726,0.09091726,0.09091726,0.09092572,0.54540235,0.09092014
2013-02-12,0.15727551,0.15727882,0.15727651,0.15727551,0.15727551,0.21361808
2013-02-13,0.11111111,0.44444445,0.11111111,0.11111111,0.11111111,0.11111111
2013-02-14,0.37499997,0.12500001,0.12500001,0.12500004,0.12500001,0.12500003
2013-02-15,0.16666666,0.16666666,0.16666666,0.16666669,0.16666666,0.16666667
2013-02-19,0.16666666,0.16666666,0.16666666,0.16666669,0.16666666,0.16666669
2013-02-20,0.16666667,0.16666667,0.16666667,0.16666667,0.16666667,0.16666667
2013-02-21,0.11111111,0.44444445,0.11111111,0.11111111,0.11111111,0.11111111
2013-02-22,0.15727551,0.15727882,0.15727651,0.15727551,0.15727551,0.21361808
2013-02-25,0.15727551,0.15727882,0.15727651,0.15727551,0.15727551,0.21361808
2013-02-26,0.16666664,0.16666664,0.16666664,0.16666679,0.16666664,0.16666667
2013-02-27,0.11111111,0.44444445,0.11111111,0.11111111,0.11111111,0.11111111
2013-02-28,0.15727551,0.15727882,0.15727651,0.15727551,0.15727551,0.21361808
2013-03-01,0.15727551,0.15727882,0.15727651,0.15727551,0.15727551,0.21361808
2013-03-04,0.15727551,0.15727882,0.15727651,0.15727551,0.15727551,0.21361808
2013-03-05,0.37499395,0.1250005,0.1250005,0.12500285,0.1250005,0.12500167
2013-03-06,0.11111336,0.44442755,0.11111336,0.11111756,0.11111336,0.11111479
2013-03-07,0.111112475,0.4444343,0.111112475,0.11111501,0.111112475,0.11111334
2013-03-08,0.16666311,0.16666311,0.16666311,0.16667898,0.16666311,0.16666852
2013-03-11,0.16666475,0.16666475,0.16666475,0.16667336,0.16666475,0.16666767
2013-03-12,0.16666603,0.16666603,0.16666603,0.16666886,0.16666603,0.16666698
2013-03-13,0.090909496,0.090909496,0.090909496,0.09090992,0.545452,0.09090963
2013-03-14,0.09090917,0.09090917,0.09090917,0.090909265,0.545454,0.090909205
2013-03-15,0.37500003,0.125,0.125,0.125,0.125,0.125
2013-03-18,0.11111111,0.44444445,0.11111111,0.11111111,0.11111111,0.11111111
2013-03-19,0.090909086,0.090909086,0.090909086,0.090909086,0.54545456,0.090909086
2013-03-20,0.11111111,0.44444445,0.11111111,0.11111111,0.11111111,0.11111111
2013-03-21,0.15727551,0.15727882,0.15727651,0.15727551,0.15727551,0.21361808
2013-03-22,0.16666667,0.16666667,0.16666667,0.16666667,0.16666667,0.16666667
2013-03-25,0.37500003,0.125,0.125,0.125,0.125,0.125
2013-03-26,0.15727551,0.15727882,0.15727651,0.15727551,0.15727551,0.21361808
2013-03-27,0.11111111,0.44444445,0.11111111,0.11111111,0.11111111,0.11111111
2013-03-28,0.11111113,0.4444443,0.11111113,0.11111117,0.11111113,0.11111114
2013-04-01,0.11111132,0.44444284,0.11111132,0.111111715,0.11111132,0.111111455
2013-04-02,0.090915434,0.090915434,0.090915434,0.09092201,0.545414,0.09091767
2013-04-03,0.16666205,0.16666205,0.16666205,0.16668268,0.16666205,0.16666909
2013-04-04,0.37499237,0.12500064,0.12500064,0.12500359,0.12500064,0.12500212
2013-04-05,0.3749921,0.12500066,0.12500066,0.1250037,0.12500066,0.12500218
2013-04-08,0.37499171,0.1250007,0.1250007,0.12500392,0.1250007,0.12500231
2013-04-09,0.111111425,0.44444203,0.111111425,0.11111202,0.111111425,0.111111626
2013-04-10,0.09091164,0.09091164,0.09091164,0.09091429,0.5454383,0.09091254
2013-04-11,0.37499946,0.12500004,0.12500004,0.12500024,0.12500004,0.12500015
2013-04-12,0.090919115,0.090919115,0.090919115,0.09092948,0.5453905,0.090922646
2013-04-15,0.09091931,0.09091931,0.09091931,0.09092988,0.5453893,0.09092291
2013-04-16,0.37499997,0.125,0.125,0.12500001,0.125,0.12500001
2013-04-17,0.09090909,0.09090909,0.09090909,0.090909116,0.54545444,0.09090909
2013-04-18,0.15727551,0.15727882,0.15727651,0.15727551,0.15727551,0.21361808
2013-04-19,0.16666639,0.16666639,0.16666639,0.16666764,0.16666639,0.1666668
2013-04-22,0.11111111,0.44444445,0.11111111,0.11111111,0.11111111,0.11111111
2013-04-23,0.37500003,0.125,0.125,0.125,0.125,0.125
2013-04-24,0.37500003,0.125,0.125,0.125,0.125,0.125
2013-04-25,0.37500003,0.125,0.125,0.125,0.125,0.125
2013-04-26,0.1666639,0.1666639,0.1666639,0.1666763,0.1666639,0.16666812
2013-04-29,0.15727551,0.15727882,0.15727651,0.15727551,0.15727551,0.21361808
2013-04-30,0.16663465,0.16663468,0.16663465,0.16677786,0.16663468,0.16668347
2013-05-01,0.16639315,0.16639315,0.16639315,0.16761784,0.16639315,0.16680951
2013-05-02,0.09092334,0.09092334,0.09092334,0.090938084,0.54536355,0.09092836
2013-05-03,0.15727551,0.15727882,0.15727651,0.15727551,0.15727551,0.21361808
2013-05-06,0.11111516,0.4444142,0.11111516,0.111122675,0.11111516,0.11111773
2013-05-07,0.090918675,0.090918675,0.090918675,0.090928584,0.5453934,0.09092205
2013-05-08,0.15727551,0.15727882,0.15727651,0.15727551,0.15727551,0.21361808
2013-05-09,0.09091262,0.09091262,0.09091262,0.09091627,0.54543203,0.09091386
2013-05-10,0.09091127,0.09091127,0.09091127,0.090913534,0.5454406,0.090912044
2013-05-13,0.090912834,0.090912834,0.090912834,0.0909167,0.54543066,0.09091416
2013-05-14,0.16665994,0.16665994,0.16665994,0.16669004,0.16665994,0.16667019
2013-05-15,0.11111111,0.44444445,0.11111111,0.11111111,0.11111111,0.11111111
2013-05-16,0.37500003,0.125,0.125,0.125,0.125,0.125
2013-05-17,0.090909086,0.090909086,0.090909086,0.090909086,0.54545456,0.090909086
2013-05-20,0.37500003,0.125,0.125,0.125,0.125,0.125
2013-05-21,0.37500003,0.125,0.125,0.125,0.125,0.125
2013-05-22,0.090909086,0.090909086,0.090909086,0.090909086,0.54545456,0.090909086
2013-05-23,0.15727551,0.15727882,0.15727651,0.15727551,0.15727551,0.21361808
2013-05-24,0.11111111,0.44444445,0.11111111,0.11111111,0.11111111,0.11111111
2013-05-28,0.37500003,0.125,0.125,0.125,0.125,0.125
2013-05-29,0.11111111,0.44444445,0.11111111,0.11111111,0.11111111,0.11111111
2013-05-30,0.15727551,0.15727882,0.15727651,0.15727551,0.15727551,0.21361808
2013-05-31,0.37498805,0.12500101,0.12500101,0.12500565,0.12500101,0.12500332
2013-06-03,0.37488306,0.1250098,0.1250098,0.12505503,0.12500982,0.12503244
2013-06-04,0.09091203,0.09091203,0.09091203,0.09091507,0.5454357,0.090913065
2013-06-05,0.09091241,0.09091241,0.09091241,0.09091584,0.5454334,0.09091357
2013-06-06,0.16656916,0.16656916,0.16656916,0.16700564,0.16656916,0.16671778
2013-06-07,0.15727551,0.15727882,0.15727651,0.15727551,0.15727551,0.21361808
2013-06-10,0.09091459,0.09091459,0.09091459,0.090920284,0.5454194,0.09091653
2013-06-11,0.111113444,0.44442698,0.111113444,0.11111779,0.111113444,0.11111493
2013-06-12,0.11111135,0.4444427,0.11111135,0.11111179,0.11111135,0.1111115
2013-06-13,0.11111113,0.4444443,0.11111113,0.11111116,0.11111113,0.11111114
2013-06-14,0.11111111,0.44444445,0.11111111,0.11111111,0.11111111,0.11111111
2013-06-17,0.37499988,0.12500001,0.12500001,0.12500004,0.12500001,0.12500001
2013-06-18,0.1666666,0.1666666,0.1666666,0.16666691,0.1666666,0.1666667
2013-06-19,0.090909086,0.090909086,0.090909086,0.090909086,0.54545456,0.090909086
2013-06-20,0.16666667,0.16666667,0.16666667,0.16666669,0.16666667,0.16666667
2013-06-21,0.16666667,0.16666667,0.16666667,0.16666667,0.16666667,0.16666667
2013-06-24,0.090909086,0.090909086,0.090909086,0.090909086,0.54545456,0.090909086
2013-06-25,0.090909086,0.090909086,0.090909086,0.090909086,0.54545456,0.090909086
2013-06-26,0.15727551,0.15727882,0.15727651,0.15727551,0.15727551,0.21361808
2013-06-27,0.11111111,0.44444445,0.11111111,0.11111111,0.11111111,0.11111111
2013-06-28,0.16666603,0.16666603,0.16666603,0.16666883,0.16666603,0.166667
2013-07-01,0.16666022,0.16666022,0.16666022,0.16668902,0.16666022,0.16667004
2013-07-02,0.37498817,0.125001,0.125001,0.12500559,0.125001,0.12500328
2013-07-03,0.15727551,0.15727882,0.15727651,0.15727551,0.15727551,0.21361808
2013-07-05,0.09090943,0.09090943,0.09090943,0.09090978,0.54545236,0.090909556
2013-07-08,0.37499496,0.12500042,0.12500042,0.12500237,0.12500042,0.12500139
2013-07-09,0.111111164,0.44444403,0.111111164,0.11111127,0.111111164,0.1111112
2013-07-10,0.09090935,0.09090935,0.09090935,0.09090964,0.5454529,0.09090945
2013-07-11,0.11111113,0.44444436,0.11111113,0.11111116,0.11111113,0.11111114
2013-07-12,0.37499908,0.12500007,0.12500007,0.12500046,0.12500007,0.12500025
2013-07-15,0.15727551,0.15727882,0.15727651,0.15727551,0.15727551,0.21361808
2013-07-16,0.090909086,0.090909086,0.090909086,0.090909086,0.54545456,0.090909086
2013-07-17,0.37500003,0.125,0.125,0.125,0.125,0.125
2013-07-18,0.16666664,0.16666664,0.16666664,0.16666672,0.16666664,0.16666667
2013-07-19,0.16666667,0.16666667,0.16666667,0.16666669,0.16666667,0.16666667
2013-07-22,0.16666667,0.16666667,0.16666667,0.16666667,0.16666667,0.16666667
2013-07-23,0.37500003,0.125,0.125,0.125,0.125,0.125
2013-07-24,0.16666667,0.16666667,0.16666667,0.16666667,0.16666667,0.16666667
2013-07-25,0.16666667,0.16666667,0.16666667,0.16666667,0.16666667,0.16666667
2013-07-26,0.090909086,0.090909086,0.090909086,0.090909086,0.54545456,0.090909086
2013-07-29,0.11111111,0.44444445,0.11111111,0.11111111,0.11111111,0.11111111
2013-07-30,0.090909086,0.090909086,0.090909086,0.090909086,0.54545456,0.090909086
2013-07-31,0.11111113,0.44444436,0.11111113,0.11111116,0.11111113,0.11111114
2013-08-01,0.09090915,0.09090915,0.09090915,0.09090922,0.5454541,0.090909176
2013-08-02,0.16666567,0.16666567,0.16666567,0.16667014,0.16666567,0.1666672
2013-08-05,0.3749992,0.12500006,0.12500006,0.12500039,0.12500006,0.12500024
2013-08-06,0.111111246,0.4444435,0.111111246,0.111111484,0.111111246,0.11111133
2013-08-07,0.1111112,0.4444437,0.1111112,0.11111137,0.1111112,0.11111125
2013-08-08,0.15727551,0.15727882,0.15727651,0.15727551,0.15727551,0.21361808
2013-08-09,0.15727551,0.15727882,0.15727651,0.15727551,0.15727551,0.21361808
2013-08-12,0.090909116,0.090909116,0.090909116,0.09090913,0.54545444,0.09090913
2013-08-13,0.16666663,0.16666663,0.16666663,0.1666668,0.16666663,0.16666669
2013-08-14,0.16666667,0.16666667,0.16666667,0.16666669,0.16666667,0.16666667
2013-08-15,0.11111111,0.44444445,0.11111111,0.11111111,0.11111111,0.11111111
2013-08-16,0.090909086,0.090909086,0.090909086,0.090909086,0.54545456,0.090909086
2013-08-19,0.15727551,0.15727882,0.15727651,0.15727551,0.15727551,0.21361808
2013-08-20,0.37500003,0.125,0.125,0.125,0.125,0.125
2013-08-21,0.11111111,0.44444445,0.11111111,0.11111111,0.11111111,0.11111111
2013-08-22,0.16666667,0.16666667,0.16666667,0.16666667,0.16666667,0.16666667
2013-08-23,0.090909086,0.090909086,0.090909086,0.090909086,0.54545456,0.090909086
2013-08-26,0.16666667,0.16666667,0.16666667,0.16666667,0.16666667,0.16666667
2013-08-27,0.37500003,0.125,0.125,0.125,0.125,0.125
2013-08-28,0.090909086,0.090909086,0.090909086,0.090909086,0.54545456,0.090909086
2013-08-29,0.11111111,0.44444445,0.11111111,0.11111111,0.11111111,0.11111111
2013-08-30,0.37499997,0.125,0.125,0.12500001,0.125,0.125
2013-09-03,0.090909325,0.090909325,0.090909325,0.09090957,0.5454531,0.090909414
2013-09-04,0.15727551,0.15727882,0.15727651,0.15727551,0.15727551,0.21361808
2013-09-05,0.16666616,0.16666616,0.16666616,0.1666684,0.16666616,0.16666692
2013-09-06,0.16666597,0.16666597,0.16666597,0.16666903,0.16666597,0.16666701
2013-09-09,0.16666576,0.16666576,0.16666576,0.16666979,0.16666576,0.16666713
2013-09-10,0.16666563,0.16666563,0.16666563,0.16667026,0.16666563,0.16666722
2013-09-11,0.15727551,0.15727882,0.15727651,0.15727551,0.15727551,0.21361808
2013-09-12,0.15727551,0.15727882,0.15727651,0.15727551,0.15727551,0.21361808
2013-09-13,0.09090913,0.09090913,0.09090913,0.09090918,0.54545426,0.09090916
2013-09-16,0.15727551,0.15727882,0.15727651,0.15727551,0.15727551,0.21361808
2013-09-17,0.11111111,0.44444445,0.11111111,0.11111111,0.11111111,0.11111111
2013-09-18,0.15727551,0.15727882,0.15727651,0.15727551,0.15727551,0.21361808
2013-09-19,0.16666667,0.16666667,0.16666667,0.16666667,0.16666667,0.16666667
2013-09-20,0.15727551,0.15727882,0.15727651,0.15727551,0.15727551,0.21361808
2013-09-23,0.16666667,0.16666667,0.16666667,0.16666669,0.16666667,0.16666667
2013-09-24,0.37500003,0.125,0.125,0.125,0.125,0.125
2013-09-25,0.11111111,0.44444445,0.11111111,0.11111111,0.11111111,0.11111111
2013-09-26,0.11111111,0.44444445,0.11111111,0.11111111,0.11111111,0.11111111
2013-09-27,0.37500003,0.125,0.125,0.125,0.125,0.125
2013-09-30,0.09090909,0.09090909,0.09090909,0.090909116,0.54545444,0.09090909
2013-10-01,0.09090921,0.09090921,0.09090921,0.09090934,0.5454538,0.09090925
2013-10-02,0.11111132,0.44444293,0.11111132,0.111111686,0.11111132,0.11111145
2013-10-03,0.09090961,0.09090961,0.09090961,0.090910144,0.5454512,0.090909794
2013-10-04,0.16664521,0.16664521,0.16664521,0.1667412,0.16664521,0.16667792
2013-10-07,0.16663888,0.16663888,0.16663888,0.16676325,0.16663888,0.16668124
2013-10-08,0.15727551,0.15727882,0.15727651,0.15727551,0.15727551,0.21361808
2013-10-09,0.16665828,0.16665828,0.16665828,0.16669582,0.16665828,0.16667107
2013-10-10,0.15727551,0.15727882,0.15727651,0.15727551,0.15727551,0.21361808
2013-10-11,0.16666412,0.16666412,0.16666412,0.1666755,0.16666412,0.16666798
2013-10-14,0.11111243,0.44443446,0.11111243,0.111114904,0.11111243,0.11111328
2013-10-15,0.37499976,0.12500003,0.12500003,0.12500015,0.12500003,0.12500007
2013-10-16,0.1666662,0.1666662,0.1666662,0.16666834,0.1666662,0.16666692
2013-10-17,0.11111111,0.44444445,0.11111111,0.11111111,0.11111111,0.11111111
2013-10-18,0.37500003,0.125,0.125,0.125,0.125,0.125
2013-10-21,0.16666666,0.16666666,0.16666666,0.16666669,0.16666666,0.16666667
2013-10-22,0.11111111,0.44444445,0.11111111,0.11111111,0.11111111,0.11111111
2013-10-23,0.16666666,0.16666666,0.16666666,0.16666669,0.16666666,0.16666669
2013-10-24,0.16666667,0.16666667,0.16666667,0.16666669,0.16666667,0.16666667
2013-10-25,0.11111111,0.44444445,0.11111111,0.11111111,0.11111111,0.11111111
2013-10-28,0.15727551,0.15727882,0.15727651,0.15727551,0.15727551,0.21361808
2013-10-29,0.15727551,0.15727882,0.15727651,0.15727551,0.15727551,0.21361808
2013-10-30,0.15727551,0.15727882,0.15727651,0.15727551,0.15727551,0.21361808
2013-10-31,0.16666026,0.16666026,0.16666026,0.16668889,0.16666026,0.16667002
2013-11-01,0.090911046,0.090911046,0.090911046,0.09091309,0.545442,0.09091174
2013-11-04,0.37498784,0.12500103,0.12500103,0.12500572,0.12500103,0.12500338
2013-11-05,0.16662584,0.16662584,0.16662584,0.16680855,0.16662584,0.16668808
2013-11-06,0.16661027,0.16661027,0.16661027,0.1668627,0.16661027,0.16669625
2013-11-07,0.11117772,0.44394466,0.11117772,0.11130206,0.11117772,0.111220084
2013-11-08,0.15727551,0.15727882,0.15727651,0.15727551,0.15727551,0.21361808
2013-11-11,0.37499228,0.12500064,0.12500064,0.12500362,0.12500064,0.12500213
2013-11-12,0.16666225,0.16666225,0.16666225,0.16668202,0.16666225,0.16666898
2013-11-13,0.37499902,0.12500006,0.12500006,0.12500045,0.12500006,0.12500027
2013-11-14,0.16666606,0.16666606,0.16666606,0.16666879,0.16666606,0.16666698
2013-11-15,0.16666591,0.16666591,0.16666591,0.16666931,0.16666591,0.16666706
2013-11-18,0.090909086,0.090909086,0.090909086,0.090909086,0.54545456,0.090909086
2013-11-19,0.11111111,0.44444445,0.11111111,0.11111111,0.11111111,0.11111111
2013-11-20,0.37499997,0.125,0.125,0.12500001,0.125,0.12500001
2013-11-21,0.16666664,0.16666664,0.16666664,0.16666678,0.16666664,0.16666669
2013-11-22,0.37500003,0.125,0.125,0.125,0.125,0.125
2013-11-25,0.15727551,0.15727882,0.15727651,0.15727551,0.15727551,0.21361808
2013-11-26,0.11111111,0.44444445,0.11111111,0.11111111,0.11111111,0.11111111
2013-11-27,0.11111113,0.44444436,0.11111113,0.11111116,0.11111113,0.11111114
2013-11-29,0.11111118,0.44444397,0.11111118,0.1111113,0.11111118,0.111111216
2013-12-02,0.11111161,0.44444078,0.11111161,0.11111253,0.11111161,0.11111192
2013-12-03,0.11111275,0.4444322,0.11111275,0.1111158,0.11111275,0.11111379
2013-12-04,0.15727551,0.15727882,0.15727651,0.15727551,0.15727551,0.21361808
2013-12-05,0.15727551,0.15727882,0.15727651,0.15727551,0.15727551,0.21361808
2013-12-06,0.16661575,0.16661575,0.16661575,0.16684361,0.16661575,0.16669337
2013-12-09,0.09090921,0.09090921,0.09090921,0.09090934,0.5454538,0.09090925
2013-12-10,0.15727551,0.15727882,0.15727651,0.15727551,0.15727551,0.21361808
2013-12-11,0.111111164,0.44444406,0.111111164,0.11111125,0.111111164,0.11111119
2013-12-12,0.09090909,0.09090909,0.09090909,0.090909116,0.54545444,0.09090909
2013-12-13,0.37499785,0.12500018,0.12500018,0.125001,0.12500018,0.1250006
2013-12-16,0.090909086,0.090909086,0.090909086,0.090909086,0.54545456,0.090909086
2013-12-17,0.16666535,0.16666535,0.16666535,0.16667125,0.16666535,0.16666736
2013-12-18,0.090909086,0.090909086,0.090909086,0.090909086,0.54545456,0.090909086
2013-12-19,0.37500003,0.125,0.125,0.125,0.125,0.125
2013-12-20,0.15727551,0.15727882,0.15727651,0.15727551,0.15727551,0.21361808
2013-12-23,0.090909086,0.090909086,0.090909086,0.090909086,0.54545456,0.090909086
2013-12-24,0.37500003,0.125,0.125,0.125,0.125,0.125
2013-12-26,0.15727551,0.15727882,0.15727651,0.15727551,0.15727551,0.21361808
2013-12-27,0.11111111,0.4444444,0.11111111,0.11111113,0.11111111,0.11111111
2013-12-30,0.11111114,0.44444427,0.11111114,0.11111119,0.11111114,0.11111116
2013-12-31,0.15727551,0.15727882,0.15727651,0.15727551,0.15727551,0.21361808
2014-01-02,0.111112855,0.44443145,0.111112855,0.1111161,0.111112855,0.11111396
2014-01-03,0.16661878,0.16661878,0.16661878,0.16683309,0.16661878,0.16669178
2014-01-06,0.09090976,0.09090976,0.09090976,0.090910465,0.5454502,0.09091
2014-01-07,0.09090995,0.09090995,0.09090995,0.09091085,0.545449,0.090910256
2014-01-08,0.111113876,0.44442374,0.111113876,0.11111903,0.111113876,0.11111563
2014-01-09,0.15727551,0.15727882,0.15727651,0.15727551,0.15727551,0.21361808
2014-01-10,0.15727551,0.15727882,0.15727651,0.15727551,0.15727551,0.21361808
2014-01-13,0.3749908,0.12500077,0.12500077,0.12500434,0.12500077,0.12500256
2014-01-14,0.37499928,0.12500006,0.12500006,0.12500033,0.12500006,0.1250002
2014-01-15,0.15727551,0.15727882,0.15727651,0.15727551,0.15727551,0.21361808
2014-01-16,0.16666666,0.16666666,0.16666666,0.1666667,0.16666666,0.16666667
2014-01-17,0.090909086,0.090909086,0.090909086,0.090909086,0.54545456,0.090909086
2014-01-21,0.11111111,0.44444445,0.11111111,0.11111111,0.11111111,0.11111111
2014-01-22,0.15727551,0.15727882,0.15727651,0.15727551,0.15727551,0.21361808
2014-01-23,0.15727551,0.15727882,0.15727651,0.15727551,0.15727551,0.21361808
2014-01-24,0.16666667,0.16666667,0.16666667,0.16666667,0.16666667,0.16666667
2014-01-27,0.15727551,0.15727882,0.15727651,0.15727551,0.15727551,0.21361808
2014-01-28,0.15727551,0.15727882,0.15727651,0.15727551,0.15727551,0.21361808
2014-01-29,0.11111125,0.44444332,0.11111125,0.11111153,0.11111125,0.11111134
2014-01-30,0.09091091,0.09091091,0.09091091,0.09091281,0.5454428,0.09091157
2014-01-31,0.15727551,0.15727882,0.15727651,0.15727551,0.15727551,0.21361808
2014-02-03,0.09110207,0.09110207,0.09110207,0.09130262,0.54422086,0.09117037
2014-02-04,0.15727551,0.15727882,0.15727651,0.15727551,0.15727551,0.21361808
2014-02-05,0.11131137,0.44294038,0.11131137,0.111686446,0.11131137,0.11143905
2014-02-06,0.092943996,0.09294404,0.092943996,0.09513463,0.5323485,0.09368484
2014-02-07,0.15727551,0.15727882,0.15727651,0.15727551,0.15727551,0.21361808
2014-02-10,0.1666016,0.1666016,0.1666016,0.16689281,0.1666016,0.1667008
2014-02-11,0.15727551,0.15727882,0.15727651,0.15727551,0.15727551,0.21361808
2014-02-12,0.15727551,0.15727882,0.15727651,0.15727551,0.15727551,0.21361808
2014-02-13,0.09090934,0.09090934,0.09090934,0.09090959,0.545453,0.09090943
2014-02-14,0.11111111,0.44444445,0.11111111,0.11111111,0.11111111,0.11111111
2014-02-18,0.090909086,0.090909086,0.090909086,0.090909086,0.54545456,0.090909086
2014-02-19,0.090909086,0.090909086,0.090909086,0.090909086,0.54545456,0.090909086
2014-02-20,0.090909086,0.090909086,0.090909086,0.090909086,0.54545456,0.090909086
2014-02-21,0.15727551,0.15727882,0.15727651,0.15727551,0.15727551,0.21361808
2014-02-24,0.11111111,0.44444445,0.11111111,0.11111111,0.11111111,0.11111111
2014-02-25,0.15727551,0.15727882,0.15727651,0.15727551,0.15727551,0.21361808
2014-02-26,0.090909086,0.090909086,0.090909086,0.090909086,0.54545456,0.090909086
2014-02-27,0.37500003,0.125,0.125,0.125,0.125,0.125
2014-02-28,0.37499997,0.125,0.125,0.12500001,0.125,0.125
2014-03-03,0.374999,0.12500009,0.12500009,0.12500049,0.12500009,0.12500028
2014-03-04,0.37499267,0.12500061,0.12500061,0.12500344,0.12500061,0.12500203
2014-03-05,0.111112,0.44443774,0.111112,0.11111365,0.111112,0.111112565
2014-03-06,0.3749954,0.12500037,0.12500037,0.12500216,0.12500037,0.12500128
2014-03-07,0.37499663,0.12500028,0.12500028,0.12500158,0.12500028,0.12500092
2014-03-10,0.11111139,0.44444233,0.11111139,0.11111192,0.11111139,0.11111156
2014-03-11,0.111111335,0.4444427,0.111111335,0.11111176,0.111111335,0.111111484
2014-03-12,0.09090913,0.09090913,0.09090913,0.09090918,0.54545426,0.09090915
2014-03-13,0.15727551,0.15727882,0.15727651,0.15727551,0.15727551,0.21361808
2014-03-14,0.090909086,0.090909086,0.090909086,0.090909086,0.54545456,0.090909086
2014-03-17,0.090909086,0.090909086,0.090909086,0.090909086,0.54545456,0.090909086
2014-03-18,0.11111111,0.44444445,0.11111111,0.11111111,0.11111111,0.11111111
2014-03-19,0.16666667,0.16666667,0.16666667,0.16666667,0.16666667,0.16666667
2014-03-20,0.16666667,0.16666667,0.16666667,0.16666667,0.16666667,0.16666667
2014-03-21,0.16666667,0.16666667,0.16666667,0.16666667,0.16666667,0.16666667
2014-03-24,0.15727551,0.15727882,0.15727651,0.15727551,0.15727551,0.21361808
2014-03-25,0.37500003,0.125,0.125,0.125,0.125,0.125
2014-03-26,0.37500003,0.125,0.125,0.125,0.125,0.125
2014-03-27,0.090909116,0.090909116,0.090909116,0.09090913,0.54545444,0.09090913
2014-03-28,0.15727551,0.15727882,0.15727651,0.15727551,0.15727551,0.21361808
2014-03-31,0.16661097,0.16661097,0.16661097,0.16686025,0.16661097,0.1666959
2014-04-01,0.15727551,0.15727882,0.15727651,0.15727551,0.15727551,0.21361808
2014-04-02,0.3748674,0.12501113,0.12501113,0.12506244,0.12501115,0.12503678
2014-04-03,0.15727551,0.15727882,0.15727651,0.15727551,0.15727551,0.21361808
2014-04-04,0.37477064,0.12501924,0.12501924,0.12510797,0.12501927,0.12506361
2014-04-07,0.37468114,0.12502675,0.12502675,0.12515011,0.12502679,0.12508845
2014-04-08,0.09091821,0.09091821,0.09091821,0.090927646,0.54539627,0.09092143
2014-04-09,0.15727551,0.15727882,0.15727651,0.15727551,0.15727551,0.21361808
2014-04-10,0.11111154,0.44444135,0.11111154,0.11111232,0.11111154,0.111111805
2014-04-11,0.37499097,0.12500077,0.12500077,0.12500428,0.12500077,0.12500252
2014-04-14,0.090909325,0.090909325,0.090909325,0.09090957,0.5454531,0.090909414
2014-04-15,0.111111164,0.44444406,0.111111164,0.11111125,0.111111164,0.1111112
2014-04-16,0.11111111,0.44444445,0.11111111,0.11111111,0.11111111,0.11111111
2014-04-17,0.090909086,0.090909086,0.090909086,0.090909086,0.54545456,0.090909086
2014-04-21,0.16666663,0.16666663,0.16666663,0.16666678,0.16666663,0.16666669
2014-04-22,0.37500003,0.125,0.125,0.125,0.125,0.125
2014-04-23,0.15727551,0.15727882,0.15727651,0.15727551,0.15727551,0.21361808
2014-04-24,0.11111111,0.44444445,0.11111111,0.11111111,0.11111111,0.11111111
2014-04-25,0.16666663,0.16666663,0.16666663,0.16666682,0.16666663,0.1666667
2014-04-28,0.11111111,0.44444445,0.11111111,0.11111111,0.11111111,0.11111111
2014-04-29,0.15727551,0.15727882,0.15727651,0.15727551,0.15727551,0.21361808
2014-04-30,0.09090925,0.09090925,0.09090925,0.09090943,0.5454534,0.09090932
2014-05-01,0.37498897,0.12500091,0.12500091,0.12500519,0.12500091,0.12500305
2014-05-02,0.11111211,0.444437,0.11111211,0.111113966,0.11111211,0.11111275
2014-05-05,0.16654173,0.16654173,0.16654173,0.16710101,0.16654173,0.16673212
2014-05-06,0.11111297,0.4444305,0.11111297,0.111116424,0.11111297,0.111114144
2014-05-07,0.15727551,0.15727882,0.15727651,0.15727551,0.15727551,0.21361808
2014-05-08,0.37497586,0.12500203,0.12500203,0.12501137,0.12500203,0.12500672
2014-05-09,0.16663481,0.16663481,0.16663481,0.16677734,0.16663481,0.16668338
2014-05-12,0.37499774,0.12500018,0.12500018,0.12500104,0.12500018,0.12500061
2014-05-13,0.1111112,0.4444438,0.1111112,0.11111137,0.1111112,0.11111125
2014-05-14,0.15727551,0.15727882,0.15727651,0.15727551,0.15727551,0.21361808
2014-05-15,0.37500003,0.125,0.125,0.125,0.125,0.125
2014-05-16,0.37500003,0.125,0.125,0.125,0.125,0.125
2014-05-19,0.11111111,0.44444445,0.11111111,0.11111111,0.11111111,0.11111111
2014-05-20,0.37500003,0.125,0.125,0.125,0.125,0.125
2014-05-21,0.15727551,0.15727882,0.15727651,0.15727551,0.15727551,0.21361808
2014-05-22,0.16666667,0.16666667,0.16666667,0.16666669,0.16666667,0.16666667
2014-05-23,0.090909086,0.090909086,0.090909086,0.090909086,0.54545456,0.090909086
2014-05-27,0.37500003,0.125,0.125,0.125,0.125,0.125
2014-05-28,0.37500003,0.125,0.125,0.125,0.125,0.125
2014-05-29,0.11111111,0.44444445,0.11111111,0.11111111,0.11111111,0.11111111
2014-05-30,0.15727551,0.15727882,0.15727651,0.15727551,0.15727551,0.21361808
2014-06-02,0.09090951,0.09090951,0.09090951,0.090909936,0.54545194,0.09090965
2014-06-03,0.37499273,0.12500061,0.12500061,0.12500341,0.12500061,0.12500203
2014-06-04,0.37499535,0.12500039,0.12500039,0.12500218,0.12500039,0.12500127
2014-06-05,0.09090995,0.09090995,0.09090995,0.09091085,0.545449,0.090910256
2014-06-06,0.15727551,0.15727882,0.15727651,0.15727551,0.15727551,0.21361808
2014-06-09,0.16662984,0.16662984,0.16662984,0.16679466,0.16662984,0.16668598
2014-06-10,0.15727551,0.15727882,0.15727651,0.15727551,0.15727551,0.21361808
2014-06-11,0.15727551,0.15727882,0.15727651,0.15727551,0.15727551,0.21361808
2014-06-12,0.15727551,0.15727882,0.15727651,0.15727551,0.15727551,0.21361808
2014-06-13,0.15727551,0.15727882,0.15727651,0.15727551,0.15727551,0.21361808
2014-06-16,0.090909086,0.090909086,0.090909086,0.090909086,0.54545456,0.090909086
2014-06-17,0.37500003,0.125,0.125,0.125,0.125,0.125
2014-06-18,0.11111111,0.44444445,0.11111111,0.11111111,0.11111111,0.11111111
2014-06-19,0.37500003,0.125,0.125,0.125,0.125,0.125
2014-06-20,0.16666664,0.16666664,0.16666664,0.16666672,0.16666664,0.16666667
2014-06-23,0.090909086,0.090909086,0.090909086,0.090909086,0.54545456,0.090909086
2014-06-24,0.11111111,0.44444445,0.11111111,0.11111111,0.11111111,0.11111111
2014-06-25,0.15727551,0.15727882,0.15727651,0.15727551,0.15727551,0.21361808
2014-06-26,0.15727551,0.15727882,0.15727651,0.15727551,0.15727551,0.21361808
2014-06-27,0.090909086,0.090909086,0.090909086,0.090909086,0.54545456,0.090909086
2014-06-30,0.15727551,0.15727882,0.15727651,0.15727551,0.15727551,0.21361808
2014-07-01,0.15727551,0.15727882,0.15727651,0.15727551,0.15727551,0.21361808
2014-07-02,0.15727551,0.15727882,0.15727651,0.15727551,0.15727551,0.21361808
2014-07-03,0.15727551,0.15727882,0.15727651,0.15727551,0.15727551,0.21361808
2014-07-07,0.1666651,0.1666651,0.1666651,0.1666721,0.1666651,0.16666749
2014-07-08,0.111111164,0.44444412,0.111111164,0.11111125,0.111111164,0.11111119
2014-07-09,0.11111114,0.44444427,0.11111114,0.11111119,0.11111114,0.11111116
2014-07-10,0.15727551,0.15727882,0.15727651,0.15727551,0.15727551,0.21361808
2014-07-11,0.37499997,0.125,0.125,0.12500001,0.125,0.125
2014-07-14,0.37500003,0.125,0.125,0.125,0.125,0.125
2014-07-15,0.11111111,0.44444445,0.11111111,0.11111111,0.11111111,0.11111111
2014-07-16,0.090909086,0.090909086,0.090909086,0.090909086,0.54545456,0.090909086
2014-07-17,0.16666667,0.16666667,0.16666667,0.16666667,0.16666667,0.16666667
2014-07-18,0.37500003,0.125,0.125,0.125,0.125,0.125
2014-07-21,0.37500003,0.125,0.125,0.125,0.125,0.125
2014-07-22,0.16666667,0.16666667,0.16666667,0.16666667,0.16666667,0.16666667
2014-07-23,0.37500003,0.125,0.125,0.125,0.125,0.125
2014-07-24,0.16666667,0.16666667,0.16666667,0.16666667,0.16666667,0.16666667
2014-07-25,0.16666667,0.16666667,0.16666667,0.16666667,0.16666667,0.16666667
2014-07-28,0.11111111,0.44444445,0.11111111,0.11111111,0.11111111,0.11111111
2014-07-29,0.37500003,0.125,0.125,0.125,0.125,0.125
2014-07-30,0.11111111,0.44444445,0.11111111,0.11111111,0.11111111,0.11111111
2014-07-31,0.1666657,0.1666657,0.1666657,0.16667002,0.1666657,0.16666718
2014-08-01,0.15727551,0.15727882,0.15727651,0.15727551,0.15727551,0.21361808
2014-08-04,0.11111135,0.4444427,0.11111135,0.11111179,0.11111135,0.1111115
2014-08-05,0.11111144,0.444442,0.11111144,0.11111205,0.11111144,0.11111165
2014-08-06,0.15727551,0.15727882,0.15727651,0.15727551,0.15727551,0.21361808
2014-08-07,0.0909094,0.0909094,0.0909094,0.09090973,0.5454526,0.09090951
2014-08-08,0.111111514,0.44444135,0.111111514,0.11111227,0.111111514,0.11111177
2014-08-11,0.15727551,0.15727882,0.15727651,0.15727551,0.15727551,0.21361808
2014-08-12,0.16666386,0.16666386,0.16666386,0.16667649,0.16666386,0.16666816
2014-08-13,0.16666594,0.16666594,0.16666594,0.16666919,0.16666594,0.16666704
2014-08-14,0.11111111,0.44444445,0.11111111,0.11111111,0.11111111,0.11111111
2014-08-15,0.37500003,0.125,0.125,0.125,0.125,0.125
2014-08-18,0.15727551,0.15727882,0.15727651,0.15727551,0.15727551,0.21361808
2014-08-19,0.37500003,0.125,0.125,0.125,0.125,0.125
2014-08-20,0.15727551,0.15727882,0.15727651,0.15727551,0.15727551,0.21361808
2014-08-21,0.090909086,0.090909086,0.090909086,0.090909086,0.54545456,0.090909086
2014-08-22,0.37500003,0.125,0.125,0.125,0.125,0.125
2014-08-25,0.11111111,0.44444445,0.11111111,0.11111111,0.11111111,0.11111111
2014-08-26,0.15727551,0.15727882,0.15727651,0.15727551,0.15727551,0.21361808
2014-08-27,0.16666667,0.16666667,0.16666667,0.16666669,0.16666667,0.16666667
2014-08-28,0.090909086,0.090909086,0.090909086,0.090909086,0.54545456,0.090909086
2014-08-29,0.16666643,0.16666643,0.16666643,0.1666675,0.16666643,0.16666679
2014-09-02,0.37499997,0.125,0.125,0.12500001,0.125,0.125
2014-09-03,0.37499997,0.125,0.125,0.12500001,0.125,0.12500001
2014-09-04,0.09090909,0.09090909,0.09090909,0.09090909,0.54545444,0.09090909
2014-09-05,0.37499982,0.12500001,0.12500001,0.12500009,0.12500001,0.12500003
2014-09-08,0.37499973,0.12500001,0.12500001,0.12500013,0.12500001,0.12500009
2014-09-09,0.090909116,0.090909116,0.090909116,0.09090913,0.54545444,0.09090913
2014-09-10,0.16666347,0.16666347,0.16666347,0.16667776,0.16666347,0.16666834
2014-09-11,0.090909086,0.090909086,0.090909086,0.090909086,0.54545456,0.090909086
2014-09-12,0.15727551,0.15727882,0.15727651,0.15727551,0.15727551,0.21361808
2014-09-15,0.37500003,0.125,0.125,0.125,0.125,0.125
2014-09-16,0.11111111,0.4444444,0.11111111,0.11111113,0.11111111,0.11111111
2014-09-17,0.16666652,0.16666652,0.16666652,0.16666718,0.16666652,0.16666673
2014-09-18,0.16666664,0.16666664,0.16666664,0.1666668,0.16666664,0.16666669
2014-09-19,0.37500003,0.125,0.125,0.125,0.125,0.125
2014-09-22,0.37500003,0.125,0.125,0.125,0.125,0.125
2014-09-23,0.37500003,0.125,0.125,0.125,0.125,0.125
2014-09-24,0.090909086,0.090909086,0.090909086,0.090909086,0.54545456,0.090909086
2014-09-25,0.15727551,0.15727882,0.15727651,0.15727551,0.15727551,0.21361808
2014-09-26,0.15727551,0.15727882,0.15727651,0.15727551,0.15727551,0.21361808
2014-09-29,0.11111111,0.4444444,0.11111111,0.11111113,0.11111111,0.11111111
2014-09-30,0.11111118,0.44444394,0.11111118,0.11111131,0.11111118,0.11111122
2014-10-01,0.16665639,0.16665639,0.16665639,0.16670236,0.16665639,0.16667205
2014-10-02,0.090909325,0.090909325,0.090909325,0.09090957,0.5454531,0.090909414
2014-10-03,0.15727551,0.15727882,0.15727651,0.15727551,0.15727551,0.21361808
2014-10-06,0.09090976,0.09090976,0.09090976,0.090910465,0.5454502,0.09091
2014-10-07,0.0909104,0.0909104,0.0909104,0.09091175,0.5454462,0.09091087
2014-10-08,0.09091034,0.09091034,0.09091034,0.09091162,0.5454466,0.090910785
2014-10-09,0.15727551,0.15727882,0.15727651,0.15727551,0.15727551,0.21361808
2014-10-10,0.15727551,0.15727882,0.15727651,0.15727551,0.15727551,0.21361808
2014-10-13,0.16665143,0.16665143,0.16665143,0.16671962,0.16665143,0.16667466
2014-10-14,0.15727551,0.15727882,0.15727651,0.15727551,0.15727551,0.21361808
2014-10-15,0.37500003,0.125,0.125,0.125,0.125,0.125
2014-10-16,0.090909086,0.090909086,0.090909086,0.090909086,0.54545456,0.090909086
2014-10-17,0.37500003,0.125,0.125,0.125,0.125,0.125
2014-10-20,0.090909086,0.090909086,0.090909086,0.090909086,0.54545456,0.090909086
2014-10-21,0.37500003,0.125,0.125,0.125,0.125,0.125
2014-10-22,0.11111111,0.44444445,0.11111111,0.11111111,0.11111111,0.11111111
2014-10-23,0.11111111,0.44444445,0.11111111,0.11111111,0.11111111,0.11111111
2014-10-24,0.16666666,0.16666666,0.16666666,0.16666669,0.16666666,0.16666669
2014-10-27,0.37500003,0.125,0.125,0.125,0.125,0.125
2014-10-28,0.090909086,0.090909086,0.090909086,0.090909086,0.54545456,0.090909086
2014-10-29,0.09090912,0.09090912,0.09090912,0.09090913,0.5454544,0.09090912
2014-10-30,0.16666366,0.16666366,0.16666366,0.16667712,0.16666366,0.16666824
2014-10-31,0.16665109,0.16665109,0.16665109,0.1667208,0.16665109,0.16667484
2014-11-03,0.090911426,0.090911426,0.090911426,0.090913825,0.54543966,0.09091224
2014-11-04,0.090911366,0.090911366,0.090911366,0.09091371,0.5454401,0.09091216
2014-11-05,0.1664562,0.1664562,0.1664562,0.16739845,0.1664562,0.16677673
2014-11-06,0.16627406,0.16627406,0.16627406,0.1680325,0.16627406,0.16687125
2014-11-07,0.09091136,0.09091136,0.09091136,0.09091373,0.54543996,0.09091216
2014-11-10,0.16564718,0.16564718,0.16564718,0.17021978,0.16564718,0.16719154
2014-11-11,0.15727551,0.15727882,0.15727651,0.15727551,0.15727551,0.21361808
2014-11-12,0.15727551,0.15727882,0.15727651,0.15727551,0.15727551,0.21361808
2014-11-13,0.09090909,0.09090909,0.09090909,0.090909116,0.54545444,0.09090909
2014-11-14,0.16644856,0.16644856,0.16644856,0.1674251,0.16644856,0.16678073
2014-11-17,0.16661188,0.16661188,0.16661188,0.1668571,0.16661188,0.1666954
2014-11-18,0.37499976,0.12500003,0.12500003,0.12500015,0.12500003,0.12500007
2014-11-19,0.37499997,0.125,0.125,0.12500001,0.125,0.12500001
2014-11-20,0.11111111,0.44444445,0.11111111,0.11111111,0.11111111,0.11111111
2014-11-21,0.37500003,0.125,0.125,0.125,0.125,0.125
2014-11-24,0.090909086,0.090909086,0.090909086,0.090909086,0.54545456,0.090909086
2014-11-25,0.111111194,0.44444397,0.111111194,0.11111131,0.111111194,0.11111123
2014-11-26,0.15727551,0.15727882,0.15727651,0.15727551,0.15727551,0.21361808
2014-11-28,0.1666663,0.1666663,0.1666663,0.16666795,0.1666663,0.16666687
2014-12-01,0.11111267,0.44443268,0.11111267,0.11111558,0.11111267,0.11111367
2014-12-02,0.15727551,0.15727882,0.15727651,0.15727551,0.15727551,0.21361808
2014-12-03,0.37499866,0.1250001,0.1250001,0.12500064,0.1250001,0.12500037
2014-12-04,0.09090917,0.09090917,0.09090917,0.090909265,0.545454,0.090909205
2014-12-05,0.16666433,0.16666433,0.16666433,0.16667472,0.16666433,0.16666788
2014-12-08,0.09090912,0.09090912,0.09090912,0.090909146,0.5454544,0.09090912
2014-12-09,0.090909116,0.090909116,0.090909116,0.09090913,0.54545444,0.09090913
2014-12-10,0.1666663,0.1666663,0.1666663,0.16666792,0.1666663,0.16666685
2014-12-11,0.090909086,0.090909086,0.090909086,0.090909086,0.54545456,0.090909086
2014-12-12,0.11118842,0.44386443,0.11118842,0.11133274,0.11118842,0.11123758
2014-12-15,0.11189919,0.43849534,0.11189919,0.11339902,0.111899205,0.11240808
2014-12-16,0.11112101,0.44437024,0.11112101,0.11113947,0.11112101,0.11112731
2014-12-17,0.15727551,0.15727882,0.15727651,0.15727551,0.15727551,0.21361808
2014-12-18,0.090909086,0.090909086,0.090909086,0.090909086,0.54545456,0.090909086
2014-12-19,0.16666667,0.16666667,0.16666667,0.16666667,0.16666667,0.16666667
2014-12-22,0.37500003,0.125,0.125,0.125,0.125,0.125
2014-12-23,0.37500003,0.125,0.125,0.125,0.125,0.125
2014-12-24,0.37500003,0.125,0.125,0.125,0.125,0.125
2014-12-26,0.37500003,0.125,0.125,0.125,0.125,0.125
2014-12-29,0.37500003,0.125,0.125,0.125,0.125,0.125
2014-12-30,0.15727551,0.15727882,0.15727651,0.15727551,0.15727551,0.21361808
2014-12-31,0.15727551,0.15727882,0.15727651,0.15727551,0.15727551,0.21361808
2015-01-02,0.15727551,0.15727882,0.15727651,0.15727551,0.15727551,0.21361808
2015-01-05,0.11117319,0.44397873,0.11117319,0.11128905,0.11117319,0.11121265
2015-01-06,0.11121568,0.44365963,0.11121568,0.11141105,0.11121568,0.11128223
2015-01-07,0.37473246,0.12502246,0.12502246,0.12512597,0.12502249,0.12507422
2015-01-08,0.37489772,0.12500858,0.12500858,0.12504812,0.1250086,0.12502836
2015-01-09,0.111275285,0.44321173,0.111275285,0.111582495,0.111275285,0.11137989
2015-01-12,0.16665184,0.16665184,0.16665184,0.16671813,0.16665184,0.16667442
2015-01-13,0.37499988,0.12500001,0.12500001,0.12500004,0.12500001,0.12500001
2015-01-14,0.090909086,0.090909086,0.090909086,0.090909086,0.54545456,0.090909086
2015-01-15,0.090909086,0.090909086,0.090909086,0.090909086,0.54545456,0.090909086
2015-01-16,0.111111216,0.4444437,0.111111216,0.1111114,0.111111216,0.11111128
2015-01-20,0.16666667,0.16666667,0.16666667,0.16666669,0.16666667,0.16666667
2015-01-21,0.37500003,0.125,0.125,0.125,0.125,0.125
2015-01-22,0.37500003,0.125,0.125,0.125,0.125,0.125
2015-01-23,0.15727551,0.15727882,0.15727651,0.15727551,0.15727551,0.21361808
2015-01-26,0.16666667,0.16666667,0.16666667,0.16666667,0.16666667,0.16666667
2015-01-27,0.090909086,0.090909086,0.090909086,0.090909086,0.54545456,0.090909086
2015-01-28,0.15727551,0.15727882,0.15727651,0.15727551,0.15727551,0.21361808
2015-01-29,0.11112314,0.44435424,0.11112314,0.111145556,0.11112314,0.11113079
2015-01-30,0.111180186,0.44392622,0.111180186,0.11130911,0.111180186,0.11122411
2015-02-02,0.15727551,0.15727882,0.15727651,0.15727551,0.15727551,0.21361808
2015-02-03,0.16665296,0.16665296,0.16665296,0.16671431,0.16665296,0.16667387
2015-02-04,0.16665189,0.16665189,0.16665189,0.16671805,0.16665189,0.16667444
2015-02-05,0.37495238,0.125004,0.125004,0.12502243,0.125004,0.1250132
2015-02-06,0.090961434,0.090961434,0.090961434,0.091015674,0.54512006,0.09097991
2015-02-09,0.11266587,0.43262744,0.11266587,0.11568809,0.11266589,0.11368686
2015-02-10,0.37499794,0.12500018,0.12500018,0.12500098,0.12500018,0.12500058
2015-02-11,0.111145794,0.44418424,0.111145794,0.11121049,0.111145794,0.11116784
2015-02-12,0.37500003,0.125,0.125,0.125,0.125,0.125
2015-02-13,0.15727551,0.15727882,0.15727651,0.15727551,0.15727551,0.21361808
2015-02-17,0.16666645,0.16666645,0.16666645,0.16666743,0.16666645,0.16666679
2015-02-18,0.11111113,0.44444436,0.11111113,0.11111114,0.11111113,0.11111113
2015-02-19,0.15727551,0.15727882,0.15727651,0.15727551,0.15727551,0.21361808
2015-02-20,0.15727551,0.15727882,0.15727651,0.15727551,0.15727551,0.21361808
2015-02-23,0.090909086,0.090909086,0.090909086,0.090909086,0.54545456,0.090909086
2015-02-24,0.16666643,0.16666643,0.16666643,0.16666748,0.16666643,0.16666679
2015-02-25,0.090909086,0.090909086,0.090909086,0.090909086,0.54545456,0.090909086
2015-02-26,0.15727551,0.15727882,0.15727651,0.15727551,0.15727551,0.21361808
2015-02-27,0.15727551,0.15727882,0.15727651,0.15727551,0.15727551,0.21361808
2015-03-02,0.37499788,0.12500016,0.12500016,0.125001,0.12500016,0.1250006
2015-03-03,0.16662173,0.16662173,0.16662173,0.16682284,0.16662173,0.16669025
2015-03-04,0.11111504,0.44441506,0.11111504,0.11112235,0.11111504,0.11111753
2015-03-05,0.15727551,0.15727882,0.15727651,0.15727551,0.15727551,0.21361808
2015-03-06,0.37499696,0.12500025,0.12500025,0.1250014,0.12500025,0.12500083
2015-03-09,0.15727551,0.15727882,0.15727651,0.15727551,0.15727551,0.21361808
2015-03-10,0.15727551,0.15727882,0.15727651,0.15727551,0.15727551,0.21361808
2015-03-11,0.37499988,0.12500001,0.12500001,0.12500004,0.12500001,0.12500003
2015-03-12,0.16663578,0.16663578,0.16663578,0.166774,0.16663578,0.16668287
2015-03-13,0.16663726,0.16663726,0.16663726,0.1667689,0.16663726,0.16668211
2015-03-16,0.37499997,0.125,0.125,0.12500001,0.125,0.12500001
2015-03-17,0.11111132,0.44444284,0.11111132,0.111111715,0.11111132,0.111111455
2015-03-18,0.15727551,0.15727882,0.15727651,0.15727551,0.15727551,0.21361808
2015-03-19,0.16666566,0.16666566,0.16666566,0.16667019,0.16666566,0.16666721
2015-03-20,0.37500003,0.125,0.125,0.125,0.125,0.125
2015-03-23,0.15727551,0.15727882,0.15727651,0.15727551,0.15727551,0.21361808
2015-03-24,0.090909086,0.090909086,0.090909086,0.090909086,0.54545456,0.090909086
2015-03-25,0.37500003,0.125,0.125,0.125,0.125,0.125
2015-03-26,0.11111217,0.4444365,0.11111217,0.111114144,0.11111217,0.11111284
2015-03-27,0.37500003,0.125,0.125,0.125,0.125,0.125
2015-03-30,0.15727551,0.15727882,0.15727651,0.15727551,0.15727551,0.21361808
2015-03-31,0.1112123,0.44368505,0.1112123,0.111401334,0.1112123,0.111276686
2015-04-01,0.1113528,0.44262862,0.1113528,0.111805975,0.1113528,0.111507036
2015-04-02,0.11134193,0.4427103,0.11134193,0.11177463,0.11134193,0.1114892
2015-04-06,0.3748896,0.12500927,0.12500927,0.12505195,0.12500927,0.1250306
2015-04-07,0.15727551,0.15727882,0.15727651,0.15727551,0.15727551,0.21361808
2015-04-08,0.15727551,0.15727882,0.15727651,0.15727551,0.15727551,0.21361808
2015-04-09,0.16662869,0.16662869,0.16662869,0.16679867,0.16662869,0.1666866
2015-04-10,0.16664815,0.16664815,0.16664815,0.166731,0.16664815,0.16667639
2015-04-13,0.15727551,0.15727882,0.15727651,0.15727551,0.15727551,0.21361808
2015-04-14,0.16666308,0.16666308,0.16666308,0.16667913,0.16666308,0.16666856
2015-04-15,0.16666606,0.16666606,0.16666606,0.16666874,0.16666606,0.16666698
2015-04-16,0.15727551,0.15727882,0.15727651,0.15727551,0.15727551,0.21361808
2015-04-17,0.11111111,0.44444445,0.11111111,0.11111111,0.11111111,0.11111111
2015-04-20,0.11111111,0.44444445,0.11111111,0.11111111,0.11111111,0.11111111
2015-04-21,0.16666666,0.16666666,0.16666666,0.16666669,0.16666666,0.16666669
2015-04-22,0.37500003,0.125,0.125,0.125,0.125,0.125
2015-04-23,0.11111111,0.44444445,0.11111111,0.11111111,0.11111111,0.11111111
2015-04-24,0.16666666,0.16666666,0.16666666,0.1666667,0.16666666,0.16666667
2015-04-27,0.11111111,0.4444444,0.11111111,0.11111113,0.11111111,0.11111111
2015-04-28,0.37500003,0.125,0.125,0.125,0.125,0.125
2015-04-29,0.15727551,0.15727882,0.15727651,0.15727551,0.15727551,0.21361808
2015-04-30,0.111113,0.44443032,0.111113,0.111116506,0.111113,0.11111419
2015-05-01,0.15727551,0.15727882,0.15727651,0.15727551,0.15727551,0.21361808
2015-05-04,0.37494105,0.12500495,0.12500495,0.12502773,0.12500495,0.12501635
2015-05-05,0.111127876,0.44431865,0.111127876,0.11115912,0.111127876,0.11113852
2015-05-06,0.16650431,0.16650431,0.16650431,0.16723113,0.16650431,0.16675164
2015-05-07,0.16650753,0.16650753,0.16650753,0.16721992,0.16650753,0.16674997
2015-05-08,0.15727551,0.15727882,0.15727651,0.15727551,0.15727551,0.21361808
2015-05-11,0.15727551,0.15727882,0.15727651,0.15727551,0.15727551,0.21361808
2015-05-12,0.15727551,0.15727882,0.15727651,0.15727551,0.15727551,0.21361808
2015-05-13,0.16664508,0.16664508,0.16664508,0.16674167,0.16664508,0.166678
2015-05-14,0.37500003,0.125,0.125,0.125,0.125,0.125
2015-05-15,0.15727551,0.15727882,0.15727651,0.15727551,0.15727551,0.21361808
2015-05-18,0.1666665,0.1666665,0.1666665,0.16666725,0.1666665,0.16666676
2015-05-19,0.16666661,0.16666661,0.16666661,0.16666688,0.16666661,0.1666667
2015-05-20,0.090909086,0.090909086,0.090909086,0.090909086,0.54545456,0.090909086
2015-05-21,0.15727551,0.15727882,0.15727651,0.15727551,0.15727551,0.21361808
2015-05-22,0.15727551,0.15727882,0.15727651,0.15727551,0.15727551,0.21361808
2015-05-26,0.090909086,0.090909086,0.090909086,0.090909086,0.54545456,0.090909086
2015-05-27,0.15727551,0.15727882,0.15727651,0.15727551,0.15727551,0.21361808
2015-05-28,0.16666655,0.16666655,0.16666655,0.16666706,0.16666655,0.16666673
2015-05-29,0.37499988,0.12500001,0.12500001,0.12500004,0.12500001,0.12500001
2015-06-01,0.15727551,0.15727882,0.15727651,0.15727551,0.15727551,0.21361808
2015-06-02,0.15727551,0.15727882,0.15727651,0.15727551,0.15727551,0.21361808
2015-06-03,0.11112249,0.44435912,0.11112249,0.11114369,0.11112249,0.11112971
2015-06-04,0.16665024,0.16665024,0.16665024,0.16672373,0.16665024,0.16667528
2015-06-05,0.15727551,0.15727882,0.15727651,0.15727551,0.15727551,0.21361808
2015-06-08,0.11113672,0.44425243,0.11113672,0.11118445,0.11113672,0.11115299
2015-06-09,0.37499875,0.1250001,0.1250001,0.12500063,0.1250001,0.12500037
2015-06-10,0.37499985,0.12500001,0.12500001,0.12500007,0.12500001,0.12500003
2015-06-11,0.37499997,0.125,0.125,0.12500001,0.125,0.12500001
2015-06-12,0.111323826,0.44284663,0.111323826,0.11172237,0.111323826,0.1114595
2015-06-15,0.37499997,0.125,0.125,0.12500001,0.125,0.125
2015-06-16,0.090909086,0.090909086,0.090909086,0.090909086,0.54545456,0.090909086
2015-06-17,0.37500003,0.125,0.125,0.125,0.125,0.125
2015-06-18,0.090909086,0.090909086,0.090909086,0.090909086,0.54545456,0.090909086
2015-06-19,0.11111111,0.44444445,0.11111111,0.11111111,0.11111111,0.11111111
2015-06-22,0.16666664,0.16666664,0.16666664,0.16666679,0.16666664,0.16666667
2015-06-23,0.11111111,0.44444445,0.11111111,0.11111111,0.11111111,0.11111111
2015-06-24,0.16666663,0.16666663,0.16666663,0.16666682,0.16666663,0.1666667
2015-06-25,0.15727551,0.15727882,0.15727651,0.15727551,0.15727551,0.21361808
2015-06-26,0.090909086,0.090909086,0.090909086,0.090909086,0.54545456,0.090909086
2015-06-29,0.15727551,0.15727882,0.15727651,0.15727551,0.15727551,0.21361808
2015-06-30,0.11111125,0.44444332,0.11111125,0.111111514,0.11111125,0.11111134
2015-07-01,0.16665997,0.16665997,0.16665997,0.16668992,0.16665997,0.16667017
2015-07-02,0.09090918,0.09090918,0.09090918,0.09090928,0.54545397,0.09090923
2015-07-06,0.09090917,0.09090917,0.09090917,0.090909265,0.545454,0.090909205
2015-07-07,0.16665469,0.16665469,0.16665469,0.16670828,0.16665469,0.16667296
2015-07-08,0.37499332,0.12500057,0.12500057,0.12500316,0.12500057,0.12500186
2015-07-09,0.090909116,0.090909116,0.090909116,0.09090913,0.54545444,0.09090913
2015-07-10,0.09090909,0.09090909,0.09090909,0.090909116,0.54545444,0.09090909
2015-07-13,0.15727551,0.15727882,0.15727651,0.15727551,0.15727551,0.21361808
2015-07-14,0.37500003,0.125,0.125,0.125,0.125,0.125
2015-07-15,0.16666631,0.16666631,0.16666631,0.16666786,0.16666631,0.16666685
2015-07-16,0.16666663,0.16666663,0.16666663,0.16666685,0.16666663,0.1666667
2015-07-17,0.11111111,0.44444445,0.11111111,0.11111111,0.11111111,0.11111111
2015-07-20,0.15727551,0.15727882,0.15727651,0.15727551,0.15727551,0.21361808
2015-07-21,0.16666667,0.16666667,0.16666667,0.16666667,0.16666667,0.16666667
2015-07-22,0.16666667,0.16666667,0.16666667,0.16666667,0.16666667,0.16666667
2015-07-23,0.090909086,0.090909086,0.090909086,0.090909086,0.54545456,0.090909086
2015-07-24,0.37500003,0.125,0.125,0.125,0.125,0.125
2015-07-27,0.15727551,0.15727882,0.15727651,0.15727551,0.15727551,0.21361808
2015-07-28,0.11111111,0.44444445,0.11111111,0.11111111,0.11111111,0.11111111
2015-07-29,0.11111111,0.4444444,0.11111111,0.11111113,0.11111111,0.11111111
2015-07-30,0.111111164,0.44444403,0.111111164,0.11111127,0.111111164,0.1111112
2015-07-31,0.1111117,0.44444013,0.1111117,0.11111277,0.1111117,0.111112066
2015-08-03,0.37499982,0.12500001,0.12500001,0.12500009,0.12500001,0.12500006
2015-08-04,0.09090915,0.09090915,0.09090915,0.09090922,0.5454541,0.090909176
2015-08-05,0.15727551,0.15727882,0.15727651,0.15727551,0.15727551,0.21361808
2015-08-06,0.16656941,0.16656941,0.16656941,0.16700473,0.16656941,0.16671765
2015-08-07,0.3749989,0.12500009,0.12500009,0.12500052,0.12500009,0.12500028
2015-08-10,0.09090918,0.09090918,0.09090918,0.09090928,0.54545397,0.09090923
2015-08-11,0.16663054,0.16663054,0.16663054,0.16679223,0.16663054,0.16668563
2015-08-12,0.11118863,0.44386292,0.11118863,0.111333326,0.11118863,0.11123791
2015-08-13,0.090909086,0.090909086,0.090909086,0.090909086,0.54545456,0.090909086
2015-08-14,0.37500003,0.125,0.125,0.125,0.125,0.125
2015-08-17,0.37500003,0.125,0.125,0.125,0.125,0.125
2015-08-18,0.15727551,0.15727882,0.15727651,0.15727551,0.15727551,0.21361808
2015-08-19,0.16666663,0.16666663,0.16666663,0.1666668,0.16666663,0.16666669
2015-08-20,0.11111111,0.4444444,0.11111111,0.11111113,0.11111111,0.11111111
2015-08-21,0.11111111,0.4444444,0.11111111,0.11111113,0.11111111,0.11111111
2015-08-24,0.15727551,0.15727882,0.15727651,0.15727551,0.15727551,0.21361808
2015-08-25,0.090909086,0.090909086,0.090909086,0.090909086,0.54545456,0.090909086
2015-08-26,0.15727551,0.15727882,0.15727651,0.15727551,0.15727551,0.21361808
2015-08-27,0.37500003,0.125,0.125,0.125,0.125,0.125
2015-08-28,0.11111115,0.44444415,0.11111115,0.111111216,0.11111115,0.11111117
2015-08-31,0.11111139,0.44444233,0.11111139,0.11111191,0.11111139,0.11111156
2015-09-01,0.16666514,0.16666514,0.16666514,0.16667202,0.16666514,0.16666748
2015-09-02,0.090909205,0.090909205,0.090909205,0.090909325,0.5454538,0.09090924
2015-09-03,0.16666172,0.16666172,0.16666172,0.16668382,0.16666172,0.16666925
2015-09-04,0.111112274,0.44443575,0.111112274,0.11111443,0.111112274,0.11111301
2015-09-08,0.09091045,0.09091045,0.09091045,0.090911865,0.5454458,0.09091093
2015-09-09,0.11111222,0.4444361,0.11111222,0.111114286,0.11111222,0.11111292
2015-09-10,0.15727551,0.15727882,0.15727651,0.15727551,0.15727551,0.21361808
2015-09-11,0.15727551,0.15727882,0.15727651,0.15727551,0.15727551,0.21361808
2015-09-14,0.37500003,0.125,0.125,0.125,0.125,0.125
2015-09-15,0.16666555,0.16666555,0.16666555,0.16667053,0.16666555,0.16666727
2015-09-16,0.37500003,0.125,0.125,0.125,0.125,0.125
2015-09-17,0.090909086,0.090909086,0.090909086,0.090909086,0.54545456,0.090909086
2015-09-18,0.090909086,0.090909086,0.090909086,0.090909086,0.54545456,0.090909086
2015-09-21,0.15727551,0.15727882,0.15727651,0.15727551,0.15727551,0.21361808
2015-09-22,0.16666664,0.16666664,0.16666664,0.1666667,0.16666664,0.16666666
2015-09-23,0.37500003,0.125,0.125,0.125,0.125,0.125
2015-09-24,0.090909086,0.090909086,0.090909086,0.090909086,0.54545456,0.090909086
2015-09-25,0.37500003,0.125,0.125,0.125,0.125,0.125
2015-09-28,0.16666655,0.16666655,0.16666655,0.16666706,0.16666655,0.1666667
2015-09-29,0.090909086,0.090909086,0.090909086,0.090909086,0.54545456,0.090909086
2015-09-30,0.37500003,0.125,0.125,0.125,0.125,0.125
2015-10-01,0.3749996,0.12500003,0.12500003,0.1250002,0.12500003,0.1250001
2015-10-02,0.15727551,0.15727882,0.15727651,0.15727551,0.15727551,0.21361808
2015-10-05,0.37499365,0.12500054,0.12500054,0.125003,0.12500054,0.12500176
2015-10-06,0.16663486,0.16663486,0.16663486,0.1667772,0.16663486,0.16668336
2015-10-07,0.111138836,0.4442365,0.111138836,0.111190535,0.111138836,0.11115644
2015-10-08,0.37499183,0.12500069,0.12500069,0.12500384,0.12500069,0.12500228
2015-10-09,0.15727551,0.15727882,0.15727651,0.15727551,0.15727551,0.21361808
2015-10-12,0.11112694,0.44432583,0.11112694,0.1111564,0.11112694,0.11113697
2015-10-13,0.37499997,0.125,0.125,0.12500001,0.125,0.12500001
2015-10-14,0.11111407,0.44442222,0.11111407,0.11111959,0.11111407,0.111115955
2015-10-15,0.16666524,0.16666524,0.16666524,0.16667168,0.16666524,0.16666742
2015-10-16,0.15727551,0.15727882,0.15727651,0.15727551,0.15727551,0.21361808
2015-10-19,0.090909086,0.090909086,0.090909086,0.090909086,0.54545456,0.090909086
2015-10-20,0.11111111,0.44444445,0.11111111,0.11111111,0.11111111,0.11111111
2015-10-21,0.090909086,0.090909086,0.090909086,0.090909086,0.54545456,0.090909086
2015-10-22,0.37500003,0.125,0.125,0.125,0.125,0.125
2015-10-23,0.16666667,0.16666667,0.16666667,0.16666667,0.16666667,0.16666667
2015-10-26,0.11111111,0.44444445,0.11111111,0.11111111,0.11111111,0.11111111
2015-10-27,0.090909086,0.090909086,0.090909086,0.090909086,0.54545456,0.090909086
2015-10-28,0.15727551,0.15727882,0.15727651,0.15727551,0.15727551,0.21361808
2015-10-29,0.11111552,0.4444114,0.11111552,0.11112373,0.11111552,0.11111832
2015-10-30,0.09090912,0.09090912,0.09090912,0.090909176,0.5454544,0.090909146
2015-11-02,0.11122894,0.44356012,0.11122894,0.11144913,0.11122894,0.11130393
2015-11-03,0.09090946,0.09090946,0.09090946,0.09090984,0.5454522,0.090909585
2015-11-04,0.09090973,0.09090973,0.09090973,0.09091039,0.54545045,0.090909965
2015-11-05,0.16655605,0.16655605,0.16655605,0.16705114,0.16655605,0.16672462
2015-11-06,0.09091087,0.09091087,0.09091087,0.0909127,0.5454432,0.0909115
2015-11-09,0.111612394,0.4406698,0.111612394,0.11255898,0.111612394,0.11193409
2015-11-10,0.16653301,0.16653301,0.16653301,0.16713129,0.16653301,0.16673666
2015-11-11,0.37493837,0.12500517,0.12500517,0.125029,0.12500517,0.12501709
2015-11-12,0.090909116,0.090909116,0.090909116,0.09090913,0.54545444,0.09090913
2015-11-13,0.11137203,0.4424838,0.11137203,0.11186152,0.11137203,0.1115386
2015-11-16,0.090909086,0.090909086,0.090909086,0.090909086,0.54545456,0.090909086
2015-11-17,0.090909086,0.090909086,0.090909086,0.090909086,0.54545456,0.090909086
2015-11-18,0.37498876,0.12500095,0.12500095,0.1250053,0.12500095,0.12500311
2015-11-19,0.16662236,0.16662236,0.16662236,0.16682069,0.16662236,0.16668992
2015-11-20,0.15727551,0.15727882,0.15727651,0.15727551,0.15727551,0.21361808
2015-11-23,0.11112711,0.44432452,0.11112711,0.1111569,0.11112711,0.11113725
2015-11-24,0.37499988,0.12500001,0.12500001,0.12500004,0.12500001,0.12500001
2015-11-25,0.37500003,0.125,0.125,0.125,0.125,0.125
2015-11-27,0.15727551,0.15727882,0.15727651,0.15727551,0.15727551,0.21361808
2015-11-30,0.15727551,0.15727882,0.15727651,0.15727551,0.15727551,0.21361808
2015-12-01,0.09090967,0.09090967,0.09090967,0.09091028,0.5454508,0.090909876
2015-12-02,0.15727551,0.15727882,0.15727651,0.15727551,0.15727551,0.21361808
2015-12-03,0.3749899,0.12500083,0.12500083,0.12500477,0.12500083,0.12500279
2015-12-04,0.09090918,0.09090918,0.09090918,0.09090928,0.54545397,0.09090923
2015-12-07,0.111141495,0.44421658,0.111141495,0.11119813,0.111141495,0.11116079
2015-12-08,0.11111851,0.44438902,0.11111851,0.11113226,0.11111851,0.11112319
2015-12-09,0.11111329,0.44442812,0.11111329,0.111117356,0.11111329,0.111114666
2015-12-10,0.37499988,0.12500001,0.12500001,0.12500004,0.12500001,0.12500001
2015-12-11,0.090909086,0.090909086,0.090909086,0.090909086,0.54545456,0.090909086
2015-12-14,0.37499997,0.12500001,0.12500001,0.12500004,0.12500001,0.12500003
2015-12-15,0.11114647,0.44417918,0.11114647,0.111212395,0.11114647,0.11116892
2015-12-16,0.15727551,0.15727882,0.15727651,0.15727551,0.15727551,0.21361808
2015-12-17,0.090909086,0.090909086,0.090909086,0.090909086,0.54545456,0.090909086
2015-12-18,0.16666667,0.16666667,0.16666667,0.16666669,0.16666667,0.16666667
2015-12-21,0.15727551,0.15727882,0.15727651,0.15727551,0.15727551,0.21361808
2015-12-22,0.15727551,0.15727882,0.15727651,0.15727551,0.15727551,0.21361808
2015-12-23,0.11111128,0.44444317,0.11111128,0.1111116,0.11111128,0.11111139
2015-12-24,0.16666666,0.16666666,0.16666666,0.16666669,0.16666666,0.16666667
2015-12-28,0.16666664,0.16666664,0.16666664,0.16666672,0.16666664,0.16666667
2015-12-29,0.090909086,0.090909086,0.090909086,0.090909086,0.54545456,0.090909086
2015-12-30,0.11112616,0.44433153,0.11112616,0.111154206,0.11112616,0.11113571
2015-12-31,0.16666383,0.16666383,0.16666383,0.16667655,0.16666383,0.16666816
2016-01-04,0.09090956,0.09090956,0.09090956,0.09091005,0.5454516,0.090909734
2016-01-05,0.15727551,0.15727882,0.15727651,0.15727551,0.15727551,0.21361808
2016-01-06,0.15727551,0.15727882,0.15727651,0.15727551,0.15727551,0.21361808
2016-01-07,0.15727551,0.15727882,0.15727651,0.15727551,0.15727551,0.21361808
2016-01-08,0.15727551,0.15727882,0.15727651,0.15727551,0.15727551,0.21361808
2016-01-11,0.1666186,0.1666186,0.1666186,0.16683367,0.1666186,0.16669185
2016-01-12,0.090912595,0.090912595,0.090912595,0.09091622,0.5454322,0.09091383
2016-01-13,0.3749989,0.1250001,0.1250001,0.12500055,0.1250001,0.12500033
2016-01-14,0.37500003,0.125,0.125,0.125,0.125,0.125
2016-01-15,0.16666643,0.16666643,0.16666643,0.16666745,0.16666643,0.16666678
2016-01-19,0.1666666,0.1666666,0.1666666,0.16666692,0.1666666,0.1666667
2016-01-20,0.090909086,0.090909086,0.090909086,0.090909086,0.54545456,0.090909086
2016-01-21,0.111112066,0.4444373,0.111112066,0.11111384,0.111112066,0.11111267
2016-01-22,0.15727551,0.15727882,0.15727651,0.15727551,0.15727551,0.21361808
2016-01-25,0.11111445,0.44441935,0.11111445,0.11112069,0.11111445,0.11111657
2016-01-26,0.37500003,0.125,0.125,0.125,0.125,0.125
2016-01-27,0.11112956,0.44430614,0.11112956,0.11116395,0.11112956,0.111141264
2016-01-28,0.37499985,0.12500001,0.12500001,0.12500006,0.12500001,0.12500003
2016-01-29,0.16665982,0.16665982,0.16665982,0.16669044,0.16665982,0.16667026
2016-02-01,0.112178534,0.4363668,0.112178534,0.11422562,0.11217854,0.11287202
2016-02-02,0.1139284,0.42277882,0.1139284,0.11960419,0.11392842,0.11583178
2016-02-03,0.091083586,0.091083586,0.091083586,0.091264844,0.54433906,0.09114532
2016-02-04,0.16661662,0.16661662,0.16661662,0.16684057,0.16661662,0.16669293
2016-02-05,0.16661724,0.16661724,0.16661724,0.16683841,0.16661724,0.16669258
2016-02-08,0.15727551,0.15727882,0.15727651,0.15727551,0.15727551,0.21361808
2016-02-09,0.1666586,0.1666586,0.1666586,0.16669473,0.1666586,0.1666709
2016-02-10,0.16666462,0.16666462,0.16666462,0.16667382,0.16666462,0.16666774
2016-02-11,0.09090909,0.09090909,0.09090909,0.090909116,0.54545444,0.09090909
2016-02-12,0.37500003,0.125,0.125,0.125,0.125,0.125
2016-02-16,0.37500003,0.125,0.125,0.125,0.125,0.125
2016-02-17,0.111111246,0.4444435,0.111111246,0.111111484,0.111111246,0.11111133
2016-02-18,0.37500003,0.125,0.125,0.125,0.125,0.125
2016-02-19,0.15727551,0.15727882,0.15727651,0.15727551,0.15727551,0.21361808
2016-02-22,0.37500003,0.125,0.125,0.125,0.125,0.125
2016-02-23,0.16666664,0.16666664,0.16666664,0.1666667,0.16666664,0.16666667
2016-02-24,0.15727551,0.15727882,0.15727651,0.15727551,0.15727551,0.21361808
2016-02-25,0.37500003,0.125,0.125,0.125,0.125,0.125
2016-02-26,0.37500003,0.125,0.125,0.125,0.125,0.125
2016-02-29,0.11111666,0.4444029,0.11111666,0.11112699,0.11111666,0.11112019
2016-03-01,0.15727551,0.15727882,0.15727651,0.15727551,0.15727551,0.21361808
2016-03-02,0.15727551,0.15727882,0.15727651,0.15727551,0.15727551,0.21361808
2016-03-03,0.09090935,0.09090935,0.09090935,0.09090964,0.5454529,0.09090945
2016-03-04,0.15727551,0.15727882,0.15727651,0.15727551,0.15727551,0.21361808
2016-03-07,0.090909205,0.090909205,0.090909205,0.090909325,0.5454538,0.09090924
2016-03-08,0.16666037,0.16666037,0.16666037,0.16668859,0.16666037,0.16666996
2016-03-09,0.16666475,0.16666475,0.16666475,0.16667336,0.16666475,0.16666767
2016-03-10,0.16666634,0.16666634,0.16666634,0.16666779,0.16666634,0.16666684
2016-03-11,0.11112428,0.44434565,0.11112428,0.11114883,0.11112428,0.11113266
2016-03-14,0.16666655,0.16666655,0.16666655,0.16666704,0.16666655,0.16666672
2016-03-15,0.15727551,0.15727882,0.15727651,0.15727551,0.15727551,0.21361808
2016-03-16,0.15727551,0.15727882,0.15727651,0.15727551,0.15727551,0.21361808
2016-03-17,0.16666667,0.16666667,0.16666667,0.16666667,0.16666667,0.16666667
2016-03-18,0.090909086,0.090909086,0.090909086,0.090909086,0.54545456,0.090909086
2016-03-21,0.090909086,0.090909086,0.090909086,0.090909086,0.54545456,0.090909086
2016-03-22,0.37500003,0.125,0.125,0.125,0.125,0.125
2016-03-23,0.37500003,0.125,0.125,0.125,0.125,0.125
2016-03-24,0.16666666,0.16666666,0.16666666,0.1666667,0.16666666,0.16666667
2016-03-28,0.090909086,0.090909086,0.090909086,0.090909086,0.54545456,0.090909086
2016-03-29,0.37500003,0.125,0.125,0.125,0.125,0.125
2016-03-30,0.37499988,0.12500001,0.12500001,0.12500004,0.12500001,0.12500001
2016-03-31,0.11112816,0.44431663,0.11112816,0.11115993,0.11112816,0.11113898
2016-04-01,0.37487176,0.12501076,0.12501076,0.12506038,0.12501079,0.12503557
2016-04-04,0.15727551,0.15727882,0.15727651,0.15727551,0.15727551,0.21361808
2016-04-05,0.37483475,0.12501386,0.12501386,0.12507778,0.12501387,0.12504584
2016-04-06,0.15727551,0.15727882,0.15727651,0.15727551,0.15727551,0.21361808
2016-04-07,0.37494054,0.12500498,0.12500498,0.12502797,0.12500498,0.12501648
2016-04-08,0.16651073,0.16651073,0.16651073,0.16720876,0.16651073,0.16674829
2016-04-11,0.090910286,0.090910286,0.090910286,0.09091153,0.54544693,0.09091071
2016-04-12,0.16664913,0.16664913,0.16664913,0.16672756,0.16664913,0.16667587
2016-04-13,0.11199455,0.4377698,0.11199455,0.11368027,0.111994565,0.11256621
2016-04-14,0.11131421,0.44291902,0.11131421,0.111694664,0.11131421,0.11144373
2016-04-15,0.090909086,0.090909086,0.090909086,0.090909086,0.54545456,0.090909086
2016-04-18,0.16666661,0.16666661,0.16666661,0.16666685,0.16666661,0.16666669
2016-04-19,0.15727551,0.15727882,0.15727651,0.15727551,0.15727551,0.21361808
2016-04-20,0.15727551,0.15727882,0.15727651,0.15727551,0.15727551,0.21361808
2016-04-21,0.15727551,0.15727882,0.15727651,0.15727551,0.15727551,0.21361808
2016-04-22,0.15727551,0.15727882,0.15727651,0.15727551,0.15727551,0.21361808
2016-04-25,0.16666664,0.16666664,0.16666664,0.1666668,0.16666664,0.16666669
2016-04-26,0.090909086,0.090909086,0.090909086,0.090909086,0.54545456,0.090909086
2016-04-27,0.37500003,0.125,0.125,0.125,0.125,0.125
2016-04-28,0.16666493,0.16666493,0.16666493,0.16667274,0.16666493,0.16666758
2016-04-29,0.16665041,0.16665041,0.16665041,0.16672315,0.16665041,0.1666752
2016-05-02,0.09090989,0.09090989,0.09090989,0.0909107,0.54544955,0.090910174
2016-05-03,0.090910025,0.090910025,0.090910025,0.09091098,0.5454486,0.090910345
2016-05-04,0.11111646,0.44440427,0.11111646,0.11112643,0.11111646,0.11111986
2016-05-05,0.3749667,0.12500279,0.12500279,0.12501569,0.12500279,0.12500922
2016-05-06,0.15727551,0.15727882,0.15727651,0.15727551,0.15727551,0.21361808
2016-05-09,0.15727551,0.15727882,0.15727651,0.15727551,0.15727551,0.21361808
2016-05-10,0.16665134,0.16665134,0.16665134,0.16671993,0.16665134,0.16667472
2016-05-11,0.15727551,0.15727882,0.15727651,0.15727551,0.15727551,0.21361808
2016-05-12,0.37499997,0.125,0.125,0.12500001,0.125,0.125
2016-05-13,0.16666554,0.16666554,0.16666554,0.16667058,0.16666554,0.16666725
2016-05-16,0.37500003,0.125,0.125,0.125,0.125,0.125
2016-05-17,0.37500003,0.125,0.125,0.125,0.125,0.125
2016-05-18,0.37500003,0.125,0.125,0.125,0.125,0.125
2016-05-19,0.11111114,0.44444427,0.11111114,0.11111119,0.11111114,0.11111116
2016-05-20,0.16666664,0.16666664,0.16666664,0.1666667,0.16666664,0.16666667
2016-05-23,0.15727551,0.15727882,0.15727651,0.15727551,0.15727551,0.21361808
2016-05-24,0.090909086,0.090909086,0.090909086,0.090909086,0.54545456,0.090909086
2016-05-25,0.090909086,0.090909086,0.090909086,0.090909086,0.54545456,0.090909086
2016-05-26,0.090909086,0.090909086,0.090909086,0.090909086,0.54545456,0.090909086
2016-05-27,0.16666615,0.16666615,0.16666615,0.16666847,0.16666615,0.16666694
2016-05-31,0.16666399,0.16666399,0.16666399,0.166676,0.16666399,0.16666807
2016-06-01,0.3749973,0.12500022,0.12500022,0.12500127,0.12500022,0.12500073
2016-06-02,0.1666276,0.1666276,0.1666276,0.16680242,0.1666276,0.16668716
2016-06-03,0.37499204,0.12500067,0.12500067,0.12500373,0.12500067,0.1250022
2016-06-06,0.11111431,0.44442043,0.11111431,0.11112027,0.11111431,0.111116335
2016-06-07,0.37499312,0.12500058,0.12500058,0.12500325,0.12500058,0.1250019
2016-06-08,0.37499875,0.1250001,0.1250001,0.12500058,0.1250001,0.12500034
2016-06-09,0.09090909,0.09090909,0.09090909,0.090909116,0.54545444,0.09090909
2016-06-10,0.16665591,0.16665591,0.16665591,0.16670407,0.16665591,0.16667232
2016-06-13,0.37500003,0.125,0.125,0.125,0.125,0.125
2016-06-14,0.090909086,0.090909086,0.090909086,0.090909086,0.54545456,0.090909086
2016-06-15,0.11111118,0.44444397,0.11111118,0.1111113,0.11111118,0.111111216
2016-06-16,0.37500003,0.125,0.125,0.125,0.125,0.125
2016-06-17,0.11111111,0.44444445,0.11111111,0.11111111,0.11111111,0.11111111
2016-06-20,0.15727551,0.15727882,0.15727651,0.15727551,0.15727551,0.21361808
2016-06-21,0.16666667,0.16666667,0.16666667,0.16666667,0.16666667,0.16666667
2016-06-22,0.37500003,0.125,0.125,0.125,0.125,0.125
2016-06-23,0.15727551,0.15727882,0.15727651,0.15727551,0.15727551,0.21361808
2016-06-24,0.16666667,0.16666667,0.16666667,0.16666667,0.16666667,0.16666667
2016-06-27,0.11111111,0.44444445,0.11111111,0.11111111,0.11111111,0.11111111
2016-06-28,0.090909086,0.090909086,0.090909086,0.090909086,0.54545456,0.090909086
2016-06-29,0.15727551,0.15727882,0.15727651,0.15727551,0.15727551,0.21361808
2016-06-30,0.15727551,0.15727882,0.15727651,0.15727551,0.15727551,0.21361808
2016-07-01,0.11111249,0.44443414,0.11111249,0.11111506,0.11111249,0.11111337
2016-07-05,0.09090935,0.09090935,0.09090935,0.09090964,0.5454529,0.09090945
2016-07-06,0.11111175,0.44443965,0.11111175,0.111112945,0.11111175,0.11111216
2016-07-07,0.37499988,0.12500001,0.12500001,0.12500004,0.12500001,0.12500003
2016-07-08,0.15727551,0.15727882,0.15727651,0.15727551,0.15727551,0.21361808
2016-07-11,0.15727551,0.15727882,0.15727651,0.15727551,0.15727551,0.21361808
2016-07-12,0.37500003,0.125,0.125,0.125,0.125,0.125
2016-07-13,0.37500003,0.125,0.125,0.125,0.125,0.125
2016-07-14,0.15727551,0.15727882,0.15727651,0.15727551,0.15727551,0.21361808
2016-07-15,0.090909086,0.090909086,0.090909086,0.090909086,0.54545456,0.090909086
2016-07-18,0.15727551,0.15727882,0.15727651,0.15727551,0.15727551,0.21361808
2016-07-19,0.11111111,0.44444445,0.11111111,0.11111111,0.11111111,0.11111111
2016-07-20,0.37500003,0.125,0.125,0.125,0.125,0.125
2016-07-21,0.16666667,0.16666667,0.16666667,0.16666667,0.16666667,0.16666667
2016-07-22,0.16666667,0.16666667,0.16666667,0.16666667,0.16666667,0.16666667
2016-07-25,0.11111111,0.44444445,0.11111111,0.11111111,0.11111111,0.11111111
2016-07-26,0.090909086,0.090909086,0.090909086,0.090909086,0.54545456,0.090909086
2016-07-27,0.090909086,0.090909086,0.090909086,0.090909086,0.54545456,0.090909086
2016-07-28,0.11111113,0.44444436,0.11111113,0.11111114,0.11111113,0.11111114
2016-07-29,0.11111118,0.44444394,0.11111118,0.11111131,0.11111118,0.11111122
2016-08-01,0.11111166,0.4444404,0.11111166,0.11111267,0.11111166,0.111112006
2016-08-02,0.11111178,0.4444394,0.11111178,0.11111303,0.11111178,0.11111221
2016-08-03,0.090909086,0.090909086,0.090909086,0.090909086,0.54545456,0.090909086
2016-08-04,0.090909086,0.090909086,0.090909086,0.090909086,0.54545456,0.090909086
2016-08-05,0.16666292,0.16666292,0.16666292,0.16667973,0.16666292,0.16666865
2016-08-08,0.11113723,0.44424862,0.11113723,0.11118593,0.11113723,0.111153826
2016-08-09,0.111171916,0.44398838,0.111171916,0.11128537,0.111171916,0.11121058
2016-08-10,0.11119061,0.44384804,0.11119061,0.11133901,0.11119061,0.111241154
2016-08-11,0.37500003,0.125,0.125,0.125,0.125,0.125
2016-08-12,0.37500003,0.125,0.125,0.125,0.125,0.125
2016-08-15,0.37500003,0.125,0.125,0.125,0.125,0.125
2016-08-16,0.090909086,0.090909086,0.090909086,0.090909086,0.54545456,0.090909086
2016-08-17,0.16666667,0.16666667,0.16666667,0.16666667,0.16666667,0.16666667
2016-08-18,0.15727551,0.15727882,0.15727651,0.15727551,0.15727551,0.21361808
2016-08-19,0.15727551,0.15727882,0.15727651,0.15727551,0.15727551,0.21361808
2016-08-22,0.090909086,0.090909086,0.090909086,0.090909086,0.54545456,0.090909086
2016-08-23,0.090909086,0.090909086,0.090909086,0.090909086,0.54545456,0.090909086
2016-08-24,0.37500003,0.125,0.125,0.125,0.125,0.125
2016-08-25,0.11111111,0.44444445,0.11111111,0.11111111,0.11111111,0.11111111
2016-08-26,0.37500003,0.125,0.125,0.125,0.125,0.125
2016-08-29,0.090909086,0.090909086,0.090909086,0.090909086,0.54545456,0.090909086
2016-08-30,0.090909086,0.090909086,0.090909086,0.090909086,0.54545456,0.090909086
2016-08-31,0.15727551,0.15727882,0.15727651,0.15727551,0.15727551,0.21361808
2016-09-01,0.09090912,0.09090912,0.09090912,0.090909146,0.5454544,0.09090912
2016-09-02,0.11111123,0.44444355,0.11111123,0.111111455,0.11111123,0.11111131
2016-09-06,0.15727551,0.15727882,0.15727651,0.15727551,0.15727551,0.21361808
2016-09-07,0.1666348,0.1666348,0.1666348,0.16677742,0.1666348,0.16668338
2016-09-08,0.37499952,0.12500004,0.12500004,0.12500024,0.12500004,0.12500015
2016-09-09,0.11114121,0.44421872,0.11114121,0.11119732,0.11114121,0.11116033
2016-09-12,0.37500003,0.125,0.125,0.125,0.125,0.125
2016-09-13,0.37500003,0.125,0.125,0.125,0.125,0.125
2016-09-14,0.11111394,0.44442326,0.11111394,0.11111922,0.11111394,0.111115746
2016-09-15,0.15727551,0.15727882,0.15727651,0.15727551,0.15727551,0.21361808
2016-09-16,0.111111216,0.44444358,0.111111216,0.11111143,0.111111216,0.11111128
2016-09-19,0.15727551,0.15727882,0.15727651,0.15727551,0.15727551,0.21361808
2016-09-20,0.090909086,0.090909086,0.090909086,0.090909086,0.54545456,0.090909086
2016-09-21,0.16666667,0.16666667,0.16666667,0.16666667,0.16666667,0.16666667
2016-09-22,0.37500003,0.125,0.125,0.125,0.125,0.125
2016-09-23,0.37500003,0.125,0.125,0.125,0.125,0.125
2016-09-26,0.37500003,0.125,0.125,0.125,0.125,0.125
2016-09-27,0.15727551,0.15727882,0.15727651,0.15727551,0.15727551,0.21361808
2016-09-28,0.37500003,0.125,0.125,0.125,0.125,0.125
2016-09-29,0.16666634,0.16666634,0.16666634,0.16666782,0.16666634,0.16666684
2016-09-30,0.11111211,0.444437,0.11111211,0.111113966,0.11111211,0.11111275
2016-10-03,0.37499943,0.12500003,0.12500003,0.12500028,0.12500003,0.12500016
2016-10-04,0.15727551,0.15727882,0.15727651,0.15727551,0.15727551,0.21361808
2016-10-05,0.15727551,0.15727882,0.15727651,0.15727551,0.15727551,0.21361808
2016-10-06,0.1666361,0.1666361,0.1666361,0.16677292,0.1666361,0.1666827
2016-10-07,0.37499577,0.12500036,0.12500036,0.125002,0.12500036,0.12500118
2016-10-10,0.37499812,0.12500016,0.12500016,0.12500091,0.12500016,0.12500055
2016-10-11,0.15727551,0.15727882,0.15727651,0.15727551,0.15727551,0.21361808
2016-10-12,0.11112403,0.44434744,0.11112403,0.111148134,0.11112403,0.11113226
2016-10-13,0.15727551,0.15727882,0.15727651,0.15727551,0.15727551,0.21361808
2016-10-14,0.16665918,0.16665918,0.16665918,0.16669269,0.16665918,0.16667059
2016-10-17,0.37500003,0.125,0.125,0.125,0.125,0.125
2016-10-18,0.16666402,0.16666402,0.16666402,0.16667588,0.16666402,0.16666806
2016-10-19,0.090909086,0.090909086,0.090909086,0.090909086,0.54545456,0.090909086
2016-10-20,0.16666614,0.16666614,0.16666614,0.16666855,0.16666614,0.16666695
2016-10-21,0.15727551,0.15727882,0.15727651,0.15727551,0.15727551,0.21361808
2016-10-24,0.15727551,0.15727882,0.15727651,0.15727551,0.15727551,0.21361808
2016-10-25,0.1666664,0.1666664,0.1666664,0.16666757,0.1666664,0.1666668
2016-10-26,0.090909086,0.090909086,0.090909086,0.090909086,0.54545456,0.090909086
2016-10-27,0.15727551,0.15727882,0.15727651,0.15727551,0.15727551,0.21361808
2016-10-28,0.111116305,0.44440547,0.111116305,0.11112598,0.111116305,0.1111196
2016-10-31,0.1111278,0.44431922,0.1111278,0.11115892,0.1111278,0.111138396
2016-11-01,0.3749896,0.12500086,0.12500086,0.12500489,0.12500086,0.12500288
2016-11-02,0.15727551,0.15727882,0.15727651,0.15727551,0.15727551,0.21361808
2016-11-03,0.15727551,0.15727882,0.15727651,0.15727551,0.15727551,0.21361808
2016-11-04,0.374852,0.12501241,0.12501241,0.12506965,0.12501243,0.12504105
2016-11-07,0.16657184,0.16657184,0.16657184,0.16699626,0.16657184,0.16671637
2016-11-08,0.09091421,0.09091421,0.09091421,0.090919495,0.5454219,0.09091601
2016-11-09,0.16665469,0.16665469,0.16665469,0.16670829,0.16665469,0.16667297
2016-11-10,0.1666636,0.1666636,0.1666636,0.16667731,0.1666636,0.16666828
2016-11-11,0.11147824,0.441683,0.11147824,0.112169005,0.11147824,0.11171318
2016-11-14,0.15727551,0.15727882,0.15727651,0.15727551,0.15727551,0.21361808
2016-11-15,0.16666637,0.16666637,0.16666637,0.16666764,0.16666637,0.1666668
2016-11-16,0.1120959,0.43699744,0.1120959,0.11398025,0.112095915,0.11273456
2016-11-17,0.090909086,0.090909086,0.090909086,0.090909086,0.54545456,0.090909086
2016-11-18,0.37500003,0.125,0.125,0.125,0.125,0.125
2016-11-21,0.37500003,0.125,0.125,0.125,0.125,0.125
2016-11-22,0.37500003,0.125,0.125,0.125,0.125,0.125
2016-11-23,0.090909086,0.090909086,0.090909086,0.090909086,0.54545456,0.090909086
2016-11-25,0.090909086,0.090909086,0.090909086,0.090909086,0.54545456,0.090909086
2016-11-28,0.11111175,0.44443956,0.11111175,0.111112975,0.11111175,0.11111216
2016-11-29,0.37499982,0.12500001,0.12500001,0.12500009,0.12500001,0.12500003
2016-11-30,0.11111742,0.44439727,0.11111742,0.11112914,0.11111742,0.111121416
2016-12-01,0.16653454,0.16653454,0.16653454,0.16712596,0.16653454,0.16673586
2016-12-02,0.15727551,0.15727882,0.15727651,0.15727551,0.15727551,0.21361808
2016-12-05,0.09090928,0.09090928,0.09090928,0.09090947,0.54545337,0.090909354
2016-12-06,0.15727551,0.15727882,0.15727651,0.15727551,0.15727551,0.21361808
2016-12-07,0.16638558,0.16638558,0.16638558,0.16764425,0.16638558,0.16681346
2016-12-08,0.37460744,0.12503292,0.12503292,0.12518485,0.12503296,0.12510888
2016-12-09,0.3749112,0.12500748,0.12500748,0.12504181,0.12500748,0.12502465
2016-12-12,0.37497535,0.12500207,0.12500207,0.1250116,0.12500207,0.12500682
2016-12-13,0.37499043,0.1250008,0.1250008,0.12500452,0.1250008,0.12500265
2016-12-14,0.090909086,0.090909086,0.090909086,0.090909086,0.54545456,0.090909086
2016-12-15,0.090909086,0.090909086,0.090909086,0.090909086,0.54545456,0.090909086
2016-12-16,0.16666543,0.16666543,0.16666543,0.16667098,0.16666543,0.16666733
2016-12-19,0.37499997,0.12500001,0.12500001,0.12500004,0.12500001,0.12500003
2016-12-20,0.16666658,0.16666658,0.16666658,0.16666698,0.16666658,0.16666672
2016-12-21,0.37500003,0.125,0.125,0.125,0.125,0.125
2016-12-22,0.15727551,0.15727882,0.15727651,0.15727551,0.15727551,0.21361808
2016-12-23,0.16666664,0.16666664,0.16666664,0.16666675,0.16666664,0.16666667
2016-12-27,0.11111111,0.44444445,0.11111111,0.11111111,0.11111111,0.11111111
2016-12-28,0.090909086,0.090909086,0.090909086,0.090909086,0.54545456,0.090909086
2016-12-29,0.111111164,0.44444406,0.111111164,0.11111125,0.111111164,0.1111112
2016-12-30,0.37499985,0.12500001,0.12500001,0.12500006,0.12500001,0.12500003
2017-01-03,0.1666528,0.1666528,0.1666528,0.16671485,0.1666528,0.16667396
2017-01-04,0.37490004,0.1250084,0.1250084,0.12504706,0.1250084,0.12502773
2017-01-05,0.37489298,0.12500899,0.12500899,0.12505038,0.125009,0.12502968
2017-01-06,0.15727551,0.15727882,0.15727651,0.15727551,0.15727551,0.21361808
2017-01-09,0.09090929,0.09090929,0.09090929,0.090909496,0.54545325,0.09090936
2017-01-10,0.16662349,0.16662349,0.16662349,0.16681674,0.16662349,0.16668932
2017-01-11,0.090909414,0.090909414,0.090909414,0.09090976,0.5454524,0.09090954
2017-01-12,0.37499848,0.12500012,0.12500012,0.12500069,0.12500012,0.1250004
2017-01-13,0.37499997,0.12500001,0.12500001,0.12500004,0.12500001,0.12500003
2017-01-17,0.15727551,0.15727882,0.15727651,0.15727551,0.15727551,0.21361808
2017-01-18,0.16666639,0.16666639,0.16666639,0.16666764,0.16666639,0.1666668
2017-01-19,0.37500003,0.125,0.125,0.125,0.125,0.125
2017-01-20,0.16666664,0.16666664,0.16666664,0.16666679,0.16666664,0.16666667
2017-01-23,0.37500003,0.125,0.125,0.125,0.125,0.125
2017-01-24,0.16666664,0.16666664,0.16666664,0.16666672,0.16666664,0.16666667
2017-01-25,0.11111203,0.44443762,0.11111203,0.11111372,0.11111203,0.11111261
2017-01-26,0.111113675,0.44442523,0.111113675,0.11111845,0.111113675,0.1111153
2017-01-27,0.15727551,0.15727882,0.15727651,0.15727551,0.15727551,0.21361808
2017-01-30,0.15727551,0.15727882,0.15727651,0.15727551,0.15727551,0.21361808
2017-01-31,0.09091168,0.09091168,0.09091168,0.09091437,0.54543793,0.0909126
2017-02-01,0.15727551,0.15727882,0.15727651,0.15727551,0.15727551,0.21361808
2017-02-02,0.09091998,0.09091998,0.09091998,0.09093127,0.5453848,0.09092383
2017-02-03,0.3743643,0.12505329,0.12505329,0.12529947,0.12505335,0.12517636
2017-02-06,0.1665277,0.1665277,0.1665277,0.16714974,0.1665277,0.16673943
2017-02-07,0.09091457,0.09091457,0.09091457,0.09092025,0.54541945,0.0909165
2017-02-08,0.16662866,0.16662866,0.16662866,0.16679876,0.16662866,0.16668661
2017-02-09,0.09090913,0.09090913,0.09090913,0.09090918,0.5454542,0.09090915
2017-02-10,0.15727551,0.15727882,0.15727651,0.15727551,0.15727551,0.21361808
2017-02-13,0.37499997,0.125,0.125,0.12500001,0.125,0.125
2017-02-14,0.37500003,0.125,0.125,0.125,0.125,0.125
2017-02-15,0.15727551,0.15727882,0.15727651,0.15727551,0.15727551,0.21361808
2017-02-16,0.15727551,0.15727882,0.15727651,0.15727551,0.15727551,0.21361808
2017-02-17,0.090909086,0.090909086,0.090909086,0.090909086,0.54545456,0.090909086
2017-02-21,0.15727551,0.15727882,0.15727651,0.15727551,0.15727551,0.21361808
2017-02-22,0.090909086,0.090909086,0.090909086,0.090909086,0.54545456,0.090909086
2017-02-23,0.37500003,0.125,0.125,0.125,0.125,0.125
2017-02-24,0.15727551,0.15727882,0.15727651,0.15727551,0.15727551,0.21361808
2017-02-27,0.090909086,0.090909086,0.090909086,0.090909086,0.54545456,0.090909086
2017-02-28,0.16666663,0.16666663,0.16666663,0.1666668,0.16666663,0.16666669
2017-03-01,0.090909086,0.090909086,0.090909086,0.090909086,0.54545456,0.090909086
2017-03-02,0.090909086,0.090909086,0.090909086,0.090909086,0.54545456,0.090909086
2017-03-03,0.09090909,0.09090909,0.09090909,0.090909116,0.54545444,0.09090909
2017-03-06,0.15727551,0.15727882,0.15727651,0.15727551,0.15727551,0.21361808
2017-03-07,0.11112309,0.4443546,0.11112309,0.11114544,0.11112309,0.11113071
2017-03-08,0.11112196,0.4443631,0.11112196,0.11114218,0.11112196,0.111128844
2017-03-09,0.090909086,0.090909086,0.090909086,0.090909086,0.54545456,0.090909086
2017-03-10,0.11113188,0.4442887,0.11113188,0.11117061,0.11113188,0.11114508
2017-03-13,0.090909086,0.090909086,0.090909086,0.090909086,0.54545456,0.090909086
2017-03-14,0.37499997,0.125,0.125,0.12500001,0.125,0.125
2017-03-15,0.15727551,0.15727882,0.15727651,0.15727551,0.15727551,0.21361808
2017-03-16,0.15727551,0.15727882,0.15727651,0.15727551,0.15727551,0.21361808
2017-03-17,0.15727551,0.15727882,0.15727651,0.15727551,0.15727551,0.21361808
2017-03-20,0.11111114,0.4444442,0.11111114,0.11111121,0.11111114,0.11111117
2017-03-21,0.111111164,0.44444406,0.111111164,0.11111125,0.111111164,0.11111119
2017-03-22,0.111111164,0.44444406,0.111111164,0.11111127,0.111111164,0.1111112
2017-03-23,0.37500003,0.125,0.125,0.125,0.125,0.125
2017-03-24,0.090909086,0.090909086,0.090909086,0.090909086,0.54545456,0.090909086
2017-03-27,0.1111117,0.44444013,0.1111117,0.11111278,0.1111117,0.111112066
2017-03-28,0.37500003,0.125,0.125,0.125,0.125,0.125
2017-03-29,0.16666462,0.16666462,0.16666462,0.16667373,0.16666462,0.16666773
2017-03-30,0.37499854,0.12500012,0.12500012,0.12500069,0.12500012,0.12500042
2017-03-31,0.111553065,0.4411182,0.111553065,0.11238628,0.111553065,0.111836314
2017-04-03,0.11232233,0.43526688,0.11232233,0.11465441,0.112322345,0.11311171
2017-04-04,0.15727551,0.15727882,0.15727651,0.15727551,0.15727551,0.21361808
2017-04-05,0.11282389,0.43140778,0.11282389,0.11616797,0.112823896,0.1139526
2017-04-06,0.37479484,0.12501721,0.12501721,0.12509659,0.12501723,0.12505691
2017-04-07,0.11413006,0.42118293,0.11413006,0.12024768,0.11413008,0.116179146
2017-04-10,0.11418171,0.4207732,0.11418171,0.1204133,0.11418173,0.11626834
2017-04-11,0.37498876,0.12500095,0.12500095,0.12500529,0.12500095,0.12500311
2017-04-12,0.15727551,0.15727882,0.15727651,0.15727551,0.15727551,0.21361808
2017-04-13,0.11120023,0.44377577,0.11120023,0.11136665,0.11120023,0.11125692
2017-04-17,0.11111928,0.44438317,0.11111928,0.11113451,0.11111928,0.11112447
2017-04-18,0.15727551,0.15727882,0.15727651,0.15727551,0.15727551,0.21361808
2017-04-19,0.15727551,0.15727882,0.15727651,0.15727551,0.15727551,0.21361808
2017-04-20,0.1666666,0.1666666,0.1666666,0.1666669,0.1666666,0.16666669
2017-04-21,0.11111124,0.4444434,0.11111124,0.111111484,0.11111124,0.11111131
2017-04-24,0.16666658,0.16666658,0.16666658,0.166667,0.16666658,0.16666672
2017-04-25,0.111111194,0.44444382,0.111111194,0.11111136,0.111111194,0.111111246
2017-04-26,0.090909086,0.090909086,0.090909086,0.090909086,0.54545456,0.090909086
2017-04-27,0.37500003,0.125,0.125,0.125,0.125,0.125
2017-04-28,0.37499988,0.12500001,0.12500001,0.12500004,0.12500001,0.12500001
2017-05-01,0.11112484,0.44434148,0.11112484,0.11115044,0.11112484,0.11113357
2017-05-02,0.16663319,0.16663319,0.16663319,0.16678299,0.16663319,0.16668423
2017-05-03,0.3749947,0.12500045,0.12500045,0.12500252,0.12500045,0.12500148
2017-05-04,0.090909205,0.090909205,0.090909205,0.090909325,0.5454538,0.09090924
2017-05-05,0.15727551,0.15727882,0.15727651,0.15727551,0.15727551,0.21361808
2017-05-08,0.16661048,0.16661048,0.16661048,0.16686194,0.16661048,0.16669615
2017-05-09,0.111434355,0.44201425,0.111434355,0.11204178,0.111434355,0.111641
2017-05-10,0.11204321,0.4373992,0.11204321,0.113824144,0.11204321,0.112647004
2017-05-11,0.37499997,0.12500001,0.12500001,0.12500004,0.12500001,0.12500003
2017-05-12,0.37499997,0.12500001,0.12500001,0.12500004,0.12500001,0.12500003
2017-05-15,0.15727551,0.15727882,0.15727651,0.15727551,0.15727551,0.21361808
2017-05-16,0.16665845,0.16665845,0.16665845,0.16669525,0.16665845,0.166671
2017-05-17,0.15727551,0.15727882,0.15727651,0.15727551,0.15727551,0.21361808
2017-05-18,0.15727551,0.15727882,0.15727651,0.15727551,0.15727551,0.21361808
2017-05-19,0.16666648,0.16666648,0.16666648,0.16666737,0.16666648,0.16666678
2017-05-22,0.090909086,0.090909086,0.090909086,0.090909086,0.54545456,0.090909086
2017-05-23,0.15727551,0.15727882,0.15727651,0.15727551,0.15727551,0.21361808
2017-05-24,0.15727551,0.15727882,0.15727651,0.15727551,0.15727551,0.21361808
2017-05-25,0.37500003,0.125,0.125,0.125,0.125,0.125
2017-05-26,0.111111246,0.44444346,0.111111246,0.111111484,0.111111246,0.11111133
2017-05-30,0.37500003,0.125,0.125,0.125,0.125,0.125
2017-05-31,0.37499997,0.125,0.125,0.12500001,0.125,0.125
2017-06-01,0.16664964,0.16664964,0.16664964,0.16672587,0.16664964,0.16667561
2017-06-02,0.16664532,0.16664532,0.16664532,0.16674088,0.16664532,0.16667788
2017-06-05,0.090909265,0.090909265,0.090909265,0.09090946,0.54545337,0.09090933
2017-06-06,0.111114815,0.4444166,0.111114815,0.11112173,0.111114815,0.11111717
2017-06-07,0.11111445,0.44441935,0.11111445,0.11112069,0.11111445,0.11111658
2017-06-08,0.16664787,0.16664787,0.16664787,0.166732,0.16664787,0.16667654
2017-06-09,0.11111585,0.4444089,0.11111585,0.11112469,0.11111585,0.11111886
2017-06-12,0.15727551,0.15727882,0.15727651,0.15727551,0.15727551,0.21361808
2017-06-13,0.090909086,0.090909086,0.090909086,0.090909086,0.54545456,0.090909086
2017-06-14,0.090909086,0.090909086,0.090909086,0.090909086,0.54545456,0.090909086
2017-06-15,0.16666663,0.16666663,0.16666663,0.16666682,0.16666663,0.1666667
2017-06-16,0.11111115,0.44444415,0.11111115,0.111111216,0.11111115,0.11111117
2017-06-19,0.37500003,0.125,0.125,0.125,0.125,0.125
2017-06-20,0.15727551,0.15727882,0.15727651,0.15727551,0.15727551,0.21361808
2017-06-21,0.16666667,0.16666667,0.16666667,0.16666667,0.16666667,0.16666667
2017-06-22,0.37500003,0.125,0.125,0.125,0.125,0.125
2017-06-23,0.37500003,0.125,0.125,0.125,0.125,0.125
2017-06-26,0.090909086,0.090909086,0.090909086,0.090909086,0.54545456,0.090909086
2017-06-27,0.11111111,0.4444444,0.11111111,0.11111113,0.11111111,0.11111111
2017-06-28,0.11111115,0.44444415,0.11111115,0.111111216,0.11111115,0.11111117
2017-06-29,0.16666615,0.16666615,0.16666615,0.16666846,0.16666615,0.16666694
2017-06-30,0.16666357,0.16666357,0.16666357,0.16667745,0.16666357,0.16666831
2017-07-03,0.11112281,0.44435668,0.11112281,0.11114463,0.11112281,0.11113024
2017-07-05,0.16665195,0.16665195,0.16665195,0.1667178,0.16665195,0.16667439
2017-07-06,0.37499928,0.12500006,0.12500006,0.12500033,0.12500006,0.1250002
2017-07-07,0.15727551,0.15727882,0.15727651,0.15727551,0.15727551,0.21361808
2017-07-10,0.3749996,0.12500003,0.12500003,0.12500018,0.12500003,0.1250001
2017-07-11,0.15727551,0.15727882,0.15727651,0.15727551,0.15727551,0.21361808
2017-07-12,0.37499997,0.125,0.125,0.12500001,0.125,0.12500001
2017-07-13,0.11111327,0.4444282,0.11111327,0.11111731,0.11111327,0.11111465
2017-07-14,0.37500003,0.125,0.125,0.125,0.125,0.125
2017-07-17,0.090909086,0.090909086,0.090909086,0.090909086,0.54545456,0.090909086
2017-07-18,0.11111111,0.44444445,0.11111111,0.11111111,0.11111111,0.11111111
2017-07-19,0.090909086,0.090909086,0.090909086,0.090909086,0.54545456,0.090909086
2017-07-20,0.11111111,0.44444445,0.11111111,0.11111111,0.11111111,0.11111111
2017-07-21,0.15727551,0.15727882,0.15727651,0.15727551,0.15727551,0.21361808
2017-07-24,0.11111111,0.44444445,0.11111111,0.11111111,0.11111111,0.11111111
2017-07-25,0.37500003,0.125,0.125,0.125,0.125,0.125
2017-07-26,0.16666666,0.16666666,0.16666666,0.1666667,0.16666666,0.16666667
2017-07-27,0.16666664,0.16666664,0.16666664,0.16666675,0.16666664,0.16666669
2017-07-28,0.37500003,0.125,0.125,0.125,0.125,0.125
2017-07-31,0.090909086,0.090909086,0.090909086,0.090909086,0.54545456,0.090909086
2017-08-01,0.090909086,0.090909086,0.090909086,0.090909086,0.54545456,0.090909086
2017-08-02,0.15727551,0.15727882,0.15727651,0.15727551,0.15727551,0.21361808
2017-08-03,0.37499988,0.12500001,0.12500001,0.12500004,0.12500001,0.12500001
2017-08-04,0.090909086,0.090909086,0.090909086,0.090909086,0.54545456,0.090909086
2017-08-07,0.16666175,0.16666175,0.16666175,0.16668375,0.16666175,0.16666926
2017-08-08,0.090909086,0.090909086,0.090909086,0.090909086,0.54545456,0.090909086
2017-08-09,0.111112565,0.4444335,0.111112565,0.11111527,0.111112565,0.11111349
2017-08-10,0.16666578,0.16666578,0.16666578,0.16666974,0.16666578,0.16666713
2017-08-11,0.16666624,0.16666624,0.16666624,0.16666812,0.16666624,0.16666687
2017-08-14,0.11111139,0.44444236,0.11111139,0.1111119,0.11111139,0.11111156
2017-08-15,0.15727551,0.15727882,0.15727651,0.15727551,0.15727551,0.21361808
2017-08-16,0.11111111,0.44444445,0.11111111,0.11111111,0.11111111,0.11111111
2017-08-17,0.11111111,0.44444445,0.11111111,0.11111111,0.11111111,0.11111111
2017-08-18,0.11111111,0.44444445,0.11111111,0.11111111,0.11111111,0.11111111
2017-08-21,0.16666667,0.16666667,0.16666667,0.16666667,0.16666667,0.16666667
2017-08-22,0.090909086,0.090909086,0.090909086,0.090909086,0.54545456,0.090909086
2017-08-23,0.11111111,0.44444445,0.11111111,0.11111111,0.11111111,0.11111111
2017-08-24,0.11111111,0.44444445,0.11111111,0.11111111,0.11111111,0.11111111
2017-08-25,0.16666667,0.16666667,0.16666667,0.16666667,0.16666667,0.16666667
2017-08-28,0.16666666,0.16666666,0.16666666,0.16666669,0.16666666,0.16666669
2017-08-29,0.11111113,0.4444443,0.11111113,0.11111117,0.11111113,0.11111114
2017-08-30,0.090909086,0.090909086,0.090909086,0.090909086,0.54545456,0.090909086
2017-08-31,0.15727551,0.15727882,0.15727651,0.15727551,0.15727551,0.21361808
2017-09-01,0.11111201,0.44443762,0.11111201,0.11111371,0.11111201,0.111112595
2017-09-05,0.11111241,0.44443485,0.11111241,0.1111148,0.11111241,0.11111323
2017-09-06,0.11111339,0.4444274,0.11111339,0.11111763,0.11111339,0.11111484
2017-09-07,0.37499917,0.12500007,0.12500007,0.1250004,0.12500007,0.12500024
2017-09-08,0.15727551,0.15727882,0.15727651,0.15727551,0.15727551,0.21361808
2017-09-11,0.11111403,0.4444225,0.11111403,0.111119494,0.11111403,0.11111589
2017-09-12,0.090909086,0.090909086,0.090909086,0.090909086,0.54545456,0.090909086
2017-09-13,0.15727551,0.15727882,0.15727651,0.15727551,0.15727551,0.21361808
2017-09-14,0.37500003,0.125,0.125,0.125,0.125,0.125
2017-09-15,0.37500003,0.125,0.125,0.125,0.125,0.125
2017-09-18,0.11111111,0.44444445,0.11111111,0.11111111,0.11111111,0.11111111
2017-09-19,0.37500003,0.125,0.125,0.125,0.125,0.125
2017-09-20,0.16666667,0.16666667,0.16666667,0.16666667,0.16666667,0.16666667
2017-09-21,0.090909086,0.090909086,0.090909086,0.090909086,0.54545456,0.090909086
2017-09-22,0.11111111,0.44444445,0.11111111,0.11111111,0.11111111,0.11111111
2017-09-25,0.37500003,0.125,0.125,0.125,0.125,0.125
2017-09-26,0.16666666,0.16666666,0.16666666,0.16666669,0.16666666,0.16666667
2017-09-27,0.15727551,0.15727882,0.15727651,0.15727551,0.15727551,0.21361808
2017-09-28,0.37500003,0.125,0.125,0.125,0.125,0.125
2017-09-29,0.15727551,0.15727882,0.15727651,0.15727551,0.15727551,0.21361808
2017-10-02,0.16665831,0.16665831,0.16665831,0.1666957,0.16665831,0.16667104
2017-10-03,0.37499908,0.12500007,0.12500007,0.12500046,0.12500007,0.12500025
2017-10-04,0.16664132,0.16664132,0.16664132,0.1667548,0.16664132,0.16667998
2017-10-05,0.37499535,0.12500039,0.12500039,0.12500218,0.12500039,0.12500127
2017-10-06,0.11113702,0.44425017,0.11113702,0.1111853,0.11113702,0.111153476
2017-10-09,0.09090912,0.09090912,0.09090912,0.090909146,0.5454544,0.09090912
2017-10-10,0.37499878,0.1250001,0.1250001,0.12500057,0.1250001,0.12500033
2017-10-11,0.090909086,0.090909086,0.090909086,0.090909086,0.54545456,0.090909086
2017-10-12,0.37499982,0.12500001,0.12500001,0.12500009,0.12500001,0.12500006
2017-10-13,0.3749996,0.12500001,0.12500001,0.12500015,0.12500001,0.1250001
2017-10-16,0.090909086,0.090909086,0.090909086,0.090909086,0.54545456,0.090909086
2017-10-17,0.37500003,0.125,0.125,0.125,0.125,0.125
2017-10-18,0.37500003,0.125,0.125,0.125,0.125,0.125
2017-10-19,0.15727551,0.15727882,0.15727651,0.15727551,0.15727551,0.21361808
2017-10-20,0.090909086,0.090909086,0.090909086,0.090909086,0.54545456,0.090909086
2017-10-23,0.37500003,0.125,0.125,0.125,0.125,0.125
2017-10-24,0.11111339,0.4444274,0.11111339,0.11111763,0.11111339,0.11111484
2017-10-25,0.16666654,0.16666654,0.16666654,0.16666709,0.16666654,0.16666672
2017-10-26,0.11111364,0.44442552,0.11111364,0.11111834,0.11111364,0.11111524
2017-10-27,0.15727551,0.15727882,0.15727651,0.15727551,0.15727551,0.21361808
2017-10-30,0.16666228,0.16666228,0.16666228,0.16668187,0.16666228,0.16666895
2017-10-31,0.3749984,0.12500012,0.12500012,0.12500076,0.12500012,0.12500043
2017-11-01,0.11115523,0.4441136,0.11115523,0.11123749,0.11115523,0.11118325
2017-11-02,0.3749242,0.12500636,0.12500636,0.12503569,0.12500636,0.12502104
2017-11-03,0.111158065,0.44409227,0.111158065,0.111245655,0.111158065,0.111187905
2017-11-06,0.16650069,0.16650069,0.16650069,0.16724369,0.16650069,0.16675353
2017-11-07,0.09091,0.09091,0.09091,0.090910956,0.5454488,0.09091034
2017-11-08,0.09090939,0.09090939,0.09090939,0.09090969,0.5454526,0.090909496
2017-11-09,0.11115611,0.44410694,0.11115611,0.11124004,0.11115611,0.1111847
2017-11-10,0.090909086,0.090909086,0.090909086,0.090909086,0.54545456,0.090909086
2017-11-13,0.11112251,0.44435894,0.11112251,0.111143775,0.11112251,0.11112975
2017-11-14,0.15727551,0.15727882,0.15727651,0.15727551,0.15727551,0.21361808
2017-11-15,0.37499997,0.12500001,0.12500001,0.12500004,0.12500001,0.12500003
2017-11-16,0.11111113,0.4444443,0.11111113,0.11111117,0.11111113,0.11111114
2017-11-17,0.11111111,0.44444445,0.11111111,0.11111111,0.11111111,0.11111111
2017-11-20,0.090909086,0.090909086,0.090909086,0.090909086,0.54545456,0.090909086
2017-11-21,0.37500003,0.125,0.125,0.125,0.125,0.125
2017-11-22,0.37500003,0.125,0.125,0.125,0.125,0.125
2017-11-24,0.16666666,0.16666666,0.16666666,0.16666669,0.16666666,0.16666669
2017-11-27,0.111111164,0.44444412,0.111111164,0.11111124,0.111111164,0.11111119
2017-11-28,0.15727551,0.15727882,0.15727651,0.15727551,0.15727551,0.21361808
2017-11-29,0.16666654,0.16666654,0.16666654,0.16666713,0.16666654,0.16666673
2017-11-30,0.09090909,0.09090909,0.09090909,0.090909116,0.54545444,0.09090909
2017-12-01,0.15727551,0.15727882,0.15727651,0.15727551,0.15727551,0.21361808
2017-12-04,0.16663724,0.16663724,0.16663724,0.16676894,0.16663724,0.16668212
2017-12-05,0.3749035,0.1250081,0.1250081,0.12504542,0.1250081,0.12502678
2017-12-06,0.09090921,0.09090921,0.09090921,0.09090934,0.5454538,0.09090925
2017-12-07,0.3749327,0.12500565,0.12500565,0.12503168,0.12500565,0.12501866
2017-12-08,0.09090912,0.09090912,0.09090912,0.090909146,0.5454544,0.09090912
2017-12-11,0.15727551,0.15727882,0.15727651,0.15727551,0.15727551,0.21361808
2017-12-12,0.090909086,0.090909086,0.090909086,0.090909086,0.54545456,0.090909086
2017-12-13,0.090909086,0.090909086,0.090909086,0.090909086,0.54545456,0.090909086
2017-12-14,0.37500003,0.125,0.125,0.125,0.125,0.125
2017-12-15,0.16666596,0.16666596,0.16666596,0.16666913,0.16666596,0.16666703
2017-12-18,0.37500003,0.125,0.125,0.125,0.125,0.125
2017-12-19,0.16666661,0.16666661,0.16666661,0.16666688,0.16666661,0.1666667
2017-12-20,0.090909086,0.090909086,0.090909086,0.090909086,0.54545456,0.090909086
2017-12-21,0.11111115,0.44444415,0.11111115,0.111111216,0.11111115,0.11111117
2017-12-22,0.111111164,0.44444406,0.111111164,0.11111125,0.111111164,0.1111112
2017-12-26,0.11111118,0.44444394,0.11111118,0.11111131,0.11111118,0.11111122
2017-12-27,0.37500003,0.125,0.125,0.125,0.125,0.125
2017-12-28,0.090909086,0.090909086,0.090909086,0.090909086,0.54545456,0.090909086
2017-12-29,0.16666654,0.16666654,0.16666654,0.16666707,0.16666654,0.16666672
2018-01-02,0.090909086,0.090909086,0.090909086,0.090909086,0.54545456,0.090909086
2018-01-03,0.1666639,0.1666639,0.1666639,0.16667625,0.1666639,0.16666812
2018-01-04,0.09090909,0.09090909,0.09090909,0.090909116,0.54545444,0.09090909
2018-01-05,0.1666624,0.1666624,0.1666624,0.16668156,0.1666624,0.16666892
2018-01-08,0.15727551,0.15727882,0.15727651,0.15727551,0.15727551,0.21361808
2018-01-09,0.1666619,0.1666619,0.1666619,0.16668326,0.1666619,0.16666919
2018-01-10,0.11116314,0.44405413,0.11116314,0.11126021,0.11116314,0.1111962
2018-01-11,0.37499985,0.12500001,0.12500001,0.12500006,0.12500001,0.12500003
2018-01-12,0.090909086,0.090909086,0.090909086,0.090909086,0.54545456,0.090909086
2018-01-16,0.37500003,0.125,0.125,0.125,0.125,0.125
2018-01-17,0.15727551,0.15727882,0.15727651,0.15727551,0.15727551,0.21361808
2018-01-18,0.37500003,0.125,0.125,0.125,0.125,0.125
2018-01-19,0.15727551,0.15727882,0.15727651,0.15727551,0.15727551,0.21361808
2018-01-22,0.15727551,0.15727882,0.15727651,0.15727551,0.15727551,0.21361808
2018-01-23,0.16666666,0.16666666,0.16666666,0.16666669,0.16666666,0.16666667
2018-01-24,0.090909086,0.090909086,0.090909086,0.090909086,0.54545456,0.090909086
2018-01-25,0.090909086,0.090909086,0.090909086,0.090909086,0.54545456,0.090909086
2018-01-26,0.111113586,0.44442597,0.111113586,0.111118175,0.111113586,0.11111514
2018-01-29,0.37499875,0.1250001,0.1250001,0.12500061,0.1250001,0.12500037
2018-01-30,0.16665874,0.16665874,0.16665874,0.16669416,0.16665874,0.16667081
2018-01-31,0.16662925,0.16662925,0.16662925,0.16679665,0.16662925,0.1666863
2018-02-01,0.16656582,0.16656582,0.16656582,0.16701719,0.16656582,0.16671951
2018-02-02,0.15727551,0.15727882,0.15727651,0.15727551,0.15727551,0.21361808
2018-02-05,0.16655385,0.16655385,0.16655385,0.1670588,0.16655385,0.16672577
2018-02-06,0.11136117,0.4425655,0.11136117,0.111830175,0.11136117,0.11152079
2018-02-07,0.15727551,0.15727882,0.15727651,0.15727551,0.15727551,0.21361808
2018-02-08,0.37471727,0.12502374,0.12502374,0.12513313,0.12502377,0.12507844
2018-02-09,0.37497038,0.12500247,0.12500247,0.12501395,0.12500247,0.1250082
2018-02-12,0.16666245,0.16666245,0.16666245,0.16668132,0.16666245,0.16666889
2018-02-13,0.11113165,0.44429037,0.11113165,0.11116995,0.11113165,0.111144714
2018-02-14,0.090909086,0.090909086,0.090909086,0.090909086,0.54545456,0.090909086
2018-02-15,0.090909086,0.090909086,0.090909086,0.090909086,0.54545456,0.090909086
2018-02-16,0.37500003,0.125,0.125,0.125,0.125,0.125
2018-02-20,0.15727551,0.15727882,0.15727651,0.15727551,0.15727551,0.21361808
2018-02-21,0.090909086,0.090909086,0.090909086,0.090909086,0.54545456,0.090909086
2018-02-22,0.16666667,0.16666667,0.16666667,0.16666667,0.16666667,0.16666667
2018-02-23,0.090909086,0.090909086,0.090909086,0.090909086,0.54545456,0.090909086
2018-02-26,0.11111114,0.4444442,0.11111114,0.1111112,0.11111114,0.11111116
2018-02-27,0.11111158,0.44444096,0.11111158,0.11111245,0.11111158,0.11111187
2018-02-28,0.15727551,0.15727882,0.15727651,0.15727551,0.15727551,0.21361808
2018-03-01,0.37499866,0.1250001,0.1250001,0.12500064,0.1250001,0.12500037
2018-03-02,0.15727551,0.15727882,0.15727651,0.15727551,0.15727551,0.21361808
2018-03-05,0.1666616,0.1666616,0.1666616,0.16668427,0.1666616,0.16666932
2018-03-06,0.090909116,0.090909116,0.090909116,0.09090913,0.54545444,0.09090913
2018-03-07,0.11112801,0.4443177,0.11112801,0.11115951,0.11112801,0.11113873
2018-03-08,0.11111993,0.44437823,0.11111993,0.111136384,0.11111993,0.111125536
2018-03-09,0.16666254,0.16666254,0.16666254,0.166681,0.16666254,0.16666883
2018-03-12,0.15727551,0.15727882,0.15727651,0.15727551,0.15727551,0.21361808
2018-03-13,0.15727551,0.15727882,0.15727651,0.15727551,0.15727551,0.21361808
2018-03-14,0.11111128,0.44444317,0.11111128,0.1111116,0.11111128,0.11111139
2018-03-15,0.111111164,0.44444406,0.111111164,0.11111125,0.111111164,0.11111119
2018-03-16,0.11111111,0.4444444,0.11111111,0.11111113,0.11111111,0.11111111
2018-03-19,0.11111111,0.44444445,0.11111111,0.11111111,0.11111111,0.11111111
2018-03-20,0.090909086,0.090909086,0.090909086,0.090909086,0.54545456,0.090909086
2018-03-21,0.15727551,0.15727882,0.15727651,0.15727551,0.15727551,0.21361808
2018-03-22,0.090909086,0.090909086,0.090909086,0.090909086,0.54545456,0.090909086
2018-03-23,0.11111111,0.4444444,0.11111111,0.11111113,0.11111111,0.11111111
2018-03-26,0.11111111,0.4444444,0.11111111,0.11111113,0.11111111,0.11111111
2018-03-27,0.37500003,0.125,0.125,0.125,0.125,0.125
2018-03-28,0.111111596,0.44444087,0.111111596,0.1111125,0.111111596,0.1111119
2018-03-29,0.15727551,0.15727882,0.15727651,0.15727551,0.15727551,0.21361808
2018-04-02,0.37496316,0.1250031,0.1250031,0.12501734,0.1250031,0.12501022
2018-04-03,0.16661806,0.16661806,0.16661806,0.1668356,0.16661806,0.16669217
2018-04-04,0.3748449,0.12501301,0.12501301,0.12507299,0.12501302,0.125043
2018-04-05,0.3748903,0.12500922,0.12500922,0.12505165,0.12500922,0.12503043
2018-04-06,0.11116814,0.44401664,0.11116814,0.111274555,0.11116814,0.11120439
2018-04-09,0.1666225,0.1666225,0.1666225,0.16682015,0.1666225,0.16668983
2018-04-10,0.16663976,0.16663976,0.16663976,0.16676018,0.16663976,0.16668078
2018-04-11,0.16665676,0.16665676,0.16665676,0.16670108,0.16665676,0.16667186
2018-04-12,0.37499812,0.12500016,0.12500016,0.12500091,0.12500016,0.12500055
2018-04-13,0.15727551,0.15727882,0.15727651,0.15727551,0.15727551,0.21361808
2018-04-16,0.11111886,0.44438633,0.11111886,0.11113331,0.11111886,0.11112377
2018-04-17,0.090909086,0.090909086,0.090909086,0.090909086,0.54545456,0.090909086
2018-04-18,0.15727551,0.15727882,0.15727651,0.15727551,0.15727551,0.21361808
2018-04-19,0.090909086,0.090909086,0.090909086,0.090909086,0.54545456,0.090909086
2018-04-20,0.16666664,0.16666664,0.16666664,0.1666668,0.16666664,0.16666669
2018-04-23,0.15727551,0.15727882,0.15727651,0.15727551,0.15727551,0.21361808
2018-04-24,0.090909086,0.090909086,0.090909086,0.090909086,0.54545456,0.090909086
2018-04-25,0.37499997,0.125,0.125,0.12500001,0.125,0.125
2018-04-26,0.090909086,0.090909086,0.090909086,0.090909086,0.54545456,0.090909086
2018-04-27,0.15727551,0.15727882,0.15727651,0.15727551,0.15727551,0.21361808
2018-04-30,0.090909086,0.090909086,0.090909086,0.090909086,0.54545456,0.090909086
2018-05-01,0.15727551,0.15727882,0.15727651,0.15727551,0.15727551,0.21361808
2018-05-02,0.37479648,0.12501708,0.12501708,0.1250958,0.12501709,0.12505645
2018-05-03,0.1665895,0.1665895,0.1665895,0.16693486,0.1665895,0.16670711
2018-05-04,0.16658582,0.16658582,0.16658582,0.16694763,0.16658582,0.16670905
2018-05-07,0.111121126,0.44436935,0.111121126,0.11113981,0.111121126,0.11112748
2018-05-08,0.111119434,0.44438204,0.111119434,0.11113492,0.111119434,0.1111247
2018-05-09,0.09090909,0.09090909,0.09090909,0.090909116,0.54545444,0.09090909
2018-05-10,0.15727551,0.15727882,0.15727651,0.15727551,0.15727551,0.21361808
2018-05-11,0.3749854,0.12500122,0.12500122,0.12500684,0.12500122,0.12500402
2018-05-14,0.11114204,0.4442126,0.11114204,0.11119969,0.11114204,0.11116169
2018-05-15,0.1666612,0.1666612,0.1666612,0.16668567,0.1666612,0.16666955
2018-05-16,0.15727551,0.15727882,0.15727651,0.15727551,0.15727551,0.21361808
2018-05-17,0.16666657,0.16666657,0.16666657,0.16666704,0.16666657,0.16666673
2018-05-18,0.16666664,0.16666664,0.16666664,0.16666679,0.16666664,0.16666667
2018-05-21,0.15727551,0.15727882,0.15727651,0.15727551,0.15727551,0.21361808
2018-05-22,0.11111111,0.44444445,0.11111111,0.11111111,0.11111111,0.11111111
2018-05-23,0.15727551,0.15727882,0.15727651,0.15727551,0.15727551,0.21361808
2018-05-24,0.15727551,0.15727882,0.15727651,0.15727551,0.15727551,0.21361808
2018-05-25,0.11111111,0.44444445,0.11111111,0.11111111,0.11111111,0.11111111
2018-05-29,0.11111111,0.4444444,0.11111111,0.11111113,0.11111111,0.11111111
2018-05-30,0.11111114,0.44444427,0.11111114,0.111111194,0.11111114,0.11111116
2018-05-31,0.09090909,0.09090909,0.09090909,0.09090909,0.54545444,0.09090909
2018-06-01,0.11111277,0.44443193,0.11111277,0.11111587,0.11111277,0.11111383
2018-06-04,0.11111386,0.44442374,0.11111386,0.111119,0.11111386,0.11111561
2018-06-05,0.15727551,0.15727882,0.15727651,0.15727551,0.15727551,0.21361808
2018-06-06,0.16656646,0.16656646,0.16656646,0.16701497,0.16656646,0.16671918
2018-06-07,0.15727551,0.15727882,0.15727651,0.15727551,0.15727551,0.21361808
2018-06-08,0.16661535,0.16661535,0.16661535,0.16684501,0.16661535,0.16669357
2018-06-11,0.1666435,0.1666435,0.1666435,0.16674718,0.1666435,0.16667883
2018-06-12,0.16664821,0.16664821,0.16664821,0.16673085,0.16664821,0.16667636
2018-06-13,0.16666006,0.16666006,0.16666006,0.16668963,0.16666006,0.16667014
2018-06-14,0.16666536,0.16666536,0.16666536,0.1666712,0.16666536,0.16666736
2018-06-15,0.15727551,0.15727882,0.15727651,0.15727551,0.15727551,0.21361808
2018-06-18,0.090909086,0.090909086,0.090909086,0.090909086,0.54545456,0.090909086
2018-06-19,0.15727551,0.15727882,0.15727651,0.15727551,0.15727551,0.21361808
2018-06-20,0.37500003,0.125,0.125,0.125,0.125,0.125
2018-06-21,0.15727551,0.15727882,0.15727651,0.15727551,0.15727551,0.21361808
2018-06-22,0.090909086,0.090909086,0.090909086,0.090909086,0.54545456,0.090909086
2018-06-25,0.11111111,0.44444445,0.11111111,0.11111111,0.11111111,0.11111111
2018-06-26,0.16666664,0.16666664,0.16666664,0.16666672,0.16666664,0.16666667
2018-06-27,0.15727551,0.15727882,0.15727651,0.15727551,0.15727551,0.21361808
2018-06-28,0.37500003,0.125,0.125,0.125,0.125,0.125
2018-06-29,0.37499997,0.125,0.125,0.12500001,0.125,0.125
2018-07-02,0.090909086,0.090909086,0.090909086,0.090909086,0.54545456,0.090909086
2018-07-03,0.16665542,0.16665542,0.16665542,0.16670576,0.16665542,0.16667257
2018-07-05,0.37499794,0.12500018,0.12500018,0.12500098,0.12500018,0.12500058
2018-07-06,0.37499785,0.12500018,0.12500018,0.125001,0.12500018,0.1250006
2018-07-09,0.37499836,0.12500015,0.12500015,0.12500077,0.12500015,0.12500048
2018-07-10,0.37499836,0.12500015,0.12500015,0.12500079,0.12500015,0.12500048
2018-07-11,0.15727551,0.15727882,0.15727651,0.15727551,0.15727551,0.21361808
2018-07-12,0.111112736,0.4444323,0.111112736,0.11111577,0.111112736,0.11111377
2018-07-13,0.16666268,0.16666268,0.16666268,0.16668054,0.16666268,0.16666877
2018-07-16,0.111111164,0.44444406,0.111111164,0.11111125,0.111111164,0.11111119
2018-07-17,0.37500003,0.125,0.125,0.125,0.125,0.125
2018-07-18,0.37500003,0.125,0.125,0.125,0.125,0.125
2018-07-19,0.090909086,0.090909086,0.090909086,0.090909086,0.54545456,0.090909086
2018-07-20,0.37500003,0.125,0.125,0.125,0.125,0.125
2018-07-23,0.16666664,0.16666664,0.16666664,0.16666675,0.16666664,0.16666667
2018-07-24,0.090909086,0.090909086,0.090909086,0.090909086,0.54545456,0.090909086
2018-07-25,0.090909086,0.090909086,0.090909086,0.090909086,0.54545456,0.090909086
2018-07-26,0.16666661,0.16666661,0.16666661,0.16666687,0.16666661,0.1666667
2018-07-27,0.37500003,0.125,0.125,0.125,0.125,0.125
2018-07-30,0.15727551,0.15727882,0.15727651,0.15727551,0.15727551,0.21361808
2018-07-31,0.16666438,0.16666438,0.16666438,0.16667458,0.16666438,0.16666786
2018-08-01,0.37499952,0.12500004,0.12500004,0.12500024,0.12500004,0.12500015
2018-08-02,0.16665447,0.16665447,0.16665447,0.16670904,0.16665447,0.16667305
2018-08-03,0.090909086,0.090909086,0.090909086,0.090909086,0.54545456,0.090909086
2018-08-06,0.090909086,0.090909086,0.090909086,0.090909086,0.54545456,0.090909086
2018-08-07,0.1111127,0.4444326,0.1111127,0.11111566,0.1111127,0.111113705
2018-08-08,0.37499675,0.12500025,0.12500025,0.12500153,0.12500025,0.1250009
2018-08-09,0.15727551,0.15727882,0.15727651,0.15727551,0.15727551,0.21361808
2018-08-10,0.090909086,0.090909086,0.090909086,0.090909086,0.54545456,0.090909086
2018-08-13,0.37499976,0.12500003,0.12500003,0.12500015,0.12500003,0.12500007
2018-08-14,0.37499997,0.125,0.125,0.12500001,0.125,0.125
2018-08-15,0.11111113,0.4444443,0.11111113,0.11111117,0.11111113,0.11111114
2018-08-16,0.16666663,0.16666663,0.16666663,0.1666668,0.16666663,0.16666669
2018-08-17,0.11111111,0.44444445,0.11111111,0.11111111,0.11111111,0.11111111
2018-08-20,0.11111111,0.44444445,0.11111111,0.11111111,0.11111111,0.11111111
2018-08-21,0.090909086,0.090909086,0.090909086,0.090909086,0.54545456,0.090909086
2018-08-22,0.11111111,0.44444445,0.11111111,0.11111111,0.11111111,0.11111111
2018-08-23,0.16666667,0.16666667,0.16666667,0.16666667,0.16666667,0.16666667
2018-08-24,0.15727551,0.15727882,0.15727651,0.15727551,0.15727551,0.21361808
2018-08-27,0.090909086,0.090909086,0.090909086,0.090909086,0.54545456,0.090909086
2018-08-28,0.37500003,0.125,0.125,0.125,0.125,0.125
2018-08-29,0.16666655,0.16666655,0.16666655,0.16666706,0.16666655,0.16666673
2018-08-30,0.111111164,0.44444406,0.111111164,0.11111127,0.111111164,0.1111112
2018-08-31,0.16666377,0.16666377,0.16666377,0.16667676,0.16666377,0.16666819
2018-09-04,0.37499988,0.12500001,0.12500001,0.12500004,0.12500001,0.12500003
2018-09-05,0.111111514,0.44444135,0.111111514,0.11111227,0.111111514,0.111111775
2018-09-06,0.15727551,0.15727882,0.15727651,0.15727551,0.15727551,0.21361808
2018-09-07,0.11111177,0.4444395,0.11111177,0.111113004,0.11111177,0.11111219
2018-09-10,0.090909086,0.090909086,0.090909086,0.090909086,0.54545456,0.090909086
2018-09-11,0.37499762,0.1250002,0.1250002,0.12500113,0.1250002,0.12500066
2018-09-12,0.15727551,0.15727882,0.15727651,0.15727551,0.15727551,0.21361808
2018-09-13,0.15727551,0.15727882,0.15727651,0.15727551,0.15727551,0.21361808
2018-09-14,0.090909086,0.090909086,0.090909086,0.090909086,0.54545456,0.090909086
2018-09-17,0.37499997,0.125,0.125,0.12500001,0.125,0.12500001
2018-09-18,0.16666657,0.16666657,0.16666657,0.16666701,0.16666657,0.16666672
2018-09-19,0.11111111,0.44444445,0.11111111,0.11111111,0.11111111,0.11111111
2018-09-20,0.090909086,0.090909086,0.090909086,0.090909086,0.54545456,0.090909086
2018-09-21,0.11111111,0.44444445,0.11111111,0.11111111,0.11111111,0.11111111
2018-09-24,0.37500003,0.125,0.125,0.125,0.125,0.125
2018-09-25,0.090909086,0.090909086,0.090909086,0.090909086,0.54545456,0.090909086
2018-09-26,0.11111111,0.4444444,0.11111111,0.11111113,0.11111111,0.11111111
2018-09-27,0.16666655,0.16666655,0.16666655,0.16666704,0.16666655,0.16666672
2018-09-28,0.090909086,0.090909086,0.090909086,0.090909086,0.54545456,0.090909086
2018-10-01,0.16666201,0.16666201,0.16666201,0.16668291,0.16666201,0.16666913
2018-10-02,0.090909086,0.090909086,0.090909086,0.090909086,0.54545456,0.090909086
2018-10-03,0.090909086,0.090909086,0.090909086,0.090909086,0.54545456,0.090909086
2018-10-04,0.37498927,0.1250009,0.1250009,0.12500507,0.1250009,0.12500297
2018-10-05,0.16664091,0.16664091,0.16664091,0.16675623,0.16664091,0.16668019
2018-10-08,0.37495208,0.12500401,0.12500401,0.12502253,0.12500401,0.12501328
2018-10-09,0.111113325,0.44442782,0.111113325,0.11111746,0.111113325,0.11111473
2018-10-10,0.16664748,0.16664748,0.16664748,0.16673337,0.16664748,0.16667674
2018-10-11,0.090909086,0.090909086,0.090909086,0.090909086,0.54545456,0.090909086
2018-10-12,0.3746163,0.12503219,0.12503219,0.12518069,0.12503222,0.12510645
2018-10-15,0.3736666,0.12511152,0.12511149,0.12562877,0.12511162,0.12536998
2018-10-16,0.15727551,0.15727882,0.15727651,0.15727551,0.15727551,0.21361808
2018-10-17,0.3749494,0.12500423,0.12500423,0.12502381,0.12500423,0.12501404
2018-10-18,0.3749754,0.12500207,0.12500207,0.12501158,0.12500207,0.12500681
2018-10-19,0.090909086,0.090909086,0.090909086,0.090909086,0.54545456,0.090909086
2018-10-22,0.16666657,0.16666657,0.16666657,0.16666704,0.16666657,0.16666672
2018-10-23,0.1666666,0.1666666,0.1666666,0.16666692,0.1666666,0.1666667
2018-10-24,0.37499997,0.125,0.125,0.12500001,0.125,0.12500001
2018-10-25,0.16666658,0.16666658,0.16666658,0.16666698,0.16666658,0.16666672
2018-10-26,0.15727551,0.15727882,0.15727651,0.15727551,0.15727551,0.21361808
2018-10-29,0.37499997,0.12500001,0.12500001,0.12500004,0.12500001,0.12500003
2018-10-30,0.09090909,0.09090909,0.09090909,0.090909116,0.54545444,0.09090909
2018-10-31,0.37497947,0.12500173,0.12500173,0.1250097,0.12500173,0.1250057
2018-11-01,0.15727551,0.15727882,0.15727651,0.15727551,0.15727551,0.21361808
2018-11-02,0.16655932,0.16655932,0.16655932,0.16703978,0.16655932,0.16672291
2018-11-05,0.15727551,0.15727882,0.15727651,0.15727551,0.15727551,0.21361808
2018-11-06,0.3714188,0.12529734,0.1252973,0.12669459,0.12529764,0.12599428
2018-11-07,0.37123853,0.12531212,0.12531209,0.12678042,0.12531245,0.12604441
2018-11-08,0.16654088,0.16654088,0.16654088,0.16710392,0.16654088,0.16673255
2018-11-09,0.15727551,0.15727882,0.15727651,0.15727551,0.15727551,0.21361808
2018-11-12,0.11139677,0.4422975,0.11139677,0.11193303,0.11139677,0.11157924
2018-11-13,0.11145405,0.4418656,0.11145405,0.11209885,0.11145405,0.111673385
2018-11-14,0.11118704,0.44387475,0.11118704,0.11132878,0.11118704,0.11123532
2018-11-15,0.1666605,0.1666605,0.1666605,0.16668813,0.1666605,0.16666992
2018-11-16,0.15727551,0.15727882,0.15727651,0.15727551,0.15727551,0.21361808
2018-11-19,0.15727551,0.15727882,0.15727651,0.15727551,0.15727551,0.21361808
2018-11-20,0.37499982,0.12500001,0.12500001,0.12500009,0.12500001,0.12500006
2018-11-21,0.1666666,0.1666666,0.1666666,0.16666692,0.1666666,0.1666667
2018-11-23,0.15727551,0.15727882,0.15727651,0.15727551,0.15727551,0.21361808
2018-11-26,0.11111113,0.4444443,0.11111113,0.11111116,0.11111113,0.11111114
2018-11-27,0.15727551,0.15727882,0.15727651,0.15727551,0.15727551,0.21361808
2018-11-28,0.15727551,0.15727882,0.15727651,0.15727551,0.15727551,0.21361808
2018-11-29,0.15727551,0.15727882,0.15727651,0.15727551,0.15727551,0.21361808
2018-11-30,0.37499514,0.12500039,0.12500039,0.1250023,0.12500039,0.12500133
2018-12-03,0.15727551,0.15727882,0.15727651,0.15727551,0.15727551,0.21361808
2018-12-04,0.16653888,0.16653888,0.16653888,0.16711086,0.16653888,0.1667336
2018-12-06,0.16657084,0.16657084,0.16657084,0.16699971,0.16657084,0.16671687
2018-12-07,0.16660854,0.16660854,0.16660854,0.16686869,0.16660854,0.16669714
2018-12-10,0.3747685,0.12501943,0.12501943,0.125109,0.12501946,0.12506424
2018-12-11,0.15727551,0.15727882,0.15727651,0.15727551,0.15727551,0.21361808
2018-12-12,0.16665995,0.16665995,0.16665995,0.16668998,0.16665995,0.16667017
2018-12-13,0.090909086,0.090909086,0.090909086,0.090909086,0.54545456,0.090909086
2018-12-14,0.15727551,0.15727882,0.15727651,0.15727551,0.15727551,0.21361808
2018-12-17,0.37499908,0.12500007,0.12500007,0.12500043,0.12500007,0.12500025
2018-12-18,0.15727551,0.15727882,0.15727651,0.15727551,0.15727551,0.21361808
2018-12-19,0.090909086,0.090909086,0.090909086,0.090909086,0.54545456,0.090909086
2018-12-20,0.11111111,0.44444445,0.11111111,0.11111111,0.11111111,0.11111111
2018-12-21,0.15727551,0.15727882,0.15727651,0.15727551,0.15727551,0.21361808
2018-12-24,0.11111111,0.44444445,0.11111111,0.11111111,0.11111111,0.11111111
2018-12-26,0.37500003,0.125,0.125,0.125,0.125,0.125
2018-12-27,0.37500003,0.125,0.125,0.125,0.125,0.125
2018-12-28,0.37499997,0.125,0.125,0.12500001,0.125,0.125
2018-12-31,0.09090909,0.09090909,0.09090909,0.090909116,0.54545444,0.09090909
2019-01-02,0.111134864,0.4442664,0.111134864,0.11117911,0.111134864,0.11114994
2019-01-03,0.11118582,0.44388393,0.11118582,0.11132529,0.11118582,0.11123332
2019-01-04,0.15727551,0.15727882,0.15727651,0.15727551,0.15727551,0.21361808
2019-01-07,0.0909186,0.0909186,0.0909186,0.09092844,0.5453939,0.09092196
2019-01-08,0.090917386,0.090917386,0.090917386,0.090925954,0.54540163,0.090920314
2019-01-09,0.37498292,0.12500145,0.12500145,0.12500806,0.12500145,0.12500475
2019-01-10,0.37499192,0.12500069,0.12500069,0.12500381,0.12500069,0.12500225
2019-01-11,0.374996,0.12500033,0.12500033,0.12500189,0.12500033,0.1250011
2019-01-14,0.1114371,0.44199336,0.1114371,0.112049766,0.1114371,0.11164553
2019-01-15,0.090909086,0.090909086,0.090909086,0.090909086,0.54545456,0.090909086
2019-01-16,0.37500003,0.125,0.125,0.125,0.125,0.125
2019-01-17,0.11111305,0.44442993,0.11111305,0.11111666,0.11111305,0.11111428
2019-01-18,0.090909086,0.090909086,0.090909086,0.090909086,0.54545456,0.090909086
2019-01-22,0.090909086,0.090909086,0.090909086,0.090909086,0.54545456,0.090909086
2019-01-23,0.11111111,0.4444444,0.11111111,0.11111113,0.11111111,0.11111111
2019-01-24,0.37500003,0.125,0.125,0.125,0.125,0.125
2019-01-25,0.15727551,0.15727882,0.15727651,0.15727551,0.15727551,0.21361808
2019-01-28,0.37499997,0.125,0.125,0.12500001,0.125,0.125
2019-01-29,0.090909086,0.090909086,0.090909086,0.090909086,0.54545456,0.090909086
2019-01-30,0.16665262,0.16665262,0.16665262,0.16671547,0.16665262,0.16667403
2019-01-31,0.15727551,0.15727882,0.15727651,0.15727551,0.15727551,0.21361808
2019-02-01,0.15727551,0.15727882,0.15727651,0.15727551,0.15727551,0.21361808
2019-02-04,0.090909526,0.090909526,0.090909526,0.09090998,0.5454518,0.090909675
2019-02-05,0.15727551,0.15727882,0.15727651,0.15727551,0.15727551,0.21361808
2019-02-06,0.37406427,0.12507837,0.12507835,0.125441,0.12507844,0.12525961
2019-02-07,0.37435424,0.12505414,0.12505412,0.12530419,0.12505418,0.12517914
2019-02-08,0.16657884,0.16657884,0.16657884,0.16697189,0.16657884,0.16671269
2019-02-11,0.16664515,0.16664515,0.16664515,0.1667414,0.16664515,0.16667795
2019-02-12,0.090909086,0.090909086,0.090909086,0.090909086,0.54545456,0.090909086
2019-02-13,0.15727551,0.15727882,0.15727651,0.15727551,0.15727551,0.21361808
2019-02-14,0.37499997,0.12500001,0.12500001,0.12500004,0.12500001,0.12500003
2019-02-15,0.15727551,0.15727882,0.15727651,0.15727551,0.15727551,0.21361808
2019-02-19,0.090909086,0.090909086,0.090909086,0.090909086,0.54545456,0.090909086
2019-02-20,0.11111111,0.4444444,0.11111111,0.11111113,0.11111111,0.11111111
2019-02-21,0.37500003,0.125,0.125,0.125,0.125,0.125
2019-02-22,0.37500003,0.125,0.125,0.125,0.125,0.125
2019-02-25,0.11111113,0.44444436,0.11111113,0.11111116,0.11111113,0.11111114
2019-02-26,0.37500003,0.125,0.125,0.125,0.125,0.125
2019-02-27,0.15727551,0.15727882,0.15727651,0.15727551,0.15727551,0.21361808
2019-02-28,0.090909086,0.090909086,0.090909086,0.090909086,0.54545456,0.090909086
2019-03-01,0.090909086,0.090909086,0.090909086,0.090909086,0.54545456,0.090909086
2019-03-04,0.111114986,0.44441545,0.111114986,0.111122206,0.111114986,0.111117445
2019-03-05,0.3749661,0.12500285,0.12500285,0.12501594,0.12500285,0.1250094
2019-03-06,0.090909086,0.090909086,0.090909086,0.090909086,0.54545456,0.090909086
2019-03-07,0.15727551,0.15727882,0.15727651,0.15727551,0.15727551,0.21361808
2019-03-08,0.11111449,0.44441912,0.11111449,0.111120775,0.11111449,0.11111663
2019-03-11,0.16664961,0.16664961,0.16664961,0.1667259,0.16664961,0.16667561
2019-03-12,0.15727551,0.15727882,0.15727651,0.15727551,0.15727551,0.21361808
2019-03-13,0.15727551,0.15727882,0.15727651,0.15727551,0.15727551,0.21361808
2019-03-14,0.16666567,0.16666567,0.16666567,0.16667014,0.16666567,0.16666721
2019-03-15,0.37500003,0.125,0.125,0.125,0.125,0.125
2019-03-18,0.090909086,0.090909086,0.090909086,0.090909086,0.54545456,0.090909086
2019-03-19,0.090909086,0.090909086,0.090909086,0.090909086,0.54545456,0.090909086
2019-03-20,0.11111113,0.44444436,0.11111113,0.11111116,0.11111113,0.11111114
2019-03-21,0.16666664,0.16666664,0.16666664,0.1666667,0.16666664,0.16666666
2019-03-22,0.11111114,0.44444427,0.11111114,0.111111194,0.11111114,0.11111116
2019-03-25,0.15727551,0.15727882,0.15727651,0.15727551,0.15727551,0.21361808
2019-03-26,0.111111164,0.44444403,0.111111164,0.11111127,0.111111164,0.1111112
2019-03-27,0.11111137,0.44444242,0.11111137,0.11111188,0.11111137,0.111111544
2019-03-28,0.1666656,0.1666656,0.1666656,0.16667037,0.1666656,0.16666722
2019-03-29,0.11112064,0.44437292,0.11112064,0.111138426,0.11112064,0.1111267
2019-04-01,0.37499434,0.12500048,0.12500048,0.12500268,0.12500048,0.12500158
2019-04-02,0.111169964,0.44400305,0.111169964,0.11127976,0.111169964,0.11120736
2019-04-03,0.16658099,0.16658099,0.16658099,0.16696443,0.16658099,0.16671157
2019-04-04,0.09090919,0.09090919,0.09090919,0.0909093,0.54545385,0.09090922
2019-04-05,0.11122363,0.4435999,0.11122363,0.1114339,0.11122363,0.111295246
2019-04-08,0.09090916,0.09090916,0.09090916,0.09090924,0.5454541,0.090909176
2019-04-09,0.15727551,0.15727882,0.15727651,0.15727551,0.15727551,0.21361808
2019-04-10,0.16663659,0.16663659,0.16663659,0.16677122,0.16663659,0.16668245
2019-04-11,0.16664334,0.16664334,0.16664334,0.16674773,0.16664334,0.1666789
2019-04-12,0.37499997,0.12500001,0.12500001,0.12500004,0.12500001,0.12500003
2019-04-15,0.16663092,0.16663092,0.16663092,0.16679087,0.16663092,0.1666854
2019-04-16,0.15727551,0.15727882,0.15727651,0.15727551,0.15727551,0.21361808
2019-04-17,0.16666567,0.16666567,0.16666567,0.16667014,0.16666567,0.1666672
2019-04-18,0.15727551,0.15727882,0.15727651,0.15727551,0.15727551,0.21361808
2019-04-22,0.16666654,0.16666654,0.16666654,0.16666709,0.16666654,0.16666672
2019-04-23,0.16666652,0.16666652,0.16666652,0.16666715,0.16666652,0.16666673
2019-04-24,0.37500003,0.125,0.125,0.125,0.125,0.125
2019-04-25,0.15727551,0.15727882,0.15727651,0.15727551,0.15727551,0.21361808
2019-04-26,0.37500003,0.125,0.125,0.125,0.125,0.125
2019-04-29,0.37500003,0.125,0.125,0.125,0.125,0.125
2019-04-30,0.16665618,0.16665618,0.16665618,0.16670305,0.16665618,0.16667214
2019-05-01,0.15727551,0.15727882,0.15727651,0.15727551,0.15727551,0.21361808
2019-05-02,0.15727551,0.15727882,0.15727651,0.15727551,0.15727551,0.21361808
2019-05-03,0.37495035,0.12500417,0.12500417,0.1250234,0.12500417,0.12501378
2019-05-06,0.11113165,0.44429046,0.11113165,0.11116992,0.11113165,0.111144684
2019-05-07,0.11113157,0.44429097,0.11113157,0.1111697,0.11113157,0.11114457
2019-05-08,0.16656156,0.16656156,0.16656156,0.16703205,0.16656156,0.16672175
2019-05-09,0.16660146,0.16660146,0.16660146,0.16689326,0.16660146,0.16670085
2019-05-10,0.16661732,0.16661732,0.16661732,0.16683818,0.16661732,0.16669255
2019-05-13,0.37499982,0.12500001,0.12500001,0.12500009,0.12500001,0.12500006
2019-05-14,0.15727551,0.15727882,0.15727651,0.15727551,0.15727551,0.21361808
2019-05-15,0.11111986,0.4443789,0.11111986,0.11113615,0.11111986,0.11112541
2019-05-16,0.16666633,0.16666633,0.16666633,0.16666785,0.16666633,0.16666684
2019-05-17,0.15727551,0.15727882,0.15727651,0.15727551,0.15727551,0.21361808
2019-05-20,0.090909086,0.090909086,0.090909086,0.090909086,0.54545456,0.090909086
2019-05-21,0.16666666,0.16666666,0.16666666,0.16666669,0.16666666,0.16666667
2019-05-22,0.11111111,0.4444444,0.11111111,0.11111113,0.11111111,0.11111111
2019-05-23,0.090909086,0.090909086,0.090909086,0.090909086,0.54545456,0.090909086
2019-05-24,0.16666666,0.16666666,0.16666666,0.1666667,0.16666666,0.16666667
2019-05-28,0.37500003,0.125,0.125,0.125,0.125,0.125
2019-05-29,0.15727551,0.15727882,0.15727651,0.15727551,0.15727551,0.21361808
2019-05-30,0.16666588,0.16666588,0.16666588,0.1666694,0.16666588,0.16666709
2019-05-31,0.16665837,0.16665837,0.16665837,0.16669549,0.16665837,0.16667102
2019-06-03,0.16661605,0.16661605,0.16661605,0.16684254,0.16661605,0.1666932
2019-06-04,0.16658004,0.16658004,0.16658004,0.1669678,0.16658004,0.16671208
2019-06-05,0.15727551,0.15727882,0.15727651,0.15727551,0.15727551,0.21361808
2019-06-06,0.15727551,0.15727882,0.15727651,0.15727551,0.15727551,0.21361808
2019-06-07,0.09090963,0.09090963,0.09090963,0.09091019,0.54545105,0.090909824
2019-06-10,0.37499952,0.12500004,0.12500004,0.12500024,0.12500004,0.12500013
2019-06-11,0.111373566,0.44247204,0.111373566,0.11186601,0.111373566,0.111541145
2019-06-12,0.37500003,0.125,0.125,0.125,0.125,0.125
2019-06-13,0.090909086,0.090909086,0.090909086,0.090909086,0.54545456,0.090909086
2019-06-14,0.11111748,0.44439662,0.11111748,0.11112936,0.11111748,0.111121535
2019-06-17,0.15727551,0.15727882,0.15727651,0.15727551,0.15727551,0.21361808
2019-06-18,0.11111123,0.44444358,0.11111123,0.11111144,0.11111123,0.11111131
2019-06-19,0.15727551,0.15727882,0.15727651,0.15727551,0.15727551,0.21361808
2019-06-20,0.16666667,0.16666667,0.16666667,0.16666667,0.16666667,0.16666667
2019-06-21,0.090909086,0.090909086,0.090909086,0.090909086,0.54545456,0.090909086
2019-06-24,0.37500003,0.125,0.125,0.125,0.125,0.125
2019-06-25,0.11111113,0.4444443,0.11111113,0.11111116,0.11111113,0.11111114
2019-06-26,0.15727551,0.15727882,0.15727651,0.15727551,0.15727551,0.21361808
2019-06-27,0.16666667,0.16666667,0.16666667,0.16666669,0.16666667,0.16666667
2019-06-28,0.37500003,0.125,0.125,0.125,0.125,0.125
2019-07-01,0.090909086,0.090909086,0.090909086,0.090909086,0.54545456,0.090909086
2019-07-02,0.16666642,0.16666642,0.16666642,0.16666755,0.16666642,0.1666668
2019-07-03,0.16666633,0.16666633,0.16666633,0.1666678,0.16666633,0.16666684
2019-07-05,0.111111194,0.44444388,0.111111194,0.11111134,0.111111194,0.111111246
2019-07-08,0.15727551,0.15727882,0.15727651,0.15727551,0.15727551,0.21361808
2019-07-09,0.090909086,0.090909086,0.090909086,0.090909086,0.54545456,0.090909086
2019-07-10,0.16666654,0.16666654,0.16666654,0.16666709,0.16666654,0.16666672
2019-07-11,0.11111144,0.444442,0.11111144,0.11111205,0.11111144,0.11111165
2019-07-12,0.37500003,0.125,0.125,0.125,0.125,0.125
2019-07-15,0.15727551,0.15727882,0.15727651,0.15727551,0.15727551,0.21361808
2019-07-16,0.090909086,0.090909086,0.090909086,0.090909086,0.54545456,0.090909086
2019-07-17,0.15727551,0.15727882,0.15727651,0.15727551,0.15727551,0.21361808
2019-07-18,0.16666667,0.16666667,0.16666667,0.16666667,0.16666667,0.16666667
2019-07-19,0.15727551,0.15727882,0.15727651,0.15727551,0.15727551,0.21361808
2019-07-22,0.090909086,0.090909086,0.090909086,0.090909086,0.54545456,0.090909086
