date,spy,qqq,dbc,agg,gld,cash
2007-10-10,0.54524857,0.09094205,0.090942055,0.09094205,0.09094205,0.09098325
2007-10-11,0.091115706,0.091122985,0.091135666,0.091434546,0.091109864,0.5440812
2007-10-12,0.100003295,0.100003295,0.49997413,0.100003295,0.100003295,0.10001269
2007-10-15,0.09139087,0.09138855,0.0913898,0.09138852,0.5424658,0.091976404
2007-10-16,0.10028132,0.10026895,0.10025405,0.10026553,0.100239865,0.49869022
2007-10-17,0.10028049,0.10026681,0.10025323,0.10026471,0.10023904,0.49869567
2007-10-18,0.11135154,0.11133305,0.11134,0.111383066,0.11131509,0.44327724
2007-10-19,0.091115706,0.091122985,0.091135666,0.091434546,0.091109864,0.5440812
2007-10-22,0.54395175,0.091149345,0.09114942,0.091149345,0.091149345,0.09145081
2007-10-23,0.54476106,0.09102001,0.09102005,0.09102001,0.09102001,0.09115884
2007-10-24,0.091115706,0.091122985,0.091135666,0.091434546,0.091109864,0.5440812
2007-10-25,0.091115706,0.091122985,0.091135666,0.091434546,0.091109864,0.5440812
2007-10-26,0.091115706,0.091122985,0.091135666,0.091434546,0.091109864,0.5440812
2007-10-29,0.10004876,0.100048766,0.49961668,0.10004876,0.10004876,0.10018822
2007-10-30,0.11134287,0.111358315,0.111344784,0.11138785,0.111319855,0.44324628
2007-10-31,0.5388525,0.09196106,0.091961324,0.09196105,0.09196107,0.09330292
2007-11-01,0.091115706,0.091122985,0.091135666,0.091434546,0.091109864,0.5440812
2007-11-02,0.53960925,0.09184095,0.091841176,0.09184094,0.09184096,0.09302671
2007-11-05,0.091115706,0.091122985,0.091135666,0.091434546,0.091109864,0.5440812
2007-11-06,0.09099249,0.090992086,0.09099231,0.090992086,0.54493797,0.09109307
2007-11-07,0.54334223,0.09124666,0.091246754,0.09124666,0.09124667,0.09167107
2007-11-08,0.111401856,0.11165912,0.111395866,0.1114468,0.11137886,0.44271752
2007-11-09,0.091115706,0.091122985,0.091135666,0.091434546,0.091109864,0.5440812
2007-11-12,0.09121602,0.09121454,0.09121533,0.09121452,0.5435518,0.091587745
2007-11-13,0.09203883,0.09203334,0.09203628,0.09203326,0.53842866,0.09342961
2007-11-14,0.54429805,0.09109403,0.09109407,0.09109403,0.09109403,0.091325834
2007-11-15,0.11145175,0.11188929,0.11145648,0.11147039,0.11142876,0.44230336
2007-11-16,0.11140509,0.11167448,0.1113991,0.111450024,0.111382104,0.44268915
2007-11-19,0.10000324,0.10000324,0.4999746,0.10000324,0.10000324,0.10001248
2007-11-20,0.0909931,0.09099269,0.090992905,0.09099269,0.5449342,0.09109438
2007-11-21,0.11135079,0.11133131,0.11133924,0.11138228,0.11131432,0.44328204
2007-11-23,0.10001343,0.10001343,0.49989447,0.10001343,0.10001343,0.10005183
2007-11-26,0.09119195,0.091190584,0.091191314,0.09119057,0.5437013,0.09153434
2007-11-27,0.10008954,0.10008955,0.49929586,0.10008953,0.10008953,0.100346
2007-11-28,0.091115706,0.091122985,0.091135666,0.091434546,0.091109864,0.5440812
2007-11-29,0.091115706,0.091122985,0.091135666,0.091434546,0.091109864,0.5440812
2007-11-30,0.090952076,0.09095187,0.09095198,0.09095187,0.5451883,0.09100388
2007-12-03,0.091115706,0.091122985,0.091135666,0.091434546,0.091109864,0.5440812
2007-12-04,0.10014404,0.100144066,0.49886638,0.100144036,0.100144036,0.10055738
2007-12-05,0.090962075,0.09096183,0.09096196,0.09096183,0.5451264,0.09102594
2007-12-06,0.111355886,0.11144171,0.11134989,0.111400835,0.11133288,0.4431188
2007-12-07,0.1000085,0.1000085,0.49993324,0.1000085,0.1000085,0.10003277
2007-12-10,0.091115706,0.091122985,0.091135666,0.091434546,0.091109864,0.5440812
2007-12-11,0.100002035,0.100002035,0.4999841,0.100002035,0.100002035,0.10000782
2007-12-12,0.09091811,0.09091808,0.090918094,0.09091808,0.54539865,0.09092897
2007-12-13,0.090994336,0.090993926,0.09099415,0.090993926,0.5449265,0.09109713
2007-12-14,0.091115706,0.091122985,0.091135666,0.091434546,0.091109864,0.5440812
2007-12-17,0.100031756,0.10003178,0.49975038,0.100031756,0.100031756,0.10012256
2007-12-18,0.09195405,0.09194898,0.091951706,0.09194892,0.538958,0.09323832
2007-12-19,0.09244093,0.09243344,0.09243746,0.09243335,0.53591305,0.094341844
2007-12-20,0.091115706,0.091122985,0.091135666,0.091434546,0.091109864,0.5440812
2007-12-21,0.100268655,0.10026377,0.10025,0.10026148,0.10023581,0.4987203
2007-12-24,0.5438397,0.091167234,0.09116731,0.091167234,0.091167234,0.091491275
2007-12-26,0.5434051,0.09123662,0.0912367,0.09123662,0.09123663,0.091648325
2007-12-27,0.54352784,0.09121701,0.09121709,0.09121701,0.091217026,0.091603935
2007-12-28,0.54267144,0.09135366,0.09135376,0.09135365,0.09135366,0.09191379
2007-12-31,0.11134496,0.11139017,0.111338966,0.111389935,0.11132195,0.44321403
2008-01-02,0.10050309,0.10050316,0.49602264,0.100503035,0.100503035,0.101965055
2008-01-03,0.111397006,0.1116361,0.111391,0.11144193,0.111374006,0.44275996
2008-01-04,0.090944126,0.090943955,0.09094405,0.090943955,0.54523754,0.09098634
2008-01-07,0.091115706,0.091122985,0.091135666,0.091434546,0.091109864,0.5440812
2008-01-08,0.1000143,0.1000143,0.49988768,0.1000143,0.1000143,0.10005514
2008-01-09,0.09093369,0.09093357,0.090933636,0.09093357,0.5453023,0.09096332
2008-01-10,0.5451446,0.09095868,0.09095868,0.09095868,0.09095868,0.09102066
2008-01-11,0.091115706,0.091122985,0.091135666,0.091434546,0.091109864,0.5440812
2008-01-14,0.11138716,0.11158959,0.11138117,0.1114321,0.111364156,0.4428458
2008-01-15,0.10000847,0.10000847,0.49993348,0.10000847,0.10000847,0.10003267
2008-01-16,0.53752196,0.09217198,0.092172295,0.09217197,0.09217199,0.0937898
2008-01-17,0.10000113,0.10000113,0.49999106,0.10000113,0.10000113,0.10000437
2008-01-18,0.100000985,0.100000985,0.4999923,0.100000985,0.100000985,0.10000379
2008-01-22,0.091115706,0.091122985,0.091135666,0.091434546,0.091109864,0.5440812
2008-01-23,0.5415976,0.09152477,0.091524936,0.091524765,0.09152477,0.09230322
2008-01-24,0.09121831,0.09121681,0.0912176,0.091216795,0.5435377,0.091592826
2008-01-25,0.10000536,0.10000536,0.49995792,0.10000536,0.10000536,0.100020654
2008-01-28,0.100268535,0.10026343,0.10024989,0.10026137,0.10023569,0.49872106
2008-01-29,0.11135493,0.1113408,0.11134339,0.11138644,0.11131846,0.44325602
2008-01-30,0.090916134,0.0909161,0.09091612,0.0909161,0.545411,0.09092461
2008-01-31,0.10002388,0.10002388,0.49981236,0.10002388,0.10002388,0.100092135
2008-02-01,0.091115706,0.091122985,0.091135666,0.091434546,0.091109864,0.5440812
2008-02-04,0.10002836,0.100028366,0.49977717,0.10002836,0.10002836,0.10010941
2008-02-05,0.5421884,0.091430664,0.09143078,0.09143065,0.091430664,0.09208883
2008-02-06,0.091115706,0.091122985,0.091135666,0.091434546,0.091109864,0.5440812
2008-02-07,0.09091223,0.090912215,0.09091223,0.090912215,0.5454351,0.09091602
2008-02-08,0.5451192,0.09096274,0.09096275,0.09096274,0.09096274,0.09102979
2008-02-11,0.090923585,0.09092353,0.09092357,0.09092353,0.54536474,0.09094107
2008-02-12,0.0909949,0.0909945,0.090994716,0.09099449,0.544923,0.0910984
2008-02-13,0.091115706,0.091122985,0.091135666,0.091434546,0.091109864,0.5440812
2008-02-14,0.111420445,0.111747265,0.11141448,0.11146539,0.111397475,0.44255495
2008-02-15,0.11149922,0.11211533,0.11150395,0.111517854,0.11147626,0.4418873
2008-02-19,0.091115706,0.091122985,0.091135666,0.091434546,0.091109864,0.5440812
2008-02-20,0.5440502,0.09113361,0.09113366,0.09113361,0.09113361,0.091415256
2008-02-21,0.09110039,0.09109946,0.09109995,0.091099456,0.54426914,0.09133155
2008-02-22,0.5442,0.091109686,0.091109745,0.091109686,0.091109686,0.09136121
2008-02-25,0.111351095,0.11133197,0.11133954,0.11138259,0.11131461,0.44328025
2008-02-26,0.091040984,0.09104036,0.09104069,0.09104035,0.54463744,0.091200165
2008-02-27,0.10000323,0.10000323,0.49997473,0.10000323,0.10000323,0.10001244
2008-02-28,0.545251,0.09094166,0.09094167,0.09094166,0.09094166,0.09098237
2008-02-29,0.11152272,0.11222746,0.11152746,0.11154136,0.111499764,0.44168124
2008-03-03,0.091115706,0.091122985,0.091135666,0.091434546,0.091109864,0.5440812
2008-03-04,0.10001554,0.10001554,0.49987772,0.10001554,0.10001554,0.10006001
2008-03-05,0.091115706,0.091122985,0.091135666,0.091434546,0.091109864,0.5440812
2008-03-06,0.091115706,0.091122985,0.091135666,0.091434546,0.091109864,0.5440812
2008-03-07,0.11242775,0.11669266,0.11243242,0.11244617,0.11240505,0.433596
2008-03-10,0.09093441,0.09093429,0.09093435,0.09093429,0.54529774,0.09096492
2008-03-11,0.0909688,0.090968505,0.09096865,0.090968505,0.5450848,0.091040745
2008-03-12,0.091287486,0.09128565,0.09128663,0.09128564,0.54310817,0.091746435
2008-03-13,0.11223612,0.11572246,0.112240806,0.11225458,0.112213366,0.43533272
2008-03-14,0.10000319,0.10000319,0.49997485,0.10000319,0.10000319,0.10001234
2008-03-17,0.10000547,0.10000547,0.49995703,0.10000547,0.10000547,0.10002107
2008-03-18,0.54389,0.0911592,0.09115927,0.0911592,0.0911592,0.09147311
2008-03-19,0.091115706,0.091122985,0.091135666,0.091434546,0.091109864,0.5440812
2008-03-20,0.54335,0.09124541,0.0912455,0.09124541,0.09124543,0.091668256
2008-03-24,0.09157318,0.09156997,0.091571674,0.09156992,0.54133207,0.092383206
2008-03-25,0.11008324,0.12975188,0.110067345,0.11025245,0.11004854,0.42979658
2008-03-26,0.10013318,0.1001332,0.49895215,0.10013316,0.10013316,0.10051518
2008-03-27,0.10012414,0.10012415,0.49902332,0.10012413,0.10012413,0.1004801
2008-03-28,0.091115706,0.091122985,0.091135666,0.091434546,0.091109864,0.5440812
2008-03-31,0.100007184,0.100007184,0.4999435,0.100007184,0.100007184,0.10002773
2008-04-01,0.5416351,0.091518804,0.09151894,0.09151879,0.091518804,0.09228958
2008-04-02,0.090956576,0.09095635,0.09095649,0.09095635,0.5451605,0.0910138
2008-04-03,0.11228298,0.11595847,0.11228767,0.11230144,0.112260245,0.43490916
2008-04-04,0.10003765,0.10003766,0.49970412,0.10003765,0.10003765,0.1001453
2008-04-07,0.10006163,0.10006163,0.49951565,0.10006161,0.10006161,0.100237906
2008-04-08,0.091115706,0.091122985,0.091135666,0.091434546,0.091109864,0.5440812
2008-04-09,0.090957336,0.090957105,0.090957224,0.090957105,0.54515576,0.091015466
2008-04-10,0.091115706,0.091122985,0.091135666,0.091434546,0.091109864,0.5440812
2008-04-11,0.5453331,0.090928525,0.090928525,0.090928525,0.090928525,0.09095281
2008-04-14,0.1002724,0.10027245,0.49785277,0.10027239,0.10027239,0.101057634
2008-04-15,0.545113,0.09096373,0.09096374,0.09096373,0.09096373,0.09103204
2008-04-16,0.09102016,0.09101962,0.091019906,0.091019616,0.5447665,0.09115415
2008-04-17,0.091115706,0.091122985,0.091135666,0.091434546,0.091109864,0.5440812
2008-04-18,0.091115706,0.091122985,0.091135666,0.091434546,0.091109864,0.5440812
2008-04-21,0.091115706,0.091122985,0.091135666,0.091434546,0.091109864,0.5440812
2008-04-22,0.111396044,0.11163157,0.11139004,0.11144098,0.111373045,0.44276837
2008-04-23,0.54481685,0.0910111,0.09101112,0.0910111,0.0910111,0.091138765
2008-04-24,0.091115706,0.091122985,0.091135666,0.091434546,0.091109864,0.5440812
2008-04-25,0.09099332,0.09099291,0.09099313,0.09099291,0.5449328,0.09109489
2008-04-28,0.11147865,0.11201726,0.11148338,0.11149729,0.11145567,0.44206777
2008-04-29,0.091038056,0.09103744,0.09103776,0.09103742,0.5446556,0.09119369
2008-04-30,0.10001175,0.10001175,0.49990764,0.10001175,0.10001175,0.100045346
2008-05-01,0.09105683,0.09105613,0.0910565,0.091056116,0.5445393,0.09123522
2008-05-02,0.54439723,0.091078155,0.09107821,0.091078155,0.091078155,0.09129002
2008-05-05,0.112550445,0.11732119,0.11255511,0.11256882,0.11252777,0.43247667
2008-05-06,0.112196416,0.11552305,0.11220109,0.11221486,0.11217364,0.435691
2008-05-07,0.0910074,0.091006935,0.09100717,0.09100692,0.5448456,0.09112598
2008-05-08,0.100014225,0.100014225,0.49988815,0.100014225,0.100014225,0.10005488
2008-05-09,0.090951055,0.09095086,0.09095096,0.09095086,0.5451946,0.09100162
2008-05-12,0.09095552,0.09095529,0.090955414,0.09095529,0.545167,0.091011465
2008-05-13,0.11162486,0.11271705,0.11162959,0.11164346,0.11160194,0.44078308
2008-05-14,0.100270584,0.100270614,0.4978672,0.100270554,0.100270554,0.101050496
2008-05-15,0.10009154,0.100091554,0.49928012,0.10009153,0.10009153,0.10035373
2008-05-16,0.10021967,0.1002197,0.49826968,0.100219645,0.100219645,0.100851685
2008-05-19,0.10013282,0.10013285,0.4989548,0.100132816,0.100132816,0.10051382
2008-05-20,0.10003508,0.10003509,0.49972442,0.10003508,0.10003508,0.10013533
2008-05-21,0.10006832,0.10006832,0.4994628,0.100068316,0.100068316,0.10026386
2008-05-22,0.10011966,0.10011967,0.4990586,0.10011964,0.10011964,0.10046274
2008-05-23,0.09095207,0.09095186,0.09095197,0.09095186,0.54518837,0.09100386
2008-05-27,0.5450759,0.09096966,0.09096967,0.09096966,0.09096966,0.091045395
2008-05-28,0.091115706,0.091122985,0.091135666,0.091434546,0.091109864,0.5440812
2008-05-29,0.112000175,0.11454657,0.11200488,0.112018704,0.111977346,0.43745238
2008-05-30,0.10000219,0.10000219,0.49998283,0.10000219,0.10000219,0.100008436
2008-06-02,0.100004256,0.100004256,0.49996656,0.100004256,0.100004256,0.10001642
2008-06-03,0.090925924,0.090925835,0.09092588,0.090925835,0.54535025,0.0909462
2008-06-04,0.10000227,0.10000227,0.49998218,0.10000227,0.10000227,0.10000873
2008-06-05,0.0909302,0.090930104,0.09093016,0.090930104,0.5453238,0.09095563
2008-06-06,0.10000395,0.10000395,0.49996895,0.10000395,0.10000395,0.10001525
2008-06-09,0.090931095,0.09093099,0.09093105,0.09093099,0.54531825,0.0909576
2008-06-10,0.10001443,0.10001443,0.4998866,0.10001443,0.10001443,0.10005568
2008-06-11,0.091115706,0.091122985,0.091135666,0.091434546,0.091109864,0.5440812
2008-06-12,0.11149044,0.112073496,0.11149518,0.11150908,0.11146748,0.4419643
2008-06-13,0.10024609,0.100246124,0.49806085,0.100246064,0.100246064,0.100954786
2008-06-16,0.111476906,0.112009026,0.11148165,0.111495554,0.11145394,0.4420829
2008-06-17,0.091115706,0.091122985,0.091135666,0.091434546,0.091109864,0.5440812
2008-06-18,0.09121662,0.09121513,0.09121593,0.09121511,0.54354817,0.091589086
2008-06-19,0.09107794,0.09107711,0.09107755,0.09107711,0.5444085,0.09128186
2008-06-20,0.09102445,0.09102391,0.0910242,0.091023885,0.5447399,0.09116366
2008-06-23,0.54502594,0.09097766,0.090977676,0.09097766,0.09097766,0.09106342
2008-06-24,0.09102907,0.09102848,0.091028795,0.091028474,0.5447113,0.09117384
2008-06-25,0.091115706,0.091122985,0.091135666,0.091434546,0.091109864,0.5440812
2008-06-26,0.112124465,0.11516346,0.11212916,0.11214294,0.11210167,0.43633834
2008-06-27,0.090942204,0.09094205,0.09094213,0.09094205,0.54524946,0.090982094
2008-06-30,0.11147058,0.111978926,0.11147532,0.11148922,0.11144761,0.44213825
2008-07-01,0.54271173,0.09134725,0.09134735,0.09134725,0.091347255,0.09189924
2008-07-02,0.091115706,0.091122985,0.091135666,0.091434546,0.091109864,0.5440812
2008-07-03,0.091115706,0.091122985,0.091135666,0.091434546,0.091109864,0.5440812
2008-07-07,0.10004663,0.100046635,0.49963352,0.10004663,0.10004663,0.10017996
2008-07-08,0.09115253,0.09115136,0.09115199,0.09115134,0.5439457,0.09144702
2008-07-09,0.09130969,0.09130776,0.091308795,0.091307744,0.54297024,0.09179577
2008-07-10,0.5449702,0.09098656,0.09098658,0.09098656,0.09098656,0.09108347
2008-07-11,0.11172828,0.113216326,0.111733004,0.11174687,0.11170538,0.43987012
2008-07-14,0.091115706,0.091122985,0.091135666,0.091434546,0.091109864,0.5440812
2008-07-15,0.091115706,0.091122985,0.091135666,0.091434546,0.091109864,0.5440812
2008-07-16,0.11211468,0.1151147,0.11211936,0.11213317,0.112091884,0.43642613
2008-07-17,0.113406815,0.12187861,0.113411434,0.113424994,0.11338444,0.42449373
2008-07-18,0.091012865,0.09101239,0.09101264,0.09101237,0.5448117,0.09113805
2008-07-21,0.091115706,0.091122985,0.091135666,0.091434546,0.091109864,0.5440812
2008-07-22,0.1000209,0.1000209,0.49983567,0.1000209,0.1000209,0.100080654
2008-07-23,0.091115706,0.091122985,0.091135666,0.091434546,0.091109864,0.5440812
2008-07-24,0.091115706,0.091122985,0.091135666,0.091434546,0.091109864,0.5440812
2008-07-25,0.091115706,0.091122985,0.091135666,0.091434546,0.091109864,0.5440812
2008-07-28,0.112492226,0.11702231,0.11249691,0.112510644,0.11246957,0.43300837
2008-07-29,0.54475427,0.0910211,0.091021135,0.0910211,0.0910211,0.09116129
2008-07-30,0.09101292,0.09101242,0.09101267,0.0910124,0.5448114,0.09113814
2008-07-31,0.11134574,0.11139383,0.111339726,0.111390695,0.11132272,0.44320726
2008-08-01,0.09096896,0.09096867,0.09096882,0.09096867,0.5450838,0.091041096
2008-08-04,0.11134784,0.11140382,0.11134186,0.11139281,0.11132484,0.44318882
2008-08-05,0.091115706,0.091122985,0.091135666,0.091434546,0.091109864,0.5440812
2008-08-06,0.11139429,0.11162326,0.111388296,0.11143921,0.11137129,0.44278365
2008-08-07,0.091115706,0.091122985,0.091135666,0.091434546,0.091109864,0.5440812
2008-08-08,0.11136317,0.11147614,0.11135718,0.11140814,0.11134017,0.44305527
2008-08-11,0.10005156,0.100051574,0.49959472,0.10005156,0.10005156,0.100199044
2008-08-12,0.10015941,0.10015944,0.49874538,0.10015939,0.10015939,0.100617066
2008-08-13,0.091115706,0.091122985,0.091135666,0.091434546,0.091109864,0.5440812
2008-08-14,0.091115706,0.091122985,0.091135666,0.091434546,0.091109864,0.5440812
2008-08-15,0.5446124,0.09104378,0.0910438,0.09104378,0.09104378,0.09121243
2008-08-18,0.091115706,0.091122985,0.091135666,0.091434546,0.091109864,0.5440812
2008-08-19,0.091182664,0.091181345,0.091182046,0.09118133,0.54375887,0.09151379
2008-08-20,0.1015564,0.10155661,0.4875203,0.101556234,0.101556234,0.10625415
2008-08-21,0.11139642,0.11163337,0.11139041,0.111441344,0.11137342,0.44276497
2008-08-22,0.1004159,0.10041595,0.4967157,0.100415856,0.100415856,0.10162078
2008-08-25,0.091115706,0.091122985,0.091135666,0.091434546,0.091109864,0.5440812
2008-08-26,0.5447248,0.0910258,0.09102583,0.0910258,0.0910258,0.09117188
2008-08-27,0.11137229,0.11151922,0.11136629,0.11141724,0.111349285,0.4429756
2008-08-28,0.11145546,0.11190698,0.111460194,0.11147411,0.11143249,0.44227076
2008-08-29,0.091115706,0.091122985,0.091135666,0.091434546,0.091109864,0.5440812
2008-09-02,0.09093248,0.09093237,0.09093244,0.09093237,0.54530966,0.09096066
2008-09-03,0.09093536,0.09093523,0.0909353,0.09093523,0.5452919,0.09096699
2008-09-04,0.10002756,0.10002757,0.49978343,0.10002756,0.10002756,0.10010633
2008-09-05,0.09093633,0.090936214,0.09093629,0.090936214,0.5452858,0.09096917
2008-09-08,0.11243053,0.11670682,0.11243521,0.11244894,0.112407826,0.4335707
2008-09-09,0.09101104,0.091010556,0.09101082,0.09101054,0.54482305,0.09113401
2008-09-10,0.09120958,0.09120814,0.091208905,0.091208115,0.54359186,0.09157348
2008-09-11,0.091115706,0.091122985,0.091135666,0.091434546,0.091109864,0.5440812
2008-09-12,0.11165074,0.11284159,0.11165545,0.11166935,0.1116278,0.440555
2008-09-15,0.54522145,0.09094639,0.0909464,0.09094639,0.09094639,0.090993
2008-09-16,0.11178185,0.11347632,0.11178657,0.11180042,0.11175896,0.43939584
2008-09-17,0.09125261,0.09125095,0.091251835,0.09125093,0.54332465,0.09166896
2008-09-18,0.091115706,0.091122985,0.091135666,0.091434546,0.091109864,0.5440812
2008-09-19,0.091115706,0.091122985,0.091135666,0.091434546,0.091109864,0.5440812
2008-09-22,0.091115706,0.091122985,0.091135666,0.091434546,0.091109864,0.5440812
2008-09-23,0.091115706,0.091122985,0.091135666,0.091434546,0.091109864,0.5440812
2008-09-24,0.54515857,0.09095646,0.09095647,0.09095646,0.09095646,0.09101566
2008-09-25,0.54495287,0.09098934,0.09098936,0.09098934,0.09098934,0.0910897
2008-09-26,0.10000975,0.10000975,0.49992347,0.10000975,0.10000975,0.10003757
2008-09-29,0.091115706,0.091122985,0.091135666,0.091434546,0.091109864,0.5440812
2008-09-30,0.10003561,0.100035615,0.49972025,0.10003561,0.10003561,0.10013739
2008-10-01,0.091115706,0.091122985,0.091135666,0.091434546,0.091109864,0.5440812
2008-10-02,0.09101861,0.09101809,0.091018364,0.09101807,0.54477614,0.09115072
2008-10-03,0.091115706,0.091122985,0.091135666,0.091434546,0.091109864,0.5440812
2008-10-06,0.111473195,0.11199125,0.11147793,0.11149182,0.11145022,0.4421156
2008-10-07,0.5403578,0.09172202,0.09172221,0.09172201,0.09172202,0.09275396
2008-10-08,0.100024134,0.100024134,0.49981028,0.100024134,0.100024134,0.100093134
2008-10-09,0.091115706,0.091122985,0.091135666,0.091434546,0.091109864,0.5440812
2008-10-10,0.0909104,0.09091039,0.09091039,0.09091039,0.54544646,0.09091196
2008-10-13,0.090909615,0.090909615,0.090909615,0.090909615,0.5454513,0.090910256
2008-10-14,0.12696858,0.12635255,0.12646478,0.12658454,0.12633844,0.36729115
2008-10-15,0.10000071,0.10000071,0.49999446,0.10000071,0.10000071,0.10000274
2008-10-16,0.10027808,0.10026055,0.10025082,0.1002623,0.10023663,0.49871165
2008-10-17,0.091115706,0.091122985,0.091135666,0.091434546,0.091109864,0.5440812
2008-10-20,0.0910082,0.09100773,0.09100798,0.09100772,0.54484063,0.09112775
2008-10-21,0.1352794,0.12649329,0.1265218,0.12654848,0.12649179,0.3586652
2008-10-22,0.09200061,0.09199531,0.09199816,0.09199525,0.5386673,0.09334335
2008-10-23,0.10000006,0.10000006,0.49999946,0.10000006,0.10000006,0.10000026
2008-10-24,0.091115706,0.091122985,0.091135666,0.091434546,0.091109864,0.5440812
2008-10-27,0.09104054,0.0910399,0.09104023,0.09103988,0.54464024,0.09119917
2008-10-28,0.2622574,0.12498738,0.125003,0.12509894,0.12498659,0.23766665
2008-10-29,0.091115706,0.091122985,0.091135666,0.091434546,0.091109864,0.5440812
2008-10-30,0.35937247,0.11643925,0.11644846,0.116438776,0.1164395,0.17486154
2008-10-31,0.2942956,0.12267133,0.1226847,0.12276686,0.12267064,0.21491085
2008-11-03,0.091115706,0.091122985,0.091135666,0.091434546,0.091109864,0.5440812
2008-11-04,0.11144423,0.11185359,0.11144896,0.11146287,0.11142125,0.44236904
2008-11-05,0.091115706,0.091122985,0.091135666,0.091434546,0.091109864,0.5440812
2008-11-06,0.10098763,0.100987755,0.49214178,0.10098752,0.10098752,0.10390771
2008-11-07,0.52452224,0.0942129,0.09421374,0.09421285,0.09421293,0.098625325
2008-11-10,0.100026816,0.10002684,0.4997892,0.100026816,0.100026816,0.1001035
2008-11-11,0.09091182,0.090911806,0.09091182,0.090911806,0.5454376,0.09091513
2008-11-12,0.10000601,0.10000601,0.4999528,0.10000601,0.10000601,0.10002316
2008-11-13,0.0909299,0.090929806,0.09092986,0.090929806,0.54532564,0.090954974
2008-11-14,0.0909413,0.090941146,0.090941235,0.090941146,0.545255,0.09098012
2008-11-17,0.1113989,0.11164513,0.111392885,0.11144383,0.111375906,0.4427433
2008-11-18,0.11134527,0.11139163,0.11133927,0.111390226,0.111322254,0.44321135
2008-11-19,0.09093127,0.09093116,0.090931214,0.09093116,0.54531723,0.09095798
2008-11-20,0.10001212,0.10001212,0.49990472,0.10001212,0.10001212,0.10004677
2008-11-21,0.091115706,0.091122985,0.091135666,0.091434546,0.091109864,0.5440812
2008-11-24,0.0909542,0.09095398,0.0909541,0.09095398,0.54517525,0.091008544
2008-11-25,0.1004746,0.10047466,0.49624917,0.10047455,0.10047455,0.1018524
2008-11-26,0.092488125,0.09248039,0.09248453,0.092480294,0.53561723,0.09444943
2008-11-28,0.10035747,0.10035752,0.4971793,0.100357436,0.100357436,0.10139092
2008-12-01,0.10028259,0.100272246,0.100255325,0.100266814,0.10024115,0.49868187
2008-12-02,0.10046205,0.1004621,0.49634913,0.100462,0.100462,0.10180279
2008-12-03,0.14294018,0.14294308,0.14295936,0.14295551,0.1429189,0.2852829
2008-12-04,0.09108339,0.09108256,0.091083,0.09108254,0.5443745,0.09129396
2008-12-05,0.10036861,0.10036866,0.49709085,0.10036858,0.10036858,0.10143473
2008-12-08,0.091115706,0.091122985,0.091135666,0.091434546,0.091109864,0.5440812
2008-12-09,0.091115706,0.091122985,0.091135666,0.091434546,0.091109864,0.5440812
2008-12-10,0.100019366,0.100019366,0.49984783,0.100019366,0.100019366,0.10007473
2008-12-11,0.100033104,0.10003312,0.49973992,0.100033104,0.100033104,0.10012774
2008-12-12,0.091115706,0.091122985,0.091135666,0.091434546,0.091109864,0.5440812
2008-12-15,0.11134334,0.11135978,0.11134524,0.1113883,0.111320324,0.44324306
2008-12-16,0.090911224,0.09091121,0.090911224,0.09091121,0.5454414,0.09091379
2008-12-17,0.10000392,0.10000392,0.49996924,0.10000392,0.10000392,0.100015104
2008-12-18,0.54505706,0.09097268,0.09097269,0.09097268,0.09097268,0.0910522
2008-12-19,0.091115706,0.091122985,0.091135666,0.091434546,0.091109864,0.5440812
2008-12-22,0.11146607,0.11195739,0.11147079,0.11148471,0.11144309,0.4421779
2008-12-23,0.091115706,0.091122985,0.091135666,0.091434546,0.091109864,0.5440812
2008-12-24,0.5437266,0.091185294,0.091185376,0.091185294,0.091185294,0.09153214
2008-12-26,0.09108066,0.09107983,0.09108028,0.09107982,0.5443915,0.09128788
2008-12-29,0.10012738,0.1001274,0.49899793,0.10012737,0.10012737,0.100492656
2008-12-30,0.09107326,0.09107246,0.091072895,0.091072455,0.5444374,0.09127152
2008-12-31,0.100077376,0.100077376,0.49939165,0.10007737,0.10007737,0.100298874
2009-01-02,0.100084074,0.10008408,0.4993389,0.10008407,0.10008407,0.100324824
2009-01-05,0.091115706,0.091122985,0.091135666,0.091434546,0.091109864,0.5440812
2009-01-06,0.091115706,0.091122985,0.091135666,0.091434546,0.091109864,0.5440812
2009-01-07,0.09100297,0.09100253,0.09100277,0.091002524,0.54487294,0.09111621
2009-01-08,0.5446991,0.09102993,0.09102996,0.09102993,0.09102993,0.09118118
2009-01-09,0.5452783,0.09093729,0.0909373,0.09093729,0.09093729,0.09097254
2009-01-12,0.11161939,0.11269066,0.11162412,0.111637995,0.11159645,0.44083136
2009-01-13,0.0909103,0.09091029,0.09091029,0.09091029,0.54544705,0.09091175
2009-01-14,0.54522115,0.09094644,0.09094646,0.09094644,0.09094644,0.09099311
2009-01-15,0.090938866,0.090938725,0.09093881,0.090938725,0.54527014,0.09097474
2009-01-16,0.111412205,0.11170814,0.111406215,0.11145713,0.11138921,0.4426271
2009-01-20,0.54362404,0.09120166,0.09120174,0.09120166,0.09120166,0.0915692
2009-01-21,0.09093145,0.09093134,0.0909314,0.09093134,0.54531604,0.090958394
2009-01-22,0.091115706,0.091122985,0.091135666,0.091434546,0.091109864,0.5440812
2009-01-23,0.1000369,0.100036904,0.49971014,0.1000369,0.1000369,0.10014235
2009-01-26,0.542347,0.091405384,0.0914055,0.09140537,0.091405384,0.09203135
2009-01-27,0.11135243,0.11133507,0.11134089,0.11138394,0.11131597,0.44327167
2009-01-28,0.10002485,0.10002485,0.4998047,0.10002485,0.10002485,0.1000959
2009-01-29,0.09094759,0.090947405,0.0909475,0.090947405,0.5452162,0.09099397
2009-01-30,0.545171,0.09095445,0.09095446,0.09095445,0.09095445,0.09101115
2009-02-02,0.10004038,0.10004039,0.49968264,0.10004038,0.10004038,0.10015584
2009-02-03,0.54498315,0.09098451,0.09098454,0.09098451,0.09098451,0.09107883
2009-02-04,0.090937234,0.0909371,0.09093718,0.0909371,0.5452802,0.09097114
2009-02-05,0.100015506,0.100015506,0.4998782,0.100015506,0.100015506,0.100059815
2009-02-06,0.0909138,0.09091379,0.0909138,0.09091379,0.5454253,0.09091949
2009-02-09,0.09091069,0.09091068,0.09091068,0.09091068,0.54544467,0.09091261
2009-02-10,0.1000009,0.1000009,0.49999285,0.1000009,0.1000009,0.1000035
2009-02-11,0.091115706,0.091122985,0.091135666,0.091434546,0.091109864,0.5440812
2009-02-12,0.5453913,0.090919204,0.090919204,0.090919204,0.090919204,0.090931825
2009-02-13,0.09116171,0.0911605,0.09116115,0.09116049,0.5438888,0.091467366
2009-02-17,0.5449416,0.090991154,0.09099118,0.090991154,0.090991154,0.0910938
2009-02-18,0.10000435,0.10000435,0.49996585,0.10000435,0.10000435,0.10001677
2009-02-19,0.11163112,0.11274716,0.11163585,0.11164973,0.1116082,0.44072786
2009-02-20,0.54470235,0.09102941,0.091029435,0.09102941,0.09102941,0.09118002
2009-02-23,0.11140886,0.11169233,0.111402884,0.1114538,0.111385874,0.44265622
2009-02-24,0.1113526,0.11142626,0.11134662,0.11139757,0.11132959,0.4431474
2009-02-25,0.10028356,0.10027478,0.100256294,0.10026778,0.10024211,0.4986754
2009-02-26,0.10027756,0.10025919,0.10025029,0.10026177,0.1002361,0.498715
2009-02-27,0.5451892,0.09095155,0.09095156,0.09095155,0.09095155,0.091004625
2009-03-02,0.09093932,0.090939164,0.090939246,0.090939164,0.54526746,0.090975694
2009-03-03,0.091115706,0.091122985,0.091135666,0.091434546,0.091109864,0.5440812
2009-03-04,0.10006849,0.10006849,0.49946156,0.10006848,0.10006848,0.10026449
2009-03-05,0.545198,0.09095014,0.09095015,0.09095014,0.09095014,0.09100143
2009-03-06,0.5451597,0.09095627,0.09095627,0.09095627,0.09095627,0.09101522
2009-03-09,0.54478586,0.09101605,0.091016084,0.09101605,0.09101605,0.0911499
2009-03-10,0.12513646,0.12513983,0.12516387,0.1251605,0.12512843,0.37427095
2009-03-11,0.0909874,0.09098702,0.09098723,0.09098702,0.5449695,0.09108183
2009-03-12,0.5446301,0.091040954,0.091040984,0.091040954,0.091040954,0.09120606
2009-03-13,0.543212,0.091267444,0.09126753,0.091267444,0.09126745,0.09171819
2009-03-16,0.091115706,0.091122985,0.091135666,0.091434546,0.091109864,0.5440812
2009-03-17,0.091115706,0.091122985,0.091135666,0.091434546,0.091109864,0.5440812
2009-03-18,0.10028038,0.100266516,0.10025312,0.1002646,0.100238934,0.49869645
2009-03-19,0.11135066,0.111331,0.111339115,0.11138216,0.111314185,0.44328284
2009-03-20,0.09094668,0.0909465,0.0909466,0.0909465,0.54522175,0.090991974
2009-03-23,0.0909314,0.09093129,0.09093135,0.09093129,0.54531634,0.090958275
2009-03-24,0.0909228,0.090922736,0.09092278,0.090922736,0.5453696,0.090939336
2009-03-25,0.09092761,0.09092751,0.090927556,0.09092751,0.54533994,0.090949886
2009-03-26,0.54516286,0.09095576,0.09095577,0.09095576,0.09095576,0.09101409
2009-03-27,0.091115706,0.091122985,0.091135666,0.091434546,0.091109864,0.5440812
2009-03-30,0.091115706,0.091122985,0.091135666,0.091434546,0.091109864,0.5440812
2009-03-31,0.111596785,0.112582095,0.11160152,0.11161538,0.11157385,0.44103038
2009-04-01,0.5423794,0.09140022,0.09140033,0.09140021,0.09140022,0.092019595
2009-04-02,0.091115706,0.091122985,0.091135666,0.091434546,0.091109864,0.5440812
2009-04-03,0.10003975,0.10003976,0.49968758,0.10003975,0.10003975,0.10015342
2009-04-06,0.1000625,0.1000625,0.49950874,0.10006249,0.10006249,0.1002413
2009-04-07,0.10005055,0.100050576,0.49960265,0.10005055,0.10005055,0.10019517
2009-04-08,0.10006681,0.10006681,0.4994748,0.100066796,0.100066796,0.10025797
2009-04-09,0.09091612,0.09091609,0.090916105,0.09091609,0.545411,0.09092459
2009-04-13,0.10005362,0.10005363,0.49957842,0.10005362,0.10005362,0.10020702
2009-04-14,0.100266166,0.100256026,0.100247495,0.100258976,0.10023331,0.49873808
2009-04-15,0.10004421,0.10004422,0.49965262,0.10004421,0.10004421,0.10017059
2009-04-16,0.111351006,0.1113318,0.11133946,0.111382514,0.11131454,0.44328067
2009-04-17,0.11135307,0.1114285,0.11134709,0.11139804,0.11133007,0.44314316
2009-04-20,0.11158072,0.112505,0.111585446,0.11159934,0.11155778,0.44117174
2009-04-21,0.10001054,0.10001054,0.49991715,0.10001054,0.10001054,0.100040644
2009-04-22,0.11145238,0.11189231,0.11145712,0.111471035,0.11142941,0.44229782
2009-04-23,0.100001745,0.100001745,0.49998635,0.100001745,0.100001745,0.10000671
2009-04-24,0.545268,0.09093894,0.09093895,0.09093894,0.09093894,0.09097624
2009-04-27,0.100031674,0.10003168,0.4997511,0.100031674,0.100031674,0.10012222
2009-04-28,0.5452061,0.090948835,0.09094885,0.090948835,0.090948835,0.09099851
2009-04-29,0.09092531,0.09092525,0.090925284,0.09092525,0.54535407,0.09094488
2009-04-30,0.091115706,0.091122985,0.091135666,0.091434546,0.091109864,0.5440812
2009-05-01,0.5435928,0.091206655,0.09120674,0.091206655,0.09120666,0.09158049
2009-05-04,0.091115706,0.091122985,0.091135666,0.091434546,0.091109864,0.5440812
2009-05-05,0.5446739,0.09103395,0.09103399,0.09103395,0.09103395,0.09119026
2009-05-06,0.54483205,0.091008656,0.091008686,0.091008656,0.091008656,0.09113326
2009-05-07,0.5450621,0.09097188,0.09097189,0.09097188,0.09097188,0.09105037
2009-05-08,0.10028094,0.100267954,0.10025367,0.10026515,0.10023948,0.49869278
2009-05-11,0.10000151,0.10000151,0.49998826,0.10000151,0.10000151,0.100005776
2009-05-12,0.09091504,0.09091502,0.09091502,0.09091502,0.5454177,0.0909222
2009-05-13,0.09092181,0.090921745,0.090921775,0.090921745,0.5453758,0.0909371
2009-05-14,0.543863,0.091163516,0.091163576,0.091163516,0.091163516,0.09148285
2009-05-15,0.111352496,0.11133522,0.11134095,0.111384004,0.11131603,0.44327134
2009-05-18,0.54409266,0.09112683,0.09112688,0.09112683,0.09112683,0.09139994
2009-05-19,0.10000309,0.10000309,0.49997568,0.10000309,0.10000309,0.10001195
2009-05-20,0.54428184,0.09109661,0.091096655,0.09109661,0.09109661,0.09133167
2009-05-21,0.100013435,0.100013435,0.4998944,0.100013435,0.100013435,0.10005183
2009-05-22,0.1113585,0.11145412,0.111352496,0.11140346,0.111335486,0.4430959
2009-05-26,0.091115706,0.091122985,0.091135666,0.091434546,0.091109864,0.5440812
2009-05-27,0.111381166,0.111561194,0.111375175,0.11142612,0.11135817,0.4428982
2009-05-28,0.5452602,0.090940185,0.09094019,0.090940185,0.090940185,0.09097905
2009-05-29,0.091115706,0.091122985,0.091135666,0.091434546,0.091109864,0.5440812
2009-06-01,0.100007065,0.100007065,0.4999445,0.100007065,0.100007065,0.10002724
2009-06-02,0.090927996,0.090927914,0.09092797,0.090927914,0.54533744,0.09095077
2009-06-03,0.10000404,0.10000404,0.49996823,0.10000404,0.10000404,0.100015596
2009-06-04,0.09092242,0.09092235,0.090922385,0.09092235,0.54537207,0.09093846
2009-06-05,0.54527956,0.09093709,0.0909371,0.09093709,0.09093709,0.09097208
2009-06-08,0.090954065,0.09095384,0.09095397,0.09095384,0.545176,0.09100824
2009-06-09,0.090936475,0.09093635,0.090936415,0.09093635,0.54528487,0.09096948
2009-06-10,0.54469186,0.09103108,0.09103111,0.09103108,0.09103108,0.0911838
2009-06-11,0.1113433,0.111382335,0.111337304,0.111388266,0.11132029,0.44322848
2009-06-12,0.09098454,0.090984166,0.09098436,0.090984166,0.5449872,0.09107552
2009-06-15,0.11146581,0.11195613,0.11147054,0.111484446,0.11144284,0.44218028
2009-06-16,0.11209118,0.11499772,0.11209588,0.11210969,0.112068385,0.4366372
2009-06-17,0.11189497,0.1140287,0.11189967,0.11191352,0.111872114,0.4383911
2009-06-18,0.111368395,0.111500815,0.1113624,0.111413345,0.111345395,0.44300967
2009-06-19,0.54402715,0.091137305,0.09113736,0.091137305,0.091137305,0.09142361
2009-06-22,0.111370414,0.111510344,0.11136442,0.111415364,0.111347415,0.4429921
2009-06-23,0.11137326,0.1115238,0.111367255,0.11141821,0.11135025,0.44296724
2009-06-24,0.10028301,0.1002733,0.10025574,0.10026723,0.10024156,0.4986792
2009-06-25,0.09108085,0.091080025,0.09108047,0.09108002,0.5443903,0.09128832
2009-06-26,0.091115706,0.091122985,0.091135666,0.091434546,0.091109864,0.5440812
2009-06-29,0.100055344,0.10005535,0.49956498,0.100055344,0.100055344,0.100213654
2009-06-30,0.10002234,0.10002234,0.49982446,0.10002234,0.10002234,0.10008619
2009-07-01,0.54139626,0.09155682,0.09155697,0.09155681,0.09155682,0.09237628
2009-07-02,0.09099231,0.090991914,0.09099213,0.090991914,0.5449391,0.09109266
2009-07-06,0.54246026,0.091387324,0.091387436,0.09138731,0.091387324,0.0919903
2009-07-07,0.091115706,0.091122985,0.091135666,0.091434546,0.091109864,0.5440812
2009-07-08,0.10005612,0.10005614,0.49955872,0.10005612,0.10005612,0.100216724
2009-07-09,0.14294046,0.14296234,0.14295126,0.14295578,0.1429192,0.28527096
2009-07-10,0.09114805,0.091146894,0.09114751,0.09114689,0.5439736,0.09143708
2009-07-13,0.091115706,0.091122985,0.091135666,0.091434546,0.091109864,0.5440812
2009-07-14,0.10008833,0.100088336,0.4993055,0.10008832,0.10008832,0.10034126
2009-07-15,0.09148156,0.09147879,0.09148027,0.09147876,0.541902,0.09217855
2009-07-16,0.10012606,0.10012608,0.49900812,0.10012605,0.10012605,0.100487575
2009-07-17,0.5426211,0.091361694,0.0913618,0.09136169,0.091361694,0.09193205
2009-07-20,0.5436193,0.09120244,0.09120251,0.09120244,0.09120244,0.09157093
2009-07-21,0.11161056,0.11264821,0.11161528,0.11162915,0.11158762,0.4409092
2009-07-22,0.091115706,0.091122985,0.091135666,0.091434546,0.091109864,0.5440812
2009-07-23,0.10010212,0.100102134,0.4991968,0.100102104,0.100102104,0.10039471
2009-07-24,0.091115706,0.091122985,0.091135666,0.091434546,0.091109864,0.5440812
2009-07-27,0.091115706,0.091122985,0.091135666,0.091434546,0.091109864,0.5440812
2009-07-28,0.5451467,0.09095836,0.090958364,0.09095836,0.09095836,0.09101993
2009-07-29,0.091115706,0.091122985,0.091135666,0.091434546,0.091109864,0.5440812
2009-07-30,0.10001524,0.10001524,0.49988028,0.10001524,0.10001524,0.10005879
2009-07-31,0.091115706,0.091122985,0.091135666,0.091434546,0.091109864,0.5440812
2009-08-03,0.09100433,0.09100387,0.09100412,0.091003865,0.54486465,0.091119185
2009-08-04,0.5443711,0.091082335,0.09108239,0.091082335,0.091082335,0.09129944
2009-08-05,0.54461366,0.091043584,0.091043614,0.091043584,0.091043584,0.09121198
2009-08-06,0.54473454,0.09102426,0.091024294,0.09102426,0.09102426,0.09116841
2009-08-07,0.091115706,0.091122985,0.091135666,0.091434546,0.091109864,0.5440812
2009-08-10,0.090911,0.09091099,0.09091099,0.09091099,0.5454427,0.09091332
2009-08-11,0.1000043,0.1000043,0.49996626,0.1000043,0.1000043,0.100016564
2009-08-12,0.091115706,0.091122985,0.091135666,0.091434546,0.091109864,0.5440812
2009-08-13,0.09094583,0.09094567,0.090945765,0.09094567,0.545227,0.09099011
2009-08-14,0.10004958,0.10004959,0.49961025,0.10004958,0.10004958,0.10019142
2009-08-17,0.09095082,0.090950616,0.09095072,0.090950616,0.5451961,0.0910011
2009-08-18,0.091115706,0.091122985,0.091135666,0.091434546,0.091109864,0.5440812
2009-08-19,0.111350685,0.11141724,0.1113447,0.11139566,0.11132768,0.443164
2009-08-20,0.091115706,0.091122985,0.091135666,0.091434546,0.091109864,0.5440812
2009-08-21,0.10027914,0.10026329,0.100251876,0.10026336,0.10023769,0.49870464
2009-08-24,0.54403263,0.09113642,0.09113647,0.09113642,0.09113642,0.091421604
2009-08-25,0.5446333,0.09104044,0.09104048,0.09104044,0.09104044,0.09120491
2009-08-26,0.5447672,0.09101903,0.09101906,0.09101903,0.09101903,0.0911566
2009-08-27,0.090914674,0.09091465,0.09091466,0.09091465,0.54541993,0.09092139
2009-08-28,0.090920016,0.09091996,0.090919994,0.09091996,0.5453869,0.09093315
2009-08-31,0.10001418,0.10001418,0.49988857,0.10001418,0.10001418,0.10005468
2009-09-01,0.100040324,0.10004033,0.4996831,0.100040324,0.100040324,0.100155585
2009-09-02,0.091115706,0.091122985,0.091135666,0.091434546,0.091109864,0.5440812
2009-09-03,0.111350395,0.1113304,0.111338854,0.111381896,0.111313924,0.4432845
2009-09-04,0.0909686,0.0909683,0.09096845,0.0909683,0.5450861,0.091040306
2009-09-08,0.12519637,0.12515412,0.12515399,0.12516831,0.12513626,0.37419093
2009-09-09,0.1429403,0.14294633,0.14295949,0.14295563,0.14291902,0.28527924
2009-09-10,0.5451379,0.090959765,0.09095978,0.090959765,0.090959765,0.09102311
2009-09-11,0.100005835,0.100005835,0.4999541,0.100005835,0.100005835,0.10002253
2009-09-14,0.100004785,0.100004785,0.49996245,0.100004785,0.100004785,0.10001846
2009-09-15,0.100008324,0.100008324,0.49993455,0.100008324,0.100008324,0.10003211
2009-09-16,0.091115706,0.091122985,0.091135666,0.091434546,0.091109864,0.5440812
2009-09-17,0.11140067,0.11165345,0.111394666,0.11144559,0.11137766,0.4427279
2009-09-18,0.091115706,0.091122985,0.091135666,0.091434546,0.091109864,0.5440812
2009-09-21,0.091115706,0.091122985,0.091135666,0.091434546,0.091109864,0.5440812
2009-09-22,0.11141053,0.11170016,0.11140454,0.11145547,0.111387536,0.44264182
2009-09-23,0.111353606,0.11143093,0.11134761,0.11139856,0.1113306,0.44313878
2009-09-24,0.54508024,0.09096899,0.090969,0.09096899,0.09096899,0.09104387
2009-09-25,0.09092451,0.09092443,0.09092448,0.09092443,0.5453591,0.09094307
2009-09-28,0.09093132,0.0909312,0.09093126,0.0909312,0.545317,0.09095807
2009-09-29,0.10006433,0.10006433,0.49949428,0.100064315,0.100064315,0.100248404
2009-09-30,0.10010162,0.10010164,0.49920067,0.10010161,0.10010161,0.10039281
2009-10-01,0.091115706,0.091122985,0.091135666,0.091434546,0.091109864,0.5440812
2009-10-02,0.100267,0.10025863,0.10024833,0.100259826,0.10023415,0.4987321
2009-10-05,0.10007783,0.10007784,0.499388,0.10007781,0.10007781,0.10030063
2009-10-06,0.10005144,0.10005146,0.4995955,0.10005144,0.10005144,0.10019863
2009-10-07,0.10002229,0.10002229,0.49982476,0.10002229,0.10002229,0.100086026
2009-10-08,0.5447364,0.09102395,0.091024,0.09102395,0.09102395,0.09116775
2009-10-09,0.091115706,0.091122985,0.091135666,0.091434546,0.091109864,0.5440812
2009-10-12,0.10028284,0.10027287,0.10025558,0.10026706,0.10024139,0.49868026
2009-10-13,0.5449732,0.09098609,0.09098611,0.09098609,0.09098609,0.0910824
2009-10-14,0.5448821,0.091000654,0.091000676,0.091000654,0.091000654,0.09111522
2009-10-15,0.11134465,0.111388646,0.11133865,0.11138961,0.11132162,0.44321686
2009-10-16,0.111344576,0.111388355,0.11133858,0.111389555,0.11132157,0.4432174
2009-10-19,0.091115706,0.091122985,0.091135666,0.091434546,0.091109864,0.5440812
2009-10-20,0.10028221,0.10027125,0.100254945,0.100266434,0.10024076,0.4986844
2009-10-21,0.09091923,0.09091917,0.09091919,0.09091917,0.54539186,0.09093141
2009-10-22,0.091115706,0.091122985,0.091135666,0.091434546,0.091109864,0.5440812
2009-10-23,0.10026657,0.100257285,0.1002479,0.100259386,0.10023372,0.4987352
2009-10-26,0.091115706,0.091122985,0.091135666,0.091434546,0.091109864,0.5440812
2009-10-27,0.11134602,0.11139517,0.11134002,0.111390986,0.111323014,0.4432048
2009-10-28,0.091115706,0.091122985,0.091135666,0.091434546,0.091109864,0.5440812
2009-10-29,0.09095277,0.09095255,0.09095267,0.09095255,0.5451841,0.09100538
2009-10-30,0.544059,0.091132216,0.09113227,0.091132216,0.091132216,0.091412105
2009-11-02,0.11160298,0.11261179,0.11160771,0.11162158,0.111580044,0.44097596
2009-11-03,0.091092356,0.091091484,0.09109195,0.09109147,0.54431903,0.091313794
2009-11-04,0.10003535,0.10003537,0.49972215,0.10003535,0.10003535,0.10013644
2009-11-05,0.5446633,0.09103564,0.09103568,0.09103564,0.09103564,0.09119408
2009-11-06,0.11136294,0.11147509,0.11135695,0.111407906,0.11133994,0.44305718
2009-11-09,0.5451439,0.0909588,0.09095882,0.0909588,0.0909588,0.091020934
2009-11-10,0.090942174,0.09094202,0.0909421,0.09094202,0.5452497,0.09098202
2009-11-11,0.5453271,0.09092948,0.09092948,0.09092948,0.09092948,0.09095495
2009-11-12,0.5452684,0.090938866,0.09093887,0.090938866,0.090938866,0.09097608
2009-11-13,0.5447076,0.09102856,0.09102859,0.09102856,0.09102856,0.09117811
2009-11-16,0.10001941,0.10001941,0.49984747,0.10001941,0.10001941,0.100074895
2009-11-17,0.09123309,0.09123155,0.09123238,0.091231525,0.5434458,0.09162566
2009-11-18,0.5432672,0.09125863,0.09125872,0.09125863,0.091258645,0.091698214
2009-11-19,0.091115706,0.091122985,0.091135666,0.091434546,0.091109864,0.5440812
2009-11-20,0.09093408,0.09093396,0.09093403,0.09093396,0.5452998,0.09096419
2009-11-23,0.100004785,0.100004785,0.49996245,0.100004785,0.100004785,0.10001844
2009-11-24,0.091115706,0.091122985,0.091135666,0.091434546,0.091109864,0.5440812
2009-11-25,0.54393643,0.09115179,0.09115186,0.09115179,0.09115179,0.091456346
2009-11-27,0.09097088,0.09097058,0.09097074,0.09097058,0.54507184,0.09104536
2009-11-30,0.100015365,0.100015365,0.49987927,0.100015365,0.100015365,0.10005926
2009-12-01,0.09096927,0.09096898,0.09096914,0.09096898,0.5450818,0.09104181
2009-12-02,0.100025505,0.100025505,0.49979964,0.100025505,0.100025505,0.10009841
2009-12-03,0.10028172,0.10026999,0.10025446,0.10026594,0.10024028,0.49868762
2009-12-04,0.12519716,0.12515971,0.12515478,0.12516913,0.12513709,0.37418213
2009-12-07,0.14294013,0.14294226,0.14295934,0.1429555,0.14291888,0.28528386
2009-12-08,0.14293285,0.14295064,0.14295879,0.14295493,0.14291833,0.28528446
2009-12-09,0.091115706,0.091122985,0.091135666,0.091434546,0.091109864,0.5440812
2009-12-10,0.100005016,0.100005016,0.4999606,0.100005016,0.100005016,0.10001933
2009-12-11,0.091115706,0.091122985,0.091135666,0.091434546,0.091109864,0.5440812
2009-12-14,0.09280977,0.09280042,0.09280542,0.092800304,0.53359836,0.095185764
2009-12-15,0.091115706,0.091122985,0.091135666,0.091434546,0.091109864,0.5440812
2009-12-16,0.11135382,0.111338235,0.11134227,0.11138533,0.111317344,0.44326302
2009-12-17,0.11135418,0.111339085,0.11134264,0.11138569,0.11131771,0.44326073
2009-12-18,0.091115706,0.091122985,0.091135666,0.091434546,0.091109864,0.5440812
2009-12-21,0.09091596,0.09091594,0.09091595,0.09091594,0.545412,0.09092424
2009-12-22,0.091115706,0.091122985,0.091135666,0.091434546,0.091109864,0.5440812
2009-12-23,0.091115706,0.091122985,0.091135666,0.091434546,0.091109864,0.5440812
2009-12-24,0.090923786,0.09092372,0.09092376,0.09092372,0.5453634,0.0909415
2009-12-28,0.090926856,0.09092677,0.0909268,0.09092677,0.54534453,0.090948224
2009-12-29,0.101887755,0.101888,0.48479357,0.10188756,0.10188756,0.1076556
2009-12-30,0.12519628,0.12515359,0.1251539,0.12516823,0.12513618,0.37419182
2009-12-31,0.100268595,0.10026362,0.10024994,0.10026143,0.10023576,0.4987206
2010-01-04,0.111342035,0.11135562,0.11134394,0.11138699,0.11131901,0.4432523
2010-01-05,0.12519689,0.1251578,0.12515451,0.12516886,0.12513681,0.3741851
2010-01-06,0.10008773,0.10008775,0.49931002,0.10008772,0.10008772,0.10033899
2010-01-07,0.091115706,0.091122985,0.091135666,0.091434546,0.091109864,0.5440812
2010-01-08,0.09091313,0.0909131,0.090913124,0.0909131,0.5454296,0.09091798
2010-01-11,0.1113803,0.11155708,0.1113743,0.11142524,0.11135731,0.4429058
2010-01-12,0.09091016,0.09091016,0.09091016,0.09091016,0.5454479,0.090911455
2010-01-13,0.54502594,0.09097766,0.090977676,0.09097766,0.09097766,0.09106342
2010-01-14,0.091115706,0.091122985,0.091135666,0.091434546,0.091109864,0.5440812
2010-01-15,0.10002547,0.10002547,0.49979988,0.10002547,0.10002547,0.10009827
2010-01-19,0.10005418,0.10005419,0.49957412,0.10005418,0.10005418,0.10020916
2010-01-20,0.111489914,0.11207096,0.111494645,0.111508556,0.111466944,0.44196895
2010-01-21,0.10014495,0.10014498,0.49885917,0.10014494,0.10014494,0.10056093
2010-01-22,0.5430751,0.091289274,0.09128937,0.091289274,0.09128928,0.091767676
2010-01-25,0.09101598,0.091015466,0.091015734,0.09101545,0.5447924,0.09114491
2010-01-26,0.09126936,0.09126764,0.09126856,0.09126761,0.54322064,0.09170617
2010-01-27,0.09103437,0.091033764,0.091034085,0.091033764,0.5446785,0.09118554
2010-01-28,0.090942346,0.0909422,0.09094228,0.0909422,0.54524857,0.090982415
2010-01-29,0.091115706,0.091122985,0.091135666,0.091434546,0.091109864,0.5440812
2010-02-01,0.5435153,0.09121903,0.091219105,0.09121903,0.09121904,0.09160849
2010-02-02,0.09092732,0.09092723,0.09092727,0.09092723,0.54534173,0.09094927
2010-02-03,0.09092561,0.09092554,0.09092558,0.09092554,0.5453522,0.09094554
2010-02-04,0.14294046,0.14297526,0.14295126,0.14295578,0.1429192,0.28525805
2010-02-05,0.091115706,0.091122985,0.091135666,0.091434546,0.091109864,0.5440812
2010-02-08,0.09092021,0.09092016,0.09092019,0.09092016,0.5453857,0.09093359
2010-02-09,0.54508823,0.0909677,0.09096771,0.0909677,0.0909677,0.09104096
2010-02-10,0.091115706,0.091122985,0.091135666,0.091434546,0.091109864,0.5440812
2010-02-11,0.5447661,0.091019206,0.09101924,0.091019206,0.091019206,0.09115701
2010-02-12,0.54441214,0.091075785,0.09107583,0.091075785,0.091075785,0.091284655
2010-02-16,0.5447824,0.091016605,0.091016635,0.091016605,0.091016605,0.091151156
2010-02-17,0.5439526,0.09114921,0.09114928,0.09114921,0.09114921,0.09145052
2010-02-18,0.090943456,0.09094329,0.090943374,0.09094329,0.5452418,0.09098485
2010-02-19,0.090935014,0.09093488,0.09093495,0.09093488,0.5452941,0.09096621
2010-02-22,0.090934075,0.090933956,0.090934016,0.090933956,0.5452999,0.090964176
2010-02-23,0.091115706,0.091122985,0.091135666,0.091434546,0.091109864,0.5440812
2010-02-24,0.54499185,0.09098311,0.09098312,0.09098311,0.09098311,0.09107566
2010-02-25,0.09092784,0.09092775,0.09092781,0.09092775,0.5453384,0.09095044
2010-02-26,0.091115706,0.091122985,0.091135666,0.091434546,0.091109864,0.5440812
2010-03-01,0.090939395,0.090939246,0.09093932,0.090939246,0.54526687,0.090975896
2010-03-02,0.545151,0.090957664,0.09095768,0.090957664,0.090957664,0.09101838
2010-03-03,0.10052322,0.10052328,0.49586248,0.10052316,0.10052316,0.10204471
2010-03-04,0.091216564,0.09121509,0.09121588,0.09121506,0.5435484,0.091588974
2010-03-05,0.092510805,0.09250296,0.09250716,0.09250286,0.5354751,0.09450117
2010-03-08,0.5438762,0.091161415,0.09116149,0.091161415,0.091161415,0.0914781
2010-03-09,0.125136,0.12513581,0.1251634,0.12516002,0.12512797,0.37427682
2010-03-10,0.12696858,0.12635255,0.12646478,0.12658454,0.12633844,0.36729115
2010-03-11,0.10042998,0.10043003,0.49660382,0.10042993,0.10042993,0.10167627
2010-03-12,0.12519655,0.12515554,0.12515417,0.1251685,0.12513648,0.37418866
2010-03-15,0.100003205,0.100003205,0.4999748,0.100003205,0.100003205,0.10001236
2010-03-16,0.09098361,0.09098325,0.09098345,0.09098325,0.544993,0.09107346
2010-03-17,0.09099658,0.09099616,0.09099638,0.09099615,0.54491264,0.091102086
2010-03-18,0.5446265,0.091041535,0.09104157,0.091041535,0.091041535,0.09120737
2010-03-19,0.111378305,0.11154766,0.11137231,0.11142325,0.111355305,0.4429232
2010-03-22,0.090913564,0.09091355,0.09091356,0.09091355,0.54542685,0.09091896
2010-03-23,0.090913706,0.09091368,0.09091369,0.09091368,0.5454259,0.090919256
2010-03-24,0.09091596,0.09091594,0.09091595,0.09091594,0.545412,0.09092424
2010-03-25,0.111343965,0.111385465,0.11133797,0.11138893,0.11132094,0.44322273
2010-03-26,0.091115706,0.091122985,0.091135666,0.091434546,0.091109864,0.5440812
2010-03-29,0.09092941,0.090929314,0.09092937,0.090929314,0.54532874,0.09095388
2010-03-30,0.10001721,0.10001721,0.49986473,0.10001721,0.10001721,0.100066416
2010-03-31,0.09097755,0.09097722,0.09097741,0.09097722,0.5450305,0.091060095
2010-04-01,0.091025665,0.09102512,0.09102541,0.09102511,0.5447324,0.09116633
2010-04-05,0.11135883,0.11145568,0.11135284,0.11140379,0.11133583,0.44309297
2010-04-06,0.54415745,0.09111648,0.09111654,0.09111648,0.09111648,0.09137655
2010-04-07,0.10028107,0.10026829,0.1002538,0.10026529,0.10023962,0.4986919
2010-04-08,0.10028132,0.10026895,0.10025405,0.10026553,0.100239865,0.49869022
2010-04-09,0.090924464,0.09092438,0.090924434,0.09092438,0.5453594,0.09094297
2010-04-12,0.10026533,0.10025348,0.10024667,0.10025816,0.10023248,0.4987439
2010-04-13,0.090934545,0.09093442,0.09093449,0.09093442,0.5452969,0.09096522
2010-04-14,0.10000104,0.10000104,0.49999183,0.10000104,0.10000104,0.100003995
2010-04-15,0.1113567,0.1114456,0.1113507,0.11140166,0.111333705,0.44311163
2010-04-16,0.09103977,0.09103915,0.09103948,0.091039136,0.5446449,0.09119751
2010-04-19,0.091115706,0.091122985,0.091135666,0.091434546,0.091109864,0.5440812
2010-04-20,0.09093227,0.09093216,0.090932235,0.09093216,0.545311,0.09096022
2010-04-21,0.11135299,0.11142815,0.11134702,0.11139797,0.111329995,0.4431438
2010-04-22,0.091115706,0.091122985,0.091135666,0.091434546,0.091109864,0.5440812
2010-04-23,0.545222,0.09094631,0.09094632,0.09094631,0.09094631,0.09099283
2010-04-26,0.0909161,0.09091606,0.09091608,0.09091606,0.54541117,0.09092453
2010-04-27,0.0909181,0.09091806,0.09091808,0.09091806,0.5453987,0.09092896
2010-04-28,0.54501885,0.090978794,0.090978816,0.090978794,0.090978794,0.09106596
2010-04-29,0.54462963,0.09104103,0.09104106,0.09104103,0.09104103,0.091206245
2010-04-30,0.11142457,0.11176676,0.11141858,0.11146949,0.11140159,0.442519
2010-05-03,0.09098949,0.090989105,0.09098932,0.090989105,0.5449565,0.09108644
2010-05-04,0.5440864,0.09112783,0.09112788,0.09112783,0.09112783,0.091402195
2010-05-05,0.091115706,0.091122985,0.091135666,0.091434546,0.091109864,0.5440812
2010-05-06,0.54458106,0.091048785,0.09104882,0.091048785,0.091048785,0.09122374
2010-05-07,0.09092705,0.09092697,0.090927005,0.09092697,0.5453433,0.09094867
2010-05-10,0.09092937,0.09092927,0.09092932,0.09092927,0.54532903,0.090953775
2010-05-11,0.5452349,0.09094424,0.09094426,0.09094424,0.09094424,0.09098815
2010-05-12,0.100004435,0.100004435,0.4999652,0.100004435,0.100004435,0.10001707
2010-05-13,0.54521066,0.09094811,0.09094812,0.09094811,0.09094811,0.09099688
2010-05-14,0.54512644,0.09096159,0.0909616,0.09096159,0.09096159,0.091027215
2010-05-17,0.09282369,0.09281428,0.092819326,0.09281416,0.5335108,0.09521776
2010-05-18,0.091115706,0.091122985,0.091135666,0.091434546,0.091109864,0.5440812
2010-05-19,0.54510194,0.090965495,0.0909655,0.090965495,0.090965495,0.091036014
2010-05-20,0.54499143,0.0909832,0.09098322,0.0909832,0.0909832,0.09107587
2010-05-21,0.11137314,0.11152327,0.11136715,0.11141809,0.11135015,0.44296813
2010-05-24,0.111361966,0.11147047,0.11135596,0.11140693,0.111338966,0.4430657
2010-05-25,0.091115706,0.091122985,0.091135666,0.091434546,0.091109864,0.5440812
2010-05-26,0.10026085,0.10026088,0.49794415,0.100260824,0.100260824,0.101012446
2010-05-27,0.091115706,0.091122985,0.091135666,0.091434546,0.091109864,0.5440812
2010-05-28,0.090941414,0.090941265,0.09094135,0.090941265,0.54525435,0.090980366
2010-06-01,0.54253834,0.09137489,0.09137499,0.091374874,0.09137489,0.09196202
2010-06-02,0.09092616,0.09092607,0.09092611,0.09092607,0.5453489,0.09094669
2010-06-03,0.100031435,0.10003145,0.49975288,0.100031435,0.100031435,0.100121334
2010-06-04,0.091115706,0.091122985,0.091135666,0.091434546,0.091109864,0.5440812
2010-06-07,0.10028279,0.100272745,0.10025551,0.10026701,0.10024133,0.49868056
2010-06-08,0.10030382,0.10030385,0.49760434,0.100303784,0.100303784,0.10118051
2010-06-09,0.09107601,0.091075204,0.091075644,0.0910752,0.5444204,0.09127763
2010-06-10,0.100138865,0.10013889,0.49890727,0.10013885,0.10013885,0.10053726
2010-06-11,0.5438562,0.09116461,0.09116467,0.09116461,0.09116461,0.09148533
2010-06-14,0.091115706,0.091122985,0.091135666,0.091434546,0.091109864,0.5440812
2010-06-15,0.5417436,0.09150153,0.09150166,0.09150151,0.09150153,0.09225018
2010-06-16,0.091355,0.09135285,0.091354,0.09135283,0.5426887,0.09189655
2010-06-17,0.091115706,0.091122985,0.091135666,0.091434546,0.091109864,0.5440812
2010-06-18,0.11143556,0.11181243,0.11144031,0.1114542,0.11141258,0.44244498
2010-06-21,0.111363605,0.111478165,0.111357614,0.11140857,0.111340605,0.44305152
2010-06-22,0.09100725,0.091006786,0.091007024,0.09100677,0.54484665,0.09112562
2010-06-23,0.5445214,0.09105832,0.09105837,0.09105832,0.09105832,0.091245264
2010-06-24,0.54480326,0.09101328,0.091013305,0.09101328,0.09101328,0.09114366
2010-06-25,0.09096438,0.09096411,0.09096424,0.09096411,0.5451122,0.09103099
2010-06-28,0.091115706,0.091122985,0.091135666,0.091434546,0.091109864,0.5440812
2010-06-29,0.09101652,0.09101602,0.091016285,0.091016,0.5447891,0.09114612
2010-06-30,0.09096046,0.09096022,0.09096034,0.09096022,0.5451364,0.09102236
2010-07-01,0.111392625,0.111615375,0.111386634,0.11143757,0.111369625,0.4427982
2010-07-02,0.54337215,0.09124188,0.09124197,0.09124188,0.091241896,0.09166025
2010-07-06,0.12519705,0.12515897,0.12515469,0.12516901,0.12513696,0.37418327
2010-07-07,0.5437422,0.09118282,0.09118288,0.09118282,0.09118282,0.09152651
2010-07-08,0.54433376,0.09108832,0.09108837,0.09108832,0.09108832,0.09131295
2010-07-09,0.10054808,0.10054815,0.49566448,0.100548014,0.100548014,0.10214331
2010-07-12,0.091115706,0.091122985,0.091135666,0.091434546,0.091109864,0.5440812
2010-07-13,0.091170765,0.09116952,0.09117019,0.09116949,0.54383254,0.09148743
2010-07-14,0.091115706,0.091122985,0.091135666,0.091434546,0.091109864,0.5440812
2010-07-15,0.54408216,0.091128506,0.09112856,0.091128506,0.091128506,0.091403715
2010-07-16,0.11135089,0.111418165,0.1113449,0.11139586,0.111327894,0.44316232
2010-07-19,0.5437463,0.091182165,0.09118223,0.091182165,0.091182165,0.09152504
2010-07-20,0.09112475,0.091123715,0.09112427,0.09112369,0.54411817,0.091385454
2010-07-21,0.100040585,0.10004059,0.49968097,0.100040585,0.100040585,0.10015663
2010-07-22,0.10000849,0.10000849,0.49993324,0.10000849,0.10000849,0.10003273
2010-07-23,0.54454654,0.09105431,0.09105434,0.09105431,0.09105431,0.091236204
2010-07-26,0.091115706,0.091122985,0.091135666,0.091434546,0.091109864,0.5440812
2010-07-27,0.09096008,0.090959825,0.09095995,0.090959825,0.5451388,0.09102153
2010-07-28,0.10027909,0.10026314,0.10025182,0.100263305,0.10023764,0.49870506
2010-07-29,0.10001102,0.10001102,0.49991342,0.10001102,0.10001102,0.100042515
2010-07-30,0.10000907,0.10000907,0.49992883,0.10000907,0.10000907,0.10003496
2010-08-02,0.100010864,0.100010864,0.49991465,0.100010864,0.100010864,0.10004189
2010-08-03,0.091115706,0.091122985,0.091135666,0.091434546,0.091109864,0.5440812
2010-08-04,0.5443382,0.0910876,0.09108765,0.0910876,0.0910876,0.09131133
2010-08-05,0.09095134,0.09095114,0.09095124,0.09095114,0.54519296,0.09100224
2010-08-06,0.5448573,0.09100462,0.09100465,0.09100462,0.09100462,0.09112415
2010-08-09,0.100007206,0.100007206,0.49994332,0.100007206,0.100007206,0.10002783
2010-08-10,0.091115706,0.091122985,0.091135666,0.091434546,0.091109864,0.5440812
2010-08-11,0.544956,0.09098885,0.090988874,0.09098885,0.09098885,0.0910886
2010-08-12,0.09120165,0.09120025,0.091201,0.09120023,0.5436409,0.09155591
2010-08-13,0.11134415,0.111362405,0.111346066,0.11138911,0.11132113,0.44323722
2010-08-16,0.091115706,0.091122985,0.091135666,0.091434546,0.091109864,0.5440812
2010-08-17,0.091115706,0.091122985,0.091135666,0.091434546,0.091109864,0.5440812
2010-08-18,0.10001221,0.10001221,0.49990407,0.10001221,0.10001221,0.1000471
2010-08-19,0.10028087,0.10026778,0.10025361,0.1002651,0.100239426,0.4986932
2010-08-20,0.54348963,0.09122314,0.09122321,0.09122314,0.09122315,0.091617785
2010-08-23,0.0909827,0.09098234,0.090982534,0.09098234,0.54499865,0.09107145
2010-08-24,0.14294045,0.14297703,0.14295124,0.14295578,0.1429192,0.2852563
2010-08-25,0.09101015,0.091009684,0.09100994,0.09100967,0.54482853,0.09113208
2010-08-26,0.091115706,0.091122985,0.091135666,0.091434546,0.091109864,0.5440812
2010-08-27,0.10001654,0.10001654,0.49986997,0.10001654,0.10001654,0.10006381
2010-08-30,0.09096601,0.09096574,0.09096588,0.09096574,0.54510206,0.09103461
2010-08-31,0.111351095,0.11133197,0.11133954,0.11138259,0.11131461,0.44328025
2010-09-01,0.09095041,0.09095019,0.09095031,0.09095019,0.5451987,0.09100016
2010-09-02,0.091115706,0.091122985,0.091135666,0.091434546,0.091109864,0.5440812
2010-09-03,0.1251962,0.12515305,0.12515382,0.12516816,0.12513612,0.37419268
2010-09-07,0.09105545,0.091054745,0.09105512,0.09105473,0.5445478,0.09123215
2010-09-08,0.14294045,0.14297788,0.14295125,0.14295581,0.1429192,0.28525546
2010-09-09,0.14294046,0.14297037,0.14295125,0.1429558,0.14291918,0.2852629
2010-09-10,0.5447032,0.09102927,0.09102931,0.09102927,0.09102927,0.09117972
2010-09-13,0.54452294,0.09105809,0.091058135,0.09105809,0.09105809,0.09124472
2010-09-14,0.100002006,0.100002006,0.49998415,0.100002006,0.100002006,0.100007765
2010-09-15,0.09113348,0.091132395,0.09113297,0.09113238,0.5440639,0.0914048
2010-09-16,0.09116337,0.091162145,0.09116281,0.09116213,0.5438785,0.091471046
2010-09-17,0.091115706,0.091122985,0.091135666,0.091434546,0.091109864,0.5440812
2010-09-20,0.091115706,0.091122985,0.091135666,0.091434546,0.091109864,0.5440812
2010-09-21,0.5449841,0.09098435,0.09098438,0.09098435,0.09098435,0.09107848
2010-09-22,0.091010004,0.09100953,0.09100977,0.09100952,0.5448294,0.09113174
2010-09-23,0.5452699,0.09093863,0.090938635,0.09093863,0.09093863,0.090975545
2010-09-24,0.5452155,0.09094733,0.09094735,0.09094733,0.09094733,0.09099515
2010-09-27,0.54518694,0.09095191,0.09095192,0.09095191,0.09095191,0.09100542
2010-09-28,0.09092526,0.09092519,0.09092523,0.09092519,0.5453543,0.09094477
2010-09-29,0.10001083,0.10001083,0.49991488,0.10001083,0.10001083,0.10004176
2010-09-30,0.091115706,0.091122985,0.091135666,0.091434546,0.091109864,0.5440812
2010-10-01,0.5438719,0.0911621,0.09116217,0.0911621,0.0911621,0.091479674
2010-10-04,0.54421234,0.091107726,0.09110778,0.091107726,0.091107726,0.09135677
2010-10-05,0.10001266,0.10001266,0.4999005,0.10001266,0.10001266,0.10004884
2010-10-06,0.091115706,0.091122985,0.091135666,0.091434546,0.091109864,0.5440812
2010-10-07,0.54485375,0.0910052,0.09100521,0.0910052,0.0910052,0.091125436
2010-10-08,0.545044,0.09097478,0.0909748,0.09097478,0.09097478,0.09105689
2010-10-11,0.5451367,0.090959944,0.09095996,0.090959944,0.090959944,0.09102351
2010-10-12,0.09094021,0.09094006,0.09094015,0.09094006,0.54526186,0.0909777
2010-10-13,0.10000046,0.10000046,0.4999963,0.10000046,0.10000046,0.1000018
2010-10-14,0.5448531,0.09100531,0.09100533,0.09100531,0.09100531,0.0911257
2010-10-15,0.11134409,0.111362256,0.11134599,0.11138904,0.11132107,0.44323754
2010-10-18,0.091115706,0.091122985,0.091135666,0.091434546,0.091109864,0.5440812
2010-10-19,0.5441149,0.09112329,0.09112335,0.09112329,0.09112329,0.091391936
2010-10-20,0.1113534,0.11143002,0.111347415,0.11139836,0.111330405,0.44314036
2010-10-21,0.10000268,0.10000268,0.4999789,0.10000268,0.10000268,0.10001036
2010-10-22,0.5441226,0.09112205,0.091122106,0.09112205,0.09112205,0.09138912
2010-10-25,0.10026571,0.10025466,0.10024704,0.10025853,0.10023286,0.49874112
2010-10-26,0.09092227,0.09092221,0.09092225,0.09092221,0.54537284,0.09093817
2010-10-27,0.091115706,0.091122985,0.091135666,0.091434546,0.091109864,0.5440812
2010-10-28,0.100002505,0.100002505,0.49998045,0.100002505,0.100002505,0.10000963
2010-10-29,0.09099568,0.09099527,0.09099548,0.09099526,0.54491824,0.091100104
2010-11-01,0.10000636,0.10000636,0.4999501,0.10000636,0.10000636,0.1000245
2010-11-02,0.09102273,0.091022186,0.09102248,0.09102216,0.54475063,0.09115982
2010-11-03,0.12519662,0.12515594,0.12515426,0.12516859,0.12513654,0.3741881
2010-11-04,0.09097716,0.090976834,0.09097702,0.090976834,0.5450329,0.09105923
2010-11-05,0.091115706,0.091122985,0.091135666,0.091434546,0.091109864,0.5440812
2010-11-08,0.10027816,0.100260764,0.1002509,0.10026239,0.100236714,0.4987111
2010-11-09,0.091115706,0.091122985,0.091135666,0.091434546,0.091109864,0.5440812
2010-11-10,0.091115706,0.091122985,0.091135666,0.091434546,0.091109864,0.5440812
2010-11-11,0.09098224,0.090981886,0.09098208,0.090981886,0.5450015,0.09107041
2010-11-12,0.091115706,0.091122985,0.091135666,0.091434546,0.091109864,0.5440812
2010-11-15,0.10027763,0.10025911,0.1002913,0.10027045,0.10024479,0.49865666
2010-11-16,0.100014225,0.100014225,0.49988815,0.100014225,0.100014225,0.10005488
2010-11-17,0.091115706,0.091122985,0.091135666,0.091434546,0.091109864,0.5440812
2010-11-18,0.543663,0.09119545,0.091195524,0.09119545,0.09119545,0.0915551
2010-11-19,0.5443149,0.09109131,0.091091365,0.09109131,0.09109131,0.09131971
2010-11-22,0.09094822,0.09094802,0.09094812,0.09094802,0.54521227,0.090995334
2010-11-23,0.090947226,0.09094705,0.090947144,0.09094705,0.54521835,0.09099318
2010-11-24,0.14294048,0.14296255,0.14295126,0.14295581,0.1429192,0.28527075
2010-11-26,0.100165784,0.10016581,0.498695,0.10016578,0.10016578,0.100641884
2010-11-29,0.54496646,0.090987176,0.0909872,0.090987176,0.090987176,0.09108484
2010-11-30,0.14294045,0.1429764,0.14295124,0.1429558,0.1429192,0.28525692
2010-12-01,0.10002093,0.10002093,0.4998356,0.10002093,0.10002093,0.10008074
2010-12-02,0.54486036,0.09100414,0.091004156,0.09100414,0.09100414,0.09112306
2010-12-03,0.1000092,0.1000092,0.49992764,0.1000092,0.1000092,0.100035496
2010-12-06,0.09099162,0.090991214,0.09099144,0.090991214,0.54494333,0.09109115
2010-12-07,0.5448244,0.091009885,0.09100991,0.091009885,0.091009885,0.091136016
2010-12-08,0.091115706,0.091122985,0.091135666,0.091434546,0.091109864,0.5440812
2010-12-09,0.1000332,0.10003321,0.49973896,0.1000332,0.1000332,0.10012816
2010-12-10,0.091115706,0.091122985,0.091135666,0.091434546,0.091109864,0.5440812
2010-12-13,0.091115706,0.091122985,0.091135666,0.091434546,0.091109864,0.5440812
2010-12-14,0.100286655,0.10026836,0.100267686,0.10027087,0.1002452,0.4986613
2010-12-15,0.091115706,0.091122985,0.091135666,0.091434546,0.091109864,0.5440812
2010-12-16,0.091015026,0.09101453,0.091014795,0.09101452,0.5447983,0.09114284
2010-12-17,0.5438999,0.091157615,0.09115768,0.091157615,0.091157615,0.09146952
2010-12-20,0.091115706,0.091122985,0.091135666,0.091434546,0.091109864,0.5440812
2010-12-21,0.09094155,0.090941384,0.09094146,0.090941384,0.5452535,0.09098065
2010-12-22,0.10003464,0.100034654,0.49972787,0.10003464,0.10003464,0.100133635
2010-12-23,0.100277826,0.1002599,0.100250565,0.10026205,0.100236386,0.49871323
2010-12-27,0.1002653,0.10025335,0.10024662,0.10025811,0.100232445,0.4987442
2010-12-28,0.10006025,0.10006025,0.4995264,0.10006024,0.10006024,0.100232616
2010-12-29,0.0909161,0.09091606,0.09091608,0.09091606,0.54541117,0.09092453
2010-12-30,0.09093398,0.09093386,0.09093393,0.09093386,0.5453005,0.090963945
2010-12-31,0.091115706,0.091122985,0.091135666,0.091434546,0.091109864,0.5440812
2011-01-03,0.5431505,0.091277264,0.09127736,0.091277264,0.09127727,0.09174044
2011-01-04,0.10004002,0.10004003,0.49968538,0.10004002,0.10004002,0.10015449
2011-01-05,0.091115706,0.091122985,0.091135666,0.091434546,0.091109864,0.5440812
2011-01-06,0.10000266,0.10000266,0.49997908,0.10000266,0.10000266,0.10001028
2011-01-07,0.09091174,0.09091172,0.09091174,0.09091172,0.5454381,0.090914935
2011-01-10,0.5451197,0.09096266,0.09096267,0.09096266,0.09096266,0.09102964
2011-01-11,0.091115706,0.091122985,0.091135666,0.091434546,0.091109864,0.5440812
2011-01-12,0.5447653,0.09101935,0.09101938,0.09101935,0.09101935,0.09115732
2011-01-13,0.09096865,0.09096836,0.09096851,0.09096836,0.54508567,0.09104043
2011-01-14,0.091115706,0.091122985,0.091135666,0.091434546,0.091109864,0.5440812
2011-01-18,0.091115706,0.091122985,0.091135666,0.091434546,0.091109864,0.5440812
2011-01-19,0.09108755,0.0910867,0.091087155,0.091086686,0.54434884,0.09130314
2011-01-20,0.09101329,0.0910128,0.09101306,0.09101278,0.54480904,0.09113899
2011-01-21,0.091115706,0.091122985,0.091135666,0.091434546,0.091109864,0.5440812
2011-01-24,0.10028103,0.1002682,0.10025377,0.10026525,0.100239575,0.49869218
2011-01-25,0.14294046,0.14296632,0.14295125,0.1429558,0.1429192,0.285267
2011-01-26,0.10008511,0.10008512,0.49933076,0.100085095,0.100085095,0.100328825
2011-01-27,0.10008378,0.10008379,0.49934122,0.10008377,0.10008377,0.10032366
2011-01-28,0.10026754,0.10026028,0.100248866,0.10026036,0.10023469,0.4987283
2011-01-31,0.091115706,0.091122985,0.091135666,0.091434546,0.091109864,0.5440812
2011-02-01,0.54367906,0.091192886,0.09119296,0.091192886,0.091192886,0.0915493
2011-02-02,0.091115706,0.091122985,0.091135666,0.091434546,0.091109864,0.5440812
2011-02-03,0.090983704,0.09098335,0.09098355,0.09098335,0.5449923,0.091073684
2011-02-04,0.5446606,0.091036074,0.0910361,0.091036074,0.091036074,0.09119506
2011-02-07,0.12519652,0.12515523,0.12515415,0.12516849,0.12513644,0.3741892
2011-02-08,0.14294045,0.14296146,0.14295125,0.1429558,0.1429192,0.2852718
2011-02-09,0.09096664,0.09096636,0.090966515,0.09096636,0.5450981,0.091035984
2011-02-10,0.14294042,0.14294997,0.14295961,0.14295577,0.14291915,0.28527507
2011-02-11,0.12519696,0.12515832,0.12515458,0.12516892,0.12513687,0.37418434
2011-02-14,0.091115706,0.091122985,0.091135666,0.091434546,0.091109864,0.5440812
2011-02-15,0.091115706,0.091122985,0.091135666,0.091434546,0.091109864,0.5440812
2011-02-16,0.10000701,0.10000701,0.49994493,0.10000701,0.10000701,0.10002705
2011-02-17,0.09112071,0.09111969,0.091120236,0.091119684,0.5441432,0.09137654
2011-02-18,0.100001454,0.100001454,0.49998856,0.100001454,0.100001454,0.100005604
2011-02-22,0.11136973,0.11150706,0.11136371,0.11141467,0.1113467,0.44299808
2011-02-23,0.11135149,0.11133289,0.111339934,0.11138299,0.11131502,0.4432777
2011-02-24,0.091115706,0.091122985,0.091135666,0.091434546,0.091109864,0.5440812
2011-02-25,0.100155026,0.10015504,0.49877995,0.10015501,0.10015501,0.100600004
2011-02-28,0.10112709,0.10112722,0.49101555,0.10112697,0.10112697,0.10447626
2011-03-01,0.100321285,0.100321315,0.49746588,0.10032125,0.10032125,0.10124894
2011-03-02,0.091115706,0.091122985,0.091135666,0.091434546,0.091109864,0.5440812
2011-03-03,0.10100566,0.10100579,0.49199644,0.10100555,0.10100555,0.10398097
2011-03-04,0.09136599,0.09136378,0.091364965,0.09136376,0.5426205,0.091921
2011-03-07,0.12513576,0.12513377,0.12516318,0.1251598,0.12512775,0.37427983
2011-03-08,0.12696858,0.12635255,0.12646478,0.12658454,0.12633844,0.36729115
2011-03-09,0.10256446,0.102564804,0.47914118,0.102564186,0.102564186,0.110601276
2011-03-10,0.12513621,0.12513784,0.12516363,0.12516026,0.1251282,0.3742738
2011-03-11,0.14294025,0.14294538,0.14295946,0.1429556,0.14291899,0.28528035
2011-03-14,0.091115706,0.091122985,0.091135666,0.091434546,0.091109864,0.5440812
2011-03-15,0.09153281,0.0915298,0.091531426,0.091529764,0.5415832,0.092293
2011-03-16,0.091115706,0.091122985,0.091135666,0.091434546,0.091109864,0.5440812
2011-03-17,0.11154307,0.11232468,0.111547805,0.1115617,0.11152012,0.44150266
2011-03-18,0.111411884,0.111706614,0.111405894,0.11145681,0.1113889,0.44262996
2011-03-21,0.10000736,0.10000736,0.49994206,0.10000736,0.10000736,0.10002841
2011-03-22,0.091115706,0.091122985,0.091135666,0.091434546,0.091109864,0.5440812
2011-03-23,0.11134926,0.111410506,0.11134328,0.111394234,0.11132626,0.44317645
2011-03-24,0.54495484,0.09098903,0.09098905,0.09098903,0.09098903,0.09108902
2011-03-25,0.100033194,0.1000332,0.4997392,0.100033194,0.100033194,0.100128084
2011-03-28,0.091115706,0.091122985,0.091135666,0.091434546,0.091109864,0.5440812
2011-03-29,0.091115706,0.091122985,0.091135666,0.091434546,0.091109864,0.5440812
2011-03-30,0.091115706,0.091122985,0.091135666,0.091434546,0.091109864,0.5440812
2011-03-31,0.091115706,0.091122985,0.091135666,0.091434546,0.091109864,0.5440812
2011-04-01,0.091115706,0.091122985,0.091135666,0.091434546,0.091109864,0.5440812
2011-04-04,0.11137253,0.11152036,0.111366525,0.11141748,0.111349516,0.44297352
2011-04-05,0.091115706,0.091122985,0.091135666,0.091434546,0.091109864,0.5440812
2011-04-06,0.09098267,0.090982296,0.0909825,0.090982296,0.5449989,0.091071345
2011-04-07,0.09093686,0.090936735,0.09093681,0.090936735,0.54528254,0.09097033
2011-04-08,0.5452533,0.09094131,0.09094131,0.09094131,0.09094131,0.09098155
2011-04-11,0.10000404,0.10000404,0.49996823,0.10000404,0.10000404,0.100015596
2011-04-12,0.091115706,0.091122985,0.091135666,0.091434546,0.091109864,0.5440812
2011-04-13,0.111421816,0.111753695,0.111415826,0.111466736,0.11139882,0.4425431
2011-04-14,0.091115706,0.091122985,0.091135666,0.091434546,0.091109864,0.5440812
2011-04-15,0.091115706,0.091122985,0.091135666,0.091434546,0.091109864,0.5440812
2011-04-18,0.091115706,0.091122985,0.091135666,0.091434546,0.091109864,0.5440812
2011-04-19,0.100030504,0.10003052,0.49976015,0.100030504,0.100030504,0.100117736
2011-04-20,0.09099008,0.09098969,0.0909899,0.09098969,0.5449529,0.09108774
2011-04-21,0.090984814,0.09098445,0.09098464,0.09098445,0.54498553,0.09107613
2011-04-25,0.10026801,0.100261785,0.10024935,0.10026084,0.100235164,0.4987249
2011-04-26,0.12519751,0.12516207,0.12515514,0.12516947,0.12513743,0.37417838
2011-04-27,0.10002339,0.10002339,0.49981624,0.10002339,0.10002339,0.100090235
2011-04-28,0.10001042,0.10001042,0.49991816,0.10001042,0.10001042,0.10004017
2011-04-29,0.10000398,0.10000398,0.4999687,0.10000398,0.10000398,0.10001537
2011-05-02,0.54377705,0.09117725,0.09117731,0.09117725,0.09117725,0.09151392
2011-05-03,0.09094609,0.090945914,0.09094601,0.090945914,0.5452254,0.09099068
2011-05-04,0.091115706,0.091122985,0.091135666,0.091434546,0.091109864,0.5440812
2011-05-05,0.091115706,0.091122985,0.091135666,0.091434546,0.091109864,0.5440812
2011-05-06,0.10001354,0.10001354,0.49989358,0.10001354,0.10001354,0.10005225
2011-05-09,0.5446291,0.0910411,0.09104115,0.0910411,0.0910411,0.0912064
2011-05-10,0.5448928,0.09099895,0.09099896,0.09099895,0.09099895,0.09111137
2011-05-11,0.10000477,0.10000477,0.49996257,0.10000477,0.10000477,0.10001838
2011-05-12,0.10000187,0.10000187,0.49998534,0.10000187,0.10000187,0.10000723
2011-05-13,0.11151677,0.112199016,0.1115215,0.1115354,0.111493796,0.44173348
2011-05-16,0.111691,0.1130359,0.11169572,0.11170959,0.111668095,0.44019964
2011-05-17,0.5429087,0.09131581,0.09131592,0.09131581,0.09131582,0.0918279
2011-05-18,0.10002849,0.1000285,0.49977598,0.10002849,0.10002849,0.100109935
2011-05-19,0.10003111,0.10003113,0.49975538,0.10003111,0.10003111,0.1001201
2011-05-20,0.10003093,0.10003094,0.49975693,0.10003093,0.10003093,0.10011933
2011-05-23,0.5441108,0.091123946,0.091124006,0.091123946,0.091123946,0.0913934
2011-05-24,0.5445608,0.09105204,0.09105207,0.09105204,0.09105204,0.09123107
2011-05-25,0.5448186,0.091010824,0.091010846,0.091010824,0.091010824,0.09113813
2011-05-26,0.10001951,0.10001951,0.49984664,0.10001951,0.10001951,0.10007528
2011-05-27,0.100017175,0.100017175,0.49986503,0.100017175,0.100017175,0.10006626
2011-05-31,0.100016914,0.100016914,0.499867,0.100016914,0.100016914,0.10006527
2011-06-01,0.091115706,0.091122985,0.091135666,0.091434546,0.091109864,0.5440812
2011-06-02,0.11147819,0.11201503,0.11148291,0.11149681,0.11145521,0.44207183
2011-06-03,0.54381764,0.09117077,0.091170825,0.09117077,0.09117077,0.09149927
2011-06-06,0.10005423,0.10005424,0.4995737,0.10005423,0.10005423,0.10020936
2011-06-07,0.5437953,0.09117432,0.09117438,0.09117432,0.09117432,0.09150731
2011-06-08,0.11134237,0.11135668,0.111344285,0.11138734,0.11131936,0.44324994
2011-06-09,0.100032195,0.10003222,0.49974692,0.100032195,0.100032195,0.10012427
2011-06-10,0.09126625,0.09126454,0.09126545,0.09126451,0.54323995,0.091699265
2011-06-13,0.10000646,0.10000646,0.49994922,0.10000646,0.10000646,0.10002492
2011-06-14,0.112183206,0.11545699,0.1121879,0.112201676,0.11216043,0.4358098
2011-06-15,0.091115706,0.091122985,0.091135666,0.091434546,0.091109864,0.5440812
2011-06-16,0.11207074,0.11489612,0.112075426,0.11208924,0.11204793,0.43682054
2011-06-17,0.11190462,0.114076145,0.11190933,0.111923166,0.11188177,0.4383049
2011-06-20,0.54404783,0.091134,0.09113404,0.091134,0.091134,0.09141611
2011-06-21,0.100008376,0.100008376,0.4999342,0.100008376,0.100008376,0.10003231
2011-06-22,0.10000836,0.10000836,0.4999342,0.10000836,0.10000836,0.10003228
2011-06-23,0.54492116,0.09099442,0.09099443,0.09099442,0.09099442,0.091101155
2011-06-24,0.100008324,0.100008324,0.49993455,0.100008324,0.100008324,0.10003211
2011-06-27,0.11134727,0.11140111,0.111341275,0.11139224,0.11132428,0.4431938
2011-06-28,0.09100625,0.09100579,0.09100603,0.09100577,0.54485273,0.091123424
2011-06-29,0.11135006,0.11141427,0.11134408,0.11139503,0.11132705,0.44316947
2011-06-30,0.091115706,0.091122985,0.091135666,0.091434546,0.091109864,0.5440812
2011-07-01,0.54425174,0.09110142,0.091101475,0.09110142,0.09110142,0.09134252
2011-07-05,0.11139816,0.11164159,0.111392155,0.1114431,0.111375175,0.44274986
2011-07-06,0.09097722,0.09097688,0.090977065,0.09097688,0.5450326,0.091059335
2011-07-07,0.1113812,0.1115614,0.11137521,0.11142616,0.11135821,0.44289783
2011-07-08,0.5450709,0.09097048,0.0909705,0.09097048,0.09097048,0.09104724
2011-07-11,0.5451672,0.090955056,0.09095507,0.090955056,0.090955056,0.09101252
2011-07-12,0.11144076,0.11183709,0.111445494,0.11145942,0.11141777,0.44239947
2011-07-13,0.11152464,0.11223662,0.11152938,0.11154328,0.11150169,0.44166446
2011-07-14,0.100000836,0.100000836,0.4999935,0.100000836,0.100000836,0.10000319
2011-07-15,0.091115706,0.091122985,0.091135666,0.091434546,0.091109864,0.5440812
2011-07-18,0.091115706,0.091122985,0.091135666,0.091434546,0.091109864,0.5440812
2011-07-19,0.10000589,0.10000589,0.4999537,0.10000589,0.10000589,0.10002274
2011-07-20,0.091115706,0.091122985,0.091135666,0.091434546,0.091109864,0.5440812
2011-07-21,0.543767,0.09117885,0.091178924,0.09117885,0.09117885,0.09151756
2011-07-22,0.09147059,0.09146788,0.091469325,0.09146785,0.5419703,0.09215408
2011-07-25,0.11135046,0.111330554,0.11133892,0.11138197,0.111314006,0.44328403
2011-07-26,0.09101399,0.09101348,0.09101375,0.091013476,0.54480475,0.09114054
2011-07-27,0.10026646,0.10025696,0.10024779,0.100259274,0.1002336,0.4987359
2011-07-28,0.091115706,0.091122985,0.091135666,0.091434546,0.091109864,0.5440812
2011-07-29,0.091115706,0.091122985,0.091135666,0.091434546,0.091109864,0.5440812
2011-08-01,0.091115706,0.091122985,0.091135666,0.091434546,0.091109864,0.5440812
2011-08-02,0.54451007,0.09106014,0.09106018,0.09106014,0.09106014,0.09124934
2011-08-03,0.54467076,0.09103446,0.091034494,0.09103446,0.09103446,0.09119141
2011-08-04,0.10000533,0.10000533,0.49995804,0.10000533,0.10000533,0.10002057
2011-08-05,0.10000526,0.10000526,0.49995863,0.10000526,0.10000526,0.100020275
2011-08-08,0.091115706,0.091122985,0.091135666,0.091434546,0.091109864,0.5440812
2011-08-09,0.09095216,0.09095196,0.09095206,0.09095196,0.5451878,0.09100408
2011-08-10,0.091115706,0.091122985,0.091135666,0.091434546,0.091109864,0.5440812
2011-08-11,0.090963565,0.090963304,0.090963446,0.090963304,0.54511714,0.09102922
2011-08-12,0.091115706,0.091122985,0.091135666,0.091434546,0.091109864,0.5440812
2011-08-15,0.090926215,0.090926126,0.09092617,0.090926126,0.5453485,0.090946816
2011-08-16,0.11141356,0.1117146,0.11140757,0.11145849,0.11139057,0.4426152
2011-08-17,0.5435985,0.09120575,0.091205835,0.09120575,0.09120577,0.09157844
2011-08-18,0.54374003,0.09118314,0.09118321,0.09118314,0.09118314,0.09152727
2011-08-19,0.10000029,0.10000029,0.49999774,0.10000029,0.10000029,0.10000112
2011-08-22,0.10000037,0.10000037,0.49999714,0.10000037,0.10000037,0.10000141
2011-08-23,0.091115706,0.091122985,0.091135666,0.091434546,0.091109864,0.5440812
2011-08-24,0.5439282,0.09115311,0.09115317,0.09115311,0.09115311,0.09145932
2011-08-25,0.5438603,0.09116394,0.09116401,0.09116394,0.09116394,0.09148383
2011-08-26,0.1000013,0.1000013,0.4999898,0.1000013,0.1000013,0.100005
2011-08-29,0.0909955,0.09099509,0.090995304,0.09099508,0.5449193,0.091099694
2011-08-30,0.54188097,0.091479644,0.09147978,0.09147964,0.091479644,0.09220037
2011-08-31,0.54204375,0.09145371,0.09145384,0.09145371,0.09145371,0.0921413
2011-09-01,0.090942696,0.09094253,0.09094262,0.09094253,0.5452465,0.09098317
2011-09-02,0.091115706,0.091122985,0.091135666,0.091434546,0.091109864,0.5440812
2011-09-06,0.11136131,0.11146733,0.111355305,0.111406274,0.11133831,0.44307154
2011-09-07,0.100000836,0.100000836,0.49999338,0.100000836,0.100000836,0.10000325
2011-09-08,0.5446402,0.091039345,0.091039374,0.091039345,0.091039345,0.091202416
2011-09-09,0.54498655,0.09098396,0.09098398,0.09098396,0.09098396,0.09107762
2011-09-12,0.10000014,0.10000014,0.4999988,0.10000014,0.10000014,0.10000055
2011-09-13,0.100000046,0.100000046,0.49999964,0.100000046,0.100000046,0.100000195
2011-09-14,0.5449334,0.09099246,0.09099248,0.09099246,0.09099246,0.091096744
2011-09-15,0.092068024,0.0920624,0.0920654,0.09206232,0.5382463,0.09349558
2011-09-16,0.11152478,0.11223724,0.11152951,0.11154341,0.11150181,0.4416633
2011-09-19,0.544554,0.09105312,0.09105315,0.09105312,0.09105312,0.0912335
2011-09-20,0.10000036,0.10000036,0.4999972,0.10000036,0.10000036,0.100001365
2011-09-21,0.54407203,0.09113013,0.0911302,0.09113013,0.09113013,0.091407396
2011-09-22,0.09092788,0.0909278,0.09092785,0.0909278,0.54533815,0.09095052
2011-09-23,0.10000039,0.10000039,0.4999969,0.10000039,0.10000039,0.100001514
2011-09-26,0.09096733,0.090967044,0.09096719,0.090967044,0.54509395,0.091037504
2011-09-27,0.09100072,0.09100028,0.09100052,0.091000274,0.54488707,0.091111206
2011-09-28,0.10000779,0.10000779,0.49993885,0.10000779,0.10000779,0.10003004
2011-09-29,0.54391426,0.09115535,0.0911554,0.09115535,0.09115535,0.091464356
2011-09-30,0.09094545,0.09094527,0.09094537,0.09094527,0.5452294,0.090989254
2011-10-03,0.09094937,0.09094917,0.09094928,0.09094917,0.5452051,0.0909979
2011-10-04,0.091115706,0.091122985,0.091135666,0.091434546,0.091109864,0.5440812
2011-10-05,0.1000398,0.10003982,0.4996871,0.1000398,0.1000398,0.10015364
2011-10-06,0.5446964,0.09103036,0.0910304,0.09103036,0.09103036,0.09118216
2011-10-07,0.54483354,0.09100842,0.09100845,0.09100842,0.09100842,0.09113272
2011-10-10,0.101110905,0.10111106,0.4911463,0.10111079,0.10111079,0.104410134
2011-10-11,0.11148624,0.1120534,0.11149097,0.11150488,0.11146327,0.44200128
2011-10-12,0.091115706,0.091122985,0.091135666,0.091434546,0.091109864,0.5440812
2011-10-13,0.09095722,0.09095698,0.09095711,0.09095698,0.54515654,0.09101519
2011-10-14,0.10020323,0.10020325,0.49839944,0.10020321,0.10020321,0.10078759
2011-10-17,0.090990484,0.0909901,0.09099031,0.0909901,0.54495037,0.09108865
2011-10-18,0.11240441,0.11657379,0.1124091,0.11242284,0.11238171,0.43380818
2011-10-19,0.091115706,0.091122985,0.091135666,0.091434546,0.091109864,0.5440812
2011-10-20,0.5448805,0.09100091,0.09100094,0.09100091,0.09100091,0.09111579
2011-10-21,0.54514724,0.09095825,0.09095827,0.09095825,0.09095825,0.09101971
2011-10-24,0.54524463,0.09094269,0.0909427,0.09094269,0.09094269,0.09098467
2011-10-25,0.10002491,0.10002491,0.49980435,0.10002491,0.10002491,0.1000961
2011-10-26,0.09095589,0.09095566,0.09095579,0.09095566,0.5451647,0.09101228
2011-10-27,0.10002874,0.10002875,0.4997742,0.10002874,0.10002874,0.10011089
2011-10-28,0.091115706,0.091122985,0.091135666,0.091434546,0.091109864,0.5440812
2011-10-31,0.54445183,0.09106944,0.09106948,0.09106944,0.09106944,0.09127034
2011-11-01,0.09098655,0.09098618,0.09098638,0.09098618,0.54497474,0.09107995
2011-11-02,0.091115706,0.091122985,0.091135666,0.091434546,0.091109864,0.5440812
2011-11-03,0.091115706,0.091122985,0.091135666,0.091434546,0.091109864,0.5440812
2011-11-04,0.54456586,0.09105123,0.091051266,0.09105123,0.09105123,0.091229245
2011-11-07,0.54472643,0.09102555,0.09102558,0.09102555,0.09102555,0.09117133
2011-11-08,0.100002035,0.100002035,0.49998403,0.100002035,0.100002035,0.100007854
2011-11-09,0.54493076,0.09099289,0.090992905,0.09099289,0.09099289,0.09109771
2011-11-10,0.09094494,0.09094476,0.090944864,0.09094476,0.54523253,0.09098813
2011-11-11,0.091115706,0.091122985,0.091135666,0.091434546,0.091109864,0.5440812
2011-11-14,0.111351736,0.11133348,0.111340195,0.11138323,0.111315265,0.44327614
2011-11-15,0.10000657,0.10000657,0.4999485,0.10000657,0.10000657,0.10002529
2011-11-16,0.10000593,0.10000593,0.4999534,0.10000593,0.10000593,0.1000229
2011-11-17,0.09096618,0.090965904,0.09096606,0.090965904,0.5451009,0.091035
2011-11-18,0.10000191,0.10000191,0.49998498,0.10000191,0.10000191,0.100007355
2011-11-21,0.091115706,0.091122985,0.091135666,0.091434546,0.091109864,0.5440812
2011-11-22,0.091115706,0.091122985,0.091135666,0.091434546,0.091109864,0.5440812
2011-11-23,0.543825,0.0911696,0.09116967,0.0911696,0.0911696,0.09149662
2011-11-25,0.10001219,0.10001219,0.4999042,0.10001219,0.10001219,0.10004704
2011-11-28,0.091063514,0.09106278,0.09106318,0.09106277,0.5444978,0.091249995
2011-11-29,0.09102362,0.09102307,0.09102336,0.09102306,0.5447451,0.0911618
2011-11-30,0.100016825,0.100016825,0.4998677,0.100016825,0.100016825,0.10006493
2011-12-01,0.11135288,0.11133608,0.111341335,0.11138439,0.11131641,0.44326895
2011-12-02,0.09101917,0.09101864,0.09101893,0.09101864,0.5447726,0.091151975
2011-12-05,0.100036584,0.1000366,0.49971253,0.100036584,0.100036584,0.10014117
2011-12-06,0.5448261,0.091009624,0.09100965,0.091009624,0.091009624,0.09113542
2011-12-07,0.10002899,0.100029,0.4997721,0.10002899,0.10002899,0.10011189
2011-12-08,0.10028329,0.100274034,0.10025602,0.10026751,0.10024184,0.49867737
2011-12-09,0.10000387,0.10000387,0.4999696,0.10000387,0.10000387,0.10001493
2011-12-12,0.091115706,0.091122985,0.091135666,0.091434546,0.091109864,0.5440812
2011-12-13,0.091115706,0.091122985,0.091135666,0.091434546,0.091109864,0.5440812
2011-12-14,0.5450194,0.090978704,0.090978734,0.090978704,0.090978704,0.09106578
2011-12-15,0.10005502,0.10005503,0.49956748,0.10005502,0.10005502,0.10021243
2011-12-16,0.5447578,0.09102054,0.09102057,0.09102054,0.09102054,0.09116004
2011-12-19,0.5448493,0.09100592,0.09100594,0.09100592,0.09100592,0.09112708
2011-12-20,0.10453236,0.10453301,0.46198636,0.104531854,0.104531854,0.11988465
2011-12-21,0.091115706,0.091122985,0.091135666,0.091434546,0.091109864,0.5440812
2011-12-22,0.5438424,0.0911668,0.091166854,0.0911668,0.0911668,0.09149028
2011-12-23,0.090992935,0.090992525,0.09099274,0.090992525,0.5449353,0.091094024
2011-12-27,0.111005165,0.11100708,0.39321327,0.11100366,0.11100367,0.16276717
2011-12-28,0.14294046,0.14295985,0.14295126,0.14295581,0.14291921,0.2852734
2011-12-29,0.100595504,0.10059559,0.49528638,0.10059544,0.10059544,0.10233168
2011-12-30,0.090968095,0.09096782,0.09096797,0.09096782,0.54508907,0.09103923
2012-01-03,0.54366446,0.0911952,0.09119529,0.0911952,0.0911952,0.0915546
2012-01-04,0.10026617,0.10025609,0.10024751,0.10025899,0.10023332,0.49873784
2012-01-05,0.091115706,0.091122985,0.091135666,0.091434546,0.091109864,0.5440812
2012-01-06,0.1000094,0.1000094,0.49992615,0.1000094,0.1000094,0.10003625
2012-01-09,0.090913385,0.09091336,0.09091337,0.09091336,0.545428,0.090918556
2012-01-10,0.09091108,0.090911075,0.090911075,0.090911075,0.5454423,0.09091347
2012-01-11,0.11143184,0.111801244,0.11142584,0.11147675,0.11140885,0.44245544
2012-01-12,0.5450491,0.09097396,0.09097398,0.09097396,0.09097396,0.091055065
2012-01-13,0.09091747,0.09091743,0.09091745,0.09091743,0.54540265,0.09092756
2012-01-17,0.5448742,0.09100194,0.091001965,0.09100194,0.09100194,0.091118105
2012-01-18,0.111559704,0.112404324,0.11156444,0.11157833,0.11153675,0.44135636
2012-01-19,0.11156548,0.11243192,0.1115702,0.11158409,0.11154253,0.44130576
2012-01-20,0.10004668,0.100046694,0.49963304,0.10004668,0.10004668,0.1001802
2012-01-23,0.10006695,0.10006695,0.49947366,0.100066945,0.100066945,0.10025852
2012-01-24,0.54446065,0.09106803,0.09106808,0.09106803,0.09106803,0.091267146
2012-01-25,0.54428333,0.09109639,0.09109643,0.09109639,0.09109639,0.091331154
2012-01-26,0.091115706,0.091122985,0.091135666,0.091434546,0.091109864,0.5440812
2012-01-27,0.5442845,0.09109618,0.09109622,0.09109618,0.09109618,0.0913307
2012-01-30,0.091115706,0.091122985,0.091135666,0.091434546,0.091109864,0.5440812
2012-01-31,0.54366916,0.091194466,0.09119454,0.091194466,0.091194466,0.09155288
2012-02-01,0.5432009,0.09126921,0.0912693,0.09126921,0.091269225,0.09172219
2012-02-02,0.10002423,0.10002423,0.49980956,0.10002423,0.10002423,0.100093514
2012-02-03,0.091115706,0.091122985,0.091135666,0.091434546,0.091109864,0.5440812
2012-02-06,0.100029655,0.10002968,0.49976695,0.100029655,0.100029655,0.10011446
2012-02-07,0.10001555,0.10001555,0.49987778,0.10001555,0.10001555,0.10005999
2012-02-08,0.091115706,0.091122985,0.091135666,0.091434546,0.091109864,0.5440812
2012-02-09,0.5447126,0.09102777,0.091027796,0.09102777,0.09102777,0.09117632
2012-02-10,0.100011356,0.100011356,0.4999108,0.100011356,0.100011356,0.10004379
2012-02-13,0.1002796,0.100264475,0.10025233,0.10026381,0.10023814,0.49870166
2012-02-14,0.54276794,0.09133826,0.09133837,0.09133826,0.09133828,0.091878854
2012-02-15,0.09164605,0.09164248,0.091644384,0.09164243,0.54087836,0.092546254
2012-02-16,0.091115706,0.091122985,0.091135666,0.091434546,0.091109864,0.5440812
2012-02-17,0.091115706,0.091122985,0.091135666,0.091434546,0.091109864,0.5440812
2012-02-21,0.091115706,0.091122985,0.091135666,0.091434546,0.091109864,0.5440812
2012-02-22,0.091115706,0.091122985,0.091135666,0.091434546,0.091109864,0.5440812
2012-02-23,0.5446637,0.091035575,0.09103561,0.091035575,0.091035575,0.09119393
2012-02-24,0.54462576,0.09104165,0.09104169,0.09104165,0.09104165,0.09120763
2012-02-27,0.14294046,0.14296483,0.14295126,0.1429558,0.1429192,0.28526846
2012-02-28,0.091115706,0.091122985,0.091135666,0.091434546,0.091109864,0.5440812
2012-02-29,0.5446954,0.09103052,0.09103055,0.09103052,0.09103052,0.09118253
2012-03-01,0.091115706,0.091122985,0.091135666,0.091434546,0.091109864,0.5440812
2012-03-02,0.09092627,0.09092618,0.09092622,0.09092618,0.5453482,0.09094694
2012-03-05,0.54465085,0.09103764,0.09103767,0.09103764,0.09103764,0.09119858
2012-03-06,0.091115706,0.091122985,0.091135666,0.091434546,0.091109864,0.5440812
2012-03-07,0.100011244,0.100011244,0.49991164,0.100011244,0.100011244,0.100043364
2012-03-08,0.54490256,0.09099738,0.090997405,0.09099738,0.09099738,0.09110786
2012-03-09,0.1429404,0.14294948,0.1429596,0.14295575,0.14291914,0.28527567
2012-03-12,0.12519729,0.12516057,0.12515491,0.12516925,0.12513721,0.37418073
2012-03-13,0.11134315,0.111381605,0.111337155,0.11138812,0.11132014,0.44322988
2012-03-14,0.10001161,0.10001161,0.49990872,0.10001161,0.10001161,0.10004477
2012-03-15,0.091115706,0.091122985,0.091135666,0.091434546,0.091109864,0.5440812
2012-03-16,0.5447233,0.09102605,0.091026075,0.09102605,0.09102605,0.09117245
2012-03-19,0.10000743,0.10000743,0.49994165,0.10000743,0.10000743,0.10002865
2012-03-20,0.100008376,0.100008376,0.4999342,0.100008376,0.100008376,0.100032315
2012-03-21,0.544901,0.09099764,0.09099765,0.09099764,0.09099764,0.09110843
2012-03-22,0.091115706,0.091122985,0.091135666,0.091434546,0.091109864,0.5440812
2012-03-23,0.09091249,0.09091247,0.090912476,0.09091247,0.5454336,0.09091656
2012-03-26,0.091115706,0.091122985,0.091135666,0.091434546,0.091109864,0.5440812
2012-03-27,0.10000783,0.10000783,0.49993855,0.10000783,0.10000783,0.10003017
2012-03-28,0.091115706,0.091122985,0.091135666,0.091434546,0.091109864,0.5440812
2012-03-29,0.091115706,0.091122985,0.091135666,0.091434546,0.091109864,0.5440812
2012-03-30,0.5449195,0.0909947,0.09099472,0.0909947,0.0909947,0.09110178
2012-04-02,0.5448668,0.09100312,0.09100315,0.09100312,0.09100312,0.09112076
2012-04-03,0.091115706,0.091122985,0.091135666,0.091434546,0.091109864,0.5440812
2012-04-04,0.091115706,0.091122985,0.091135666,0.091434546,0.091109864,0.5440812
2012-04-05,0.5450692,0.09097074,0.09097075,0.09097074,0.09097074,0.09104781
2012-04-09,0.11146926,0.11197262,0.111474,0.1114879,0.11144629,0.4421499
2012-04-10,0.091115706,0.091122985,0.091135666,0.091434546,0.091109864,0.5440812
2012-04-11,0.10000699,0.10000699,0.4999451,0.10000699,0.10000699,0.10002697
2012-04-12,0.0909592,0.09095897,0.090959094,0.09095897,0.5451442,0.09101959
2012-04-13,0.09117396,0.09117269,0.09117336,0.09117267,0.5438129,0.09149448
2012-04-16,0.111850694,0.11381204,0.1118554,0.11186925,0.111827835,0.43878475
2012-04-17,0.11213312,0.115206696,0.11213782,0.112151615,0.11211033,0.43626037
2012-04-18,0.54446363,0.09106755,0.091067605,0.09106755,0.09106755,0.09126608
2012-04-19,0.090975024,0.090974696,0.09097488,0.090974696,0.5450462,0.09105449
2012-04-20,0.54440016,0.09107771,0.09107775,0.09107771,0.09107771,0.091288984
2012-04-23,0.5444466,0.09107029,0.09107034,0.09107029,0.09107029,0.091272265
2012-04-24,0.10001266,0.10001266,0.4999005,0.10001266,0.10001266,0.100048855
2012-04-25,0.10001032,0.10001032,0.49991894,0.10001032,0.10001032,0.10003979
2012-04-26,0.10001116,0.10001116,0.49991223,0.10001116,0.10001116,0.1000431
2012-04-27,0.10001463,0.10001463,0.499885,0.10001463,0.10001463,0.10005645
2012-04-30,0.5420398,0.09145434,0.09145446,0.09145432,0.09145434,0.092142716
2012-05-01,0.111463025,0.11194293,0.11146776,0.111481674,0.111440055,0.44220456
2012-05-02,0.10001673,0.10001673,0.49986854,0.10001673,0.10001673,0.10006454
2012-05-03,0.091115706,0.091122985,0.091135666,0.091434546,0.091109864,0.5440812
2012-05-04,0.10028356,0.10027474,0.100256294,0.10026778,0.10024211,0.49867547
2012-05-07,0.091115706,0.091122985,0.091135666,0.091434546,0.091109864,0.5440812
2012-05-08,0.091068044,0.091067284,0.0910677,0.09106727,0.5444697,0.091260016
2012-05-09,0.100023486,0.100023486,0.4998154,0.100023486,0.100023486,0.10009064
2012-05-10,0.54420024,0.09110965,0.0911097,0.09110965,0.09110965,0.091361135
2012-05-11,0.54416126,0.09111588,0.09111593,0.09111588,0.09111588,0.09137519
2012-05-14,0.11171537,0.11315371,0.11172007,0.11173396,0.11169246,0.43998444
2012-05-15,0.1000191,0.1000191,0.49984998,0.1000191,0.1000191,0.10007367
2012-05-16,0.5439011,0.09115743,0.09115749,0.09115743,0.09115743,0.0914691
2012-05-17,0.5439919,0.09114292,0.09114298,0.09114292,0.09114292,0.091436304
2012-05-18,0.091115706,0.091122985,0.091135666,0.091434546,0.091109864,0.5440812
2012-05-21,0.091082826,0.091082,0.09108244,0.091081984,0.544378,0.09129272
2012-05-22,0.091119446,0.09111844,0.091118984,0.091118425,0.5441509,0.091373764
2012-05-23,0.091115706,0.091122985,0.091135666,0.091434546,0.091109864,0.5440812
2012-05-24,0.091115706,0.091122985,0.091135666,0.091434546,0.091109864,0.5440812
2012-05-25,0.11134387,0.1113615,0.11134577,0.11138882,0.111320846,0.44323918
2012-05-29,0.100029625,0.10002963,0.49976724,0.100029625,0.100029625,0.100114316
2012-05-30,0.091115706,0.091122985,0.091135666,0.091434546,0.091109864,0.5440812
2012-05-31,0.5437194,0.09118645,0.09118653,0.09118645,0.09118645,0.091534756
2012-06-01,0.10002149,0.10002149,0.49983126,0.10002149,0.10002149,0.10008287
2012-06-04,0.10003787,0.10003788,0.4997024,0.10003787,0.10003787,0.10014617
2012-06-05,0.091115706,0.091122985,0.091135666,0.091434546,0.091109864,0.5440812
2012-06-06,0.091115706,0.091122985,0.091135666,0.091434546,0.091109864,0.5440812
2012-06-07,0.09097738,0.09097705,0.09097723,0.09097705,0.5450316,0.0910597
2012-06-08,0.5444576,0.09106852,0.09106857,0.09106852,0.09106852,0.091268264
2012-06-11,0.54453367,0.09105636,0.09105641,0.09105636,0.09105636,0.09124084
2012-06-12,0.10002854,0.10002856,0.49977562,0.10002854,0.10002854,0.100110136
2012-06-13,0.091115706,0.091122985,0.091135666,0.091434546,0.091109864,0.5440812
2012-06-14,0.54407376,0.09112986,0.09112992,0.09112986,0.09112986,0.09140677
2012-06-15,0.5440776,0.091129236,0.09112929,0.091129236,0.091129236,0.09140536
2012-06-18,0.5439418,0.09115094,0.09115099,0.09115094,0.09115094,0.091454394
2012-06-19,0.11254462,0.11729125,0.11254928,0.112563014,0.112521954,0.43252987
2012-06-20,0.090976074,0.09097574,0.09097592,0.09097574,0.5450397,0.09105681
2012-06-21,0.11162821,0.112733126,0.11163294,0.11164682,0.1116053,0.4407536
2012-06-22,0.11142397,0.11176395,0.111417994,0.111468896,0.11140098,0.44252414
2012-06-25,0.54471326,0.09102766,0.091027685,0.09102766,0.09102766,0.09117606
2012-06-26,0.10026863,0.10026371,0.10024998,0.100261465,0.10023579,0.49872047
2012-06-27,0.54469126,0.09103117,0.091031194,0.09103117,0.09103117,0.09118399
2012-06-28,0.5445401,0.091055326,0.09105536,0.091055326,0.091055326,0.0912385
2012-06-29,0.091115706,0.091122985,0.091135666,0.091434546,0.091109864,0.5440812
2012-07-02,0.11163419,0.11276188,0.11163891,0.11165279,0.111611255,0.44070092
2012-07-03,0.091115706,0.091122985,0.091135666,0.091434546,0.091109864,0.5440812
2012-07-05,0.11135273,0.11142687,0.111346744,0.111397706,0.111329734,0.44314626
2012-07-06,0.5445703,0.09105052,0.09105055,0.09105052,0.09105052,0.09122762
2012-07-09,0.091115706,0.091122985,0.091135666,0.091434546,0.091109864,0.5440812
2012-07-10,0.544814,0.091011554,0.09101157,0.091011554,0.091011554,0.09113977
2012-07-11,0.100277215,0.10025832,0.10024995,0.100261435,0.10023577,0.49871728
2012-07-12,0.544837,0.09100787,0.091007896,0.09100787,0.09100787,0.091131486
2012-07-13,0.11134233,0.111356564,0.111344256,0.11138729,0.11131931,0.44325027
2012-07-16,0.1113534,0.111430004,0.111347415,0.11139836,0.1113304,0.44314045
2012-07-17,0.10000754,0.10000754,0.49994063,0.10000754,0.10000754,0.10002912
2012-07-18,0.111351974,0.11133402,0.111340426,0.111383475,0.111315496,0.4432746
2012-07-19,0.09134615,0.09134405,0.091345176,0.091344014,0.5427438,0.091876864
2012-07-20,0.54318,0.09127255,0.091272645,0.09127255,0.091272555,0.09172975
2012-07-23,0.09099478,0.090994366,0.09099458,0.090994366,0.54492384,0.0910981
2012-07-24,0.09094195,0.090941794,0.090941876,0.090941794,0.5452511,0.090981536
2012-07-25,0.10001334,0.10001334,0.49989524,0.10001334,0.10001334,0.10005145
2012-07-26,0.10028496,0.100265056,0.10026598,0.10026917,0.1002435,0.49867138
2012-07-27,0.091115706,0.091122985,0.091135666,0.091434546,0.091109864,0.5440812
2012-07-30,0.091115706,0.091122985,0.091135666,0.091434546,0.091109864,0.5440812
2012-07-31,0.09096536,0.09096509,0.09096524,0.09096509,0.545106,0.09103321
2012-08-01,0.09098854,0.09098816,0.09098836,0.09098816,0.54496247,0.09108433
2012-08-02,0.11137864,0.11154922,0.11137265,0.11142359,0.11135565,0.44292033
2012-08-03,0.10003897,0.10003899,0.4996937,0.10003897,0.10003897,0.100150414
2012-08-06,0.100066595,0.100066595,0.49947637,0.10006658,0.10006658,0.10025718
2012-08-07,0.091048576,0.09104791,0.09104827,0.091047905,0.54459035,0.09121697
2012-08-08,0.09100734,0.091006875,0.09100711,0.09100685,0.544846,0.09112583
2012-08-09,0.5444159,0.091075175,0.09107523,0.091075175,0.091075175,0.091283314
2012-08-10,0.10000813,0.10000813,0.49993616,0.10000813,0.10000813,0.100031346
2012-08-13,0.09122147,0.09121997,0.09122077,0.09121994,0.543518,0.09159984
2012-08-14,0.091523945,0.09152097,0.091522545,0.09152093,0.54163843,0.09227317
2012-08-15,0.5444514,0.091069505,0.09106955,0.091069505,0.091069505,0.09127049
2012-08-16,0.11134339,0.11136,0.111345306,0.11138836,0.11132037,0.44324255
2012-08-17,0.091115706,0.091122985,0.091135666,0.091434546,0.091109864,0.5440812
2012-08-20,0.11134494,0.11139009,0.11133894,0.111389905,0.11132193,0.44321415
2012-08-21,0.10002115,0.10002115,0.49983376,0.10002115,0.10002115,0.10008161
2012-08-22,0.12519701,0.1251586,0.12515463,0.12516896,0.12513691,0.37418386
2012-08-23,0.091115706,0.091122985,0.091135666,0.091434546,0.091109864,0.5440812
2012-08-24,0.100056216,0.10005624,0.49955812,0.100056216,0.100056216,0.10021705
2012-08-27,0.0909557,0.090955466,0.09095559,0.090955466,0.5451659,0.09101186
2012-08-28,0.090944156,0.090943985,0.09094408,0.090943985,0.5452373,0.090986416
2012-08-29,0.091115706,0.091122985,0.091135666,0.091434546,0.091109864,0.5440812
2012-08-30,0.111353375,0.11133719,0.11134181,0.11138487,0.11131689,0.44326591
2012-08-31,0.111372456,0.11151997,0.11136644,0.111417405,0.11134944,0.44297427
2012-09-04,0.09099266,0.09099226,0.09099248,0.09099226,0.5449369,0.09109343
2012-09-05,0.100007735,0.100007735,0.4999392,0.100007735,0.100007735,0.10002983
2012-09-06,0.091115706,0.091122985,0.091135666,0.091434546,0.091109864,0.5440812
2012-09-07,0.11139279,0.1116162,0.11138681,0.11143774,0.111369796,0.4427967
2012-09-10,0.11137832,0.111547746,0.11137234,0.11142328,0.11135533,0.44292304
2012-09-11,0.5449977,0.090982184,0.090982206,0.090982184,0.090982184,0.091073595
2012-09-12,0.091115706,0.091122985,0.091135666,0.091434546,0.091109864,0.5440812
2012-09-13,0.54484856,0.09100602,0.09100604,0.09100602,0.09100602,0.09112731
2012-09-14,0.091115706,0.091122985,0.091135666,0.091434546,0.091109864,0.5440812
2012-09-17,0.09117498,0.09117371,0.0911744,0.091173686,0.54380643,0.091496766
2012-09-18,0.11140621,0.11167973,0.11140022,0.11145114,0.11138322,0.44267952
2012-09-19,0.091115706,0.091122985,0.091135666,0.091434546,0.091109864,0.5440812
2012-09-20,0.5438741,0.091161735,0.0911618,0.091161735,0.091161735,0.091478854
2012-09-21,0.10026664,0.10025751,0.100247964,0.10025945,0.100233786,0.4987347
2012-09-24,0.09093005,0.090929955,0.090930015,0.090929955,0.5453247,0.09095532
2012-09-25,0.10000381,0.10000381,0.49997008,0.10000381,0.10000381,0.10001471
2012-09-26,0.14294046,0.14296046,0.14295126,0.14295581,0.14291921,0.2852728
2012-09-27,0.091115706,0.091122985,0.091135666,0.091434546,0.091109864,0.5440812
2012-09-28,0.09093855,0.09093842,0.090938486,0.09093842,0.545272,0.09097406
2012-10-01,0.10000265,0.10000265,0.4999792,0.10000265,0.10000265,0.10001021
2012-10-02,0.14294046,0.1429728,0.14295125,0.1429558,0.14291921,0.28526056
2012-10-03,0.10000455,0.10000455,0.49996424,0.10000455,0.10000455,0.10001755
2012-10-04,0.10000652,0.10000652,0.49994886,0.10000652,0.10000652,0.10002512
2012-10-05,0.0909909,0.09099049,0.090990715,0.09099049,0.5449479,0.09108954
2012-10-08,0.091115706,0.091122985,0.091135666,0.091434546,0.091109864,0.5440812
2012-10-09,0.091115706,0.091122985,0.091135666,0.091434546,0.091109864,0.5440812
2012-10-10,0.091115706,0.091122985,0.091135666,0.091434546,0.091109864,0.5440812
2012-10-11,0.10026587,0.100255124,0.10024721,0.10025869,0.10023302,0.4987401
2012-10-12,0.54500157,0.09098155,0.09098157,0.09098155,0.09098155,0.09107218
2012-10-15,0.10001048,0.10001048,0.49991763,0.10001048,0.10001048,0.10004042
2012-10-16,0.09131989,0.09131791,0.09131897,0.09131789,0.54290694,0.09181847
2012-10-17,0.11136769,0.11149745,0.11136168,0.11141263,0.11134467,0.44301584
2012-10-18,0.54467416,0.091033906,0.09103394,0.091033906,0.091033906,0.09119016
2012-10-19,0.091115706,0.091122985,0.091135666,0.091434546,0.091109864,0.5440812
2012-10-22,0.54459095,0.09104721,0.09104724,0.09104721,0.09104721,0.09122017
2012-10-23,0.091115706,0.091122985,0.091135666,0.091434546,0.091109864,0.5440812
2012-10-24,0.11135455,0.11143551,0.111348584,0.11139953,0.11133156,0.44313025
2012-10-25,0.09097486,0.090974554,0.090974726,0.090974554,0.5450472,0.09105416
2012-10-26,0.091115706,0.091122985,0.091135666,0.091434546,0.091109864,0.5440812
2012-10-31,0.5433585,0.09124406,0.091244146,0.09124406,0.09124407,0.0916652
2012-11-01,0.5435419,0.0912148,0.09121487,0.0912148,0.091214806,0.091598906
2012-11-02,0.091115706,0.091122985,0.091135666,0.091434546,0.091109864,0.5440812
2012-11-05,0.14294037,0.14294873,0.14295956,0.1429557,0.1429191,0.28527647
2012-11-06,0.09123187,0.09123032,0.091231145,0.091230296,0.54345345,0.09162292
2012-11-07,0.091115706,0.091122985,0.091135666,0.091434546,0.091109864,0.5440812
2012-11-08,0.10019627,0.100196294,0.49845436,0.10019624,0.10019624,0.10076051
2012-11-09,0.10007157,0.10007157,0.4994373,0.10007155,0.10007155,0.1002764
2012-11-12,0.091115706,0.091122985,0.091135666,0.091434546,0.091109864,0.5440812
2012-11-13,0.091115706,0.091122985,0.091135666,0.091434546,0.091109864,0.5440812
2012-11-14,0.54492563,0.0909937,0.090993725,0.0909937,0.0909937,0.091099545
2012-11-15,0.5446664,0.09103514,0.09103518,0.09103514,0.09103514,0.09119296
2012-11-16,0.09109635,0.091095455,0.09109593,0.09109545,0.54429424,0.09132261
2012-11-19,0.100010395,0.100010395,0.49991834,0.100010395,0.100010395,0.10004007
2012-11-20,0.5443871,0.091079794,0.091079846,0.091079794,0.091079794,0.0912937
2012-11-21,0.111428484,0.1117854,0.1114225,0.11147342,0.1114055,0.44248465
2012-11-23,0.11135327,0.111429416,0.11134727,0.111398235,0.11133026,0.4431415
2012-11-26,0.5440943,0.09112657,0.09112662,0.09112657,0.09112657,0.09139936
2012-11-27,0.5431843,0.091271855,0.09127195,0.091271855,0.091271855,0.09172818
2012-11-28,0.12519686,0.12515762,0.12515448,0.12516883,0.12513678,0.3741854
2012-11-29,0.0909366,0.09093647,0.09093655,0.09093647,0.5452841,0.09096975
2012-11-30,0.0909748,0.09097448,0.09097465,0.09097448,0.5450475,0.09105402
2012-12-03,0.10001366,0.10001366,0.49989262,0.10001366,0.10001366,0.10005271
2012-12-04,0.091115706,0.091122985,0.091135666,0.091434546,0.091109864,0.5440812
2012-12-05,0.0909691,0.09096881,0.090968974,0.09096881,0.5450829,0.09104142
2012-12-06,0.111372635,0.11152082,0.11136662,0.111417584,0.11134962,0.44297272
2012-12-07,0.5448113,0.091011986,0.09101201,0.091011986,0.091011986,0.091140725
2012-12-10,0.11140798,0.111688174,0.11140199,0.11145291,0.11138498,0.44266388
2012-12-11,0.10000848,0.10000848,0.49993342,0.10000848,0.10000848,0.10003267
2012-12-12,0.091115706,0.091122985,0.091135666,0.091434546,0.091109864,0.5440812
2012-12-13,0.091115706,0.091122985,0.091135666,0.091434546,0.091109864,0.5440812
2012-12-14,0.5448914,0.090999186,0.0909992,0.090999186,0.090999186,0.09111188
2012-12-17,0.0912226,0.091221094,0.0912219,0.09122107,0.5435109,0.09160237
2012-12-18,0.1000073,0.1000073,0.4999426,0.1000073,0.1000073,0.10002817
2012-12-19,0.091027215,0.09102666,0.09102696,0.09102664,0.54472286,0.09116975
2012-12-20,0.5437286,0.091184966,0.09118505,0.091184966,0.091184966,0.09153141
2012-12-21,0.5435694,0.0912104,0.09121047,0.0912104,0.09121041,0.09158897
2012-12-24,0.091115706,0.091122985,0.091135666,0.091434546,0.091109864,0.5440812
2012-12-26,0.12519723,0.12516017,0.12515487,0.12516919,0.12513715,0.3741814
2012-12-27,0.09092905,0.09092896,0.09092901,0.09092896,0.5453309,0.090953104
2012-12-28,0.14294046,0.14296736,0.14295126,0.14295578,0.1429192,0.28526592
2012-12-31,0.090934254,0.09093413,0.0909342,0.09093413,0.54529876,0.09096457
2013-01-02,0.11134725,0.111400984,0.11134127,0.111392215,0.11132424,0.44319406
2013-01-03,0.11135066,0.111331,0.111339115,0.11138216,0.111314185,0.44328284
2013-01-04,0.111354,0.111338675,0.11134245,0.111385494,0.11131753,0.44326183
2013-01-07,0.5450259,0.09097767,0.09097768,0.09097767,0.09097767,0.09106342
2013-01-08,0.10000698,0.10000698,0.49994516,0.10000698,0.10000698,0.100026935
2013-01-09,0.091115706,0.091122985,0.091135666,0.091434546,0.091109864,0.5440812
2013-01-10,0.11135883,0.11145562,0.11135283,0.11140379,0.11133582,0.44309312
2013-01-11,0.090930045,0.09092995,0.09092999,0.09092995,0.54532486,0.09095528
2013-01-14,0.5451119,0.0909639,0.090963915,0.0909639,0.0909639,0.09103243
2013-01-15,0.091115706,0.091122985,0.091135666,0.091434546,0.091109864,0.5440812
2013-01-16,0.091115706,0.091122985,0.091135666,0.091434546,0.091109864,0.5440812
2013-01-17,0.100006826,0.100006826,0.4999463,0.100006826,0.100006826,0.10002635
2013-01-18,0.10000716,0.10000716,0.49994373,0.10000716,0.10000716,0.10002761
2013-01-22,0.091196075,0.0911947,0.091195434,0.091194674,0.5436756,0.091543525
2013-01-23,0.091115706,0.091122985,0.091135666,0.091434546,0.091109864,0.5440812
2013-01-24,0.09117263,0.09117136,0.09117204,0.09117134,0.5438211,0.09149154
2013-01-25,0.091115706,0.091122985,0.091135666,0.091434546,0.091109864,0.5440812
2013-01-28,0.10010353,0.10010354,0.4991857,0.10010352,0.10010352,0.10040018
2013-01-29,0.09094764,0.09094746,0.09094755,0.09094746,0.5452158,0.09099409
2013-01-30,0.10002628,0.100026295,0.49979344,0.10002628,0.10002628,0.100101426
2013-01-31,0.5444547,0.091069,0.091069035,0.091069,0.091069,0.09126934
2013-02-01,0.090974085,0.09097377,0.09097395,0.09097377,0.545052,0.091052435
2013-02-04,0.11136426,0.11148123,0.11135825,0.11140922,0.11134125,0.4430458
2013-02-05,0.091115706,0.091122985,0.091135666,0.091434546,0.091109864,0.5440812
2013-02-06,0.10001959,0.10001959,0.49984616,0.10001959,0.10001959,0.10007555
2013-02-07,0.091115706,0.091122985,0.091135666,0.091434546,0.091109864,0.5440812
2013-02-08,0.5451839,0.0909524,0.09095241,0.0909524,0.0909524,0.09100652
2013-02-11,0.1000036,0.1000036,0.49997163,0.1000036,0.1000036,0.10001392
2013-02-12,0.11134231,0.11135653,0.111344226,0.11138729,0.11131931,0.44325027
2013-02-13,0.09113924,0.091138124,0.091138735,0.091138124,0.5440282,0.09141757
2013-02-14,0.111560814,0.112409554,0.11156553,0.11157943,0.11153786,0.44134685
2013-02-15,0.091115706,0.091122985,0.091135666,0.091434546,0.091109864,0.5440812
2013-02-19,0.11186233,0.1138689,0.11186704,0.111880876,0.11183946,0.4386813
2013-02-20,0.091115706,0.091122985,0.091135666,0.091434546,0.091109864,0.5440812
2013-02-21,0.11146931,0.111972846,0.111474045,0.111487955,0.11144633,0.44214946
2013-02-22,0.091115706,0.091122985,0.091135666,0.091434546,0.091109864,0.5440812
2013-02-25,0.10000813,0.10000813,0.49993616,0.10000813,0.10000813,0.10003133
2013-02-26,0.090965725,0.09096545,0.090965606,0.09096545,0.5451037,0.09103398
2013-02-27,0.090949304,0.09094911,0.09094923,0.09094911,0.5452055,0.09099776
2013-02-28,0.100268066,0.10026196,0.10024941,0.1002609,0.10023523,0.49872443
2013-03-01,0.091115706,0.091122985,0.091135666,0.091434546,0.091109864,0.5440812
2013-03-04,0.10000217,0.10000217,0.49998295,0.10000217,0.10000217,0.10000836
2013-03-05,0.10000492,0.10000492,0.49996138,0.10000492,0.10000492,0.10001895
2013-03-06,0.1429402,0.14294371,0.14295939,0.14295553,0.14291893,0.2852822
2013-03-07,0.14294018,0.14294298,0.14295937,0.14295551,0.1429189,0.28528306
2013-03-08,0.5445666,0.0910511,0.09105113,0.0910511,0.0910511,0.091228954
2013-03-11,0.54450345,0.091061205,0.091061234,0.091061205,0.091061205,0.09125174
2013-03-12,0.11135027,0.11133009,0.111338705,0.11138176,0.11131379,0.44328532
2013-03-13,0.5446105,0.09104409,0.09104412,0.09104409,0.09104409,0.091213144
2013-03-14,0.54476136,0.09101996,0.091019996,0.09101996,0.09101996,0.091158725
2013-03-15,0.5447026,0.09102937,0.0910294,0.09102937,0.09102937,0.09117993
2013-03-18,0.091115706,0.091122985,0.091135666,0.091434546,0.091109864,0.5440812
2013-03-19,0.100004986,0.100004986,0.4999609,0.100004986,0.100004986,0.10001922
2013-03-20,0.111994356,0.11451787,0.11199905,0.11201287,0.11197153,0.43750423
2013-03-21,0.5451824,0.09095264,0.09095266,0.09095264,0.09095264,0.09100707
2013-03-22,0.091115706,0.091122985,0.091135666,0.091434546,0.091109864,0.5440812
2013-03-25,0.10000509,0.10000509,0.49996,0.10000509,0.10000509,0.10001962
2013-03-26,0.090917885,0.09091784,0.090917856,0.09091784,0.5454001,0.09092848
2013-03-27,0.10027848,0.10026158,0.10025123,0.10026271,0.100237034,0.49870908
2013-03-28,0.100009434,0.100009434,0.49992597,0.100009434,0.100009434,0.10003635
2013-04-01,0.091115706,0.091122985,0.091135666,0.091434546,0.091109864,0.5440812
2013-04-02,0.091115706,0.091122985,0.091135666,0.091434546,0.091109864,0.5440812
2013-04-03,0.091115706,0.091122985,0.091135666,0.091434546,0.091109864,0.5440812
2013-04-04,0.090974495,0.09097418,0.09097435,0.09097418,0.5450494,0.09105333
2013-04-05,0.14294036,0.14294845,0.14295955,0.14295572,0.14291911,0.2852768
2013-04-08,0.5446556,0.09103687,0.09103691,0.09103687,0.09103687,0.09119686
2013-04-09,0.09142171,0.09141923,0.09142055,0.091419205,0.5422742,0.0920451
2013-04-10,0.091115706,0.091122985,0.091135666,0.091434546,0.091109864,0.5440812
2013-04-11,0.100011684,0.100011684,0.49990818,0.100011684,0.100011684,0.10004507
2013-04-12,0.091115706,0.091122985,0.091135666,0.091434546,0.091109864,0.5440812
2013-04-15,0.09133426,0.09133221,0.0913333,0.09133218,0.5428176,0.09185042
2013-04-16,0.09099747,0.090997055,0.09099727,0.090997055,0.5449071,0.09110405
2013-04-17,0.091030724,0.09103015,0.091030456,0.09103014,0.5447011,0.091177516
2013-04-18,0.091115706,0.091122985,0.091135666,0.091434546,0.091109864,0.5440812
2013-04-19,0.11147078,0.11197981,0.1114755,0.11148943,0.1114478,0.44213668
2013-04-22,0.091115706,0.091122985,0.091135666,0.091434546,0.091109864,0.5440812
2013-04-23,0.10065608,0.10065616,0.49480265,0.100656,0.100656,0.102573045
2013-04-24,0.111360505,0.111463584,0.111354515,0.11140547,0.111337505,0.44307837
2013-04-25,0.5440548,0.09113289,0.09113295,0.09113289,0.09113289,0.09141361
2013-04-26,0.10028228,0.10027141,0.10025501,0.100266494,0.10024083,0.49868402
2013-04-29,0.09099134,0.09099094,0.090991154,0.09099094,0.5449451,0.091090515
2013-04-30,0.100708425,0.10070852,0.49438414,0.10070836,0.10070836,0.10278221
2013-05-01,0.09100429,0.091003835,0.091004066,0.09100383,0.5448649,0.091119096
2013-05-02,0.09104603,0.09104538,0.09104573,0.09104536,0.54460615,0.091211334
2013-05-03,0.091115706,0.091122985,0.091135666,0.091434546,0.091109864,0.5440812
2013-05-06,0.10026607,0.10025573,0.1002474,0.10025889,0.10023321,0.49873874
2013-05-07,0.10023535,0.100235395,0.4981457,0.100235336,0.100235336,0.10091287
2013-05-08,0.10022407,0.1002241,0.4982348,0.100224055,0.100224055,0.10086889
2013-05-09,0.10026804,0.1002619,0.10024939,0.10026087,0.1002352,0.4987246
2013-05-10,0.5446564,0.09103676,0.091036804,0.09103676,0.09103676,0.091196604
2013-05-13,0.54471904,0.091026746,0.091026776,0.091026746,0.091026746,0.091174014
2013-05-14,0.11152249,0.11222632,0.11152723,0.111541115,0.11149953,0.4416833
2013-05-15,0.100012004,0.100012004,0.49990568,0.100012004,0.100012004,0.10004632
2013-05-16,0.11151022,0.11216767,0.11151493,0.111528836,0.11148724,0.44179112
2013-05-17,0.544423,0.09107404,0.091074094,0.09107404,0.09107404,0.09128075
2013-05-20,0.100050546,0.10005056,0.4996027,0.100050546,0.100050546,0.10019513
2013-05-21,0.10010405,0.10010406,0.49918172,0.10010403,0.10010403,0.10040216
2013-05-22,0.10013151,0.100131534,0.49896526,0.100131504,0.100131504,0.1005087
2013-05-23,0.54516953,0.0909547,0.090954706,0.0909547,0.0909547,0.09101169
2013-05-24,0.5451664,0.09095519,0.0909552,0.09095519,0.09095519,0.09101282
2013-05-28,0.0909329,0.09093277,0.09093284,0.09093277,0.54530716,0.090961546
2013-05-29,0.090936884,0.090936765,0.09093683,0.090936765,0.54528236,0.09097038
2013-05-30,0.5450539,0.09097319,0.09097321,0.09097319,0.09097319,0.091053344
2013-05-31,0.11139915,0.11164635,0.11139315,0.11144409,0.11137616,0.44274107
2013-06-03,0.10001103,0.10001103,0.49991325,0.10001103,0.10001103,0.10004257
2013-06-04,0.09097577,0.09097543,0.09097562,0.09097543,0.54504156,0.09105613
2013-06-05,0.09095706,0.09095682,0.09095696,0.09095682,0.54515743,0.09101487
2013-06-06,0.54496145,0.09098797,0.090988,0.09098797,0.09098797,0.09108665
2013-06-07,0.10001085,0.10001085,0.4999147,0.10001085,0.10001085,0.100041844
2013-06-10,0.09094993,0.09094973,0.09094983,0.09094973,0.5452017,0.09099912
2013-06-11,0.54514146,0.090959184,0.0909592,0.090959184,0.090959184,0.09102182
2013-06-12,0.10000369,0.10000369,0.49997097,0.10000369,0.10000369,0.10001424
2013-06-13,0.10000394,0.10000394,0.499969,0.10000394,0.10000394,0.10001522
2013-06-14,0.111465566,0.111954994,0.1114703,0.111484215,0.111442596,0.44218236
2013-06-17,0.54422146,0.091106266,0.091106325,0.091106266,0.091106266,0.09135346
2013-06-18,0.09117953,0.09117824,0.091178924,0.09117821,0.54377824,0.09150683
2013-06-19,0.5443542,0.09108504,0.09108509,0.09108504,0.09108504,0.09130555
2013-06-20,0.091115706,0.091122985,0.091135666,0.091434546,0.091109864,0.5440812
2013-06-21,0.090969935,0.090969644,0.09096981,0.090969644,0.54507774,0.09104328
2013-06-24,0.5446428,0.09103893,0.09103897,0.09103893,0.09103893,0.0912015
2013-06-25,0.091115706,0.091122985,0.091135666,0.091434546,0.091109864,0.5440812
2013-06-26,0.091115706,0.091122985,0.091135666,0.091434546,0.091109864,0.5440812
2013-06-27,0.09096823,0.09096795,0.090968095,0.09096795,0.54508823,0.09103951
2013-06-28,0.10028296,0.10027319,0.1002557,0.10026719,0.10024152,0.49867943
2013-07-01,0.100075975,0.100075975,0.49940276,0.10007597,0.10007597,0.100293435
2013-07-02,0.5442892,0.09109543,0.09109547,0.09109543,0.09109543,0.091329016
2013-07-03,0.12519675,0.12515685,0.12515438,0.12516871,0.12513666,0.37418664
2013-07-05,0.090992965,0.09099255,0.09099277,0.09099255,0.5449351,0.091094084
2013-07-08,0.10105171,0.10105185,0.4916247,0.101051606,0.101051606,0.10416849
2013-07-09,0.14293285,0.14295042,0.14295879,0.14295495,0.14291833,0.28528464
2013-07-10,0.5444658,0.09106722,0.091067255,0.09106722,0.09106722,0.091265336
2013-07-11,0.091115706,0.091122985,0.091135666,0.091434546,0.091109864,0.5440812
2013-07-12,0.091115706,0.091122985,0.091135666,0.091434546,0.091109864,0.5440812
2013-07-15,0.091115706,0.091122985,0.091135666,0.091434546,0.091109864,0.5440812
2013-07-16,0.091115706,0.091122985,0.091135666,0.091434546,0.091109864,0.5440812
2013-07-17,0.091474995,0.09147225,0.09147372,0.09147222,0.5419429,0.092163906
2013-07-18,0.111342184,0.11135607,0.111344084,0.11138714,0.11131916,0.44325134
2013-07-19,0.091115706,0.091122985,0.091135666,0.091434546,0.091109864,0.5440812
2013-07-22,0.091175415,0.09117415,0.091174826,0.09117412,0.54380375,0.09149773
2013-07-23,0.14294045,0.14297487,0.14295125,0.1429558,0.1429192,0.28525844
2013-07-24,0.091115706,0.091122985,0.091135666,0.091434546,0.091109864,0.5440812
2013-07-25,0.0911027,0.09110176,0.091102265,0.09110175,0.54425496,0.09133664
2013-07-26,0.091115706,0.091122985,0.091135666,0.091434546,0.091109864,0.5440812
2013-07-29,0.10040401,0.10040407,0.49681005,0.100403965,0.100403965,0.10157395
2013-07-30,0.5438719,0.0911621,0.09116217,0.0911621,0.0911621,0.091479674
2013-07-31,0.111371204,0.11151411,0.111365214,0.11141616,0.11134821,0.44298512
2013-08-01,0.09102524,0.09102469,0.09102499,0.091024674,0.54473495,0.09116538
2013-08-02,0.091115706,0.091122985,0.091135666,0.091434546,0.091109864,0.5440812
2013-08-05,0.10015345,0.100153476,0.49879223,0.10015343,0.10015343,0.10059393
2013-08-06,0.091115706,0.091122985,0.091135666,0.091434546,0.091109864,0.5440812
2013-08-07,0.100267686,0.10026073,0.100249015,0.100260496,0.10023483,0.49872735
2013-08-08,0.090988286,0.09098789,0.09098811,0.09098789,0.544964,0.091083765
2013-08-09,0.09108303,0.09108219,0.091082625,0.09108217,0.5443768,0.09129315
2013-08-12,0.54455584,0.091052815,0.09105285,0.091052815,0.091052815,0.09123284
2013-08-13,0.10027998,0.10026545,0.10025271,0.10026419,0.10023852,0.49869913
2013-08-14,0.100034416,0.100034416,0.49972954,0.100034416,0.100034416,0.1001328
2013-08-15,0.11135439,0.111434735,0.1113484,0.11139936,0.11133137,0.44313166
2013-08-16,0.090997905,0.09099749,0.09099771,0.09099747,0.5449044,0.09110501
2013-08-19,0.54441416,0.091075465,0.0910755,0.091075465,0.091075465,0.091283925
2013-08-20,0.11134316,0.11135923,0.11134506,0.11138811,0.11132013,0.44324422
2013-08-21,0.10001563,0.10001563,0.49987713,0.10001563,0.10001563,0.10006031
2013-08-22,0.10001034,0.10001034,0.4999187,0.10001034,0.10001034,0.10003991
2013-08-23,0.10000987,0.10000987,0.4999225,0.10000987,0.10000987,0.100038044
2013-08-26,0.091115706,0.091122985,0.091135666,0.091434546,0.091109864,0.5440812
2013-08-27,0.091115706,0.091122985,0.091135666,0.091434546,0.091109864,0.5440812
2013-08-28,0.14294045,0.14296703,0.14295125,0.14295581,0.1429192,0.28526628
2013-08-29,0.091115706,0.091122985,0.091135666,0.091434546,0.091109864,0.5440812
2013-08-30,0.091115706,0.091122985,0.091135666,0.091434546,0.091109864,0.5440812
2013-09-03,0.091115706,0.091122985,0.091135666,0.091434546,0.091109864,0.5440812
2013-09-04,0.091115706,0.091122985,0.091135666,0.091434546,0.091109864,0.5440812
2013-09-05,0.111359276,0.11145772,0.11135327,0.111404225,0.111336276,0.44308925
2013-09-06,0.09094035,0.09094019,0.09094028,0.09094019,0.54526097,0.090978
2013-09-09,0.5450332,0.0909765,0.090976514,0.0909765,0.0909765,0.09106079
2013-09-10,0.5451415,0.09095916,0.090959184,0.09095916,0.09095916,0.09102177
2013-09-11,0.10028196,0.10027059,0.100254685,0.10026617,0.1002405,0.49868613
2013-09-12,0.09099143,0.090991035,0.09099124,0.090991035,0.5449446,0.09109072
2013-09-13,0.11135181,0.11133363,0.11134026,0.11138331,0.11131533,0.4432756
2013-09-16,0.5451296,0.09096108,0.0909611,0.09096108,0.09096108,0.091026075
2013-09-17,0.111354,0.11133867,0.11134246,0.11138551,0.11131753,0.4432618
2013-09-18,0.09108303,0.09108219,0.091082625,0.09108217,0.5443768,0.09129315
2013-09-19,0.091057524,0.09105681,0.09105718,0.091056794,0.544535,0.09123674
2013-09-20,0.54478264,0.091016576,0.091016605,0.091016576,0.091016576,0.091151066
2013-09-23,0.090983205,0.09098285,0.09098304,0.09098285,0.5449955,0.09107257
2013-09-24,0.091005385,0.09100493,0.09100517,0.09100492,0.5448581,0.09112153
2013-09-25,0.091115706,0.091122985,0.091135666,0.091434546,0.091109864,0.5440812
2013-09-26,0.091042474,0.09104183,0.091042176,0.091041826,0.5446282,0.09120347
2013-09-27,0.10001589,0.10001589,0.4998751,0.10001589,0.10001589,0.1000613
2013-09-30,0.10001309,0.10001309,0.49989715,0.10001309,0.10001309,0.100050494
2013-10-01,0.091115706,0.091122985,0.091135666,0.091434546,0.091109864,0.5440812
2013-10-02,0.5438323,0.09116842,0.09116848,0.09116842,0.09116842,0.09149395
2013-10-03,0.10001363,0.10001363,0.49989286,0.10001363,0.10001363,0.100052595
2013-10-04,0.54424125,0.09110311,0.09110316,0.09110311,0.09110311,0.09134633
2013-10-07,0.091115706,0.091122985,0.091135666,0.091434546,0.091109864,0.5440812
2013-10-08,0.100043036,0.10004305,0.49966168,0.100043036,0.100043036,0.10016612
2013-10-09,0.1429403,0.14294676,0.1429595,0.14295565,0.14291903,0.28527874
2013-10-10,0.09135029,0.091348164,0.091349296,0.09134813,0.54271805,0.091886066
2013-10-11,0.11135181,0.11133363,0.11134026,0.11138331,0.11131533,0.4432756
2013-10-14,0.091480486,0.09147772,0.091479205,0.09147769,0.5419087,0.09217617
2013-10-15,0.091115706,0.091122985,0.091135666,0.091434546,0.091109864,0.5440812
2013-10-16,0.09102977,0.09102919,0.091029495,0.091029175,0.54470694,0.09117541
2013-10-17,0.091013886,0.09101338,0.09101364,0.09101337,0.5448054,0.09114029
2013-10-18,0.11138366,0.111573026,0.11137767,0.1114286,0.11136067,0.44287637
2013-10-21,0.091115706,0.091122985,0.091135666,0.091434546,0.091109864,0.5440812
2013-10-22,0.091115706,0.091122985,0.091135666,0.091434546,0.091109864,0.5440812
2013-10-23,0.11134337,0.11138266,0.11133737,0.11138833,0.11132036,0.44322792
2013-10-24,0.10001537,0.10001537,0.4998792,0.10001537,0.10001537,0.10005929
2013-10-25,0.0909299,0.090929806,0.09092985,0.090929806,0.5453257,0.09095497
2013-10-28,0.10017397,0.100173995,0.4986304,0.10017396,0.10017396,0.100673735
2013-10-29,0.09100305,0.09100261,0.09100285,0.0910026,0.5448725,0.0911164
2013-10-30,0.091123186,0.09112216,0.09112272,0.09112215,0.54412776,0.09138204
2013-10-31,0.100143485,0.1001435,0.4988709,0.10014347,0.10014347,0.10055518
2013-11-01,0.091063455,0.091062725,0.09106311,0.09106272,0.54449815,0.09124987
2013-11-04,0.09108382,0.091082975,0.09108342,0.09108297,0.5443719,0.09129491
2013-11-05,0.10011004,0.100110054,0.49913436,0.100110024,0.100110024,0.10042544
2013-11-06,0.091115706,0.091122985,0.091135666,0.091434546,0.091109864,0.5440812
2013-11-07,0.09093806,0.090937935,0.09093801,0.090937935,0.54527503,0.090973
2013-11-08,0.091115706,0.091122985,0.091135666,0.091434546,0.091109864,0.5440812
2013-11-11,0.09092133,0.090921275,0.090921305,0.090921275,0.54537874,0.09093607
2013-11-12,0.11136393,0.11147968,0.11135792,0.11140889,0.11134092,0.44304872
2013-11-13,0.5447027,0.09102935,0.09102938,0.09102935,0.09102935,0.091179885
2013-11-14,0.10009801,0.10009803,0.49922913,0.100098,0.100098,0.1003788
2013-11-15,0.100210905,0.10021093,0.49833894,0.100210875,0.100210875,0.10081749
2013-11-18,0.11140409,0.11166972,0.1113981,0.11144903,0.11138111,0.44269797
2013-11-19,0.09101098,0.091010496,0.09101076,0.09101048,0.5448234,0.09113389
2013-11-20,0.10002257,0.10002257,0.49982262,0.10002257,0.10002257,0.10008709
2013-11-21,0.10001199,0.10001199,0.4999058,0.10001199,0.10001199,0.10004626
2013-11-22,0.100032605,0.10003263,0.4997437,0.100032605,0.100032605,0.100125834
2013-11-25,0.091115706,0.091122985,0.091135666,0.091434546,0.091109864,0.5440812
2013-11-26,0.091115706,0.091122985,0.091135666,0.091434546,0.091109864,0.5440812
2013-11-27,0.10002861,0.10002863,0.49977502,0.10002861,0.10002861,0.10011044
2013-11-29,0.091115706,0.091122985,0.091135666,0.091434546,0.091109864,0.5440812
2013-12-02,0.091115706,0.091122985,0.091135666,0.091434546,0.091109864,0.5440812
2013-12-03,0.091115706,0.091122985,0.091135666,0.091434546,0.091109864,0.5440812
2013-12-04,0.091115706,0.091122985,0.091135666,0.091434546,0.091109864,0.5440812
2013-12-05,0.091115706,0.091122985,0.091135666,0.091434546,0.091109864,0.5440812
2013-12-06,0.54503536,0.09097615,0.09097618,0.09097615,0.09097615,0.091060005
2013-12-09,0.5450502,0.09097378,0.0909738,0.09097378,0.09097378,0.09105468
2013-12-10,0.54500735,0.09098062,0.090980634,0.09098062,0.09098062,0.091070086
2013-12-11,0.091115706,0.091122985,0.091135666,0.091434546,0.091109864,0.5440812
2013-12-12,0.5447691,0.09101873,0.091018766,0.09101873,0.09101873,0.091155946
2013-12-13,0.11134311,0.11135912,0.11134502,0.11138809,0.11132011,0.44324452
2013-12-16,0.1000267,0.100026704,0.49979016,0.1000267,0.1000267,0.100103036
2013-12-17,0.5426526,0.09135668,0.091356784,0.09135666,0.09135668,0.09192063
2013-12-18,0.091115706,0.091122985,0.091135666,0.091434546,0.091109864,0.5440812
2013-12-19,0.5442762,0.091097526,0.09109756,0.091097526,0.091097526,0.09133372
2013-12-20,0.5449286,0.09099321,0.09099324,0.09099321,0.09099321,0.09109845
2013-12-23,0.5451522,0.09095748,0.09095749,0.09095748,0.09095748,0.09101796
2013-12-24,0.14293301,0.14294289,0.14295895,0.1429551,0.14291848,0.28529155
2013-12-26,0.10012861,0.10012863,0.49898806,0.100128606,0.100128606,0.10049748
2013-12-27,0.090955384,0.09095516,0.09095528,0.09095516,0.54516786,0.09101117
2013-12-30,0.10028341,0.10027434,0.10025614,0.100267634,0.10024196,0.49867654
2013-12-31,0.10005404,0.10005405,0.49957526,0.10005404,0.10005404,0.100208625
2014-01-02,0.091013335,0.091012836,0.091013096,0.09101283,0.54480886,0.091139056
2014-01-03,0.11147422,0.11199613,0.11147895,0.11149285,0.11145124,0.44210663
2014-01-06,0.10005122,0.10005124,0.49959734,0.10005122,0.10005122,0.10019775
2014-01-07,0.09096182,0.09096156,0.090961695,0.09096156,0.54512805,0.09102535
2014-01-08,0.100020245,0.100020245,0.49984092,0.100020245,0.100020245,0.10007811
2014-01-09,0.091115706,0.091122985,0.091135666,0.091434546,0.091109864,0.5440812
2014-01-10,0.11149429,0.112091795,0.111499034,0.11151294,0.11147133,0.44193062
2014-01-13,0.11146108,0.11193369,0.11146583,0.11147973,0.111438125,0.44222158
2014-01-14,0.09093632,0.090936184,0.09093626,0.090936184,0.5452859,0.090969115
2014-01-15,0.09098142,0.09098106,0.09098125,0.09098106,0.5450066,0.09106862
2014-01-16,0.10005584,0.10005585,0.49956098,0.10005584,0.10005584,0.1002156
2014-01-17,0.11153618,0.11229174,0.11154092,0.1115548,0.11151323,0.4415632
2014-01-21,0.10003697,0.10003698,0.49970955,0.10003697,0.10003697,0.10014264
2014-01-22,0.11137664,0.111539856,0.11137066,0.1114216,0.11135366,0.44293764
2014-01-23,0.54419035,0.09111122,0.09111128,0.09111122,0.09111122,0.0913647
2014-01-24,0.091704756,0.091700904,0.09170297,0.09170085,0.5405127,0.0926778
2014-01-27,0.1003088,0.100308836,0.4975648,0.10030876,0.10030876,0.10120001
2014-01-28,0.091251075,0.09124944,0.091250315,0.091249414,0.5433341,0.09166557
2014-01-29,0.54486364,0.09100363,0.09100365,0.09100363,0.09100363,0.091121905
2014-01-30,0.091115706,0.091122985,0.091135666,0.091434546,0.091109864,0.5440812
2014-01-31,0.09092675,0.09092667,0.0909267,0.09092667,0.5453452,0.09094801
2014-02-03,0.09092815,0.090928055,0.090928115,0.090928055,0.5453365,0.09095112
2014-02-04,0.091115706,0.091122985,0.091135666,0.091434546,0.091109864,0.5440812
2014-02-05,0.091115706,0.091122985,0.091135666,0.091434546,0.091109864,0.5440812
2014-02-06,0.54482406,0.09100995,0.09100997,0.09100995,0.09100995,0.09113617
2014-02-07,0.10000527,0.10000527,0.49995863,0.10000527,0.10000527,0.100020304
2014-02-10,0.09091321,0.09091318,0.090913184,0.09091318,0.54542905,0.09091814
2014-02-11,0.091115706,0.091122985,0.091135666,0.091434546,0.091109864,0.5440812
2014-02-12,0.54477113,0.09101841,0.09101844,0.09101841,0.09101841,0.09115521
2014-02-13,0.10000249,0.10000249,0.49998033,0.10000249,0.10000249,0.10000963
2014-02-14,0.09096556,0.09096529,0.090965435,0.09096529,0.54510486,0.091033615
2014-02-18,0.090954125,0.09095391,0.09095403,0.09095391,0.5451756,0.09100841
2014-02-19,0.5442575,0.09110051,0.09110055,0.09110051,0.09110051,0.091340445
2014-02-20,0.09093969,0.09093955,0.090939626,0.09093955,0.545265,0.09097654
2014-02-21,0.10000265,0.10000265,0.49997926,0.10000265,0.10000265,0.10001018
2014-02-24,0.100003265,0.100003265,0.4999743,0.100003265,0.100003265,0.10001259
2014-02-25,0.10000723,0.10000723,0.4999432,0.10000723,0.10000723,0.10002789
2014-02-26,0.54523283,0.090944566,0.09094459,0.090944566,0.090944566,0.0909889
2014-02-27,0.12519693,0.12515806,0.12515455,0.12516889,0.12513685,0.37418473
2014-02-28,0.091115706,0.091122985,0.091135666,0.091434546,0.091109864,0.5440812
2014-03-03,0.10000952,0.10000952,0.4999252,0.10000952,0.10000952,0.1000367
2014-03-04,0.10027759,0.10025902,0.10029126,0.10027042,0.10024475,0.49865702
2014-03-05,0.1000156,0.1000156,0.49987748,0.1000156,0.1000156,0.10006018
2014-03-06,0.12519611,0.12515248,0.12515374,0.12516809,0.12513603,0.37419355
2014-03-07,0.10003663,0.100036636,0.4997121,0.10003663,0.10003663,0.10014138
2014-03-10,0.091115706,0.091122985,0.091135666,0.091434546,0.091109864,0.5440812
2014-03-11,0.091234,0.09123244,0.091233276,0.09123241,0.54344016,0.091627665
2014-03-12,0.09121167,0.0912102,0.09121098,0.09121018,0.5435789,0.09157809
2014-03-13,0.10000405,0.10000405,0.49996817,0.10000405,0.10000405,0.10001562
2014-03-14,0.091115706,0.091122985,0.091135666,0.091434546,0.091109864,0.5440812
2014-03-17,0.090985656,0.09098528,0.09098549,0.09098528,0.54498035,0.09107796
2014-03-18,0.091002315,0.091001876,0.091002114,0.09100187,0.5448771,0.09111476
2014-03-19,0.091115706,0.091122985,0.091135666,0.091434546,0.091109864,0.5440812
2014-03-20,0.5452421,0.09094309,0.0909431,0.09094309,0.09094309,0.09098559
2014-03-21,0.54529506,0.090934604,0.09093462,0.090934604,0.090934604,0.09096649
2014-03-24,0.10000107,0.10000107,0.49999154,0.10000107,0.10000107,0.100004144
2014-03-25,0.5453313,0.09092881,0.09092881,0.09092881,0.09092881,0.09095345
2014-03-26,0.091115706,0.091122985,0.091135666,0.091434546,0.091109864,0.5440812
2014-03-27,0.5452578,0.090940565,0.09094058,0.090940565,0.090940565,0.09097991
2014-03-28,0.09092708,0.09092699,0.09092704,0.09092699,0.5453431,0.09094875
2014-03-31,0.091115706,0.091122985,0.091135666,0.091434546,0.091109864,0.5440812
2014-04-01,0.10001855,0.10001855,0.49985424,0.10001855,0.10001855,0.100071564
2014-04-02,0.100023426,0.100023426,0.49981594,0.100023426,0.100023426,0.10009037
2014-04-03,0.5446154,0.0910433,0.09104334,0.0910433,0.0910433,0.09121137
2014-04-04,0.100032195,0.1000322,0.49974698,0.100032195,0.100032195,0.10012423
2014-04-07,0.100286305,0.10026769,0.10026733,0.10027053,0.10024486,0.4986633
2014-04-08,0.5451059,0.090964876,0.09096488,0.090964876,0.090964876,0.09103462
2014-04-09,0.09097557,0.09097524,0.09097542,0.09097524,0.5450429,0.0910557
2014-04-10,0.10027753,0.10025911,0.10025026,0.10026175,0.10023608,0.49871525
2014-04-11,0.54502547,0.090977736,0.09097776,0.090977736,0.090977736,0.09106357
2014-04-14,0.111406766,0.111682385,0.111400776,0.1114517,0.11138378,0.44267458
2014-04-15,0.10000813,0.10000813,0.49993616,0.10000813,0.10000813,0.10003133
2014-04-16,0.54474586,0.091022454,0.091022484,0.091022454,0.091022454,0.091164336
2014-04-17,0.091115706,0.091122985,0.091135666,0.091434546,0.091109864,0.5440812
2014-04-21,0.09098467,0.09098431,0.0909845,0.09098431,0.54498637,0.09107582
2014-04-22,0.10000113,0.10000113,0.49999106,0.10000113,0.10000113,0.10000436
2014-04-23,0.111351624,0.11133319,0.11134006,0.11138312,0.111315146,0.44327688
2014-04-24,0.091044836,0.09104419,0.09104453,0.09104418,0.54461354,0.0912087
2014-04-25,0.12519725,0.1251602,0.12515487,0.1251692,0.12513717,0.3741814
2014-04-28,0.091115706,0.091122985,0.091135666,0.091434546,0.091109864,0.5440812
2014-04-29,0.100018896,0.100018896,0.4998515,0.100018896,0.100018896,0.100072905
2014-04-30,0.091115706,0.091122985,0.091135666,0.091434546,0.091109864,0.5440812
2014-05-01,0.09102162,0.09102108,0.09102137,0.091021076,0.5447575,0.09115739
2014-05-02,0.111360975,0.11146577,0.11135496,0.11140594,0.111337975,0.4430744
2014-05-05,0.5440569,0.09113256,0.09113261,0.09113256,0.09113256,0.091412865
2014-05-06,0.091042906,0.09104226,0.0910426,0.09104225,0.5446256,0.09120443
2014-05-07,0.10002918,0.1000292,0.49977052,0.10002918,0.10002918,0.10011266
2014-05-08,0.11134198,0.11135545,0.1113439,0.111386955,0.111318976,0.4432527
2014-05-09,0.1113438,0.11138468,0.1113378,0.111388765,0.11132078,0.44322413
2014-05-12,0.54499567,0.0909825,0.09098253,0.0909825,0.0909825,0.0910743
2014-05-13,0.091115706,0.091122985,0.091135666,0.091434546,0.091109864,0.5440812
2014-05-14,0.09103171,0.09103113,0.09103144,0.09103112,0.5446949,0.09117967
2014-05-15,0.090998895,0.09099848,0.0909987,0.09099846,0.54489833,0.0911072
2014-05-16,0.09097646,0.090976134,0.09097632,0.090976134,0.5450372,0.09105769
2014-05-19,0.091115706,0.091122985,0.091135666,0.091434546,0.091109864,0.5440812
2014-05-20,0.5446139,0.09104355,0.091043584,0.09104355,0.09104355,0.09121192
2014-05-21,0.09098247,0.09098212,0.09098231,0.09098212,0.545,0.09107094
2014-05-22,0.54489654,0.09099836,0.09099838,0.09099836,0.09099836,0.09111004
2014-05-23,0.09094215,0.090942,0.09094208,0.090942,0.54524976,0.090982
2014-05-27,0.091115706,0.091122985,0.091135666,0.091434546,0.091109864,0.5440812
2014-05-28,0.10028628,0.10026764,0.10026731,0.1002705,0.100244835,0.49866343
2014-05-29,0.10000073,0.10000073,0.49999428,0.10000073,0.10000073,0.10000282
2014-05-30,0.09093163,0.09093153,0.09093159,0.09093153,0.54531485,0.09095881
2014-06-02,0.090943284,0.09094312,0.09094321,0.09094312,0.5452428,0.09098449
2014-06-03,0.54468805,0.091031685,0.091031715,0.091031685,0.091031685,0.09118517
2014-06-04,0.090943426,0.09094326,0.09094335,0.09094326,0.5452419,0.0909848
2014-06-05,0.111370414,0.111510396,0.111364424,0.11141537,0.11134742,0.44299194
2014-06-06,0.091115706,0.091122985,0.091135666,0.091434546,0.091109864,0.5440812
2014-06-09,0.5449791,0.09098515,0.09098517,0.09098515,0.09098515,0.09108028
2014-06-10,0.10000241,0.10000241,0.49998105,0.10000241,0.10000241,0.10000928
2014-06-11,0.10000547,0.10000547,0.49995697,0.10000547,0.10000547,0.10002112
2014-06-12,0.5448551,0.09100496,0.09100499,0.09100496,0.09100496,0.091124944
2014-06-13,0.091115706,0.091122985,0.091135666,0.091434546,0.091109864,0.5440812
2014-06-16,0.10001606,0.10001606,0.49987385,0.10001606,0.10001606,0.10006194
2014-06-17,0.091115706,0.091122985,0.091135666,0.091434546,0.091109864,0.5440812
2014-06-18,0.091115706,0.091122985,0.091135666,0.091434546,0.091109864,0.5440812
2014-06-19,0.10002669,0.1000267,0.49979028,0.10002669,0.10002669,0.10010296
2014-06-20,0.111350775,0.11133125,0.11133923,0.11138227,0.1113143,0.4432822
2014-06-23,0.091115706,0.091122985,0.091135666,0.091434546,0.091109864,0.5440812
2014-06-24,0.1251968,0.12515713,0.12515442,0.12516876,0.1251367,0.3741862
2014-06-25,0.5450355,0.090976134,0.09097616,0.090976134,0.090976134,0.09105998
2014-06-26,0.14294048,0.14297202,0.14295125,0.1429558,0.1429192,0.2852613
2014-06-27,0.10002229,0.10002229,0.49982476,0.10002229,0.10002229,0.10008601
2014-06-30,0.09099585,0.090995446,0.090995654,0.09099542,0.5449171,0.091100484
2014-07-01,0.091115706,0.091122985,0.091135666,0.091434546,0.091109864,0.5440812
2014-07-02,0.100043565,0.10004358,0.4996575,0.100043565,0.100043565,0.100168176
2014-07-03,0.54447037,0.09106648,0.091066524,0.09106648,0.09106648,0.09126365
2014-07-07,0.5443492,0.091085844,0.091085896,0.091085844,0.091085844,0.09130738
2014-07-08,0.091115706,0.091122985,0.091135666,0.091434546,0.091109864,0.5440812
2014-07-09,0.1429402,0.14294389,0.1429594,0.14295556,0.14291894,0.28528205
2014-07-10,0.100041226,0.10004123,0.49967596,0.100041226,0.100041226,0.10015912
2014-07-11,0.10002324,0.10002324,0.4998173,0.10002324,0.10002324,0.10008968
2014-07-14,0.091115706,0.091122985,0.091135666,0.091434546,0.091109864,0.5440812
2014-07-15,0.11138921,0.11159922,0.11138322,0.11143415,0.111366205,0.44282806
2014-07-16,0.091115706,0.091122985,0.091135666,0.091434546,0.091109864,0.5440812
2014-07-17,0.5443297,0.09108898,0.09108902,0.09108898,0.09108898,0.09131442
2014-07-18,0.09102499,0.091024436,0.091024734,0.09102442,0.54473656,0.091164835
2014-07-21,0.091115706,0.091122985,0.091135666,0.091434546,0.091109864,0.5440812
2014-07-22,0.10027747,0.10025896,0.10025021,0.10026169,0.10023602,0.49871567
2014-07-23,0.100005135,0.100005135,0.4999596,0.100005135,0.100005135,0.10001983
2014-07-24,0.091192625,0.09119128,0.091192,0.09119125,0.54369694,0.091535896
2014-07-25,0.091115706,0.091122985,0.091135666,0.091434546,0.091109864,0.5440812
2014-07-28,0.091115706,0.091122985,0.091135666,0.091434546,0.091109864,0.5440812
2014-07-29,0.5441901,0.09111128,0.09111133,0.09111128,0.09111128,0.09136481
2014-07-30,0.091115706,0.091122985,0.091135666,0.091434546,0.091109864,0.5440812
2014-07-31,0.09098532,0.090984955,0.09098515,0.090984955,0.5449823,0.09107724
2014-08-01,0.54358244,0.09120831,0.091208376,0.09120831,0.09120832,0.09158423
2014-08-04,0.5439018,0.09115733,0.09115739,0.09115733,0.09115733,0.091468856
2014-08-05,0.10006748,0.10006748,0.49946955,0.10006747,0.10006747,0.10026056
2014-08-06,0.09095826,0.09095803,0.090958156,0.09095803,0.54515,0.091017514
2014-08-07,0.091115706,0.091122985,0.091135666,0.091434546,0.091109864,0.5440812
2014-08-08,0.100014485,0.100014485,0.4998863,0.100014485,0.100014485,0.10005585
2014-08-11,0.5449683,0.090986885,0.09098691,0.090986885,0.090986885,0.091084175
2014-08-12,0.1000066,0.1000066,0.49994802,0.1000066,0.1000066,0.100025475
2014-08-13,0.11135067,0.11141715,0.11134469,0.11139564,0.11132766,0.44316414
2014-08-14,0.091115706,0.091122985,0.091135666,0.091434546,0.091109864,0.5440812
2014-08-15,0.5443342,0.09108824,0.09108829,0.09108824,0.09108824,0.09131277
2014-08-18,0.5444343,0.091072254,0.0910723,0.091072254,0.091072254,0.09127668
2014-08-19,0.10000682,0.10000682,0.49994642,0.10000682,0.10000682,0.10002629
2014-08-20,0.11135212,0.11142394,0.111346126,0.111397095,0.111329116,0.44315168
2014-08-21,0.091115706,0.091122985,0.091135666,0.091434546,0.091109864,0.5440812
2014-08-22,0.091115706,0.091122985,0.091135666,0.091434546,0.091109864,0.5440812
2014-08-25,0.09104984,0.09104916,0.09104952,0.09104915,0.5445826,0.09121975
2014-08-26,0.54474753,0.09102217,0.09102221,0.09102217,0.09102217,0.091163695
2014-08-27,0.09112695,0.0911259,0.091126464,0.09112589,0.54410446,0.09139034
2014-08-28,0.091004066,0.09100361,0.09100384,0.0910036,0.54486626,0.0911186
2014-08-29,0.10001869,0.10001869,0.49985316,0.10001869,0.10001869,0.10007208
2014-09-02,0.5447079,0.09102852,0.09102855,0.09102852,0.09102852,0.09117802
2014-09-03,0.10001578,0.10001578,0.49987593,0.10001578,0.10001578,0.1000609
2014-09-04,0.09095809,0.09095785,0.090957984,0.09095785,0.54515105,0.09101714
2014-09-05,0.091115706,0.091122985,0.091135666,0.091434546,0.091109864,0.5440812
2014-09-08,0.091115706,0.091122985,0.091135666,0.091434546,0.091109864,0.5440812
2014-09-09,0.09095744,0.0909572,0.090957336,0.0909572,0.5451551,0.091015704
2014-09-10,0.12519653,0.12515527,0.12515415,0.12516849,0.12513644,0.37418914
2014-09-11,0.5451391,0.09095957,0.090959586,0.09095957,0.09095957,0.09102267
2014-09-12,0.09119371,0.091192335,0.091193065,0.09119232,0.5436902,0.09153828
2014-09-15,0.09126092,0.09125922,0.09126012,0.0912592,0.5432731,0.09168741
2014-09-16,0.5449608,0.09098807,0.09098809,0.09098807,0.09098807,0.091086864
2014-09-17,0.091115706,0.091122985,0.091135666,0.091434546,0.091109864,0.5440812
2014-09-18,0.091115706,0.091122985,0.091135666,0.091434546,0.091109864,0.5440812
2014-09-19,0.11140302,0.11166469,0.11139703,0.11144795,0.11138003,0.44270724
2014-09-22,0.091115706,0.091122985,0.091135666,0.091434546,0.091109864,0.5440812
2014-09-23,0.54522926,0.09094514,0.090945154,0.09094514,0.09094514,0.09099019
2014-09-24,0.09103077,0.09103019,0.09103049,0.09103018,0.54470074,0.09117762
2014-09-25,0.09109264,0.09109177,0.091092244,0.09109176,0.5443172,0.09131442
2014-09-26,0.12519665,0.12515612,0.12515427,0.1251686,0.12513657,0.3741878
2014-09-29,0.5448213,0.09101038,0.0910104,0.09101038,0.09101038,0.091137126
2014-09-30,0.10026697,0.10025852,0.10024829,0.10025978,0.10023411,0.49873233
2014-10-01,0.091115706,0.091122985,0.091135666,0.091434546,0.091109864,0.5440812
2014-10-02,0.091115706,0.091122985,0.091135666,0.091434546,0.091109864,0.5440812
2014-10-03,0.5448659,0.09100324,0.09100327,0.09100324,0.09100324,0.091121055
2014-10-06,0.54486424,0.0910035,0.09100352,0.0910035,0.0910035,0.091121644
2014-10-07,0.091115706,0.091122985,0.091135666,0.091434546,0.091109864,0.5440812
2014-10-08,0.091069944,0.09106917,0.09106958,0.09106917,0.5444579,0.09126421
2014-10-09,0.100279555,0.100264356,0.100252286,0.100263774,0.10023811,0.49870196
2014-10-10,0.091115706,0.091122985,0.091135666,0.091434546,0.091109864,0.5440812
2014-10-13,0.5452021,0.09094949,0.090949506,0.09094949,0.09094949,0.090999976
2014-10-14,0.11136727,0.1114955,0.11136128,0.11141222,0.11134427,0.44301945
2014-10-15,0.091115706,0.091122985,0.091135666,0.091434546,0.091109864,0.5440812
2014-10-16,0.11143828,0.11182535,0.11144303,0.11145694,0.1114153,0.4424211
2014-10-17,0.09109733,0.09109642,0.09109692,0.091096416,0.5442881,0.0913248
2014-10-20,0.10000944,0.10000944,0.49992585,0.10000944,0.10000944,0.10003638
2014-10-21,0.091115706,0.091122985,0.091135666,0.091434546,0.091109864,0.5440812
2014-10-22,0.1113877,0.11159209,0.11138171,0.111432634,0.11136469,0.44284114
2014-10-23,0.5437612,0.09117978,0.09117985,0.09117978,0.09117978,0.091519654
2014-10-24,0.5427733,0.09133743,0.09133753,0.09133743,0.091337435,0.09187694
2014-10-27,0.10002375,0.10002375,0.4998135,0.10002375,0.10002375,0.10009157
2014-10-28,0.100014836,0.100014836,0.4998835,0.100014836,0.100014836,0.1000572
2014-10-29,0.10002397,0.10002397,0.49981165,0.10002397,0.10002397,0.10009247
2014-10-30,0.10004059,0.10004061,0.49968097,0.10004059,0.10004059,0.10015665
2014-10-31,0.11136637,0.11149126,0.11136036,0.11141132,0.11134336,0.4430273
2014-11-03,0.54376173,0.09117969,0.091179766,0.09117969,0.09117969,0.09151945
2014-11-04,0.11140622,0.11167983,0.11140023,0.11145117,0.111383244,0.4426793
2014-11-05,0.111410536,0.11170027,0.111404546,0.11145548,0.11138756,0.44264156
2014-11-06,0.10005381,0.10005382,0.49957693,0.10005381,0.10005381,0.10020775
2014-11-07,0.09092056,0.090920515,0.09092054,0.090920515,0.54538345,0.09093437
2014-11-10,0.09091321,0.090913184,0.0909132,0.090913184,0.54542905,0.09091815
2014-11-11,0.5452427,0.090943,0.09094301,0.090943,0.090943,0.090985365
2014-11-12,0.091115706,0.091122985,0.091135666,0.091434546,0.091109864,0.5440812
2014-11-13,0.1114201,0.11174561,0.11141411,0.11146504,0.11139712,0.44255805
2014-11-14,0.091115706,0.091122985,0.091135666,0.091434546,0.091109864,0.5440812
2014-11-17,0.091115706,0.091122985,0.091135666,0.091434546,0.091109864,0.5440812
2014-11-18,0.091265894,0.09126418,0.091265105,0.09126416,0.5432421,0.09169849
2014-11-19,0.5449715,0.09098637,0.09098639,0.09098637,0.09098637,0.091083035
2014-11-20,0.091115706,0.091122985,0.091135666,0.091434546,0.091109864,0.5440812
2014-11-21,0.091115706,0.091122985,0.091135666,0.091434546,0.091109864,0.5440812
2014-11-24,0.5450457,0.09097452,0.09097454,0.09097452,0.09097452,0.091056325
2014-11-25,0.12519614,0.12515266,0.12515377,0.1251681,0.12513605,0.37419325
2014-11-26,0.091115706,0.091122985,0.091135666,0.091434546,0.091109864,0.5440812
2014-11-28,0.09110003,0.0910991,0.09109959,0.09109908,0.5442715,0.09133072
2014-12-01,0.0911304,0.09112934,0.091129914,0.09112932,0.54408306,0.091398
2014-12-02,0.14294045,0.14297338,0.14295125,0.14295578,0.14291918,0.28525996
2014-12-03,0.14294036,0.14294827,0.14295956,0.1429557,0.1429191,0.28527704
2014-12-04,0.09106473,0.091063984,0.091064386,0.09106397,0.5444903,0.09125267
2014-12-05,0.54451704,0.09105904,0.09105907,0.09105904,0.09105904,0.091246836
2014-12-08,0.09111682,0.091115825,0.09111636,0.09111582,0.5441672,0.09136796
2014-12-09,0.10005392,0.10005393,0.49957615,0.10005392,0.10005392,0.10020816
2014-12-10,0.1251968,0.12515712,0.1251544,0.12516874,0.1251367,0.3741862
2014-12-11,0.091115706,0.091122985,0.091135666,0.091434546,0.091109864,0.5440812
2014-12-12,0.091115706,0.091122985,0.091135666,0.091434546,0.091109864,0.5440812
2014-12-15,0.54364884,0.091197714,0.09119779,0.091197714,0.091197714,0.09156023
2014-12-16,0.5439104,0.09115594,0.09115601,0.09115594,0.09115594,0.09146575
2014-12-17,0.091115706,0.091122985,0.091135666,0.091434546,0.091109864,0.5440812
2014-12-18,0.091115706,0.091122985,0.091135666,0.091434546,0.091109864,0.5440812
2014-12-19,0.0910538,0.09105311,0.091053486,0.091053106,0.544558,0.09122852
2014-12-22,0.091115706,0.091122985,0.091135666,0.091434546,0.091109864,0.5440812
2014-12-23,0.091115706,0.091122985,0.091135666,0.091434546,0.091109864,0.5440812
2014-12-24,0.100007206,0.100007206,0.4999435,0.100007206,0.100007206,0.10002776
2014-12-26,0.09122202,0.09122051,0.09122132,0.09122049,0.5435146,0.091601074
2014-12-29,0.091115706,0.091122985,0.091135666,0.091434546,0.091109864,0.5440812
2014-12-30,0.091115706,0.091122985,0.091135666,0.091434546,0.091109864,0.5440812
2014-12-31,0.5445553,0.091052905,0.091052935,0.091052905,0.091052905,0.09123302
2015-01-02,0.100149505,0.10014953,0.49882337,0.10014949,0.10014949,0.1005786
2015-01-05,0.091115706,0.091122985,0.091135666,0.091434546,0.091109864,0.5440812
2015-01-06,0.11136476,0.11148354,0.11135875,0.1114097,0.111341745,0.4430416
2015-01-07,0.111369886,0.11150786,0.111363895,0.11141484,0.11134689,0.44299668
2015-01-08,0.09094144,0.09094127,0.09094136,0.09094127,0.5452542,0.0909804
2015-01-09,0.11143019,0.11179343,0.11142421,0.11147512,0.111407205,0.4424699
2015-01-12,0.091115706,0.091122985,0.091135666,0.091434546,0.091109864,0.5440812
2015-01-13,0.112024836,0.114668556,0.11202954,0.11204335,0.11200202,0.43723163
2015-01-14,0.54508245,0.09096863,0.09096863,0.09096863,0.09096863,0.09104304
2015-01-15,0.090950415,0.09095021,0.09095032,0.09095021,0.5451986,0.09100022
2015-01-16,0.100050226,0.10005025,0.49960512,0.100050226,0.100050226,0.10019391
2015-01-20,0.54414576,0.091118336,0.091118395,0.091118336,0.091118336,0.09138076
2015-01-21,0.091013595,0.09101309,0.09101336,0.09101308,0.5448072,0.09113965
2015-01-22,0.5438672,0.09116285,0.091162905,0.09116285,0.09116285,0.09148134
2015-01-23,0.091115706,0.091122985,0.091135666,0.091434546,0.091109864,0.5440812
2015-01-26,0.100153625,0.10015365,0.4987908,0.10015362,0.10015362,0.10059464
2015-01-27,0.09127992,0.09127813,0.09127909,0.091278106,0.5431551,0.091729626
2015-01-28,0.14294045,0.14297111,0.14295124,0.1429558,0.14291918,0.28526217
2015-01-29,0.54416203,0.091115735,0.091115795,0.091115735,0.091115735,0.09137489
2015-01-30,0.11137014,0.11150907,0.11136413,0.111415096,0.11134713,0.44299442
2015-02-02,0.09092268,0.09092262,0.09092264,0.09092262,0.54537034,0.09093906
2015-02-03,0.091115706,0.091122985,0.091135666,0.091434546,0.091109864,0.5440812
2015-02-04,0.100017935,0.100017935,0.499859,0.100017935,0.100017935,0.10006919
2015-02-05,0.091115706,0.091122985,0.091135666,0.091434546,0.091109864,0.5440812
2015-02-06,0.091115706,0.091122985,0.091135666,0.091434546,0.091109864,0.5440812
2015-02-09,0.09091434,0.090914324,0.09091433,0.090914324,0.54542196,0.09092067
2015-02-10,0.10009307,0.100093074,0.49926823,0.100093044,0.100093044,0.10035959
2015-02-11,0.10016329,0.10016332,0.49871466,0.10016328,0.10016328,0.100632176
2015-02-12,0.54443896,0.0910715,0.09107155,0.0910715,0.0910715,0.09127499
2015-02-13,0.10013555,0.10013557,0.49893346,0.100135535,0.100135535,0.10052437
2015-02-17,0.54462224,0.091042206,0.09104224,0.091042206,0.091042206,0.09120889
2015-02-18,0.091115706,0.091122985,0.091135666,0.091434546,0.091109864,0.5440812
2015-02-19,0.090972096,0.0909718,0.090971954,0.0909718,0.5450643,0.09104805
2015-02-20,0.091115706,0.091122985,0.091135666,0.091434546,0.091109864,0.5440812
2015-02-23,0.091115706,0.091122985,0.091135666,0.091434546,0.091109864,0.5440812
2015-02-24,0.091115706,0.091122985,0.091135666,0.091434546,0.091109864,0.5440812
2015-02-25,0.091115706,0.091122985,0.091135666,0.091434546,0.091109864,0.5440812
2015-02-26,0.09104826,0.09104759,0.09104795,0.09104758,0.5445923,0.091216266
2015-02-27,0.091115706,0.091122985,0.091135666,0.091434546,0.091109864,0.5440812
2015-03-02,0.091115706,0.091122985,0.091135666,0.091434546,0.091109864,0.5440812
2015-03-03,0.11136627,0.11149073,0.11136027,0.11141122,0.111343265,0.4430283
2015-03-04,0.10026664,0.10025752,0.10024797,0.10025946,0.100233786,0.4987346
2015-03-05,0.091115706,0.091122985,0.091135666,0.091434546,0.091109864,0.5440812
2015-03-06,0.091115706,0.091122985,0.091135666,0.091434546,0.091109864,0.5440812
2015-03-09,0.10002564,0.10002564,0.4997985,0.10002564,0.10002564,0.10009894
2015-03-10,0.10000788,0.10000788,0.4999382,0.10000788,0.10000788,0.100030355
2015-03-11,0.14294045,0.1429512,0.14295965,0.14295581,0.1429192,0.2852737
2015-03-12,0.09157867,0.09157544,0.09157717,0.0915754,0.54129785,0.092395484
2015-03-13,0.11134375,0.111361176,0.11134567,0.11138872,0.11132074,0.44323993
2015-03-16,0.100000575,0.100000575,0.4999956,0.100000575,0.100000575,0.10000219
2015-03-17,0.09101669,0.09101617,0.09101644,0.091016166,0.54478794,0.0911465
2015-03-18,0.100000836,0.100000836,0.49999338,0.100000836,0.100000836,0.100003235
2015-03-19,0.091115706,0.091122985,0.091135666,0.091434546,0.091109864,0.5440812
2015-03-20,0.11144318,0.111848556,0.11144791,0.11146182,0.1114202,0.44237843
2015-03-23,0.11146893,0.11197102,0.111473665,0.11148758,0.11144595,0.4421528
2015-03-24,0.5448204,0.09101052,0.09101054,0.09101052,0.09101052,0.09113746
2015-03-25,0.111363865,0.11147939,0.11135785,0.11140882,0.111340865,0.44304916
2015-03-26,0.10003115,0.10003116,0.49975508,0.10003115,0.10003115,0.10012022
2015-03-27,0.10003444,0.100034446,0.49972937,0.10003444,0.10003444,0.1001329
2015-03-30,0.10002389,0.10002389,0.4998123,0.10002389,0.10002389,0.10009214
2015-03-31,0.111383185,0.11157076,0.111377195,0.11142814,0.11136019,0.44288057
2015-04-01,0.5438101,0.09117195,0.09117202,0.09117195,0.09117195,0.09150195
2015-04-02,0.54391414,0.09115534,0.09115541,0.09115534,0.09115534,0.091464385
2015-04-06,0.091115706,0.091122985,0.091135666,0.091434546,0.091109864,0.5440812
2015-04-07,0.10028128,0.10026884,0.10025402,0.1002655,0.10023983,0.49869058
2015-04-08,0.54442745,0.09107334,0.091073394,0.09107334,0.09107334,0.09127914
2015-04-09,0.091115706,0.091122985,0.091135666,0.091434546,0.091109864,0.5440812
2015-04-10,0.54439414,0.09107867,0.09107871,0.09107867,0.09107867,0.09129119
2015-04-13,0.091115706,0.091122985,0.091135666,0.091434546,0.091109864,0.5440812
2015-04-14,0.5438703,0.09116236,0.09116242,0.09116236,0.09116236,0.09148024
2015-04-15,0.09095893,0.09095869,0.09095882,0.09095869,0.54514587,0.09101899
2015-04-16,0.54409164,0.091126986,0.09112705,0.091126986,0.091126986,0.091400295
2015-04-17,0.09095861,0.09095837,0.090958506,0.09095837,0.54514784,0.091018304
2015-04-20,0.10000116,0.10000116,0.49999082,0.10000116,0.10000116,0.10000447
2015-04-21,0.100001216,0.100001216,0.4999904,0.100001216,0.100001216,0.10000473
2015-04-22,0.5442897,0.09109536,0.0910954,0.09109536,0.09109536,0.091328844
2015-04-23,0.090966746,0.09096647,0.09096661,0.09096647,0.5450974,0.09103624
2015-04-24,0.091115706,0.091122985,0.091135666,0.091434546,0.091109864,0.5440812
2015-04-27,0.5448221,0.09101026,0.09101028,0.09101026,0.09101026,0.09113687
2015-04-28,0.091115706,0.091122985,0.091135666,0.091434546,0.091109864,0.5440812
2015-04-29,0.11136935,0.11150529,0.11136334,0.1114143,0.111346334,0.4430014
2015-04-30,0.1000035,0.1000035,0.49997252,0.1000035,0.1000035,0.1000135
2015-05-01,0.11142211,0.11175512,0.11141612,0.111467026,0.11139913,0.4425405
2015-05-04,0.54472774,0.09102535,0.091025375,0.09102535,0.09102535,0.09117087
2015-05-05,0.091115706,0.091122985,0.091135666,0.091434546,0.091109864,0.5440812
2015-05-06,0.10000605,0.10000605,0.4999525,0.10000605,0.10000605,0.10002334
2015-05-07,0.09093868,0.09093854,0.09093862,0.09093854,0.54527134,0.090974316
2015-05-08,0.54508835,0.090967685,0.09096769,0.090967685,0.090967685,0.09104093
2015-05-11,0.5451529,0.09095735,0.09095736,0.09095735,0.09095735,0.091017686
2015-05-12,0.111355595,0.111440435,0.111349605,0.11140055,0.111332595,0.44312117
2015-05-13,0.10000071,0.10000071,0.49999446,0.10000071,0.10000071,0.10000272
2015-05-14,0.091000885,0.09100045,0.09100068,0.091000445,0.544886,0.09111159
2015-05-15,0.1000035,0.1000035,0.49997246,0.1000035,0.1000035,0.10001351
2015-05-18,0.11140604,0.11167901,0.11140005,0.11145098,0.111383066,0.4426808
2015-05-19,0.1113785,0.11154855,0.1113725,0.11142344,0.1113555,0.44292155
2015-05-20,0.54479283,0.09101494,0.09101496,0.09101494,0.09101494,0.0911474
2015-05-21,0.0909855,0.09098513,0.090985335,0.09098513,0.54498136,0.0910776
2015-05-22,0.091115706,0.091122985,0.091135666,0.091434546,0.091109864,0.5440812
2015-05-26,0.091115706,0.091122985,0.091135666,0.091434546,0.091109864,0.5440812
2015-05-27,0.091115706,0.091122985,0.091135666,0.091434546,0.091109864,0.5440812
2015-05-28,0.11145136,0.11188744,0.11145609,0.11147001,0.11142838,0.44230673
2015-05-29,0.11146038,0.1119304,0.11146513,0.11147903,0.11143741,0.44222763
2015-06-01,0.090923205,0.09092314,0.090923175,0.09092314,0.5453672,0.09094021
2015-06-02,0.09092753,0.090927444,0.090927474,0.090927444,0.5453403,0.09094974
2015-06-03,0.11134679,0.11139884,0.111340806,0.11139176,0.11132379,0.443198
2015-06-04,0.09093266,0.09093253,0.0909326,0.09093253,0.54530865,0.09096102
2015-06-05,0.091115706,0.091122985,0.091135666,0.091434546,0.091109864,0.5440812
2015-06-08,0.54489577,0.09099848,0.0909985,0.09099848,0.09099848,0.09111031
2015-06-09,0.5448061,0.091012806,0.091012836,0.091012806,0.091012806,0.09114259
2015-06-10,0.10026541,0.10025368,0.100246735,0.10025822,0.10023256,0.49874336
2015-06-11,0.10000999,0.10000999,0.4999215,0.10000999,0.10000999,0.10003853
2015-06-12,0.100006424,0.100006424,0.4999495,0.100006424,0.100006424,0.10002476
2015-06-15,0.5434998,0.0912215,0.09122157,0.0912215,0.09122151,0.09161409
2015-06-16,0.091115706,0.091122985,0.091135666,0.091434546,0.091109864,0.5440812
2015-06-17,0.5438399,0.091167204,0.09116726,0.091167204,0.091167204,0.09149121
2015-06-18,0.11134946,0.11141147,0.11134348,0.111394435,0.11132646,0.4431747
2015-06-19,0.11134214,0.11135594,0.111344054,0.111387104,0.111319125,0.44325164
2015-06-22,0.5444297,0.09107298,0.09107303,0.09107298,0.09107298,0.09127833
2015-06-23,0.091115706,0.091122985,0.091135666,0.091434546,0.091109864,0.5440812
2015-06-24,0.09102608,0.091025524,0.091025814,0.09102552,0.5447298,0.09116724
2015-06-25,0.091115706,0.091122985,0.091135666,0.091434546,0.091109864,0.5440812
2015-06-26,0.54491776,0.09099496,0.090994984,0.09099496,0.09099496,0.091102384
2015-06-29,0.5446862,0.09103198,0.09103202,0.09103198,0.09103198,0.09118583
2015-06-30,0.091115706,0.091122985,0.091135666,0.091434546,0.091109864,0.5440812
2015-07-02,0.10002424,0.10002424,0.49980944,0.10002424,0.10002424,0.100093566
2015-07-06,0.10002551,0.10002551,0.49979946,0.10002551,0.10002551,0.10009844
2015-07-07,0.100055166,0.10005519,0.49956635,0.100055166,0.100055166,0.100213006
2015-07-08,0.091115706,0.091122985,0.091135666,0.091434546,0.091109864,0.5440812
2015-07-09,0.091115706,0.091122985,0.091135666,0.091434546,0.091109864,0.5440812
2015-07-10,0.100095674,0.10009569,0.4992475,0.10009567,0.10009567,0.10036977
2015-07-13,0.54432297,0.091090046,0.09109009,0.091090046,0.091090046,0.09131684
2015-07-14,0.09152717,0.09152419,0.09152578,0.09152414,0.54161835,0.09228037
2015-07-15,0.091115706,0.091122985,0.091135666,0.091434546,0.091109864,0.5440812
2015-07-16,0.091115706,0.091122985,0.091135666,0.091434546,0.091109864,0.5440812
2015-07-17,0.091115706,0.091122985,0.091135666,0.091434546,0.091109864,0.5440812
2015-07-20,0.091115706,0.091122985,0.091135666,0.091434546,0.091109864,0.5440812
2015-07-21,0.091115706,0.091122985,0.091135666,0.091434546,0.091109864,0.5440812
2015-07-22,0.54461014,0.09104415,0.09104418,0.09104415,0.09104415,0.09121327
2015-07-23,0.10005583,0.100055836,0.4995611,0.10005583,0.10005583,0.10021556
2015-07-24,0.0915633,0.09156014,0.09156183,0.0915601,0.5413935,0.09236111
2015-07-27,0.10027809,0.10026059,0.100250825,0.10026232,0.10023665,0.49871147
2015-07-28,0.09111544,0.09111445,0.09111498,0.09111444,0.54417586,0.09136486
2015-07-29,0.5449525,0.0909894,0.09098942,0.0909894,0.0909894,0.091089845
2015-07-30,0.09098703,0.090986654,0.090986855,0.090986654,0.5449719,0.09108098
2015-07-31,0.5444531,0.09106924,0.09106929,0.09106924,0.09106924,0.09126989
2015-08-03,0.091115706,0.091122985,0.091135666,0.091434546,0.091109864,0.5440812
2015-08-04,0.090944275,0.09094411,0.09094421,0.09094411,0.54523665,0.09098668
2015-08-05,0.100074664,0.100074664,0.49941292,0.10007466,0.10007466,0.10028838
2015-08-06,0.09093521,0.090935074,0.09093513,0.090935074,0.5452929,0.09096666
2015-08-07,0.10001127,0.10001127,0.49991146,0.10001127,0.10001127,0.10004345
2015-08-10,0.5450681,0.09097091,0.09097092,0.09097091,0.09097091,0.09104822
2015-08-11,0.100281574,0.10026959,0.100254305,0.10026579,0.10024012,0.49868858
2015-08-12,0.54467756,0.09103338,0.09103341,0.09103338,0.09103338,0.09118896
2015-08-13,0.09122837,0.09122684,0.09122766,0.091226816,0.5434751,0.09161518
2015-08-14,0.11135189,0.11142292,0.11134591,0.11139688,0.1113289,0.44315356
2015-08-17,0.10002007,0.10002007,0.49984235,0.10002007,0.10002007,0.10007742
2015-08-18,0.100027524,0.10002754,0.4997836,0.100027524,0.100027524,0.10010621
2015-08-19,0.11138214,0.11156577,0.11137615,0.11142708,0.111359134,0.44288975
2015-08-20,0.10007834,0.10007835,0.49938396,0.10007833,0.10007833,0.10030263
2015-08-21,0.091115706,0.091122985,0.091135666,0.091434546,0.091109864,0.5440812
2015-08-24,0.09095175,0.09095154,0.09095165,0.09095154,0.54519033,0.091003135
2015-08-25,0.10009567,0.100095674,0.4992476,0.10009565,0.10009565,0.10036973
2015-08-26,0.10026672,0.10025776,0.10024804,0.10025953,0.10023386,0.498734
2015-08-27,0.54485816,0.09100449,0.09100451,0.09100449,0.09100449,0.09112385
2015-08-28,0.090956986,0.090956755,0.09095689,0.090956755,0.54515785,0.091014706
2015-08-31,0.11135415,0.111339025,0.11134261,0.11138566,0.11131768,0.44326082
2015-09-01,0.091115706,0.091122985,0.091135666,0.091434546,0.091109864,0.5440812
2015-09-02,0.091115706,0.091122985,0.091135666,0.091434546,0.091109864,0.5440812
2015-09-03,0.5449139,0.09099557,0.090995595,0.09099557,0.09099557,0.09110377
2015-09-04,0.091115706,0.091122985,0.091135666,0.091434546,0.091109864,0.5440812
2015-09-08,0.0909756,0.09097527,0.09097544,0.09097527,0.54504263,0.09105577
2015-09-09,0.091008104,0.091007635,0.09100788,0.09100763,0.54484123,0.09112754
2015-09-10,0.10001488,0.10001488,0.4998831,0.10001488,0.10001488,0.10005739
2015-09-11,0.10001931,0.10001931,0.4998482,0.10001931,0.10001931,0.100074545
2015-09-14,0.10028526,0.10026566,0.10026629,0.10026948,0.10024381,0.49866948
2015-09-15,0.091048345,0.09104768,0.09104805,0.091047674,0.5445917,0.09121648
2015-09-16,0.111358896,0.11145594,0.111352906,0.11140386,0.111335896,0.44309253
2015-09-17,0.09113719,0.0911361,0.09113669,0.09113609,0.54404086,0.09141306
2015-09-18,0.10004063,0.10004064,0.49968067,0.10004063,0.10004063,0.10015681
2015-09-21,0.10002497,0.10002497,0.49980375,0.10002497,0.10002497,0.10009635
2015-09-22,0.111391,0.11160774,0.11138501,0.111435935,0.111368,0.44281226
2015-09-23,0.09102756,0.09102699,0.0910273,0.091026984,0.5447206,0.09117052
2015-09-24,0.100015834,0.100015834,0.49987558,0.100015834,0.100015834,0.10006109
2015-09-25,0.091115706,0.091122985,0.091135666,0.091434546,0.091109864,0.5440812
2015-09-28,0.09114146,0.091140345,0.09114094,0.09114034,0.54401445,0.0914225
2015-09-29,0.091115706,0.091122985,0.091135666,0.091434546,0.091109864,0.5440812
2015-09-30,0.10002197,0.10002197,0.49982733,0.10002197,0.10002197,0.10008477
2015-10-01,0.09096911,0.09096882,0.09096899,0.09096882,0.54508287,0.09104145
2015-10-02,0.1113503,0.11133018,0.11133875,0.11138181,0.111313835,0.44328517
2015-10-05,0.54482514,0.09100978,0.0910098,0.09100978,0.09100978,0.091135785
2015-10-06,0.091115706,0.091122985,0.091135666,0.091434546,0.091109864,0.5440812
2015-10-07,0.1251968,0.12515718,0.12515442,0.12516877,0.12513672,0.37418613
2015-10-08,0.091115706,0.091122985,0.091135666,0.091434546,0.091109864,0.5440812
2015-10-09,0.54500514,0.090980984,0.09098101,0.090980984,0.090980984,0.091070905
2015-10-12,0.5450446,0.09097468,0.0909747,0.09097468,0.09097468,0.09105669
2015-10-13,0.11135079,0.11133131,0.11133924,0.11138228,0.11131432,0.44328204
2015-10-14,0.5451157,0.090963304,0.09096331,0.090963304,0.090963304,0.091031075
2015-10-15,0.09099278,0.090992376,0.090992585,0.090992376,0.54493624,0.09109369
2015-10-16,0.100013256,0.100013256,0.49989578,0.100013256,0.100013256,0.10005114
2015-10-19,0.091115706,0.091122985,0.091135666,0.091434546,0.091109864,0.5440812
2015-10-20,0.10001281,0.10001281,0.49989936,0.10001281,0.10001281,0.10004942
2015-10-21,0.10002965,0.100029655,0.49976695,0.10002965,0.10002965,0.10011443
2015-10-22,0.54483503,0.09100821,0.09100823,0.09100821,0.09100821,0.091132216
2015-10-23,0.091115706,0.091122985,0.091135666,0.091434546,0.091109864,0.5440812
2015-10-26,0.11134423,0.1113867,0.111338235,0.1113892,0.111321226,0.44322047
2015-10-27,0.091115706,0.091122985,0.091135666,0.091434546,0.091109864,0.5440812
2015-10-28,0.54507107,0.09097046,0.09097047,0.09097046,0.09097046,0.09104717
2015-10-29,0.09097612,0.090975784,0.09097596,0.090975784,0.5450394,0.09105691
2015-10-30,0.5447376,0.09102377,0.09102381,0.09102377,0.09102377,0.091167316
2015-11-02,0.10008252,0.100082524,0.49935126,0.10008251,0.10008251,0.100318745
2015-11-03,0.5449663,0.09098721,0.090987235,0.09098721,0.09098721,0.091084905
2015-11-04,0.091115706,0.091122985,0.091135666,0.091434546,0.091109864,0.5440812
2015-11-05,0.54510075,0.0909657,0.09096571,0.0909657,0.0909657,0.091036454
2015-11-06,0.5451461,0.09095843,0.09095844,0.09095843,0.09095843,0.09102012
2015-11-09,0.54517865,0.09095323,0.09095324,0.09095323,0.09095323,0.091008395
2015-11-10,0.11134901,0.111409314,0.111343026,0.11139398,0.111326,0.44317865
2015-11-11,0.54477984,0.09101702,0.09101707,0.09101702,0.09101702,0.0911521
2015-11-12,0.10013733,0.10013735,0.49891946,0.10013732,0.10013732,0.100531295
2015-11-13,0.091115706,0.091122985,0.091135666,0.091434546,0.091109864,0.5440812
2015-11-16,0.10034343,0.10034348,0.49729052,0.1003434,0.1003434,0.1013358
2015-11-17,0.11135074,0.11133119,0.1113392,0.111382246,0.11131427,0.44328237
2015-11-18,0.544968,0.090986915,0.09098693,0.090986915,0.090986915,0.09108426
2015-11-19,0.09117654,0.09117526,0.09117595,0.09117524,0.5437968,0.09150022
2015-11-20,0.10002957,0.100029595,0.4997676,0.10002957,0.10002957,0.100114144
2015-11-23,0.5451288,0.0909612,0.09096121,0.0909612,0.0909612,0.09102635
2015-11-24,0.091115706,0.091122985,0.091135666,0.091434546,0.091109864,0.5440812
2015-11-25,0.091115706,0.091122985,0.091135666,0.091434546,0.091109864,0.5440812
2015-11-27,0.5449469,0.0909903,0.09099032,0.0909903,0.0909903,0.09109187
2015-11-30,0.091115706,0.091122985,0.091135666,0.091434546,0.091109864,0.5440812
2015-12-01,0.100267656,0.100260615,0.10024898,0.10026047,0.1002348,0.49872753
2015-12-02,0.09097934,0.09097901,0.09097919,0.09097901,0.54501945,0.091064036
2015-12-03,0.091115706,0.091122985,0.091135666,0.091434546,0.091109864,0.5440812
2015-12-04,0.5449505,0.090989724,0.090989746,0.090989724,0.090989724,0.09109058
2015-12-07,0.10004512,0.10004513,0.49964535,0.10004512,0.10004512,0.10017416
2015-12-08,0.09111223,0.09111126,0.09111177,0.09111126,0.5441957,0.091357775
2015-12-09,0.091115706,0.091122985,0.091135666,0.091434546,0.091109864,0.5440812
2015-12-10,0.09103345,0.091032855,0.09103316,0.09103285,0.5446841,0.09118351
2015-12-11,0.091115706,0.091122985,0.091135666,0.091434546,0.091109864,0.5440812
2015-12-14,0.10028411,0.100263424,0.100265145,0.100268334,0.10024266,0.49867624
2015-12-15,0.11134201,0.111355506,0.11134392,0.11138697,0.11131899,0.44325256
2015-12-16,0.10002632,0.100026324,0.49979314,0.10002632,0.10002632,0.10010156
2015-12-17,0.5442126,0.09110767,0.091107726,0.09110767,0.09110767,0.091356665
2015-12-18,0.091115706,0.091122985,0.091135666,0.091434546,0.091109864,0.5440812
2015-12-21,0.54494596,0.090990454,0.09099047,0.090990454,0.090990454,0.09109222
2015-12-22,0.10000709,0.10000709,0.4999442,0.10000709,0.10000709,0.100027345
2015-12-23,0.09094585,0.090945676,0.09094577,0.090945676,0.5452269,0.09099012
2015-12-24,0.14293289,0.14294901,0.14295882,0.14295498,0.14291838,0.28528598
2015-12-28,0.1251369,0.12514356,0.12516429,0.12516092,0.12512887,0.37426546
2015-12-29,0.54506606,0.090971254,0.09097126,0.090971254,0.090971254,0.09104896
2015-12-30,0.1251369,0.12514363,0.1251643,0.12516093,0.12512888,0.3742654
2015-12-31,0.14294048,0.14296456,0.14295126,0.14295581,0.1429192,0.28526875
2016-01-04,0.10014403,0.10014406,0.49886656,0.10014402,0.10014402,0.10055731
2016-01-05,0.091115706,0.091122985,0.091135666,0.091434546,0.091109864,0.5440812
2016-01-06,0.09093958,0.09093944,0.09093951,0.09093944,0.5452657,0.09097631
2016-01-07,0.54497284,0.090986155,0.09098618,0.090986155,0.090986155,0.09108255
2016-01-08,0.54512674,0.09096154,0.090961546,0.09096154,0.09096154,0.0910271
2016-01-11,0.5452041,0.09094917,0.09094918,0.09094917,0.09094917,0.09099925
2016-01-12,0.11151298,0.11218096,0.111517705,0.11153161,0.11149002,0.44176665
2016-01-13,0.10000141,0.10000141,0.49998897,0.10000141,0.10000141,0.100005396
2016-01-14,0.0909576,0.09095736,0.090957485,0.09095736,0.5451542,0.09101603
2016-01-15,0.54482704,0.09100947,0.09100949,0.09100947,0.09100947,0.09113507
2016-01-19,0.10002517,0.10002517,0.49980232,0.10002517,0.10002517,0.10009708
2016-01-20,0.111425005,0.11176886,0.111419015,0.11146994,0.11140202,0.44251516
2016-01-21,0.54302007,0.09129805,0.09129815,0.09129805,0.09129806,0.09178759
2016-01-22,0.09119123,0.09118988,0.09119061,0.09118987,0.5437056,0.0915328
2016-01-25,0.54256445,0.091370724,0.09137083,0.09137071,0.091370724,0.09195255
2016-01-26,0.091115706,0.091122985,0.091135666,0.091434546,0.091109864,0.5440812
2016-01-27,0.12519683,0.12515734,0.12515445,0.12516879,0.12513673,0.37418586
2016-01-28,0.12519655,0.12515536,0.12515417,0.1251685,0.12513645,0.374189
2016-01-29,0.10026727,0.10025947,0.10024859,0.10026009,0.10023441,0.49873018
2016-02-01,0.09091449,0.09091446,0.090914465,0.09091446,0.5454212,0.09092097
2016-02-02,0.09091718,0.09091713,0.09091716,0.09091713,0.5454045,0.09092691
2016-02-03,0.11134309,0.11135902,0.11134499,0.11138806,0.11132006,0.4432447
2016-02-04,0.10001334,0.10001334,0.4998952,0.10001334,0.10001334,0.10005146
2016-02-05,0.091115706,0.091122985,0.091135666,0.091434546,0.091109864,0.5440812
2016-02-08,0.54510343,0.09096527,0.09096528,0.09096527,0.09096527,0.091035485
2016-02-09,0.09096212,0.09096185,0.090962,0.09096185,0.54512626,0.09102601
2016-02-10,0.5449113,0.09099599,0.090996005,0.09099599,0.09099599,0.09110471
2016-02-11,0.5446956,0.09103047,0.09103051,0.09103047,0.09103047,0.09118243
2016-02-12,0.5449266,0.09099355,0.090993576,0.09099355,0.09099355,0.09109921
2016-02-16,0.11137397,0.111527145,0.11136798,0.11141892,0.11135096,0.442961
2016-02-17,0.091454074,0.09145144,0.091452844,0.09145141,0.542073,0.09211724
2016-02-18,0.11136491,0.11148435,0.1113589,0.11140986,0.11134189,0.44304004
2016-02-19,0.10000972,0.10000972,0.4999236,0.10000972,0.10000972,0.100037485
2016-02-22,0.091115706,0.091122985,0.091135666,0.091434546,0.091109864,0.5440812
2016-02-23,0.54463464,0.091040224,0.09104026,0.091040224,0.091040224,0.091204435
2016-02-24,0.091115706,0.091122985,0.091135666,0.091434546,0.091109864,0.5440812
2016-02-25,0.091115706,0.091122985,0.091135666,0.091434546,0.091109864,0.5440812
2016-02-26,0.54471284,0.09102773,0.09102776,0.09102773,0.09102773,0.09117623
2016-02-29,0.091115706,0.091122985,0.091135666,0.091434546,0.091109864,0.5440812
2016-03-01,0.11137124,0.11151427,0.11136525,0.11141619,0.11134824,0.44298488
2016-03-02,0.10003594,0.10003595,0.49971738,0.10003594,0.10003594,0.100138746
2016-03-03,0.09129643,0.091294564,0.09129556,0.091294535,0.5430526,0.09176629
2016-03-04,0.14294046,0.14297578,0.14295125,0.1429558,0.14291918,0.28525758
2016-03-07,0.5442484,0.09110197,0.09110201,0.09110197,0.09110197,0.09134375
2016-03-08,0.091115706,0.091122985,0.091135666,0.091434546,0.091109864,0.5440812
2016-03-09,0.10012979,0.10012982,0.4989788,0.100129776,0.100129776,0.10050202
2016-03-10,0.100046866,0.10004687,0.49963173,0.100046866,0.100046866,0.10018085
2016-03-11,0.10027909,0.10026318,0.10025182,0.10026331,0.10023764,0.49870488
2016-03-14,0.11134287,0.11135832,0.111344784,0.11138785,0.111319855,0.44324628
2016-03-15,0.091115706,0.091122985,0.091135666,0.091434546,0.091109864,0.5440812
2016-03-16,0.09148908,0.091486275,0.09148778,0.091486245,0.5418553,0.09219534
2016-03-17,0.5445489,0.091053925,0.091053955,0.091053925,0.091053925,0.091235325
2016-03-18,0.11136991,0.111508004,0.11136392,0.111414865,0.111346915,0.44299638
2016-03-21,0.5450103,0.09098015,0.090980165,0.09098015,0.09098015,0.09106901
2016-03-22,0.54516494,0.09095543,0.09095544,0.09095543,0.09095543,0.091013364
2016-03-23,0.10000563,0.10000563,0.49995577,0.10000563,0.10000563,0.10002171
2016-03-24,0.111517884,0.11220433,0.11152262,0.11153651,0.11149493,0.4417237
2016-03-28,0.10003348,0.100033484,0.49973688,0.10003348,0.10003348,0.10012922
2016-03-29,0.091115706,0.091122985,0.091135666,0.091434546,0.091109864,0.5440812
2016-03-30,0.09093593,0.090935804,0.09093588,0.090935804,0.5452883,0.09096826
2016-03-31,0.54493934,0.090991504,0.090991534,0.090991504,0.090991504,0.09109462
2016-04-01,0.11186303,0.1138723,0.11186773,0.11188158,0.111840166,0.43867517
2016-04-04,0.100006804,0.100006804,0.49994648,0.100006804,0.100006804,0.10002628
2016-04-05,0.09100422,0.09100377,0.09100401,0.09100376,0.54486525,0.09111896
2016-04-06,0.10001705,0.10001705,0.49986592,0.10001705,0.10001705,0.10006579
2016-04-07,0.5448557,0.091004886,0.09100491,0.091004886,0.091004886,0.09112476
2016-04-08,0.091115706,0.091122985,0.091135666,0.091434546,0.091109864,0.5440812
2016-04-11,0.10027855,0.10026175,0.10025128,0.10026277,0.100237094,0.4987086
2016-04-12,0.544485,0.091064155,0.09106419,0.091064155,0.091064155,0.09125841
2016-04-13,0.54405,0.09113365,0.091133706,0.09113365,0.09113365,0.09141534
2016-04-14,0.09104734,0.09104667,0.09104703,0.09104666,0.54459804,0.09121422
2016-04-15,0.11135646,0.11144442,0.11135046,0.111401424,0.11133345,0.44311386
2016-04-18,0.100004256,0.100004256,0.49996662,0.100004256,0.100004256,0.100016415
2016-04-19,0.09095739,0.09095716,0.090957284,0.09095716,0.5451554,0.09101559
2016-04-20,0.10000545,0.10000545,0.49995714,0.10000545,0.10000545,0.10002103
2016-04-21,0.10000364,0.10000364,0.49997145,0.10000364,0.10000364,0.100014
2016-04-22,0.09092466,0.09092459,0.090924636,0.09092459,0.54535806,0.09094343
2016-04-25,0.090921044,0.09092099,0.09092103,0.09092099,0.5453805,0.09093546
2016-04-26,0.091115706,0.091122985,0.091135666,0.091434546,0.091109864,0.5440812
2016-04-27,0.10000451,0.10000451,0.4999646,0.10000451,0.10000451,0.100017376
2016-04-28,0.091115706,0.091122985,0.091135666,0.091434546,0.091109864,0.5440812
2016-04-29,0.544857,0.09100467,0.09100469,0.09100467,0.09100467,0.09112426
2016-05-02,0.544915,0.09099539,0.09099542,0.09099539,0.09099539,0.09110337
2016-05-03,0.1114201,0.111745626,0.11141412,0.11146503,0.11139712,0.442558
2016-05-04,0.09095074,0.090950534,0.090950646,0.090950534,0.54519665,0.09100094
2016-05-05,0.091115706,0.091122985,0.091135666,0.091434546,0.091109864,0.5440812
2016-05-06,0.10001083,0.10001083,0.499915,0.10001083,0.10001083,0.10004174
2016-05-09,0.091115706,0.091122985,0.091135666,0.091434546,0.091109864,0.5440812
2016-05-10,0.11135969,0.11145975,0.1113537,0.11140466,0.11133669,0.44308546
2016-05-11,0.091115706,0.091122985,0.091135666,0.091434546,0.091109864,0.5440812
2016-05-12,0.10000465,0.10000465,0.49996346,0.10000465,0.10000465,0.10001793
2016-05-13,0.091082506,0.091081664,0.09108211,0.09108165,0.54438007,0.09129198
2016-05-16,0.10000076,0.10000076,0.49999404,0.10000076,0.10000076,0.10000294
2016-05-17,0.100001216,0.100001216,0.49999046,0.100001216,0.100001216,0.10000468
2016-05-18,0.10000257,0.10000257,0.49997985,0.10000257,0.10000257,0.1000099
2016-05-19,0.091069534,0.09106877,0.09106918,0.09106876,0.5444605,0.0912633
2016-05-20,0.5429529,0.091308765,0.09130886,0.091308765,0.09130877,0.0918119
2016-05-23,0.111360975,0.111465834,0.111354984,0.11140594,0.11133799,0.44307432
2016-05-24,0.091115706,0.091122985,0.091135666,0.091434546,0.091109864,0.5440812
2016-05-25,0.5444844,0.091064245,0.09106428,0.091064245,0.091064245,0.091258615
2016-05-26,0.09097302,0.0909727,0.09097288,0.0909727,0.5450586,0.091050066
2016-05-27,0.09096178,0.090961516,0.09096166,0.090961516,0.5451282,0.09102526
2016-05-31,0.100013755,0.100013755,0.49989197,0.100013755,0.100013755,0.100053065
2016-06-01,0.11142979,0.11179157,0.11142381,0.111474715,0.1114068,0.44247326
2016-06-02,0.100020394,0.100020394,0.49983978,0.100020394,0.100020394,0.100078665
2016-06-03,0.5444706,0.09106644,0.09106649,0.09106644,0.09106644,0.09126358
2016-06-06,0.0911477,0.09114655,0.09114717,0.09114654,0.54397565,0.091436334
2016-06-07,0.12519677,0.12515703,0.12515439,0.12516873,0.12513669,0.37418634
2016-06-08,0.14294046,0.14297184,0.14295125,0.1429558,0.14291918,0.28526145
2016-06-09,0.10005059,0.1000506,0.4996023,0.10005059,0.10005059,0.10019529
2016-06-10,0.091115706,0.091122985,0.091135666,0.091434546,0.091109864,0.5440812
2016-06-13,0.09145867,0.09145603,0.09145744,0.09145599,0.54204434,0.09212751
2016-06-14,0.09113445,0.09113337,0.09113396,0.09113335,0.54405785,0.09140697
2016-06-15,0.10002628,0.100026295,0.49979344,0.10002628,0.10002628,0.100101426
2016-06-16,0.09107108,0.091070294,0.09107071,0.09107029,0.544451,0.091266714
2016-06-17,0.09111325,0.09111226,0.0911128,0.09111225,0.5441894,0.09136001
2016-06-20,0.5433739,0.0912416,0.09124169,0.0912416,0.09124161,0.09165961
2016-06-21,0.10001752,0.10001752,0.4998624,0.10001752,0.10001752,0.10006754
2016-06-22,0.09102563,0.09102508,0.09102537,0.09102506,0.5447326,0.09116625
2016-06-23,0.091115706,0.091122985,0.091135666,0.091434546,0.091109864,0.5440812
2016-06-24,0.091070645,0.091069885,0.091070294,0.09106987,0.54445356,0.091265775
2016-06-27,0.09099619,0.09099578,0.090996,0.09099576,0.544915,0.09110123
2016-06-28,0.54336756,0.09124261,0.09124269,0.09124261,0.09124262,0.091661915
2016-06-29,0.091115706,0.091122985,0.091135666,0.091434546,0.091109864,0.5440812
2016-06-30,0.100049205,0.10004923,0.4996131,0.100049205,0.100049205,0.10018997
2016-07-01,0.11137926,0.111552216,0.11137328,0.111424215,0.11135628,0.44291475
2016-07-05,0.11135738,0.11144883,0.11135139,0.11140235,0.11133438,0.4431056
2016-07-06,0.10004194,0.10004195,0.49967036,0.10004194,0.10004194,0.10016187
2016-07-07,0.091115706,0.091122985,0.091135666,0.091434546,0.091109864,0.5440812
2016-07-08,0.544594,0.09104673,0.09104676,0.09104673,0.09104673,0.09121908
2016-07-11,0.10026515,0.10025289,0.10024648,0.10025796,0.100232296,0.49874526
2016-07-12,0.14294045,0.14297453,0.14295124,0.14295578,0.14291918,0.2852588
2016-07-13,0.544964,0.09098757,0.090987585,0.09098757,0.09098757,0.09108572
2016-07-14,0.100001104,0.100001104,0.49999136,0.100001104,0.100001104,0.100004256
2016-07-15,0.10028561,0.10026636,0.10026665,0.10026983,0.100244164,0.49866736
2016-07-18,0.10000243,0.10000243,0.4999808,0.10000243,0.10000243,0.100009404
2016-07-19,0.11135287,0.11133607,0.11134131,0.11138438,0.1113164,0.44326895
2016-07-20,0.10000848,0.10000848,0.49993342,0.10000848,0.10000848,0.10003267
2016-07-21,0.10026708,0.100258894,0.10024842,0.1002599,0.100234225,0.4987315
2016-07-22,0.5440596,0.09113212,0.091132164,0.09113212,0.09113212,0.09141188
2016-07-25,0.09113262,0.091131546,0.09113212,0.09113153,0.5440693,0.0914029
2016-07-26,0.10028592,0.10026693,0.10026694,0.10027013,0.10024446,0.4986657
2016-07-27,0.111342266,0.111356325,0.11134417,0.11138724,0.11131926,0.44325078
2016-07-28,0.09097129,0.090970986,0.09097116,0.090970986,0.5450693,0.09104627
2016-07-29,0.090951666,0.09095146,0.09095157,0.09095146,0.5451909,0.09100298
2016-08-01,0.10000591,0.10000591,0.4999535,0.10000591,0.10000591,0.100022815
2016-08-02,0.091115706,0.091122985,0.091135666,0.091434546,0.091109864,0.5440812
2016-08-03,0.10000827,0.10000827,0.49993497,0.10000827,0.10000827,0.100031905
2016-08-04,0.5451404,0.09095935,0.09095936,0.09095935,0.09095935,0.09102217
2016-08-05,0.10000721,0.10000721,0.49994338,0.10000721,0.10000721,0.1000278
2016-08-08,0.09097864,0.09097831,0.090978496,0.09097831,0.5450237,0.0910625
2016-08-09,0.5449175,0.090995,0.09099502,0.090995,0.090995,0.09110245
2016-08-10,0.10000435,0.10000435,0.49996585,0.10000435,0.10000435,0.100016765
2016-08-11,0.091115706,0.091122985,0.091135666,0.091434546,0.091109864,0.5440812
2016-08-12,0.091115706,0.091122985,0.091135666,0.091434546,0.091109864,0.5440812
2016-08-15,0.11135257,0.111335345,0.111341015,0.111384064,0.1113161,0.44327098
2016-08-16,0.11135068,0.11133103,0.11133913,0.11138219,0.1113142,0.44328272
2016-08-17,0.11135497,0.11134087,0.11134342,0.11138647,0.11131849,0.4432558
2016-08-18,0.091166526,0.0911653,0.091165945,0.091165274,0.54385895,0.09147803
2016-08-19,0.091100864,0.09109995,0.09110044,0.09109993,0.5442662,0.091332614
2016-08-22,0.54402924,0.09113696,0.09113702,0.09113696,0.09113696,0.09142283
2016-08-23,0.11135102,0.111331835,0.11133947,0.11138253,0.11131454,0.44328058
2016-08-24,0.091115706,0.091122985,0.091135666,0.091434546,0.091109864,0.5440812
2016-08-25,0.11134266,0.11135763,0.111344576,0.111387625,0.11131965,0.44324788
2016-08-26,0.111357495,0.11144936,0.1113515,0.11140246,0.11133449,0.44310468
2016-08-29,0.09114635,0.091145195,0.09114582,0.09114519,0.5439841,0.09143331
2016-08-30,0.091115706,0.091122985,0.091135666,0.091434546,0.091109864,0.5440812
2016-08-31,0.10005518,0.10005519,0.4995663,0.10005518,0.10005518,0.100213006
2016-09-01,0.091115706,0.091122985,0.091135666,0.091434546,0.091109864,0.5440812
2016-09-02,0.09101809,0.091017574,0.09101784,0.09101756,0.54477936,0.09114958
2016-09-06,0.11134425,0.11136278,0.11134616,0.11138921,0.111321226,0.44323626
2016-09-07,0.10028165,0.100269794,0.10025438,0.10026586,0.100240186,0.4986881
2016-09-08,0.091115706,0.091122985,0.091135666,0.091434546,0.091109864,0.5440812
2016-09-09,0.10002481,0.10002481,0.49980506,0.10002481,0.10002481,0.10009572
2016-09-12,0.091115706,0.091122985,0.091135666,0.091434546,0.091109864,0.5440812
2016-09-13,0.09104217,0.09104153,0.09104186,0.091041505,0.54463005,0.09120279
2016-09-14,0.1002827,0.100272544,0.10025544,0.10026692,0.10024125,0.4986811
2016-09-15,0.091115706,0.091122985,0.091135666,0.091434546,0.091109864,0.5440812
2016-09-16,0.11134391,0.111385204,0.111337915,0.11138888,0.1113209,0.4432232
2016-09-19,0.09096996,0.09096967,0.09096983,0.09096967,0.5450775,0.09104334
2016-09-20,0.5443568,0.09108464,0.091084674,0.09108464,0.09108464,0.09130463
2016-09-21,0.54443306,0.091072455,0.091072485,0.091072455,0.091072455,0.09127713
2016-09-22,0.1000089,0.1000089,0.49993014,0.1000089,0.1000089,0.10003429
2016-09-23,0.091115706,0.091122985,0.091135666,0.091434546,0.091109864,0.5440812
2016-09-26,0.10001203,0.10001203,0.4999055,0.10001203,0.10001203,0.1000464
2016-09-27,0.09096994,0.09096964,0.09096981,0.09096964,0.5450776,0.091043286
2016-09-28,0.11134771,0.11140323,0.11134173,0.11139267,0.11132471,0.4431899
2016-09-29,0.09096765,0.09096737,0.09096751,0.09096737,0.5450919,0.09103821
2016-09-30,0.100011244,0.100011244,0.49991164,0.100011244,0.100011244,0.100043386
2016-10-03,0.09094536,0.0909452,0.090945296,0.0909452,0.5452298,0.09098909
2016-10-04,0.091115706,0.091122985,0.091135666,0.091434546,0.091109864,0.5440812
2016-10-05,0.11139777,0.11163971,0.111391775,0.11144271,0.11137477,0.44275331
2016-10-06,0.54509676,0.09096634,0.090966344,0.09096634,0.09096634,0.0910379
2016-10-07,0.111432664,0.11180522,0.11142668,0.11147759,0.11140968,0.44244814
2016-10-10,0.100035824,0.10003584,0.49971834,0.100035824,0.100035824,0.100138314
2016-10-11,0.0909327,0.09093258,0.090932645,0.09093258,0.54530835,0.090961106
2016-10-12,0.10031417,0.10031421,0.49752223,0.10031414,0.10031414,0.101221085
2016-10-13,0.10041776,0.1004178,0.49670085,0.10041771,0.10041771,0.10162811
2016-10-14,0.09105389,0.091053195,0.09105357,0.091053195,0.54455745,0.0912287
2016-10-17,0.09106683,0.09106608,0.09106647,0.09106606,0.5444773,0.09125731
2016-10-18,0.111345045,0.11139057,0.111339055,0.11139001,0.11132204,0.44321325
2016-10-19,0.10012417,0.10012418,0.49902308,0.10012416,0.10012416,0.10048022
2016-10-20,0.5447416,0.09102313,0.09102318,0.09102313,0.09102313,0.09116587
2016-10-21,0.09099747,0.09099705,0.090997264,0.09099704,0.54490715,0.09110403
2016-10-24,0.5451278,0.09096135,0.09096136,0.09096135,0.09096135,0.09102667
2016-10-25,0.5451194,0.09096272,0.09096274,0.09096272,0.09096272,0.09102976
2016-10-26,0.0909975,0.090997085,0.0909973,0.09099707,0.544907,0.09110411
2016-10-27,0.54512817,0.090961315,0.09096132,0.090961315,0.090961315,0.091026574
2016-10-28,0.10001677,0.10001677,0.49986818,0.10001677,0.10001677,0.10006471
2016-10-31,0.090961985,0.09096173,0.090961866,0.09096173,0.545127,0.09102572
2016-11-01,0.10003725,0.10003726,0.49970716,0.10003725,0.10003725,0.10014379
2016-11-02,0.5449926,0.090982996,0.09098302,0.090982996,0.090982996,0.09107542
2016-11-03,0.100032166,0.10003217,0.49974722,0.100032166,0.100032166,0.10012411
2016-11-04,0.091115706,0.091122985,0.091135666,0.091434546,0.091109864,0.5440812
2016-11-07,0.100010805,0.100010805,0.499915,0.100010805,0.100010805,0.10004172
2016-11-08,0.5451391,0.09095957,0.090959586,0.09095957,0.09095957,0.09102267
2016-11-09,0.5451087,0.09096444,0.090964444,0.09096444,0.09096444,0.091033615
2016-11-10,0.14294045,0.14297347,0.14295125,0.14295581,0.1429192,0.28525984
2016-11-11,0.09095732,0.09095709,0.09095722,0.09095709,0.5451558,0.091015436
2016-11-14,0.091115706,0.091122985,0.091135666,0.091434546,0.091109864,0.5440812
2016-11-15,0.100013174,0.100013174,0.49989656,0.100013174,0.100013174,0.10005081
2016-11-16,0.09096333,0.090963066,0.0909632,0.090963066,0.54511863,0.0910287
2016-11-17,0.091115706,0.091122985,0.091135666,0.091434546,0.091109864,0.5440812
2016-11-18,0.54340816,0.09123614,0.091236226,0.09123614,0.091236144,0.091647245
2016-11-21,0.091115706,0.091122985,0.091135666,0.091434546,0.091109864,0.5440812
2016-11-22,0.091115706,0.091122985,0.091135666,0.091434546,0.091109864,0.5440812
2016-11-23,0.11135325,0.11133695,0.11134171,0.11138476,0.11131678,0.4432665
2016-11-25,0.09102307,0.09102253,0.09102282,0.091022514,0.5447484,0.091160595
2016-11-28,0.091115706,0.091122985,0.091135666,0.091434546,0.091109864,0.5440812
2016-11-29,0.091115706,0.091122985,0.091135666,0.091434546,0.091109864,0.5440812
2016-11-30,0.0909595,0.09095924,0.09095937,0.09095924,0.5451425,0.09102022
2016-12-01,0.10001687,0.10001687,0.4998674,0.10001687,0.10001687,0.10006509
2016-12-02,0.54500294,0.09098135,0.09098137,0.09098135,0.09098135,0.09107171
2016-12-05,0.09097745,0.09097712,0.0909773,0.09097712,0.5450311,0.09105988
2016-12-06,0.10009973,0.10009975,0.49921557,0.10009972,0.10009972,0.10038548
2016-12-07,0.100032896,0.1000329,0.49974144,0.100032896,0.100032896,0.10012696
2016-12-08,0.1000167,0.1000167,0.49986884,0.1000167,0.1000167,0.10006439
2016-12-09,0.091115706,0.091122985,0.091135666,0.091434546,0.091109864,0.5440812
2016-12-12,0.10000633,0.10000633,0.49995023,0.10000633,0.10000633,0.10002442
2016-12-13,0.09094986,0.09094967,0.090949774,0.09094967,0.545202,0.09099899
2016-12-14,0.091115706,0.091122985,0.091135666,0.091434546,0.091109864,0.5440812
2016-12-15,0.091071926,0.09107115,0.09107157,0.09107114,0.54444563,0.091268584
2016-12-16,0.10002016,0.10002016,0.49984163,0.10002016,0.10002016,0.10007778
2016-12-19,0.091115706,0.091122985,0.091135666,0.091434546,0.091109864,0.5440812
2016-12-20,0.11134201,0.1113555,0.11134391,0.11138696,0.11131899,0.44325265
2016-12-21,0.54408205,0.09112854,0.091128595,0.09112854,0.09112854,0.0914038
2016-12-22,0.091115706,0.091122985,0.091135666,0.091434546,0.091109864,0.5440812
2016-12-23,0.14294034,0.14294767,0.14295954,0.14295569,0.14291908,0.28527772
2016-12-27,0.10029567,0.100295715,0.4976688,0.10029564,0.10029564,0.101148576
2016-12-28,0.091115706,0.091122985,0.091135666,0.091434546,0.091109864,0.5440812
2016-12-29,0.09092178,0.090921715,0.09092176,0.090921715,0.54537594,0.09093707
2016-12-30,0.091115706,0.091122985,0.091135666,0.091434546,0.091109864,0.5440812
2017-01-03,0.091115706,0.091122985,0.091135666,0.091434546,0.091109864,0.5440812
2017-01-04,0.5450444,0.0909747,0.09097473,0.0909747,0.0909747,0.09105676
2017-01-05,0.091115706,0.091122985,0.091135666,0.091434546,0.091109864,0.5440812
2017-01-06,0.1002811,0.10026839,0.100253835,0.10026533,0.10023966,0.49869165
2017-01-09,0.5451336,0.09096045,0.09096046,0.09096045,0.09096045,0.09102465
2017-01-10,0.09091322,0.0909132,0.09091321,0.0909132,0.545429,0.09091819
2017-01-11,0.5452024,0.090949446,0.09094945,0.090949446,0.090949446,0.09099987
2017-01-12,0.09091437,0.09091434,0.09091436,0.09091434,0.5454219,0.090920724
2017-01-13,0.091115706,0.091122985,0.091135666,0.091434546,0.091109864,0.5440812
2017-01-17,0.10000192,0.10000192,0.49998492,0.10000192,0.10000192,0.100007385
2017-01-18,0.11134873,0.11140801,0.11134275,0.111393705,0.11132574,0.4431811
2017-01-19,0.091115706,0.091122985,0.091135666,0.091434546,0.091109864,0.5440812
2017-01-20,0.100008376,0.100008376,0.4999342,0.100008376,0.100008376,0.10003231
2017-01-23,0.544108,0.091124386,0.09112444,0.091124386,0.091124386,0.09139441
2017-01-24,0.100045964,0.10004598,0.49963865,0.100045964,0.100045964,0.10017744
2017-01-25,0.10027729,0.10025851,0.10025003,0.10026151,0.100235835,0.4987168
2017-01-26,0.10002582,0.10002582,0.49979708,0.10002582,0.10002582,0.10009963
2017-01-27,0.091115706,0.091122985,0.091135666,0.091434546,0.091109864,0.5440812
2017-01-30,0.091115706,0.091122985,0.091135666,0.091434546,0.091109864,0.5440812
2017-01-31,0.100063644,0.100063644,0.4994997,0.10006363,0.10006363,0.10024574
2017-02-01,0.090973504,0.09097319,0.09097336,0.09097319,0.5450556,0.09105115
2017-02-02,0.09099888,0.090998456,0.09099869,0.09099844,0.5448984,0.09110716
2017-02-03,0.54474235,0.091023006,0.091023035,0.091023006,0.091023006,0.09116559
2017-02-06,0.10016758,0.100167595,0.49868086,0.10016756,0.10016756,0.10064885
2017-02-07,0.5450676,0.09097099,0.090971,0.09097099,0.09097099,0.0910484
2017-02-08,0.12519674,0.12515673,0.12515436,0.1251687,0.12513666,0.37418684
2017-02-09,0.091083065,0.09108223,0.09108268,0.091082215,0.54437655,0.09129323
2017-02-10,0.14294027,0.14294565,0.14295946,0.14295562,0.142919,0.28528002
2017-02-13,0.54520065,0.090949714,0.09094973,0.090949714,0.090949714,0.091000475
2017-02-14,0.091115706,0.091122985,0.091135666,0.091434546,0.091109864,0.5440812
2017-02-15,0.091018744,0.09101822,0.0910185,0.09101821,0.5447753,0.091151014
2017-02-16,0.54487044,0.091002524,0.09100254,0.091002524,0.091002524,0.091119416
2017-02-17,0.10000989,0.10000989,0.49992228,0.10000989,0.10000989,0.10003814
2017-02-21,0.11139637,0.111633085,0.11139037,0.1114413,0.11137337,0.44276556
2017-02-22,0.091115706,0.091122985,0.091135666,0.091434546,0.091109864,0.5440812
2017-02-23,0.091115706,0.091122985,0.091135666,0.091434546,0.091109864,0.5440812
2017-02-24,0.0915594,0.091556266,0.09155794,0.091556214,0.5414178,0.0923524
2017-02-27,0.10007257,0.10007257,0.4994294,0.10007256,0.10007256,0.100280315
2017-02-28,0.091115706,0.091122985,0.091135666,0.091434546,0.091109864,0.5440812
2017-03-01,0.111346155,0.11139584,0.11134016,0.11139112,0.11132315,0.44320354
2017-03-02,0.09114865,0.091147505,0.091148116,0.09114749,0.54396975,0.09143843
2017-03-03,0.09129649,0.09129462,0.09129562,0.091294594,0.54305226,0.09176644
2017-03-06,0.10008778,0.100087784,0.49930978,0.10008776,0.10008776,0.100339144
2017-03-07,0.091115706,0.091122985,0.091135666,0.091434546,0.091109864,0.5440812
2017-03-08,0.093991585,0.09397619,0.093984425,0.093976,0.5261347,0.09793707
2017-03-09,0.14294048,0.14296265,0.14295126,0.1429558,0.1429192,0.28527066
2017-03-10,0.091115706,0.091122985,0.091135666,0.091434546,0.091109864,0.5440812
2017-03-13,0.544837,0.09100787,0.091007896,0.09100787,0.09100787,0.09113149
2017-03-14,0.54478854,0.09101562,0.09101565,0.09101562,0.09101562,0.09114893
2017-03-15,0.091115706,0.091122985,0.091135666,0.091434546,0.091109864,0.5440812
2017-03-16,0.09097305,0.09097274,0.0909729,0.09097274,0.5450585,0.09105012
2017-03-17,0.09096948,0.09096919,0.09096935,0.09096919,0.5450805,0.091042265
2017-03-20,0.1113921,0.111612916,0.11138611,0.111437045,0.111369096,0.44280273
2017-03-21,0.091115706,0.091122985,0.091135666,0.091434546,0.091109864,0.5440812
2017-03-22,0.1000023,0.1000023,0.49998188,0.1000023,0.1000023,0.10000888
2017-03-23,0.091115706,0.091122985,0.091135666,0.091434546,0.091109864,0.5440812
2017-03-24,0.100009546,0.100009546,0.49992496,0.100009546,0.100009546,0.100036815
2017-03-27,0.545084,0.09096838,0.090968385,0.09096838,0.09096838,0.09104249
2017-03-28,0.5448668,0.09100312,0.09100315,0.09100312,0.09100312,0.09112076
2017-03-29,0.090963915,0.09096365,0.09096379,0.09096365,0.545115,0.09102998
2017-03-30,0.10001436,0.10001436,0.4998872,0.10001436,0.10001436,0.10005539
2017-03-31,0.091115706,0.091122985,0.091135666,0.091434546,0.091109864,0.5440812
2017-04-03,0.10007391,0.10007391,0.49941906,0.1000739,0.1000739,0.10028541
2017-04-04,0.091115706,0.091122985,0.091135666,0.091434546,0.091109864,0.5440812
2017-04-05,0.090940624,0.090940475,0.09094056,0.090940475,0.5452593,0.090978615
2017-04-06,0.10000759,0.10000759,0.49994034,0.10000759,0.10000759,0.10002929
2017-04-07,0.10000222,0.10000222,0.49998254,0.10000222,0.10000222,0.10000857
2017-04-10,0.09091386,0.09091383,0.090913855,0.09091383,0.54542494,0.09091961
2017-04-11,0.11139948,0.11164791,0.111393474,0.11144442,0.111376494,0.44273818
2017-04-12,0.100001626,0.100001626,0.49998719,0.100001626,0.100001626,0.10000629
2017-04-13,0.09095067,0.09095047,0.09095057,0.09095047,0.54519707,0.09100078
2017-04-17,0.5435145,0.09121916,0.09121923,0.09121916,0.091219164,0.091608785
2017-04-18,0.11139176,0.1116113,0.11138577,0.111436695,0.11136875,0.4428057
2017-04-19,0.09097025,0.09096996,0.09097012,0.09096996,0.5450758,0.09104397
2017-04-20,0.11139223,0.111613534,0.11138624,0.111437164,0.11136923,0.44280156
2017-04-21,0.11135937,0.11145828,0.111353375,0.11140434,0.11133638,0.4430882
2017-04-24,0.091115706,0.091122985,0.091135666,0.091434546,0.091109864,0.5440812
2017-04-25,0.11135077,0.11133123,0.11133921,0.11138226,0.1113143,0.4432823
2017-04-26,0.091115706,0.091122985,0.091135666,0.091434546,0.091109864,0.5440812
2017-04-27,0.11134378,0.11138457,0.11133779,0.111388735,0.11132076,0.44322437
2017-04-28,0.111373454,0.11152475,0.11136746,0.1114184,0.111350454,0.44296542
2017-05-01,0.091115706,0.091122985,0.091135666,0.091434546,0.091109864,0.5440812
2017-05-02,0.09096493,0.09096465,0.09096481,0.09096465,0.5451087,0.09103222
2017-05-03,0.10000708,0.10000708,0.4999444,0.10000708,0.10000708,0.1000273
2017-05-04,0.10001266,0.10001266,0.4999006,0.10001266,0.10001266,0.10004883
2017-05-05,0.100024275,0.100024275,0.4998091,0.100024275,0.100024275,0.100093715
2017-05-08,0.10003572,0.100035734,0.4997193,0.10003572,0.10003572,0.10013785
2017-05-09,0.10002543,0.10002543,0.49980012,0.10002543,0.10002543,0.10009814
2017-05-10,0.54454136,0.09105514,0.09105516,0.09105514,0.09105514,0.09123805
2017-05-11,0.54448766,0.09106371,0.09106375,0.09106371,0.09106371,0.0912574
2017-05-12,0.10028624,0.100267574,0.100267276,0.100270465,0.10024479,0.4986636
2017-05-15,0.09109918,0.091098264,0.09109875,0.09109825,0.5442767,0.09132886
2017-05-16,0.091115706,0.091122985,0.091135666,0.091434546,0.091109864,0.5440812
2017-05-17,0.091115706,0.091122985,0.091135666,0.091434546,0.091109864,0.5440812
2017-05-18,0.09114859,0.09114743,0.091148056,0.09114742,0.5439703,0.09143826
2017-05-19,0.100006714,0.100006714,0.4999472,0.100006714,0.100006714,0.10002593
2017-05-22,0.09111966,0.091118656,0.0911192,0.09111864,0.54414964,0.09137423
2017-05-23,0.11135523,0.11134148,0.11134368,0.11138673,0.11131876,0.44325417
2017-05-24,0.0910973,0.0910964,0.091096886,0.09109639,0.5442882,0.09132474
2017-05-25,0.54481894,0.09101076,0.09101079,0.09101076,0.09101076,0.091137975
2017-05-26,0.5445948,0.09104658,0.09104661,0.09104658,0.09104658,0.091218755
2017-05-30,0.5442469,0.09110219,0.09110225,0.09110219,0.09110219,0.09134429
2017-05-31,0.11140491,0.11167363,0.11139892,0.111449845,0.111381926,0.4426907
2017-06-01,0.111455746,0.11190828,0.111460485,0.11147439,0.11143276,0.44226834
2017-06-02,0.111395165,0.11162742,0.11138916,0.1114401,0.111372165,0.44277593
2017-06-05,0.09107579,0.091074996,0.09107542,0.09107498,0.54442173,0.09127714
2017-06-06,0.11135065,0.11133097,0.1113391,0.11138215,0.11131417,0.44328293
2017-06-07,0.100278355,0.10026126,0.1002511,0.10026258,0.100236915,0.4987098
2017-06-08,0.5441547,0.09111692,0.09111698,0.09111692,0.09111692,0.09137756
2017-06-09,0.10000902,0.10000902,0.49992925,0.10000902,0.10000902,0.10003473
2017-06-12,0.54429716,0.091094166,0.09109421,0.091094166,0.091094166,0.09132615
2017-06-13,0.09102967,0.09102909,0.09102939,0.091029085,0.5447076,0.091175176
2017-06-14,0.09106322,0.09106248,0.091062866,0.09106247,0.54449964,0.09124933
2017-06-15,0.09105762,0.091056906,0.091057286,0.09105689,0.5445344,0.09123694
2017-06-16,0.11135193,0.11142314,0.111345954,0.1113969,0.11132894,0.44315314
2017-06-19,0.54354745,0.0912139,0.09121398,0.0912139,0.09121391,0.09159688
2017-06-20,0.09105844,0.09105772,0.091058105,0.09105771,0.5445293,0.09123876
2017-06-21,0.091037504,0.09103688,0.091037214,0.09103687,0.544659,0.09119249
2017-06-22,0.100029215,0.10002923,0.4997704,0.100029215,0.100029215,0.10011276
2017-06-23,0.1000279,0.100027904,0.4997808,0.1000279,0.1000279,0.10010764
2017-06-26,0.11135181,0.11133363,0.11134026,0.11138331,0.11131533,0.4432756
2017-06-27,0.1000073,0.1000073,0.4999426,0.1000073,0.1000073,0.10002817
2017-06-28,0.10000533,0.10000533,0.49995804,0.10000533,0.10000533,0.10002056
2017-06-29,0.091115706,0.091122985,0.091135666,0.091434546,0.091109864,0.5440812
2017-06-30,0.09093606,0.09093592,0.090936,0.09093592,0.54528755,0.09096854
2017-07-03,0.091115706,0.091122985,0.091135666,0.091434546,0.091109864,0.5440812
2017-07-05,0.5446482,0.091038056,0.09103809,0.091038056,0.091038056,0.09119955
2017-07-06,0.54476464,0.09101945,0.09101948,0.09101945,0.09101945,0.09115757
2017-07-07,0.11139473,0.11162537,0.11138873,0.11143967,0.11137173,0.44277978
2017-07-10,0.091115706,0.091122985,0.091135666,0.091434546,0.091109864,0.5440812
2017-07-11,0.10000597,0.10000597,0.49995303,0.10000597,0.10000597,0.10002303
2017-07-12,0.09093026,0.090930164,0.09093022,0.090930164,0.54532343,0.09095579
2017-07-13,0.10000734,0.10000734,0.49994242,0.10000734,0.10000734,0.10002828
2017-07-14,0.11135288,0.1113361,0.11134133,0.11138439,0.11131641,0.44326892
2017-07-17,0.091115706,0.091122985,0.091135666,0.091434546,0.091109864,0.5440812
2017-07-18,0.54476094,0.09102004,0.09102006,0.09102004,0.09102004,0.0911589
2017-07-19,0.091060534,0.091059804,0.09106019,0.0910598,0.54451627,0.091243386
2017-07-20,0.091115706,0.091122985,0.091135666,0.091434546,0.091109864,0.5440812
2017-07-21,0.091115706,0.091122985,0.091135666,0.091434546,0.091109864,0.5440812
2017-07-24,0.100033745,0.10003377,0.4997348,0.100033745,0.100033745,0.10013026
2017-07-25,0.10003405,0.100034066,0.49973235,0.10003405,0.10003405,0.10013142
2017-07-26,0.091115706,0.091122985,0.091135666,0.091434546,0.091109864,0.5440812
2017-07-27,0.091115706,0.091122985,0.091135666,0.091434546,0.091109864,0.5440812
2017-07-28,0.100022376,0.100022376,0.49982423,0.100022376,0.100022376,0.10008631
2017-07-31,0.11136737,0.11149595,0.11136137,0.11141231,0.11134437,0.44301862
2017-08-01,0.54324615,0.09126199,0.09126208,0.09126199,0.091262005,0.09170583
2017-08-02,0.54425925,0.09110022,0.091100276,0.09110022,0.09110022,0.09133983
2017-08-03,0.111348614,0.11140745,0.111342624,0.111393586,0.111325614,0.4431821
2017-08-04,0.5448132,0.09101169,0.09101171,0.09101169,0.09101169,0.091140054
2017-08-07,0.091115706,0.091122985,0.091135666,0.091434546,0.091109864,0.5440812
2017-08-08,0.090982765,0.09098241,0.0909826,0.09098241,0.5449982,0.09107159
2017-08-09,0.100015774,0.100015774,0.4998761,0.100015774,0.100015774,0.10006083
2017-08-10,0.10001283,0.10001283,0.49989918,0.10001283,0.10001283,0.10004951
2017-08-11,0.091115706,0.091122985,0.091135666,0.091434546,0.091109864,0.5440812
2017-08-14,0.5446613,0.09103596,0.09103599,0.09103596,0.09103596,0.09119479
2017-08-15,0.091115706,0.091122985,0.091135666,0.091434546,0.091109864,0.5440812
2017-08-16,0.091115706,0.091122985,0.091135666,0.091434546,0.091109864,0.5440812
2017-08-17,0.5440428,0.0911348,0.091134846,0.0911348,0.0911348,0.09141793
2017-08-18,0.09105105,0.09105036,0.09105072,0.09105036,0.5445751,0.09122241
2017-08-21,0.111346714,0.11139849,0.11134073,0.111391686,0.11132372,0.44319865
2017-08-22,0.091090724,0.09108987,0.09109033,0.09108985,0.54432905,0.091310196
2017-08-23,0.11134604,0.1113953,0.111340046,0.11139101,0.111323036,0.44320455
2017-08-24,0.5450558,0.09097288,0.09097289,0.09097288,0.09097288,0.09105263
2017-08-25,0.11134366,0.11138398,0.11133766,0.11138862,0.11132063,0.44322544
2017-08-28,0.09144998,0.09144737,0.09144876,0.09144734,0.54209846,0.092108116
2017-08-29,0.09109483,0.09109394,0.09109441,0.09109393,0.5443036,0.09131927
2017-08-30,0.091115706,0.091122985,0.091135666,0.091434546,0.091109864,0.5440812
2017-08-31,0.091115706,0.091122985,0.091135666,0.091434546,0.091109864,0.5440812
2017-09-01,0.11137767,0.11154466,0.11137167,0.11142261,0.11135467,0.44292873
2017-09-05,0.5447478,0.091022134,0.09102217,0.091022134,0.091022134,0.09116362
2017-09-06,0.111359544,0.11145901,0.111353554,0.11140451,0.111336544,0.4430869
2017-09-07,0.11137337,0.11152436,0.11136738,0.11141834,0.11135038,0.44296616
2017-09-08,0.10000857,0.10000857,0.49993265,0.10000857,0.10000857,0.10003305
2017-09-11,0.091115706,0.091122985,0.091135666,0.091434546,0.091109864,0.5440812
2017-09-12,0.11136554,0.111487284,0.11135953,0.11141048,0.11134254,0.44303462
2017-09-13,0.100001186,0.100001186,0.4999907,0.100001186,0.100001186,0.10000458
2017-09-14,0.545129,0.09096117,0.09096119,0.09096117,0.09096117,0.09102629
2017-09-15,0.091115706,0.091122985,0.091135666,0.091434546,0.091109864,0.5440812
2017-09-18,0.09098657,0.09098619,0.0909864,0.09098619,0.5449747,0.09107998
2017-09-19,0.5445351,0.09105614,0.091056176,0.09105614,0.09105614,0.09124031
2017-09-20,0.10000566,0.10000566,0.49995565,0.10000566,0.10000566,0.10002178
2017-09-21,0.091022424,0.09102189,0.09102218,0.09102187,0.5447524,0.09115918
2017-09-22,0.10000424,0.10000424,0.49996662,0.10000424,0.10000424,0.10001636
2017-09-25,0.09104007,0.091039434,0.09103978,0.09103943,0.54464316,0.09119814
2017-09-26,0.545181,0.090952866,0.09095288,0.090952866,0.090952866,0.091007575
2017-09-27,0.09100096,0.09100053,0.09100075,0.09100051,0.5448855,0.091111764
2017-09-28,0.54524016,0.09094339,0.090943396,0.09094339,0.09094339,0.090986244
2017-09-29,0.091115706,0.091122985,0.091135666,0.091434546,0.091109864,0.5440812
2017-10-02,0.11144198,0.11184291,0.11144671,0.111460604,0.111418985,0.44238877
2017-10-03,0.11140063,0.111653276,0.11139464,0.11144557,0.111377634,0.44272828
2017-10-04,0.100024156,0.100024156,0.49981016,0.100024156,0.100024156,0.10009322
2017-10-05,0.091115706,0.091122985,0.091135666,0.091434546,0.091109864,0.5440812
2017-10-06,0.10001028,0.10001028,0.49991924,0.10001028,0.10001028,0.10003965
2017-10-09,0.5452452,0.090942584,0.0909426,0.090942584,0.090942584,0.090984456
2017-10-10,0.111375414,0.11153401,0.11136942,0.11142038,0.111352414,0.4429484
2017-10-11,0.100002125,0.100002125,0.49998337,0.100002125,0.100002125,0.10000817
2017-10-12,0.111343116,0.111359075,0.11134502,0.11138807,0.11132009,0.44324464
2017-10-13,0.11135039,0.11141578,0.1113444,0.11139535,0.11132739,0.44316676
2017-10-16,0.111347795,0.111403614,0.11134181,0.11139277,0.1113248,0.4431892
2017-10-17,0.09118996,0.09118861,0.09118933,0.09118859,0.54371357,0.09152995
2017-10-18,0.10000454,0.10000454,0.49996436,0.10000454,0.10000454,0.100017495
2017-10-19,0.0910971,0.0910962,0.091096684,0.09109619,0.5442895,0.091324285
2017-10-20,0.091115706,0.091122985,0.091135666,0.091434546,0.091109864,0.5440812
2017-10-23,0.10000418,0.10000418,0.4999671,0.10000418,0.10000418,0.100016154
2017-10-24,0.11135272,0.11133572,0.11134117,0.11138421,0.11131625,0.44327
2017-10-25,0.10000357,0.10000357,0.49997193,0.10000357,0.10000357,0.10001378
2017-10-26,0.11134368,0.11136096,0.11134559,0.11138865,0.111320674,0.44324037
2017-10-27,0.100008644,0.100008644,0.49993205,0.100008644,0.100008644,0.10003333
2017-10-30,0.091005124,0.09100466,0.0910049,0.091004655,0.5448597,0.09112094
2017-10-31,0.10004277,0.10004278,0.49966383,0.10004277,0.10004277,0.10016507
2017-11-01,0.1114099,0.111697234,0.11140391,0.111454844,0.11138692,0.44264725
2017-11-02,0.100093216,0.10009322,0.49926698,0.1000932,0.1000932,0.1003602
2017-11-03,0.10008671,0.100086726,0.4993182,0.100086704,0.100086704,0.100334994
2017-11-06,0.111348085,0.11140493,0.1113421,0.11139304,0.11132508,0.44318676
2017-11-07,0.111349404,0.11141116,0.11134342,0.111394376,0.111326404,0.4431753
2017-11-08,0.09092523,0.09092516,0.090925194,0.09092516,0.54535455,0.09094469
2017-11-09,0.100002095,0.100002095,0.49998343,0.100002095,0.100002095,0.10000811
2017-11-10,0.091115706,0.091122985,0.091135666,0.091434546,0.091109864,0.5440812
2017-11-13,0.100000836,0.100000836,0.4999935,0.100000836,0.100000836,0.10000319
2017-11-14,0.090948984,0.09094879,0.090948895,0.09094879,0.5452075,0.09099704
2017-11-15,0.10028558,0.10026628,0.10026662,0.10026981,0.100244135,0.49866757
2017-11-16,0.090947874,0.09094769,0.090947784,0.09094769,0.54521435,0.0909946
2017-11-17,0.100003086,0.100003086,0.49997574,0.100003086,0.100003086,0.1000119
2017-11-20,0.1113437,0.1113842,0.111337684,0.11138866,0.111320674,0.44322503
2017-11-21,0.54512674,0.090961546,0.09096155,0.090961546,0.090961546,0.09102712
2017-11-22,0.11135488,0.11134067,0.11134334,0.11138637,0.11131841,0.4432564
2017-11-24,0.10028635,0.100267775,0.10026739,0.10027058,0.1002449,0.49866307
2017-11-27,0.091115706,0.091122985,0.091135666,0.091434546,0.091109864,0.5440812
2017-11-28,0.54510945,0.090964295,0.0909643,0.090964295,0.090964295,0.0910333
2017-11-29,0.0909445,0.09094432,0.09094442,0.09094432,0.54523534,0.09098716
2017-11-30,0.10001323,0.10001323,0.49989608,0.10001323,0.10001323,0.10005103
2017-12-01,0.111351736,0.11142221,0.11134575,0.11139671,0.11132873,0.4431548
2017-12-04,0.10003337,0.10003339,0.4997377,0.10003337,0.10003337,0.10012881
2017-12-05,0.5450683,0.090970874,0.09097088,0.090970874,0.090970874,0.09104813
2017-12-06,0.091115706,0.091122985,0.091135666,0.091434546,0.091109864,0.5440812
2017-12-07,0.54510933,0.09096432,0.090964325,0.09096432,0.09096432,0.091033354
2017-12-08,0.091115706,0.091122985,0.091135666,0.091434546,0.091109864,0.5440812
2017-12-11,0.091115706,0.091122985,0.091135666,0.091434546,0.091109864,0.5440812
2017-12-12,0.091115706,0.091122985,0.091135666,0.091434546,0.091109864,0.5440812
2017-12-13,0.091115706,0.091122985,0.091135666,0.091434546,0.091109864,0.5440812
2017-12-14,0.5449795,0.09098507,0.0909851,0.09098507,0.09098507,0.09108011
2017-12-15,0.09100692,0.09100645,0.0910067,0.091006435,0.5448486,0.09112489
2017-12-18,0.5450135,0.09097964,0.090979666,0.09097964,0.09097964,0.09106789
2017-12-19,0.1000311,0.100031115,0.49975556,0.1000311,0.1000311,0.10012002
2017-12-20,0.100021034,0.100021034,0.49983478,0.100021034,0.100021034,0.100081146
2017-12-21,0.5451183,0.09096289,0.0909629,0.09096289,0.09096289,0.09103014
2017-12-22,0.090989955,0.09098957,0.09098978,0.09098957,0.54495364,0.09108747
2017-12-26,0.091115706,0.091122985,0.091135666,0.091434546,0.091109864,0.5440812
2017-12-27,0.5453005,0.09093374,0.090933755,0.09093374,0.09093374,0.09096454
2017-12-28,0.5453163,0.09093123,0.09093124,0.09093123,0.09093123,0.09095887
2017-12-29,0.091115706,0.091122985,0.091135666,0.091434546,0.091109864,0.5440812
2018-01-02,0.12519719,0.12515976,0.12515481,0.12516913,0.12513709,0.37418202
2018-01-03,0.100267045,0.10025881,0.10024839,0.10025986,0.100234196,0.4987316
2018-01-04,0.5452719,0.090938315,0.09093832,0.090938315,0.090938315,0.09097484
2018-01-05,0.091115706,0.091122985,0.091135666,0.091434546,0.091109864,0.5440812
2018-01-08,0.091115706,0.091122985,0.091135666,0.091434546,0.091109864,0.5440812
2018-01-09,0.090915404,0.09091537,0.09091539,0.09091537,0.5454156,0.09092298
2018-01-10,0.11138248,0.111567415,0.11137648,0.11142743,0.11135948,0.44288665
2018-01-11,0.5451886,0.09095163,0.090951644,0.09095163,0.09095163,0.091004804
2018-01-12,0.091115706,0.091122985,0.091135666,0.091434546,0.091109864,0.5440812
2018-01-16,0.091115706,0.091122985,0.091135666,0.091434546,0.091109864,0.5440812
2018-01-17,0.5446167,0.0910431,0.09104314,0.0910431,0.0910431,0.09121091
2018-01-18,0.091038615,0.09103799,0.091038324,0.09103799,0.54465216,0.091194935
2018-01-19,0.091115706,0.091122985,0.091135666,0.091434546,0.091109864,0.5440812
2018-01-22,0.091027245,0.09102667,0.091026984,0.091026664,0.5447226,0.09116981
2018-01-23,0.10001569,0.10001569,0.49987677,0.10001569,0.10001569,0.1000605
2018-01-24,0.09160183,0.09159849,0.09160027,0.091598436,0.54115367,0.092447296
2018-01-25,0.5451743,0.090953946,0.09095395,0.090953946,0.090953946,0.09100999
2018-01-26,0.091115706,0.091122985,0.091135666,0.091434546,0.091109864,0.5440812
2018-01-29,0.09124066,0.091239065,0.09123991,0.09123904,0.5433989,0.09164242
2018-01-30,0.54504037,0.09097535,0.090975374,0.09097535,0.09097535,0.09105823
2018-01-31,0.54499173,0.09098312,0.090983145,0.09098312,0.09098312,0.091075726
2018-02-01,0.091115706,0.091122985,0.091135666,0.091434546,0.091109864,0.5440812
2018-02-02,0.090975344,0.09097502,0.09097519,0.09097502,0.5450443,0.091055185
2018-02-05,0.09097159,0.09097129,0.09097145,0.09097129,0.5450674,0.091046944
2018-02-06,0.09093494,0.09093481,0.09093488,0.09093481,0.54529446,0.09096609
2018-02-07,0.09092465,0.09092458,0.09092462,0.09092458,0.5453582,0.090943396
2018-02-08,0.11134772,0.1114032,0.11134172,0.111392684,0.11132471,0.44318995
2018-02-09,0.54491657,0.090995155,0.09099517,0.090995155,0.090995155,0.091102816
2018-02-12,0.11135114,0.111419365,0.11134516,0.11139611,0.11132814,0.44316012
2018-02-13,0.10001758,0.10001758,0.4998618,0.10001758,0.10001758,0.10006782
2018-02-14,0.100012995,0.100012995,0.49989787,0.100012995,0.100012995,0.10005014
2018-02-15,0.544654,0.091037124,0.09103717,0.091037124,0.091037124,0.09119744
2018-02-16,0.090997964,0.090997554,0.09099777,0.09099753,0.54490405,0.091105156
2018-02-20,0.11134621,0.11139611,0.11134022,0.11139117,0.1113232,0.443203
2018-02-21,0.090950616,0.090950415,0.09095052,0.090950415,0.5451974,0.09100063
2018-02-22,0.54483485,0.091008216,0.09100823,0.091008216,0.091008216,0.09113226
2018-02-23,0.5449234,0.09099405,0.090994075,0.09099405,0.09099405,0.09110034
2018-02-26,0.091031335,0.09103074,0.09103105,0.09103073,0.5446973,0.09117884
2018-02-27,0.12519714,0.12515956,0.12515478,0.1251691,0.12513705,0.3741823
2018-02-28,0.10028243,0.10027182,0.10025517,0.10026666,0.10024099,0.498683
2018-03-01,0.09093215,0.09093205,0.090932116,0.09093205,0.5453116,0.09095996
2018-03-02,0.090949684,0.09094949,0.090949595,0.09094949,0.5452032,0.09099859
2018-03-05,0.5450262,0.09097762,0.09097763,0.09097762,0.09097762,0.091063306
2018-03-06,0.14294045,0.14297593,0.14295125,0.1429558,0.1429192,0.2852574
2018-03-07,0.091115706,0.091122985,0.091135666,0.091434546,0.091109864,0.5440812
2018-03-08,0.10008535,0.10008536,0.4993288,0.10008534,0.10008534,0.100329764
2018-03-09,0.5440999,0.091125675,0.09112573,0.091125675,0.091125675,0.09139731
2018-03-12,0.091115706,0.091122985,0.091135666,0.091434546,0.091109864,0.5440812
2018-03-13,0.10000332,0.10000332,0.4999739,0.10000332,0.10000332,0.10001279
2018-03-14,0.09105253,0.09105184,0.09105221,0.09105183,0.5445659,0.0912257
2018-03-15,0.091115706,0.091122985,0.091135666,0.091434546,0.091109864,0.5440812
2018-03-16,0.5439591,0.09114817,0.09114823,0.09114817,0.09114817,0.09144815
2018-03-19,0.111417554,0.11173348,0.11141156,0.11146248,0.11139457,0.4425804
2018-03-20,0.090986304,0.09098592,0.090986125,0.09098592,0.5449764,0.09107938
2018-03-21,0.10000071,0.10000071,0.49999428,0.10000071,0.10000071,0.10000279
2018-03-22,0.5449773,0.09098544,0.090985455,0.09098544,0.09098544,0.09108093
2018-03-23,0.100001186,0.100001186,0.4999907,0.100001186,0.100001186,0.10000458
2018-03-26,0.10000244,0.10000244,0.49998093,0.10000244,0.10000244,0.10000938
2018-03-27,0.5452499,0.09094183,0.09094184,0.09094183,0.09094183,0.09098275
2018-03-28,0.091115706,0.091122985,0.091135666,0.091434546,0.091109864,0.5440812
2018-03-29,0.10000224,0.10000224,0.49998236,0.10000224,0.10000224,0.100008644
2018-04-02,0.5448038,0.09101318,0.09101321,0.09101318,0.09101318,0.09114344
2018-04-03,0.091115706,0.091122985,0.091135666,0.091434546,0.091109864,0.5440812
2018-04-04,0.10000882,0.10000882,0.49993074,0.10000882,0.10000882,0.100034006
2018-04-05,0.54473835,0.09102365,0.091023676,0.09102365,0.09102365,0.09116704
2018-04-06,0.111353904,0.11133844,0.11134236,0.11138541,0.11131743,0.4432624
2018-04-09,0.090925686,0.090925604,0.09092565,0.090925604,0.5453518,0.09094567
2018-04-10,0.10026708,0.10025891,0.10024842,0.1002599,0.10023423,0.49873137
2018-04-11,0.10000193,0.10000193,0.49998474,0.10000193,0.10000193,0.10000747
2018-04-12,0.10026845,0.10026316,0.1002498,0.100261286,0.100235604,0.49872172
2018-04-13,0.09113775,0.09113665,0.09113724,0.09113664,0.5440374,0.09141429
2018-04-16,0.54449254,0.09106293,0.091062985,0.09106293,0.09106293,0.091255665
2018-04-17,0.100000374,0.100000374,0.49999714,0.100000374,0.100000374,0.10000143
2018-04-18,0.09112897,0.09112791,0.091128476,0.091127895,0.54409194,0.09139482
2018-04-19,0.111351304,0.111332506,0.111339755,0.11138281,0.111314826,0.4432787
2018-04-20,0.10000109,0.10000109,0.49999142,0.10000109,0.10000109,0.100004196
2018-04-23,0.10000074,0.10000074,0.49999422,0.10000074,0.10000074,0.10000284
2018-04-24,0.09112838,0.09112732,0.09112789,0.09112731,0.5440956,0.091393515
2018-04-25,0.10000184,0.10000184,0.49998552,0.10000184,0.10000184,0.1000071
2018-04-26,0.54489726,0.09099823,0.09099825,0.09099823,0.09099823,0.09110977
2018-04-27,0.54433095,0.09108876,0.09108881,0.09108876,0.09108876,0.09131394
2018-04-30,0.09094473,0.09094456,0.090944655,0.09094456,0.5452338,0.09098767
2018-05-01,0.09093084,0.09093074,0.09093078,0.09093074,0.5453199,0.09095703
2018-05-02,0.09093634,0.09093622,0.09093629,0.09093622,0.5452857,0.09096917
2018-05-03,0.100020394,0.100020394,0.49983978,0.100020394,0.100020394,0.10007866
2018-05-04,0.10003585,0.10003586,0.49971828,0.10003585,0.10003585,0.10013836
2018-05-07,0.09101214,0.09101165,0.09101192,0.09101164,0.5448162,0.091136456
2018-05-08,0.14294046,0.14297552,0.14295125,0.1429558,0.1429192,0.28525785
2018-05-09,0.14294033,0.14294733,0.14295952,0.14295566,0.14291905,0.28527808
2018-05-10,0.09114144,0.09114031,0.09114092,0.0911403,0.5440146,0.091422446
2018-05-11,0.091115706,0.091122985,0.091135666,0.091434546,0.091109864,0.5440812
2018-05-14,0.10000243,0.10000243,0.4999808,0.10000243,0.10000243,0.100009404
2018-05-15,0.10000189,0.10000189,0.49998516,0.10000189,0.10000189,0.10000727
2018-05-16,0.100001216,0.100001216,0.49999046,0.100001216,0.100001216,0.100004695
2018-05-17,0.54398125,0.09114463,0.09114469,0.09114463,0.09114463,0.09144017
2018-05-18,0.091115706,0.091122985,0.091135666,0.091434546,0.091109864,0.5440812
2018-05-21,0.5442133,0.09110756,0.09110762,0.09110756,0.09110756,0.0913564
2018-05-22,0.10000177,0.10000177,0.49998617,0.10000177,0.10000177,0.1000068
2018-05-23,0.091115706,0.091122985,0.091135666,0.091434546,0.091109864,0.5440812
2018-05-24,0.100002706,0.100002706,0.49997878,0.100002706,0.100002706,0.10001041
2018-05-25,0.11134707,0.11140014,0.111341074,0.111392036,0.111324064,0.4431956
2018-05-29,0.11134896,0.11140909,0.11134298,0.11139393,0.11132596,0.44317907
2018-05-30,0.091115706,0.091122985,0.091135666,0.091434546,0.091109864,0.5440812
2018-05-31,0.091115706,0.091122985,0.091135666,0.091434546,0.091109864,0.5440812
2018-06-01,0.5419222,0.09147308,0.09147321,0.09147306,0.09147308,0.092185386
2018-06-04,0.09094539,0.09094522,0.09094532,0.09094522,0.54522973,0.090989135
2018-06-05,0.111354016,0.1113387,0.111342475,0.111385524,0.111317545,0.44326174
2018-06-06,0.091115706,0.091122985,0.091135666,0.091434546,0.091109864,0.5440812
2018-06-07,0.54382586,0.09116945,0.091169514,0.09116945,0.09116945,0.091496274
2018-06-08,0.091115706,0.091122985,0.091135666,0.091434546,0.091109864,0.5440812
2018-06-11,0.12519608,0.1251522,0.1251537,0.12516804,0.12513599,0.37419394
2018-06-12,0.091115706,0.091122985,0.091135666,0.091434546,0.091109864,0.5440812
2018-06-13,0.091115706,0.091122985,0.091135666,0.091434546,0.091109864,0.5440812
2018-06-14,0.10028236,0.10027165,0.100255094,0.10026658,0.10024091,0.49868342
2018-06-15,0.091115706,0.091122985,0.091135666,0.091434546,0.091109864,0.5440812
2018-06-18,0.54364896,0.0911977,0.09119778,0.0911977,0.0911977,0.091560215
2018-06-19,0.11135079,0.11133128,0.11133924,0.11138229,0.11131431,0.4432822
2018-06-20,0.091115706,0.091122985,0.091135666,0.091434546,0.091109864,0.5440812
2018-06-21,0.09098696,0.09098659,0.09098679,0.09098659,0.54497224,0.09108086
2018-06-22,0.10000885,0.10000885,0.49993044,0.10000885,0.10000885,0.10003412
2018-06-25,0.100008935,0.100008935,0.4999298,0.100008935,0.100008935,0.100034475
2018-06-26,0.5448625,0.0910038,0.09100382,0.0910038,0.0910038,0.091122285
2018-06-27,0.091115706,0.091122985,0.091135666,0.091434546,0.091109864,0.5440812
2018-06-28,0.100265756,0.10025475,0.100247085,0.100258574,0.10023291,0.49874094
2018-06-29,0.100012176,0.100012176,0.49990436,0.100012176,0.100012176,0.100046955
2018-07-02,0.10002322,0.10002322,0.49981767,0.10002322,0.10002322,0.10008954
2018-07-03,0.09093295,0.09093283,0.09093289,0.09093283,0.54530686,0.090961665
2018-07-05,0.09093026,0.090930164,0.09093022,0.090930164,0.54532343,0.09095578
2018-07-06,0.100284375,0.100263946,0.100265406,0.100268595,0.10024292,0.4986747
2018-07-09,0.091115706,0.091122985,0.091135666,0.091434546,0.091109864,0.5440812
2018-07-10,0.091115706,0.091122985,0.091135666,0.091434546,0.091109864,0.5440812
2018-07-11,0.1000055,0.1000055,0.49995673,0.1000055,0.1000055,0.10002123
2018-07-12,0.090958245,0.090958,0.09095813,0.090958,0.54515016,0.09101747
2018-07-13,0.10000768,0.10000768,0.49993968,0.10000768,0.10000768,0.10002961
2018-07-16,0.09101957,0.09101905,0.09101934,0.09101904,0.5447701,0.09115287
2018-07-17,0.54351836,0.09121852,0.091218606,0.09121852,0.09121854,0.09160737
2018-07-18,0.10001339,0.10001339,0.4998949,0.10001339,0.10001339,0.10005163
2018-07-19,0.091115706,0.091122985,0.091135666,0.091434546,0.091109864,0.5440812
2018-07-20,0.09106279,0.09106206,0.09106246,0.091062054,0.54450226,0.09124841
2018-07-23,0.54427403,0.09109787,0.09109792,0.09109787,0.09109787,0.091334514
2018-07-24,0.54475456,0.09102105,0.09102108,0.09102105,0.09102105,0.09116119
2018-07-25,0.5448469,0.09100629,0.09100631,0.09100629,0.09100629,0.0911279
2018-07-26,0.10003613,0.10003614,0.499716,0.10003613,0.10003613,0.100139454
2018-07-27,0.12519683,0.12515728,0.12515445,0.12516879,0.12513673,0.374186
2018-07-30,0.54448056,0.091064855,0.091064885,0.091064855,0.091064855,0.091259986
2018-07-31,0.10003551,0.10003552,0.49972084,0.10003551,0.10003551,0.10013706
2018-08-01,0.091115706,0.091122985,0.091135666,0.091434546,0.091109864,0.5440812
2018-08-02,0.111366756,0.11149313,0.11136076,0.11141171,0.11134376,0.4430238
2018-08-03,0.11135445,0.11133969,0.1113429,0.11138595,0.11131797,0.44325903
2018-08-06,0.0909667,0.09096642,0.09096657,0.09096642,0.54509777,0.091036126
2018-08-07,0.0909542,0.09095398,0.0909541,0.09095398,0.54517525,0.091008544
2018-08-08,0.14294046,0.14297499,0.14295126,0.14295578,0.1429192,0.28525835
2018-08-09,0.091115706,0.091122985,0.091135666,0.091434546,0.091109864,0.5440812
2018-08-10,0.091013566,0.09101307,0.09101332,0.09101305,0.54480743,0.09113958
2018-08-13,0.091115706,0.091122985,0.091135666,0.091434546,0.091109864,0.5440812
2018-08-14,0.12519719,0.1251599,0.12515481,0.12516916,0.1251371,0.3741818
2018-08-15,0.10027742,0.10025885,0.10025016,0.10026164,0.10023597,0.49871597
2018-08-16,0.09099718,0.090996765,0.09099699,0.09099675,0.54490894,0.09110343
2018-08-17,0.091115706,0.091122985,0.091135666,0.091434546,0.091109864,0.5440812
2018-08-20,0.091115706,0.091122985,0.091135666,0.091434546,0.091109864,0.5440812
2018-08-21,0.10004553,0.10004555,0.4996421,0.10004553,0.10004553,0.10017576
2018-08-22,0.10026588,0.10025516,0.10024722,0.1002587,0.10023303,0.49874005
2018-08-23,0.5441616,0.09111581,0.091115855,0.09111581,0.09111581,0.09137503
2018-08-24,0.12519753,0.12516215,0.12515515,0.12516949,0.12513743,0.37417826
2018-08-27,0.5448809,0.09100085,0.09100087,0.09100085,0.09100085,0.09111565
2018-08-28,0.10014165,0.100141674,0.4988855,0.10014163,0.10014163,0.10054804
2018-08-29,0.091115706,0.091122985,0.091135666,0.091434546,0.091109864,0.5440812
2018-08-30,0.100034155,0.10003418,0.49973157,0.100034155,0.100034155,0.10013182
2018-08-31,0.5445341,0.09105631,0.09105633,0.09105631,0.09105631,0.09124068
2018-09-04,0.09095188,0.09095168,0.090951785,0.09095168,0.5451895,0.091003455
2018-09-05,0.09093417,0.09093405,0.09093412,0.09093405,0.5452991,0.0909644
2018-09-06,0.091115706,0.091122985,0.091135666,0.091434546,0.091109864,0.5440812
2018-09-07,0.090919286,0.09091924,0.09091926,0.09091924,0.5453914,0.09093156
2018-09-10,0.54501265,0.090979785,0.0909798,0.090979785,0.090979785,0.09106819
2018-09-11,0.54501516,0.09097938,0.09097941,0.09097938,0.09097938,0.09106729
2018-09-12,0.54492223,0.09099424,0.09099426,0.09099424,0.09099424,0.09110077
2018-09-13,0.5447607,0.09102008,0.091020115,0.09102008,0.09102008,0.09115898
2018-09-14,0.09094236,0.090942204,0.090942286,0.090942204,0.5452485,0.090982445
2018-09-17,0.54473346,0.09102443,0.091024466,0.09102443,0.09102443,0.0911688
2018-09-18,0.11134359,0.11138374,0.111337595,0.11138856,0.11132058,0.44322592
2018-09-19,0.5442182,0.091106795,0.09110684,0.091106795,0.091106795,0.091354646
2018-09-20,0.5444978,0.091062106,0.09106214,0.091062106,0.091062106,0.091253795
2018-09-21,0.09096223,0.090961985,0.09096211,0.090961985,0.5451254,0.091026284
2018-09-24,0.100282975,0.100273244,0.10025571,0.100267194,0.10024153,0.4986793
2018-09-25,0.10000641,0.10000641,0.49994957,0.10000641,0.10000641,0.10002474
2018-09-26,0.10000989,0.10000989,0.49992228,0.10000989,0.10000989,0.10003816
2018-09-27,0.090973966,0.090973645,0.090973824,0.090973645,0.54505265,0.091052175
2018-09-28,0.10028198,0.100270644,0.100254714,0.1002662,0.100240536,0.49868596
2018-10-01,0.5444567,0.09106866,0.091068715,0.09106866,0.09106866,0.09126861
2018-10-02,0.09093604,0.09093591,0.09093598,0.09093591,0.54528767,0.090968505
2018-10-03,0.091115706,0.091122985,0.091135666,0.091434546,0.091109864,0.5440812
2018-10-04,0.54491925,0.090994716,0.09099474,0.090994716,0.090994716,0.09110183
2018-10-05,0.100005716,0.100005716,0.49995518,0.100005716,0.100005716,0.10002202
2018-10-08,0.091115706,0.091122985,0.091135666,0.091434546,0.091109864,0.5440812
2018-10-09,0.09094218,0.09094202,0.0909421,0.09094202,0.5452496,0.09098204
2018-10-10,0.09095417,0.09095395,0.09095407,0.09095395,0.5451753,0.09100851
2018-10-11,0.10000269,0.10000269,0.49997884,0.10000269,0.10000269,0.100010395
2018-10-12,0.091115706,0.091122985,0.091135666,0.091434546,0.091109864,0.5440812
2018-10-15,0.091115706,0.091122985,0.091135666,0.091434546,0.091109864,0.5440812
2018-10-16,0.10000436,0.10000436,0.49996567,0.10000436,0.10000436,0.10001682
2018-10-17,0.5451484,0.09095808,0.09095809,0.09095808,0.09095808,0.0910193
2018-10-18,0.11134899,0.1114092,0.11134299,0.11139396,0.11132598,0.44317886
2018-10-19,0.11134756,0.11140251,0.11134158,0.111392535,0.11132457,0.44319126
2018-10-22,0.5450025,0.09098141,0.09098143,0.09098141,0.09098141,0.09107184
2018-10-23,0.09095038,0.09095018,0.09095029,0.09095018,0.54519886,0.09100014
2018-10-24,0.091115706,0.091122985,0.091135666,0.091434546,0.091109864,0.5440812
2018-10-25,0.544117,0.09112296,0.09112301,0.09112296,0.09112296,0.09139117
2018-10-26,0.14294046,0.14296617,0.14295126,0.1429558,0.14291921,0.2852671
2018-10-29,0.5434076,0.091236226,0.091236316,0.091236226,0.09123625,0.091647446
2018-10-30,0.100094564,0.10009459,0.49925622,0.10009456,0.10009456,0.10036546
2018-10-31,0.5423053,0.091412045,0.091412164,0.09141204,0.091412045,0.092046484
2018-11-01,0.09095915,0.09095891,0.090959035,0.09095891,0.5451445,0.091019474
2018-11-02,0.091115706,0.091122985,0.091135666,0.091434546,0.091109864,0.5440812
2018-11-05,0.091115706,0.091122985,0.091135666,0.091434546,0.091109864,0.5440812
2018-11-06,0.10005391,0.10005392,0.49957627,0.10005391,0.10005391,0.100208096
2018-11-07,0.14294046,0.14296626,0.14295125,0.1429558,0.14291918,0.28526703
2018-11-08,0.12519622,0.12515318,0.12515384,0.12516817,0.12513614,0.37419245
2018-11-09,0.5450127,0.09097977,0.0909798,0.09097977,0.09097977,0.09106816
2018-11-12,0.10000076,0.10000076,0.4999941,0.10000076,0.10000076,0.10000292
2018-11-13,0.10028119,0.10026862,0.100253925,0.100265406,0.10023974,0.49869105
2018-11-14,0.091115706,0.091122985,0.091135666,0.091434546,0.091109864,0.5440812
2018-11-15,0.091115706,0.091122985,0.091135666,0.091434546,0.091109864,0.5440812
2018-11-16,0.09093883,0.09093869,0.09093876,0.09093869,0.54527044,0.09097465
2018-11-19,0.10000621,0.10000621,0.49995124,0.10000621,0.10000621,0.100023925
2018-11-20,0.09092949,0.0909294,0.09092944,0.0909294,0.5453282,0.09095406
2018-11-21,0.1000035,0.1000035,0.49997246,0.1000035,0.1000035,0.10001353
2018-11-23,0.09092128,0.09092124,0.09092127,0.09092124,0.545379,0.09093598
2018-11-26,0.10000302,0.10000302,0.49997628,0.10000302,0.10000302,0.10001164
2018-11-27,0.14293297,0.14294507,0.14295891,0.14295505,0.14291844,0.28528953
2018-11-28,0.100006826,0.100006826,0.4999463,0.100006826,0.100006826,0.100026354
2018-11-29,0.14293288,0.1429494,0.14295882,0.14295496,0.14291838,0.2852856
2018-11-30,0.10001841,0.10001841,0.49985543,0.10001841,0.10001841,0.100070976
2018-12-03,0.5436436,0.09119856,0.09119863,0.09119856,0.09119856,0.09156215
2018-12-04,0.091115706,0.091122985,0.091135666,0.091434546,0.091109864,0.5440812
2018-12-06,0.54455256,0.09105335,0.09105338,0.09105335,0.09105335,0.09123402
2018-12-07,0.5445241,0.0910579,0.09105794,0.0910579,0.0910579,0.09124429
2018-12-10,0.5446815,0.09103274,0.09103277,0.09103274,0.09103274,0.09118754
2018-12-11,0.090912275,0.09091227,0.090912275,0.09091227,0.5454348,0.09091612
2018-12-12,0.091115706,0.091122985,0.091135666,0.091434546,0.091109864,0.5440812
2018-12-13,0.091115706,0.091122985,0.091135666,0.091434546,0.091109864,0.5440812
2018-12-14,0.09097281,0.0909725,0.09097266,0.0909725,0.5450599,0.0910496
2018-12-17,0.091115706,0.091122985,0.091135666,0.091434546,0.091109864,0.5440812
2018-12-18,0.10002124,0.10002124,0.499833,0.10002124,0.10002124,0.100081995
2018-12-19,0.54518324,0.0909525,0.09095251,0.0909525,0.0909525,0.09100675
2018-12-20,0.11135067,0.11141715,0.11134467,0.11139563,0.11132766,0.4431642
2018-12-21,0.10000966,0.10000966,0.49992412,0.10000966,0.10000966,0.10003723
2018-12-24,0.10000881,0.10000881,0.49993086,0.10000881,0.10000881,0.100033954
2018-12-26,0.09101028,0.0910098,0.091010064,0.09100979,0.5448277,0.09113234
2018-12-27,0.142933,0.14294347,0.14295894,0.1429551,0.14291848,0.28529105
2018-12-28,0.09097609,0.09097576,0.09097593,0.09097576,0.54503965,0.09105684
2018-12-31,0.090945065,0.0909449,0.090945,0.0909449,0.5452317,0.09098841
2019-01-02,0.091115706,0.091122985,0.091135666,0.091434546,0.091109864,0.5440812
2019-01-03,0.09093565,0.09093552,0.09093558,0.09093552,0.5452902,0.090967625
2019-01-04,0.10001899,0.10001899,0.49985072,0.10001899,0.10001899,0.10007326
2019-01-07,0.091115706,0.091122985,0.091135666,0.091434546,0.091109864,0.5440812
2019-01-08,0.09091902,0.090918966,0.09091899,0.090918966,0.54539317,0.090930976
2019-01-09,0.09091655,0.09091652,0.09091654,0.09091652,0.54540837,0.090925545
2019-01-10,0.0909155,0.090915464,0.090915486,0.090915464,0.54541487,0.09092322
2019-01-11,0.10000085,0.10000085,0.49999332,0.10000085,0.10000085,0.10000328
2019-01-14,0.5452658,0.0909393,0.090939306,0.0909393,0.0909393,0.09097705
2019-01-15,0.5452485,0.09094206,0.09094207,0.09094206,0.09094206,0.090983264
2019-01-16,0.54500854,0.09098043,0.090980455,0.09098043,0.09098043,0.09106967
2019-01-17,0.11134402,0.11138573,0.11133803,0.11138898,0.111320995,0.44322222
2019-01-18,0.091115706,0.091122985,0.091135666,0.091434546,0.091109864,0.5440812
2019-01-22,0.111355,0.11143757,0.11134902,0.11139998,0.11133199,0.4431265
2019-01-23,0.09116641,0.09116517,0.091165826,0.091165155,0.5438597,0.09147777
2019-01-24,0.091115706,0.091122985,0.091135666,0.091434546,0.091109864,0.5440812
2019-01-25,0.54477805,0.09101729,0.09101731,0.09101729,0.09101729,0.091152705
2019-01-28,0.111353,0.11133637,0.111341454,0.11138451,0.11131653,0.44326812
2019-01-29,0.09102265,0.091022104,0.0910224,0.0910221,0.54475105,0.09115968
2019-01-30,0.111375995,0.11153675,0.11137,0.11142094,0.111352995,0.44294333
2019-01-31,0.091115706,0.091122985,0.091135666,0.091434546,0.091109864,0.5440812
2019-02-01,0.54457253,0.091050155,0.09105019,0.091050155,0.091050155,0.091226846
2019-02-04,0.54480183,0.091013506,0.09101353,0.091013506,0.091013506,0.09114416
2019-02-05,0.10009054,0.10009056,0.4992879,0.10009053,0.10009053,0.100349896
2019-02-06,0.091115706,0.091122985,0.091135666,0.091434546,0.091109864,0.5440812
2019-02-07,0.091115706,0.091122985,0.091135666,0.091434546,0.091109864,0.5440812
2019-02-08,0.091115706,0.091122985,0.091135666,0.091434546,0.091109864,0.5440812
2019-02-11,0.091115706,0.091122985,0.091135666,0.091434546,0.091109864,0.5440812
2019-02-12,0.10000164,0.10000164,0.49998713,0.10000164,0.10000164,0.10000632
2019-02-13,0.091115706,0.091122985,0.091135666,0.091434546,0.091109864,0.5440812
2019-02-14,0.100000486,0.100000486,0.4999962,0.100000486,0.100000486,0.10000187
2019-02-15,0.090970844,0.090970546,0.09097071,0.090970546,0.5450721,0.091045275
2019-02-19,0.091115706,0.091122985,0.091135666,0.091434546,0.091109864,0.5440812
2019-02-20,0.11137235,0.11151952,0.11136634,0.1114173,0.11134934,0.44297504
2019-02-21,0.111377366,0.111543216,0.11137137,0.11142231,0.111354366,0.44293135
2019-02-22,0.11139113,0.11160836,0.11138514,0.11143608,0.11136813,0.44281113
2019-02-25,0.09097411,0.09097379,0.09097396,0.09097379,0.5450519,0.09105248
2019-02-26,0.11137203,0.111517966,0.111366026,0.11141697,0.111349024,0.442978
2019-02-27,0.090970844,0.09097054,0.090970695,0.09097054,0.5450722,0.09104525
2019-02-28,0.091115706,0.091122985,0.091135666,0.091434546,0.091109864,0.5440812
2019-03-01,0.5450842,0.090968356,0.09096836,0.090968356,0.090968356,0.09104246
2019-03-04,0.54516923,0.09095474,0.09095475,0.09095474,0.09095474,0.09101181
2019-03-05,0.09096408,0.09096381,0.090963945,0.09096381,0.54511404,0.09103034
2019-03-06,0.54505557,0.09097293,0.090972945,0.09097293,0.09097293,0.09105275
2019-03-07,0.09101608,0.09101557,0.09101584,0.09101555,0.5447919,0.09114512
2019-03-08,0.10005714,0.10005716,0.49955076,0.10005714,0.10005714,0.10022065
2019-03-11,0.090993784,0.09099337,0.0909936,0.09099337,0.5449299,0.09109591
2019-03-12,0.091115706,0.091122985,0.091135666,0.091434546,0.091109864,0.5440812
2019-03-13,0.5448011,0.09101361,0.09101363,0.09101361,0.09101361,0.091144405
2019-03-14,0.11138531,0.11158078,0.111379325,0.11143026,0.111362316,0.44286197
2019-03-15,0.100001454,0.100001454,0.49998868,0.100001454,0.100001454,0.10000558
2019-03-18,0.091115706,0.091122985,0.091135666,0.091434546,0.091109864,0.5440812
2019-03-19,0.11143793,0.11182367,0.11144267,0.11145658,0.111414954,0.44242424
2019-03-20,0.11146636,0.11195886,0.111471094,0.111485,0.11144339,0.44217518
2019-03-21,0.111426756,0.11177717,0.111420766,0.11147168,0.11140377,0.44249982
2019-03-22,0.10000078,0.10000078,0.49999386,0.10000078,0.10000078,0.10000303
2019-03-25,0.091115706,0.091122985,0.091135666,0.091434546,0.091109864,0.5440812
2019-03-26,0.091115706,0.091122985,0.091135666,0.091434546,0.091109864,0.5440812
2019-03-27,0.091115706,0.091122985,0.091135666,0.091434546,0.091109864,0.5440812
2019-03-28,0.100001946,0.100001946,0.49998474,0.100001946,0.100001946,0.100007504
2019-03-29,0.09092504,0.09092496,0.09092501,0.09092496,0.5453558,0.09094426
2019-04-01,0.11157832,0.112493515,0.111583054,0.11159695,0.11155539,0.4411928
2019-04-02,0.100005895,0.100005895,0.49995363,0.100005895,0.100005895,0.100022756
2019-04-03,0.091115706,0.091122985,0.091135666,0.091434546,0.091109864,0.5440812
2019-04-04,0.54498136,0.09098479,0.09098481,0.09098479,0.09098479,0.09107947
2019-04-05,0.09093084,0.09093074,0.09093078,0.09093074,0.5453199,0.09095703
2019-04-08,0.5450474,0.09097423,0.09097426,0.09097423,0.09097423,0.091055684
2019-04-09,0.10000318,0.10000318,0.49997503,0.10000318,0.10000318,0.10001226
2019-04-10,0.0910392,0.09103859,0.09103893,0.09103858,0.5446485,0.09119623
2019-04-11,0.091115706,0.091122985,0.091135666,0.091434546,0.091109864,0.5440812
2019-04-12,0.10000127,0.10000127,0.49999,0.10000127,0.10000127,0.10000492
2019-04-15,0.10000094,0.10000094,0.4999926,0.10000094,0.10000094,0.100003615
2019-04-16,0.09141446,0.09141202,0.09141333,0.091411985,0.54231924,0.09202894
2019-04-17,0.09138564,0.091383345,0.09138457,0.0913833,0.5424984,0.091964744
2019-04-18,0.09132076,0.09131877,0.09131984,0.09131875,0.54290146,0.09182039
2019-04-22,0.1000008,0.1000008,0.4999938,0.1000008,0.1000008,0.100003056
2019-04-23,0.5444636,0.09106757,0.09106761,0.09106757,0.09106757,0.09126612
2019-04-24,0.10000138,0.10000138,0.4999891,0.10000138,0.10000138,0.100005336
2019-04-25,0.5449259,0.09099365,0.09099368,0.09099365,0.09099365,0.091099426
2019-04-26,0.54487526,0.09100176,0.09100178,0.09100176,0.09100176,0.0911177
2019-04-29,0.091008246,0.091007784,0.09100803,0.09100777,0.54484034,0.09112785
2019-04-30,0.091115706,0.091122985,0.091135666,0.091434546,0.091109864,0.5440812
2019-05-01,0.5439803,0.09114477,0.09114484,0.09114477,0.09114477,0.091440484
2019-05-02,0.5443221,0.09109018,0.09109023,0.09109018,0.09109018,0.09131717
2019-05-03,0.091115706,0.091122985,0.091135666,0.091434546,0.091109864,0.5440812
2019-05-06,0.10005883,0.10005883,0.4995376,0.10005882,0.10005882,0.10022712
2019-05-07,0.091115706,0.091122985,0.091135666,0.091434546,0.091109864,0.5440812
2019-05-08,0.10028422,0.10026361,0.10026525,0.100268446,0.10024277,0.49867576
2019-05-09,0.091115706,0.091122985,0.091135666,0.091434546,0.091109864,0.5440812
2019-05-10,0.5445491,0.09105391,0.09105394,0.09105391,0.09105391,0.09123528
2019-05-13,0.090965025,0.09096475,0.0909649,0.09096475,0.5451081,0.09103243
2019-05-14,0.54481083,0.09101207,0.0910121,0.09101207,0.09101207,0.091140926
2019-05-15,0.091115706,0.091122985,0.091135666,0.091434546,0.091109864,0.5440812
2019-05-16,0.54406726,0.091130905,0.09113095,0.091130905,0.091130905,0.09140912
2019-05-17,0.54393667,0.09115176,0.09115182,0.09115176,0.09115176,0.09145627
2019-05-20,0.091115706,0.091122985,0.091135666,0.091434546,0.091109864,0.5440812
2019-05-21,0.091115706,0.091122985,0.091135666,0.091434546,0.091109864,0.5440812
2019-05-22,0.10000127,0.10000127,0.49999,0.10000127,0.10000127,0.100004904
2019-05-23,0.091115706,0.091122985,0.091135666,0.091434546,0.091109864,0.5440812
2019-05-24,0.09092199,0.09092192,0.09092195,0.09092192,0.5453747,0.09093751
2019-05-28,0.09092984,0.09092975,0.0909298,0.09092975,0.54532605,0.09095483
2019-05-29,0.1113537,0.11143147,0.11134772,0.11139868,0.11133071,0.44313774
2019-05-30,0.111478224,0.11201525,0.11148295,0.11149685,0.11145525,0.44207144
2019-05-31,0.5445987,0.09104596,0.091046,0.09104596,0.09104596,0.091217384
2019-06-03,0.54364556,0.09119824,0.09119832,0.09119824,0.09119824,0.09156142
2019-06-04,0.09092692,0.090926826,0.09092688,0.090926826,0.54534423,0.09094837
2019-06-05,0.54472554,0.091025695,0.091025725,0.091025695,0.091025695,0.09117166
2019-06-06,0.11140965,0.11169612,0.111403674,0.1114546,0.11138667,0.44264925
2019-06-07,0.091115706,0.091122985,0.091135666,0.091434546,0.091109864,0.5440812
2019-06-10,0.54497,0.09098661,0.09098663,0.09098661,0.09098661,0.09108356
2019-06-11,0.10000143,0.10000143,0.4999888,0.10000143,0.10000143,0.10000552
2019-06-12,0.100001216,0.100001216,0.49999046,0.100001216,0.100001216,0.100004695
2019-06-13,0.091115706,0.091122985,0.091135666,0.091434546,0.091109864,0.5440812
2019-06-14,0.5450626,0.09097178,0.09097179,0.09097178,0.09097178,0.09105017
2019-06-17,0.091115706,0.091122985,0.091135666,0.091434546,0.091109864,0.5440812
2019-06-18,0.10000096,0.10000096,0.49999237,0.10000096,0.10000096,0.10000373
2019-06-19,0.091115706,0.091122985,0.091135666,0.091434546,0.091109864,0.5440812
2019-06-20,0.10000534,0.10000534,0.49995804,0.10000534,0.10000534,0.100020595
2019-06-21,0.10000771,0.10000771,0.49993944,0.10000771,0.10000771,0.10002973
2019-06-24,0.0910957,0.09109479,0.09109528,0.091094784,0.5442983,0.091321185
2019-06-25,0.091115706,0.091122985,0.091135666,0.091434546,0.091109864,0.5440812
2019-06-26,0.100014225,0.100014225,0.49988827,0.100014225,0.100014225,0.10005485
2019-06-27,0.091115706,0.091122985,0.091135666,0.091434546,0.091109864,0.5440812
2019-06-28,0.091115706,0.091122985,0.091135666,0.091434546,0.091109864,0.5440812
2019-07-01,0.11141222,0.111708224,0.11140624,0.111457154,0.11138923,0.44262698
2019-07-02,0.11135762,0.111449964,0.111351624,0.111402586,0.11133463,0.44310355
2019-07-03,0.10002051,0.10002051,0.4998389,0.10002051,0.10002051,0.10007913
2019-07-05,0.10002265,0.10002265,0.49982196,0.10002265,0.10002265,0.10008741
2019-07-08,0.54480714,0.09101266,0.09101268,0.09101266,0.09101266,0.09114226
2019-07-09,0.5445167,0.09105909,0.091059126,0.09105909,0.09105909,0.09124698
2019-07-10,0.10001371,0.10001371,0.49989232,0.10001371,0.10001371,0.10005288
2019-07-11,0.091115706,0.091122985,0.091135666,0.091434546,0.091109864,0.5440812
2019-07-12,0.1000116,0.1000116,0.49990883,0.1000116,0.1000116,0.100044765
2019-07-15,0.11135071,0.1113311,0.11133916,0.1113822,0.11131423,0.44328263
2019-07-16,0.091090515,0.09108964,0.091090105,0.091089636,0.54433036,0.09130972
2019-07-17,0.09104615,0.0910455,0.09104584,0.09104549,0.5446054,0.09121161
2019-07-18,0.091115706,0.091122985,0.091135666,0.091434546,0.091109864,0.5440812
2019-07-19,0.10001789,0.10001789,0.49985942,0.10001789,0.10001789,0.10006902
2019-07-22,0.091115706,0.091122985,0.091135666,0.091434546,0.091109864,0.5440812
