date,spy,qqq,dbc,agg,gld,cash
2007-10-10,0.16666476,0.16666476,0.16666476,0.16667335,0.16666476,0.16666767
2007-10-11,0.11111111,0.44444445,0.11111111,0.11111111,0.11111111,0.11111111
2007-10-12,0.11111111,0.44444445,0.11111111,0.11111111,0.11111111,0.11111111
2007-10-15,0.1666545,0.1666545,0.1666545,0.16670896,0.1666545,0.16667305
2007-10-16,0.11111111,0.44444445,0.11111111,0.11111111,0.11111111,0.11111111
2007-10-17,0.16666625,0.16666625,0.16666625,0.16666809,0.16666625,0.16666688
2007-10-18,0.16666648,0.16666648,0.16666648,0.1666673,0.16666648,0.16666676
2007-10-19,0.15727551,0.15727882,0.15727651,0.15727551,0.15727551,0.21361808
2007-10-22,0.3749973,0.12500024,0.12500024,0.1250013,0.12500024,0.12500076
2007-10-23,0.15727551,0.15727882,0.15727651,0.15727551,0.15727551,0.21361808
2007-10-24,0.090909086,0.090909086,0.090909086,0.090909086,0.54545456,0.090909086
2007-10-25,0.11111111,0.44444445,0.11111111,0.11111111,0.11111111,0.11111111
2007-10-26,0.09090912,0.09090912,0.09090912,0.09090917,0.5454544,0.090909146
2007-10-29,0.09090924,0.09090924,0.09090924,0.09090941,0.54545355,0.090909295
2007-10-30,0.37499875,0.1250001,0.1250001,0.12500063,0.1250001,0.12500037
2007-10-31,0.15727551,0.15727882,0.15727651,0.15727551,0.15727551,0.21361808
2007-11-01,0.37499332,0.12500055,0.12500055,0.12500314,0.12500055,0.12500185
2007-11-02,0.09095725,0.09095725,0.09095725,0.09100713,0.54514694,0.09097425
2007-11-05,0.37498888,0.12500094,0.12500094,0.12500525,0.12500094,0.12500308
2007-11-06,0.37498218,0.12500149,0.12500149,0.12500837,0.12500149,0.12500493
2007-11-07,0.16665706,0.16665706,0.16665706,0.16670002,0.16665706,0.1666717
2007-11-08,0.0910817,0.0910817,0.0910817,0.09126101,0.54435116,0.09114276
2007-11-09,0.11111111,0.44444445,0.11111111,0.11111111,0.11111111,0.11111111
2007-11-12,0.16666657,0.16666657,0.16666657,0.16666704,0.16666657,0.16666673
2007-11-13,0.09091237,0.09091237,0.09091237,0.09091576,0.54543364,0.09091353
2007-11-14,0.37499574,0.12500036,0.12500036,0.12500201,0.12500036,0.12500118
2007-11-15,0.09092284,0.09092284,0.09092284,0.09093709,0.5453667,0.09092769
2007-11-16,0.11111111,0.44444445,0.11111111,0.11111111,0.11111111,0.11111111
2007-11-19,0.37500003,0.125,0.125,0.125,0.125,0.125
2007-11-20,0.37500003,0.125,0.125,0.125,0.125,0.125
2007-11-21,0.16666667,0.16666667,0.16666667,0.16666667,0.16666667,0.16666667
2007-11-23,0.15727551,0.15727882,0.15727651,0.15727551,0.15727551,0.21361808
2007-11-26,0.090909116,0.090909116,0.090909116,0.09090913,0.54545444,0.09090913
2007-11-27,0.15727551,0.15727882,0.15727651,0.15727551,0.15727551,0.21361808
2007-11-28,0.09090928,0.09090928,0.09090928,0.09090947,0.54545337,0.090909354
2007-11-29,0.15727551,0.15727882,0.15727651,0.15727551,0.15727551,0.21361808
2007-11-30,0.16666235,0.16666235,0.16666235,0.16668166,0.16666235,0.16666892
2007-12-03,0.16662599,0.16662599,0.16662599,0.16680804,0.16662599,0.16668802
2007-12-04,0.09155265,0.09155266,0.09155265,0.09222718,0.5413329,0.091781974
2007-12-05,0.11111127,0.44444332,0.11111127,0.111111544,0.11111127,0.11111136
2007-12-06,0.16657093,0.16657093,0.16657093,0.16699943,0.16657093,0.16671684
2007-12-07,0.11111124,0.4444434,0.11111124,0.111111484,0.11111124,0.11111131
2007-12-10,0.111111164,0.44444412,0.111111164,0.11111124,0.111111164,0.11111119
2007-12-11,0.37500003,0.125,0.125,0.125,0.125,0.125
2007-12-12,0.16666149,0.16666149,0.16666149,0.16668467,0.16666149,0.16666938
2007-12-13,0.11111111,0.44444445,0.11111111,0.11111111,0.11111111,0.11111111
2007-12-14,0.37500003,0.125,0.125,0.125,0.125,0.125
2007-12-17,0.37500003,0.125,0.125,0.125,0.125,0.125
2007-12-18,0.37500003,0.125,0.125,0.125,0.125,0.125
2007-12-19,0.090909086,0.090909086,0.090909086,0.090909086,0.54545456,0.090909086
2007-12-20,0.37499997,0.125,0.125,0.12500001,0.125,0.125
2007-12-21,0.090909086,0.090909086,0.090909086,0.090909086,0.54545456,0.090909086
2007-12-24,0.16666663,0.16666663,0.16666663,0.16666688,0.16666663,0.1666667
2007-12-26,0.37499997,0.12500001,0.12500001,0.12500004,0.12500001,0.12500003
2007-12-27,0.090909086,0.090909086,0.090909086,0.090909086,0.54545456,0.090909086
2007-12-28,0.16666621,0.16666621,0.16666621,0.16666831,0.16666621,0.16666692
2007-12-31,0.15727551,0.15727882,0.15727651,0.15727551,0.15727551,0.21361808
2008-01-02,0.16665395,0.16665395,0.16665395,0.16671084,0.16665395,0.16667333
2008-01-03,0.09091081,0.09091081,0.09091081,0.0909126,0.5454436,0.09091142
2008-01-04,0.09091168,0.09091168,0.09091168,0.09091437,0.54543793,0.09091261
2008-01-07,0.15727551,0.15727882,0.15727651,0.15727551,0.15727551,0.21361808
2008-01-08,0.09091542,0.09091542,0.09091542,0.090921976,0.54541415,0.090917654
2008-01-09,0.11111111,0.44444445,0.11111111,0.11111111,0.11111111,0.11111111
2008-01-10,0.0909198,0.0909198,0.0909198,0.090930894,0.5453861,0.09092358
2008-01-11,0.37499946,0.12500004,0.12500004,0.12500024,0.12500004,0.12500015
2008-01-14,0.09091116,0.09091116,0.09091116,0.0909133,0.5454413,0.09091188
2008-01-15,0.11111111,0.44444445,0.11111111,0.11111111,0.11111111,0.11111111
2008-01-16,0.11111111,0.44444445,0.11111111,0.11111111,0.11111111,0.11111111
2008-01-17,0.090909116,0.090909116,0.090909116,0.09090913,0.54545444,0.09090913
2008-01-18,0.16666666,0.16666666,0.16666666,0.1666667,0.16666666,0.16666667
2008-01-22,0.16666666,0.16666666,0.16666666,0.16666669,0.16666666,0.16666667
2008-01-23,0.09090909,0.09090909,0.09090909,0.090909116,0.54545444,0.09090909
2008-01-24,0.37500003,0.125,0.125,0.125,0.125,0.125
2008-01-25,0.09090941,0.09090941,0.09090941,0.090909734,0.5454525,0.09090951
2008-01-28,0.37500003,0.125,0.125,0.125,0.125,0.125
2008-01-29,0.16666561,0.16666561,0.16666561,0.16667026,0.16666561,0.1666672
2008-01-30,0.1666608,0.1666608,0.1666608,0.16668704,0.1666608,0.16666976
2008-01-31,0.091231644,0.09123165,0.091231644,0.09156765,0.5433914,0.09134602
2008-02-01,0.092194244,0.09219427,0.092194244,0.09355791,0.53720254,0.09265673
2008-02-04,0.37499374,0.12500052,0.12500052,0.12500292,0.12500052,0.12500173
2008-02-05,0.15727551,0.15727882,0.15727651,0.15727551,0.15727551,0.21361808
2008-02-06,0.09633146,0.096331574,0.09633146,0.10256759,0.5100249,0.09841292
2008-02-07,0.3749874,0.12500106,0.12500106,0.12500596,0.12500106,0.12500352
2008-02-08,0.37499815,0.12500015,0.12500015,0.12500083,0.12500015,0.12500049
2008-02-11,0.16665924,0.16665924,0.16665924,0.16669248,0.16665924,0.16667056
2008-02-12,0.11111111,0.44444445,0.11111111,0.11111111,0.11111111,0.11111111
2008-02-13,0.16666625,0.16666625,0.16666625,0.1666681,0.16666625,0.1666669
2008-02-14,0.16666652,0.16666652,0.16666652,0.16666716,0.16666652,0.16666673
2008-02-15,0.09090909,0.09090909,0.09090909,0.090909116,0.54545444,0.09090909
2008-02-19,0.15727551,0.15727882,0.15727651,0.15727551,0.15727551,0.21361808
2008-02-20,0.11111111,0.44444445,0.11111111,0.11111111,0.11111111,0.11111111
2008-02-21,0.37500003,0.125,0.125,0.125,0.125,0.125
2008-02-22,0.15727551,0.15727882,0.15727651,0.15727551,0.15727551,0.21361808
2008-02-25,0.090909086,0.090909086,0.090909086,0.090909086,0.54545456,0.090909086
2008-02-26,0.090909086,0.090909086,0.090909086,0.090909086,0.54545456,0.090909086
2008-02-27,0.11111111,0.44444445,0.11111111,0.11111111,0.11111111,0.11111111
2008-02-28,0.11111111,0.44444445,0.11111111,0.11111111,0.11111111,0.11111111
2008-02-29,0.15727551,0.15727882,0.15727651,0.15727551,0.15727551,0.21361808
2008-03-03,0.37447476,0.12504405,0.12504405,0.1252474,0.12504409,0.12514572
2008-03-04,0.15727551,0.15727882,0.15727651,0.15727551,0.15727551,0.21361808
2008-03-05,0.37378317,0.1251018,0.12510179,0.12557372,0.12510191,0.12533763
2008-03-06,0.09099746,0.09099746,0.09099746,0.0910891,0.5448898,0.09102868
2008-03-07,0.16666053,0.16666053,0.16666053,0.16668797,0.16666053,0.16666989
2008-03-10,0.11111111,0.44444445,0.11111111,0.11111111,0.11111111,0.11111111
2008-03-11,0.15727551,0.15727882,0.15727651,0.15727551,0.15727551,0.21361808
2008-03-12,0.15727551,0.15727882,0.15727651,0.15727551,0.15727551,0.21361808
2008-03-13,0.16666637,0.16666637,0.16666637,0.16666767,0.16666637,0.1666668
2008-03-14,0.16666657,0.16666657,0.16666657,0.16666697,0.16666657,0.16666672
2008-03-17,0.16666664,0.16666664,0.16666664,0.16666676,0.16666664,0.16666669
2008-03-18,0.09090912,0.09090912,0.09090912,0.090909146,0.5454544,0.09090912
2008-03-19,0.15727551,0.15727882,0.15727651,0.15727551,0.15727551,0.21361808
2008-03-20,0.09090912,0.09090912,0.09090912,0.090909176,0.5454544,0.090909146
2008-03-24,0.16666663,0.16666663,0.16666663,0.1666668,0.16666663,0.16666669
2008-03-25,0.11111111,0.44444445,0.11111111,0.11111111,0.11111111,0.11111111
2008-03-26,0.1666635,0.1666635,0.1666635,0.16667767,0.1666635,0.16666833
2008-03-27,0.11111111,0.44444445,0.11111111,0.11111111,0.11111111,0.11111111
2008-03-28,0.09091796,0.09091796,0.09091796,0.09092714,0.5453979,0.09092109
2008-03-31,0.16638419,0.16638419,0.16638419,0.16764908,0.16638419,0.16681418
2008-04-01,0.15727551,0.15727882,0.15727651,0.15727551,0.15727551,0.21361808
2008-04-02,0.16568953,0.16568953,0.16568953,0.17007175,0.16568953,0.16717014
2008-04-03,0.15727551,0.15727882,0.15727651,0.15727551,0.15727551,0.21361808
2008-04-04,0.15727551,0.15727882,0.15727651,0.15727551,0.15727551,0.21361808
2008-04-07,0.11111149,0.44444156,0.11111149,0.11111221,0.11111149,0.11111173
2008-04-08,0.37471893,0.1250236,0.1250236,0.12513234,0.12502362,0.12507798
2008-04-09,0.3748393,0.1250135,0.1250135,0.12507565,0.1250135,0.12504457
2008-04-10,0.11111111,0.44444445,0.11111111,0.11111111,0.11111111,0.11111111
2008-04-11,0.09091335,0.09091335,0.09091335,0.09091776,0.5454273,0.09091485
2008-04-14,0.11111111,0.44444445,0.11111111,0.11111111,0.11111111,0.11111111
2008-04-15,0.16661133,0.16661133,0.16661133,0.16685903,0.16661133,0.1666957
2008-04-16,0.37499657,0.12500028,0.12500028,0.1250016,0.12500028,0.12500094
2008-04-17,0.090909086,0.090909086,0.090909086,0.090909086,0.54545456,0.090909086
2008-04-18,0.15727551,0.15727882,0.15727651,0.15727551,0.15727551,0.21361808
2008-04-21,0.090909086,0.090909086,0.090909086,0.090909086,0.54545456,0.090909086
2008-04-22,0.16666633,0.16666633,0.16666633,0.16666785,0.16666633,0.16666684
2008-04-23,0.11111111,0.44444445,0.11111111,0.11111111,0.11111111,0.11111111
2008-04-24,0.15727551,0.15727882,0.15727651,0.15727551,0.15727551,0.21361808
2008-04-25,0.16666625,0.16666625,0.16666625,0.16666809,0.16666625,0.1666669
2008-04-28,0.15727551,0.15727882,0.15727651,0.15727551,0.15727551,0.21361808
2008-04-29,0.15727551,0.15727882,0.15727651,0.15727551,0.15727551,0.21361808
2008-04-30,0.1665938,0.1665938,0.1665938,0.16691986,0.1665938,0.16670485
2008-05-01,0.3735684,0.12511969,0.12511967,0.1256752,0.12511982,0.12539725
2008-05-02,0.37069976,0.12535618,0.12535614,0.12703714,0.12535657,0.12619416
2008-05-05,0.11111114,0.4444442,0.11111114,0.1111112,0.11111114,0.11111116
2008-05-06,0.37333965,0.12513871,0.12513869,0.12578338,0.12513886,0.12546076
2008-05-07,0.37445083,0.12504604,0.12504604,0.12525867,0.1250461,0.12515236
2008-05-08,0.11111115,0.44444415,0.11111115,0.111111216,0.11111115,0.11111117
2008-05-09,0.16580805,0.16580805,0.16580805,0.16965768,0.16580805,0.16711009
2008-05-12,0.11111111,0.44444445,0.11111111,0.11111111,0.11111111,0.11111111
2008-05-13,0.090909965,0.090909965,0.090909965,0.09091088,0.54544896,0.09091028
2008-05-14,0.16645925,0.16645925,0.16645925,0.16738789,0.16645925,0.16677515
2008-05-15,0.3749987,0.1250001,0.1250001,0.12500063,0.1250001,0.12500036
2008-05-16,0.090909086,0.090909086,0.090909086,0.090909086,0.54545456,0.090909086
2008-05-19,0.11111111,0.44444445,0.11111111,0.11111111,0.11111111,0.11111111
2008-05-20,0.16666636,0.16666636,0.16666636,0.16666773,0.16666636,0.16666684
2008-05-21,0.37500003,0.125,0.125,0.125,0.125,0.125
2008-05-22,0.16666654,0.16666654,0.16666654,0.16666713,0.16666654,0.16666673
2008-05-23,0.37500003,0.125,0.125,0.125,0.125,0.125
2008-05-27,0.11111111,0.44444445,0.11111111,0.11111111,0.11111111,0.11111111
2008-05-28,0.16666651,0.16666651,0.16666651,0.16666724,0.16666651,0.16666675
2008-05-29,0.09090909,0.09090909,0.09090909,0.090909116,0.54545444,0.09090909
2008-05-30,0.37499866,0.1250001,0.1250001,0.12500064,0.1250001,0.12500037
2008-06-02,0.15727551,0.15727882,0.15727651,0.15727551,0.15727551,0.21361808
2008-06-03,0.09092426,0.09092426,0.09092426,0.090939984,0.54535764,0.09092962
2008-06-04,0.11111111,0.44444445,0.11111111,0.11111111,0.11111111,0.11111111
2008-06-05,0.15727551,0.15727882,0.15727651,0.15727551,0.15727551,0.21361808
2008-06-06,0.37490067,0.12500834,0.12500834,0.12504676,0.12500834,0.12502754
2008-06-09,0.11111111,0.44444445,0.11111111,0.11111111,0.11111111,0.11111111
2008-06-10,0.090978116,0.090978116,0.090978116,0.09104969,0.5450135,0.09100252
2008-06-11,0.11111111,0.44444445,0.11111111,0.11111111,0.11111111,0.11111111
2008-06-12,0.090913445,0.090913445,0.090913445,0.090917945,0.54542685,0.090914965
2008-06-13,0.11111111,0.44444445,0.11111111,0.11111111,0.11111111,0.11111111
2008-06-16,0.16664763,0.16664763,0.16664763,0.1667328,0.16664763,0.16667666
2008-06-17,0.15727551,0.15727882,0.15727651,0.15727551,0.15727551,0.21361808
2008-06-18,0.11111111,0.44444445,0.11111111,0.11111111,0.11111111,0.11111111
2008-06-19,0.09090909,0.09090909,0.09090909,0.090909116,0.54545444,0.09090909
2008-06-20,0.11111111,0.44444445,0.11111111,0.11111111,0.11111111,0.11111111
2008-06-23,0.11111111,0.44444445,0.11111111,0.11111111,0.11111111,0.11111111
2008-06-24,0.09090909,0.09090909,0.09090909,0.090909116,0.54545444,0.09090909
2008-06-25,0.16666567,0.16666567,0.16666567,0.1666701,0.16666567,0.1666672
2008-06-26,0.15727551,0.15727882,0.15727651,0.15727551,0.15727551,0.21361808
2008-06-27,0.37499955,0.12500003,0.12500003,0.1250002,0.12500003,0.1250001
2008-06-30,0.3749987,0.1250001,0.1250001,0.12500063,0.1250001,0.12500036
2008-07-01,0.15727551,0.15727882,0.15727651,0.15727551,0.15727551,0.21361808
2008-07-02,0.11111111,0.44444445,0.11111111,0.11111111,0.11111111,0.11111111
2008-07-03,0.11111111,0.44444445,0.11111111,0.11111111,0.11111111,0.11111111
2008-07-07,0.37499574,0.12500036,0.12500036,0.12500201,0.12500036,0.12500119
2008-07-08,0.15727551,0.15727882,0.15727651,0.15727551,0.15727551,0.21361808
2008-07-09,0.090911716,0.090911716,0.090911716,0.09091443,0.54543775,0.09091264
2008-07-10,0.11111111,0.44444445,0.11111111,0.11111111,0.11111111,0.11111111
2008-07-11,0.11111111,0.44444445,0.11111111,0.11111111,0.11111111,0.11111111
2008-07-14,0.15727551,0.15727882,0.15727651,0.15727551,0.15727551,0.21361808
2008-07-15,0.11111111,0.44444445,0.11111111,0.11111111,0.11111111,0.11111111
2008-07-16,0.37500003,0.125,0.125,0.125,0.125,0.125
2008-07-17,0.11111111,0.44444445,0.11111111,0.11111111,0.11111111,0.11111111
2008-07-18,0.15727551,0.15727882,0.15727651,0.15727551,0.15727551,0.21361808
2008-07-21,0.37500003,0.125,0.125,0.125,0.125,0.125
2008-07-22,0.37500003,0.125,0.125,0.125,0.125,0.125
2008-07-23,0.37500003,0.125,0.125,0.125,0.125,0.125
2008-07-24,0.11111111,0.44444445,0.11111111,0.11111111,0.11111111,0.11111111
2008-07-25,0.090909086,0.090909086,0.090909086,0.090909086,0.54545456,0.090909086
2008-07-28,0.11111111,0.44444445,0.11111111,0.11111111,0.11111111,0.11111111
2008-07-29,0.37500003,0.125,0.125,0.125,0.125,0.125
2008-07-30,0.09090912,0.09090912,0.09090912,0.090909146,0.5454544,0.09090912
2008-07-31,0.15727551,0.15727882,0.15727651,0.15727551,0.15727551,0.21361808
2008-08-01,0.16666098,0.16666098,0.16666098,0.16668637,0.16666098,0.16666964
2008-08-04,0.37499824,0.12500015,0.12500015,0.12500082,0.12500015,0.12500048
2008-08-05,0.16664779,0.16664779,0.16664779,0.16673227,0.16664779,0.16667657
2008-08-06,0.37499684,0.12500027,0.12500027,0.12500149,0.12500027,0.12500088
2008-08-07,0.09091167,0.09091167,0.09091167,0.09091435,0.545438,0.09091258
2008-08-08,0.37499917,0.12500007,0.12500007,0.1250004,0.12500007,0.12500024
2008-08-11,0.15727551,0.15727882,0.15727651,0.15727551,0.15727551,0.21361808
2008-08-12,0.37499928,0.12500006,0.12500006,0.12500033,0.12500006,0.1250002
2008-08-13,0.16666481,0.16666481,0.16666481,0.16667312,0.16666481,0.16666766
2008-08-14,0.11111111,0.44444445,0.11111111,0.11111111,0.11111111,0.11111111
2008-08-15,0.37499997,0.125,0.125,0.12500001,0.125,0.125
2008-08-18,0.11111111,0.44444445,0.11111111,0.11111111,0.11111111,0.11111111
2008-08-19,0.15727551,0.15727882,0.15727651,0.15727551,0.15727551,0.21361808
2008-08-20,0.15727551,0.15727882,0.15727651,0.15727551,0.15727551,0.21361808
2008-08-21,0.37500003,0.125,0.125,0.125,0.125,0.125
2008-08-22,0.37500003,0.125,0.125,0.125,0.125,0.125
2008-08-25,0.16666657,0.16666657,0.16666657,0.16666697,0.16666657,0.16666672
2008-08-26,0.11111111,0.44444445,0.11111111,0.11111111,0.11111111,0.11111111
2008-08-27,0.37500003,0.125,0.125,0.125,0.125,0.125
2008-08-28,0.11111111,0.44444445,0.11111111,0.11111111,0.11111111,0.11111111
2008-08-29,0.15727551,0.15727882,0.15727651,0.15727551,0.15727551,0.21361808
2008-09-02,0.37500003,0.125,0.125,0.125,0.125,0.125
2008-09-03,0.15727551,0.15727882,0.15727651,0.15727551,0.15727551,0.21361808
2008-09-04,0.37499997,0.125,0.125,0.12500001,0.125,0.125
2008-09-05,0.11111111,0.44444445,0.11111111,0.11111111,0.11111111,0.11111111
2008-09-08,0.37499997,0.12500001,0.12500001,0.12500004,0.12500001,0.12500003
2008-09-09,0.090913035,0.090913035,0.090913035,0.09091711,0.5454294,0.09091442
2008-09-10,0.09091179,0.09091179,0.09091179,0.090914585,0.54543734,0.090912744
2008-09-11,0.37500003,0.125,0.125,0.125,0.125,0.125
2008-09-12,0.11111111,0.44444445,0.11111111,0.11111111,0.11111111,0.11111111
2008-09-15,0.15727551,0.15727882,0.15727651,0.15727551,0.15727551,0.21361808
2008-09-16,0.37500003,0.125,0.125,0.125,0.125,0.125
2008-09-17,0.09090915,0.09090915,0.09090915,0.0909092,0.5454542,0.090909176
2008-09-18,0.37500003,0.125,0.125,0.125,0.125,0.125
2008-09-19,0.15727551,0.15727882,0.15727651,0.15727551,0.15727551,0.21361808
2008-09-22,0.37500003,0.125,0.125,0.125,0.125,0.125
2008-09-23,0.11111111,0.44444445,0.11111111,0.11111111,0.11111111,0.11111111
2008-09-24,0.15727551,0.15727882,0.15727651,0.15727551,0.15727551,0.21361808
2008-09-25,0.1666666,0.1666666,0.1666666,0.1666669,0.1666666,0.16666669
2008-09-26,0.090909086,0.090909086,0.090909086,0.090909086,0.54545456,0.090909086
2008-09-29,0.09090909,0.09090909,0.09090909,0.090909116,0.54545444,0.09090909
2008-09-30,0.090909116,0.090909116,0.090909116,0.09090913,0.54545444,0.09090913
2008-10-01,0.37499985,0.12500001,0.12500001,0.12500006,0.12500001,0.12500003
2008-10-02,0.16666655,0.16666655,0.16666655,0.16666704,0.16666655,0.16666672
2008-10-03,0.16666655,0.16666655,0.16666655,0.16666706,0.16666655,0.16666673
2008-10-06,0.11111111,0.44444445,0.11111111,0.11111111,0.11111111,0.11111111
2008-10-07,0.37500003,0.125,0.125,0.125,0.125,0.125
2008-10-08,0.15727551,0.15727882,0.15727651,0.15727551,0.15727551,0.21361808
2008-10-09,0.0909107,0.0909107,0.0909107,0.09091238,0.5454442,0.090911284
2008-10-10,0.11111111,0.44444445,0.11111111,0.11111111,0.11111111,0.11111111
2008-10-13,0.37499988,0.12500001,0.12500001,0.12500004,0.12500001,0.12500001
2008-10-14,0.11111111,0.44444445,0.11111111,0.11111111,0.11111111,0.11111111
2008-10-15,0.09091056,0.09091056,0.09091056,0.090912074,0.54544514,0.090911075
2008-10-16,0.16666667,0.16666667,0.16666667,0.16666667,0.16666667,0.16666667
2008-10-17,0.16666667,0.16666667,0.16666667,0.16666667,0.16666667,0.16666667
2008-10-20,0.16666667,0.16666667,0.16666667,0.16666667,0.16666667,0.16666667
2008-10-21,0.11111111,0.44444445,0.11111111,0.11111111,0.11111111,0.11111111
2008-10-22,0.37499997,0.125,0.125,0.12500001,0.125,0.125
2008-10-23,0.11111111,0.44444445,0.11111111,0.11111111,0.11111111,0.11111111
2008-10-24,0.09091174,0.09091174,0.09091174,0.09091447,0.5454376,0.09091267
2008-10-27,0.16666663,0.16666663,0.16666663,0.16666685,0.16666663,0.16666669
2008-10-28,0.1666662,0.1666662,0.1666662,0.16666831,0.1666662,0.16666691
2008-10-29,0.37499997,0.125,0.125,0.12500001,0.125,0.12500001
2008-10-30,0.37499997,0.12500001,0.12500001,0.12500004,0.12500001,0.12500003
2008-10-31,0.1665979,0.1665979,0.1665979,0.16690564,0.1665979,0.16670272
2008-11-03,0.11163553,0.44049478,0.11163553,0.112626426,0.11163553,0.11197224
2008-11-04,0.16649525,0.16649525,0.16649525,0.16726258,0.16649525,0.16675636
2008-11-05,0.11234845,0.4350668,0.11234845,0.11473255,0.11234847,0.11315533
2008-11-06,0.113132924,0.4290119,0.113132924,0.11711482,0.11313294,0.11447449
2008-11-07,0.16507474,0.16507474,0.16507474,0.17222388,0.16507474,0.16747718
2008-11-10,0.11192608,0.4382909,0.11192608,0.11347822,0.11192608,0.11245265
2008-11-11,0.37499997,0.12500001,0.12500001,0.12500004,0.12500001,0.12500003
2008-11-12,0.11115428,0.44412062,0.11115428,0.11123481,0.11115428,0.11118173
2008-11-13,0.15727551,0.15727882,0.15727651,0.15727551,0.15727551,0.21361808
2008-11-14,0.1666439,0.1666439,0.1666439,0.16674575,0.1666439,0.16667862
2008-11-17,0.111111216,0.44444358,0.111111216,0.11111142,0.111111216,0.11111128
2008-11-18,0.37500003,0.125,0.125,0.125,0.125,0.125
2008-11-19,0.37500003,0.125,0.125,0.125,0.125,0.125
2008-11-20,0.15727551,0.15727882,0.15727651,0.15727551,0.15727551,0.21361808
2008-11-21,0.15727551,0.15727882,0.15727651,0.15727551,0.15727551,0.21361808
2008-11-24,0.15727551,0.15727882,0.15727651,0.15727551,0.15727551,0.21361808
2008-11-25,0.11111111,0.44444445,0.11111111,0.11111111,0.11111111,0.11111111
2008-11-26,0.09092114,0.09092114,0.09092114,0.090933636,0.54537755,0.09092541
2008-11-28,0.37500003,0.125,0.125,0.125,0.125,0.125
2008-12-01,0.09113114,0.09113114,0.09113114,0.091362,0.5440348,0.091209754
2008-12-02,0.11111186,0.44443884,0.11111186,0.11111325,0.11111186,0.111112334
2008-12-03,0.16666575,0.16666575,0.16666575,0.1666699,0.16666575,0.16666716
2008-12-04,0.111111835,0.444439,0.111111835,0.11111319,0.111111835,0.111112304
2008-12-05,0.16666645,0.16666645,0.16666645,0.16666742,0.16666645,0.16666678
2008-12-08,0.37500003,0.125,0.125,0.125,0.125,0.125
2008-12-09,0.37500003,0.125,0.125,0.125,0.125,0.125
2008-12-10,0.15727551,0.15727882,0.15727651,0.15727551,0.15727551,0.21361808
2008-12-11,0.15727551,0.15727882,0.15727651,0.15727551,0.15727551,0.21361808
2008-12-12,0.09092383,0.09092383,0.09092383,0.0909391,0.5453603,0.090929024
2008-12-15,0.15727551,0.15727882,0.15727651,0.15727551,0.15727551,0.21361808
2008-12-16,0.15727551,0.15727882,0.15727651,0.15727551,0.15727551,0.21361808
2008-12-17,0.090909086,0.090909086,0.090909086,0.090909086,0.54545456,0.090909086
2008-12-18,0.090909086,0.090909086,0.090909086,0.090909086,0.54545456,0.090909086
2008-12-19,0.090909086,0.090909086,0.090909086,0.090909086,0.54545456,0.090909086
2008-12-22,0.37500003,0.125,0.125,0.125,0.125,0.125
2008-12-23,0.15727551,0.15727882,0.15727651,0.15727551,0.15727551,0.21361808
2008-12-24,0.090909086,0.090909086,0.090909086,0.090909086,0.54545456,0.090909086
2008-12-26,0.37500003,0.125,0.125,0.125,0.125,0.125
2008-12-29,0.37500003,0.125,0.125,0.125,0.125,0.125
2008-12-30,0.15727551,0.15727882,0.15727651,0.15727551,0.15727551,0.21361808
2008-12-31,0.15727551,0.15727882,0.15727651,0.15727551,0.15727551,0.21361808
2009-01-02,0.15727551,0.15727882,0.15727651,0.15727551,0.15727551,0.21361808
2009-01-05,0.15727551,0.15727882,0.15727651,0.15727551,0.15727551,0.21361808
2009-01-06,0.15727551,0.15727882,0.15727651,0.15727551,0.15727551,0.21361808
2009-01-07,0.16666554,0.16666554,0.16666554,0.16667056,0.16666554,0.16666724
2009-01-08,0.090923175,0.090923175,0.090923175,0.090937756,0.5453646,0.090928145
2009-01-09,0.11111111,0.44444445,0.11111111,0.11111111,0.11111111,0.11111111
2009-01-12,0.37500003,0.125,0.125,0.125,0.125,0.125
2009-01-13,0.09090912,0.09090912,0.09090912,0.090909146,0.5454544,0.09090912
2009-01-14,0.09090909,0.09090909,0.09090909,0.090909116,0.54545444,0.09090909
2009-01-15,0.11111111,0.44444445,0.11111111,0.11111111,0.11111111,0.11111111
2009-01-16,0.11111111,0.44444445,0.11111111,0.11111111,0.11111111,0.11111111
2009-01-20,0.37500003,0.125,0.125,0.125,0.125,0.125
2009-01-21,0.16666666,0.16666666,0.16666666,0.1666667,0.16666666,0.16666667
2009-01-22,0.11111111,0.44444445,0.11111111,0.11111111,0.11111111,0.11111111
2009-01-23,0.16666655,0.16666655,0.16666655,0.1666671,0.16666655,0.16666673
2009-01-26,0.090909086,0.090909086,0.090909086,0.090909086,0.54545456,0.090909086
2009-01-27,0.09090923,0.09090923,0.09090923,0.09090938,0.54545367,0.09090928
2009-01-28,0.11111111,0.44444445,0.11111111,0.11111111,0.11111111,0.11111111
2009-01-29,0.09091902,0.09091902,0.09091902,0.09092928,0.5453912,0.09092252
2009-01-30,0.09102584,0.09102584,0.09102584,0.09114697,0.5447085,0.09106709
2009-02-02,0.09175267,0.09175268,0.09175267,0.09264023,0.5400476,0.092054196
2009-02-03,0.15727551,0.15727882,0.15727651,0.15727551,0.15727551,0.21361808
2009-02-04,0.097472034,0.097472176,0.097472034,0.105192706,0.5023537,0.10003739
2009-02-05,0.16664161,0.16664161,0.16664161,0.16675374,0.16664161,0.1666798
2009-02-06,0.11123961,0.44347987,0.11123961,0.11147984,0.11123961,0.11132143
2009-02-09,0.11115131,0.444143,0.11115131,0.11122624,0.11115131,0.11117684
2009-02-10,0.11111355,0.44442627,0.11111355,0.11111806,0.11111355,0.11111508
2009-02-11,0.091016896,0.091016896,0.091016896,0.09112874,0.54476553,0.091055
2009-02-12,0.15727551,0.15727882,0.15727651,0.15727551,0.15727551,0.21361808
2009-02-13,0.09090976,0.09090976,0.09090976,0.09091046,0.5454502,0.09091
2009-02-17,0.37492606,0.12500621,0.12500621,0.1250348,0.12500621,0.12502052
2009-02-18,0.37499708,0.12500025,0.12500025,0.1250014,0.12500025,0.12500083
2009-02-19,0.15727551,0.15727882,0.15727651,0.15727551,0.15727551,0.21361808
2009-02-20,0.16666636,0.16666636,0.16666636,0.1666677,0.16666636,0.1666668
2009-02-23,0.09091077,0.09091077,0.09091077,0.09091252,0.5454438,0.09091137
2009-02-24,0.15727551,0.15727882,0.15727651,0.15727551,0.15727551,0.21361808
2009-02-25,0.11111111,0.44444445,0.11111111,0.11111111,0.11111111,0.11111111
2009-02-26,0.09092528,0.09092528,0.09092528,0.09094204,0.5453512,0.09093098
2009-02-27,0.15727551,0.15727882,0.15727651,0.15727551,0.15727551,0.21361808
2009-03-02,0.1666628,0.1666628,0.1666628,0.16668007,0.1666628,0.16666868
2009-03-03,0.09127574,0.09127575,0.09127574,0.091657996,0.54310894,0.09140584
2009-03-04,0.15727551,0.15727882,0.15727651,0.15727551,0.15727551,0.21361808
2009-03-05,0.16665514,0.16665514,0.16665514,0.16670671,0.16665514,0.1666727
2009-03-06,0.15727551,0.15727882,0.15727651,0.15727551,0.15727551,0.21361808
2009-03-09,0.3749886,0.12500095,0.12500095,0.12500538,0.12500095,0.12500316
2009-03-10,0.15727551,0.15727882,0.15727651,0.15727551,0.15727551,0.21361808
2009-03-11,0.15727551,0.15727882,0.15727651,0.15727551,0.15727551,0.21361808
2009-03-12,0.16665983,0.16665983,0.16665983,0.16669042,0.16665983,0.16667025
2009-03-13,0.15727551,0.15727882,0.15727651,0.15727551,0.15727551,0.21361808
2009-03-16,0.11111111,0.4444444,0.11111111,0.11111113,0.11111111,0.11111111
2009-03-17,0.16666569,0.16666569,0.16666569,0.16667005,0.16666569,0.16666716
2009-03-18,0.15727551,0.15727882,0.15727651,0.15727551,0.15727551,0.21361808
2009-03-19,0.3749996,0.12500001,0.12500001,0.12500015,0.12500001,0.1250001
2009-03-20,0.37499976,0.12500001,0.12500001,0.1250001,0.12500001,0.12500006
2009-03-23,0.14558946,0.14559115,0.1455905,0.14558946,0.23746882,0.18017057
2009-03-24,0.37499982,0.12500001,0.12500001,0.12500009,0.12500001,0.12500006
2009-03-25,0.11111111,0.44444445,0.11111111,0.11111111,0.11111111,0.11111111
2009-03-26,0.15727551,0.15727882,0.15727651,0.15727551,0.15727551,0.21361808
2009-03-27,0.16665064,0.16665064,0.16665064,0.16672234,0.16665064,0.16667508
2009-03-30,0.15727551,0.15727882,0.15727651,0.15727551,0.15727551,0.21361808
2009-03-31,0.37494364,0.12500474,0.12500474,0.12502651,0.12500474,0.12501563
2009-04-01,0.09090992,0.09090992,0.09090992,0.090910785,0.5454492,0.09091021
2009-04-02,0.16613802,0.16613802,0.16613802,0.16850647,0.16613802,0.16694142
2009-04-03,0.090911195,0.090911195,0.090911195,0.09091337,0.5454411,0.09091194
2009-04-06,0.37494063,0.12500498,0.12500498,0.12502794,0.12500498,0.12501647
2009-04-07,0.37496704,0.12500277,0.12500277,0.12501553,0.12500277,0.12500915
2009-04-08,0.111112006,0.44443774,0.111112006,0.111113675,0.111112006,0.11111258
2009-04-09,0.090909764,0.090909764,0.090909764,0.09091045,0.5454503,0.090909995
2009-04-13,0.37498376,0.12500137,0.12500137,0.12500767,0.12500137,0.12500452
2009-04-14,0.16651069,0.16651069,0.16651069,0.16720892,0.16651069,0.16674832
2009-04-15,0.15727551,0.15727882,0.15727651,0.15727551,0.15727551,0.21361808
2009-04-16,0.37499997,0.125,0.125,0.12500001,0.125,0.125
2009-04-17,0.37500003,0.125,0.125,0.125,0.125,0.125
2009-04-20,0.16666327,0.16666327,0.16666327,0.16667849,0.16666327,0.16666844
2009-04-21,0.090909086,0.090909086,0.090909086,0.090909086,0.54545456,0.090909086
2009-04-22,0.090909086,0.090909086,0.090909086,0.090909086,0.54545456,0.090909086
2009-04-23,0.090909086,0.090909086,0.090909086,0.090909086,0.54545456,0.090909086
2009-04-24,0.15727551,0.15727882,0.15727651,0.15727551,0.15727551,0.21361808
2009-04-27,0.09090909,0.09090909,0.09090909,0.09090909,0.54545444,0.09090909
2009-04-28,0.15727551,0.15727882,0.15727651,0.15727551,0.15727551,0.21361808
2009-04-29,0.15727551,0.15727882,0.15727651,0.15727551,0.15727551,0.21361808
2009-04-30,0.16655137,0.16655137,0.16655137,0.16706748,0.16655137,0.16672708
2009-05-01,0.11112884,0.4443116,0.11112884,0.11116187,0.11112884,0.11114009
2009-05-04,0.090941876,0.090941876,0.090941876,0.090975836,0.54524505,0.09095345
2009-05-05,0.11118391,0.44389826,0.11118391,0.11131979,0.11118391,0.1112302
2009-05-06,0.09106518,0.09106518,0.09106518,0.09122728,0.5444568,0.09112039
2009-05-07,0.15727551,0.15727882,0.15727651,0.15727551,0.15727551,0.21361808
2009-05-08,0.3749808,0.1250016,0.1250016,0.125009,0.1250016,0.1250053
2009-05-11,0.15727551,0.15727882,0.15727651,0.15727551,0.15727551,0.21361808
2009-05-12,0.37498656,0.12500113,0.12500113,0.12500633,0.12500113,0.12500374
2009-05-13,0.11111128,0.44444317,0.11111128,0.1111116,0.11111128,0.11111139
2009-05-14,0.15727551,0.15727882,0.15727651,0.15727551,0.15727551,0.21361808
2009-05-15,0.15727551,0.15727882,0.15727651,0.15727551,0.15727551,0.21361808
2009-05-18,0.37500003,0.125,0.125,0.125,0.125,0.125
2009-05-19,0.15727551,0.15727882,0.15727651,0.15727551,0.15727551,0.21361808
2009-05-20,0.15727551,0.15727882,0.15727651,0.15727551,0.15727551,0.21361808
2009-05-21,0.37500003,0.125,0.125,0.125,0.125,0.125
2009-05-22,0.11111111,0.44444445,0.11111111,0.11111111,0.11111111,0.11111111
2009-05-26,0.090909086,0.090909086,0.090909086,0.090909086,0.54545456,0.090909086
2009-05-27,0.11111111,0.44444445,0.11111111,0.11111111,0.11111111,0.11111111
2009-05-28,0.09090909,0.09090909,0.09090909,0.090909116,0.54545444,0.09090909
2009-05-29,0.11111111,0.44444445,0.11111111,0.11111111,0.11111111,0.11111111
2009-06-01,0.37499896,0.12500009,0.12500009,0.12500049,0.12500009,0.1250003
2009-06-02,0.111111365,0.44444257,0.111111365,0.11111184,0.111111365,0.11111153
2009-06-03,0.111111335,0.4444427,0.111111335,0.11111176,0.111111335,0.111111484
2009-06-04,0.11111118,0.44444397,0.11111118,0.1111113,0.11111118,0.111111216
2009-06-05,0.09092657,0.09092657,0.09092657,0.09094468,0.5453429,0.09093274
2009-06-08,0.3749983,0.12500015,0.12500015,0.12500082,0.12500015,0.12500048
2009-06-09,0.37499815,0.12500015,0.12500015,0.12500086,0.12500015,0.1250005
2009-06-10,0.11111111,0.44444445,0.11111111,0.11111111,0.11111111,0.11111111
2009-06-11,0.09091127,0.09091127,0.09091127,0.090913534,0.5454406,0.090912044
2009-06-12,0.11111111,0.44444445,0.11111111,0.11111111,0.11111111,0.11111111
2009-06-15,0.15727551,0.15727882,0.15727651,0.15727551,0.15727551,0.21361808
2009-06-16,0.15727551,0.15727882,0.15727651,0.15727551,0.15727551,0.21361808
2009-06-17,0.37499985,0.12500001,0.12500001,0.12500006,0.12500001,0.12500003
2009-06-18,0.11111111,0.44444445,0.11111111,0.11111111,0.11111111,0.11111111
2009-06-19,0.16666663,0.16666663,0.16666663,0.16666688,0.16666663,0.1666667
2009-06-22,0.15727551,0.15727882,0.15727651,0.15727551,0.15727551,0.21361808
2009-06-23,0.37500003,0.125,0.125,0.125,0.125,0.125
2009-06-24,0.090909086,0.090909086,0.090909086,0.090909086,0.54545456,0.090909086
2009-06-25,0.37500003,0.125,0.125,0.125,0.125,0.125
2009-06-26,0.09090909,0.09090909,0.09090909,0.09090909,0.54545444,0.09090909
2009-06-29,0.15727551,0.15727882,0.15727651,0.15727551,0.15727551,0.21361808
2009-06-30,0.090909444,0.090909444,0.090909444,0.090909794,0.54545236,0.09090956
2009-07-01,0.111111194,0.44444388,0.111111194,0.11111133,0.111111194,0.111111246
2009-07-02,0.15727551,0.15727882,0.15727651,0.15727551,0.15727551,0.21361808
2009-07-06,0.37499902,0.12500006,0.12500006,0.12500046,0.12500006,0.12500027
2009-07-07,0.16663864,0.16663864,0.16663864,0.16676407,0.16663864,0.16668138
2009-07-08,0.16664204,0.16664204,0.16664204,0.16675222,0.16664204,0.16667958
2009-07-09,0.3749997,0.12500001,0.12500001,0.12500015,0.12500001,0.12500009
2009-07-10,0.09091327,0.09091327,0.09091327,0.0909176,0.5454278,0.09091474
2009-07-13,0.37499997,0.12500001,0.12500001,0.12500004,0.12500001,0.12500003
2009-07-14,0.0909109,0.0909109,0.0909109,0.09091278,0.54544294,0.090911545
2009-07-15,0.15727551,0.15727882,0.15727651,0.15727551,0.15727551,0.21361808
2009-07-16,0.15727551,0.15727882,0.15727651,0.15727551,0.15727551,0.21361808
2009-07-17,0.11111111,0.44444445,0.11111111,0.11111111,0.11111111,0.11111111
2009-07-20,0.16666664,0.16666664,0.16666664,0.1666667,0.16666664,0.16666667
2009-07-21,0.11111111,0.44444445,0.11111111,0.11111111,0.11111111,0.11111111
2009-07-22,0.37500003,0.125,0.125,0.125,0.125,0.125
2009-07-23,0.15727551,0.15727882,0.15727651,0.15727551,0.15727551,0.21361808
2009-07-24,0.37500003,0.125,0.125,0.125,0.125,0.125
2009-07-27,0.090909086,0.090909086,0.090909086,0.090909086,0.54545456,0.090909086
2009-07-28,0.16666663,0.16666663,0.16666663,0.16666688,0.16666663,0.1666667
2009-07-29,0.15727551,0.15727882,0.15727651,0.15727551,0.15727551,0.21361808
2009-07-30,0.090909086,0.090909086,0.090909086,0.090909086,0.54545456,0.090909086
2009-07-31,0.37499982,0.12500001,0.12500001,0.12500009,0.12500001,0.12500006
2009-08-03,0.11111115,0.44444415,0.11111115,0.11111122,0.11111115,0.11111117
2009-08-04,0.37499815,0.12500016,0.12500016,0.1250009,0.12500016,0.12500052
2009-08-05,0.166644,0.166644,0.166644,0.16674542,0.166644,0.16667856
2009-08-06,0.16663833,0.16663833,0.16663833,0.16676514,0.16663833,0.16668153
2009-08-07,0.16664262,0.16664262,0.16664262,0.16675024,0.16664262,0.16667928
2009-08-10,0.15727551,0.15727882,0.15727651,0.15727551,0.15727551,0.21361808
2009-08-11,0.11111111,0.44444445,0.11111111,0.11111111,0.11111111,0.11111111
2009-08-12,0.11111111,0.44444445,0.11111111,0.11111111,0.11111111,0.11111111
2009-08-13,0.11111111,0.44444445,0.11111111,0.11111111,0.11111111,0.11111111
2009-08-14,0.16666624,0.16666624,0.16666624,0.16666816,0.16666624,0.1666669
2009-08-17,0.37500003,0.125,0.125,0.125,0.125,0.125
2009-08-18,0.090909086,0.090909086,0.090909086,0.090909086,0.54545456,0.090909086
2009-08-19,0.15727551,0.15727882,0.15727651,0.15727551,0.15727551,0.21361808
2009-08-20,0.16666666,0.16666666,0.16666666,0.1666667,0.16666666,0.16666667
2009-08-21,0.11111111,0.44444445,0.11111111,0.11111111,0.11111111,0.11111111
2009-08-24,0.090909086,0.090909086,0.090909086,0.090909086,0.54545456,0.090909086
2009-08-25,0.37500003,0.125,0.125,0.125,0.125,0.125
2009-08-26,0.37500003,0.125,0.125,0.125,0.125,0.125
2009-08-27,0.37500003,0.125,0.125,0.125,0.125,0.125
2009-08-28,0.090909116,0.090909116,0.090909116,0.09090913,0.54545444,0.090909116
2009-08-31,0.11111111,0.44444445,0.11111111,0.11111111,0.11111111,0.11111111
2009-09-01,0.11111113,0.44444436,0.11111113,0.11111114,0.11111113,0.11111113
2009-09-02,0.16665813,0.16665813,0.16665813,0.16669638,0.16665813,0.16667116
2009-09-03,0.37500003,0.125,0.125,0.125,0.125,0.125
2009-09-04,0.15727551,0.15727882,0.15727651,0.15727551,0.15727551,0.21361808
2009-09-08,0.16664594,0.16664594,0.16664594,0.1667387,0.16664594,0.16667755
2009-09-09,0.15727551,0.15727882,0.15727651,0.15727551,0.15727551,0.21361808
2009-09-10,0.37499997,0.12500001,0.12500001,0.12500004,0.12500001,0.12500003
2009-09-11,0.09091117,0.09091117,0.09091117,0.09091333,0.54544115,0.09091191
2009-09-14,0.37499997,0.12500001,0.12500001,0.12500004,0.12500001,0.12500003
2009-09-15,0.37499997,0.12500001,0.12500001,0.12500004,0.12500001,0.12500003
2009-09-16,0.37499997,0.12500001,0.12500001,0.12500004,0.12500001,0.12500003
2009-09-17,0.15727551,0.15727882,0.15727651,0.15727551,0.15727551,0.21361808
2009-09-18,0.11111111,0.44444445,0.11111111,0.11111111,0.11111111,0.11111111
2009-09-21,0.16666667,0.16666667,0.16666667,0.16666667,0.16666667,0.16666667
2009-09-22,0.15727551,0.15727882,0.15727651,0.15727551,0.15727551,0.21361808
2009-09-23,0.16666667,0.16666667,0.16666667,0.16666669,0.16666667,0.16666667
2009-09-24,0.16666666,0.16666666,0.16666666,0.1666667,0.16666666,0.16666667
2009-09-25,0.11111111,0.44444445,0.11111111,0.11111111,0.11111111,0.11111111
2009-09-28,0.090909086,0.090909086,0.090909086,0.090909086,0.54545456,0.090909086
2009-09-29,0.09090909,0.09090909,0.09090909,0.090909116,0.54545444,0.09090909
2009-09-30,0.15727551,0.15727882,0.15727651,0.15727551,0.15727551,0.21361808
2009-10-01,0.111111164,0.44444412,0.111111164,0.11111124,0.111111164,0.11111119
2009-10-02,0.15727551,0.15727882,0.15727651,0.15727551,0.15727551,0.21361808
2009-10-05,0.090910695,0.090910695,0.090910695,0.09091235,0.54544437,0.090911254
2009-10-06,0.090915196,0.090915196,0.090915196,0.090921514,0.5454156,0.09091735
2009-10-07,0.090932,0.090932,0.090932,0.0909557,0.54530835,0.09094007
2009-10-08,0.3749954,0.12500037,0.12500037,0.12500216,0.12500037,0.12500128
2009-10-09,0.09103193,0.09103193,0.09103193,0.09115941,0.54466945,0.09107535
2009-10-12,0.15727551,0.15727882,0.15727651,0.15727551,0.15727551,0.21361808
2009-10-13,0.16666216,0.16666216,0.16666216,0.16668236,0.16666216,0.16666904
2009-10-14,0.09104089,0.09104089,0.09104089,0.09117769,0.54461217,0.09108748
2009-10-15,0.15727551,0.15727882,0.15727651,0.15727551,0.15727551,0.21361808
2009-10-16,0.37499997,0.125,0.125,0.12500001,0.125,0.12500001
2009-10-19,0.16666664,0.16666664,0.16666664,0.16666676,0.16666664,0.16666669
2009-10-20,0.090909116,0.090909116,0.090909116,0.09090913,0.54545444,0.09090913
2009-10-21,0.37500003,0.125,0.125,0.125,0.125,0.125
2009-10-22,0.15727551,0.15727882,0.15727651,0.15727551,0.15727551,0.21361808
2009-10-23,0.16666666,0.16666666,0.16666666,0.16666669,0.16666666,0.16666667
2009-10-26,0.15727551,0.15727882,0.15727651,0.15727551,0.15727551,0.21361808
2009-10-27,0.11111111,0.44444445,0.11111111,0.11111111,0.11111111,0.11111111
2009-10-28,0.1666663,0.1666663,0.1666663,0.166668,0.1666663,0.16666687
2009-10-29,0.166663,0.166663,0.166663,0.16667938,0.166663,0.1666686
2009-10-30,0.11111111,0.44444445,0.11111111,0.11111111,0.11111111,0.11111111
2009-11-02,0.16654117,0.16654117,0.16654117,0.16710292,0.16654117,0.1667324
2009-11-03,0.15727551,0.15727882,0.15727651,0.15727551,0.15727551,0.21361808
2009-11-04,0.09101531,0.09101531,0.09101531,0.0911255,0.5447757,0.09105285
2009-11-05,0.15727551,0.15727882,0.15727651,0.15727551,0.15727551,0.21361808
2009-11-06,0.09248597,0.092486,0.09248597,0.09416859,0.5353175,0.09305599
2009-11-09,0.16615944,0.16615944,0.16615944,0.16843182,0.16615944,0.16693039
2009-11-10,0.11114166,0.4442154,0.11114166,0.111198604,0.11114166,0.11116105
2009-11-11,0.091778524,0.09177855,0.091778524,0.09269375,0.53988117,0.092089415
2009-11-12,0.15727551,0.15727882,0.15727651,0.15727551,0.15727551,0.21361808
2009-11-13,0.09381902,0.09381908,0.09381902,0.09700509,0.52664495,0.0948929
2009-11-16,0.15727551,0.15727882,0.15727651,0.15727551,0.15727551,0.21361808
2009-11-17,0.11111111,0.44444445,0.11111111,0.11111111,0.11111111,0.11111111
2009-11-18,0.15727551,0.15727882,0.15727651,0.15727551,0.15727551,0.21361808
2009-11-19,0.15727551,0.15727882,0.15727651,0.15727551,0.15727551,0.21361808
2009-11-20,0.16666664,0.16666664,0.16666664,0.1666668,0.16666664,0.16666669
2009-11-23,0.11111111,0.44444445,0.11111111,0.11111111,0.11111111,0.11111111
2009-11-24,0.09090909,0.09090909,0.09090909,0.090909116,0.54545444,0.09090909
2009-11-25,0.16666663,0.16666663,0.16666663,0.16666688,0.16666663,0.1666667
2009-11-27,0.37500003,0.125,0.125,0.125,0.125,0.125
2009-11-30,0.15727551,0.15727882,0.15727651,0.15727551,0.15727551,0.21361808
2009-12-01,0.09091297,0.09091297,0.09091297,0.09091699,0.5454297,0.09091434
2009-12-02,0.11111139,0.44444227,0.11111139,0.11111193,0.11111139,0.111111574
2009-12-03,0.09091297,0.09091297,0.09091297,0.09091699,0.5454297,0.09091434
2009-12-04,0.37499848,0.12500013,0.12500013,0.12500072,0.12500013,0.12500042
2009-12-07,0.16665176,0.16665176,0.16665176,0.16671848,0.16665176,0.1666745
2009-12-08,0.11111115,0.44444415,0.11111115,0.11111122,0.11111115,0.11111117
2009-12-09,0.16666356,0.16666356,0.16666356,0.16667746,0.16666356,0.1666683
2009-12-10,0.15727551,0.15727882,0.15727651,0.15727551,0.15727551,0.21361808
2009-12-11,0.37499997,0.125,0.125,0.12500001,0.125,0.12500001
2009-12-14,0.09091127,0.09091127,0.09091127,0.090913504,0.5454407,0.09091203
2009-12-15,0.37499997,0.125,0.125,0.12500001,0.125,0.12500001
2009-12-16,0.090909116,0.090909116,0.090909116,0.09090913,0.54545444,0.09090913
2009-12-17,0.090909086,0.090909086,0.090909086,0.090909086,0.54545456,0.090909086
2009-12-18,0.090909086,0.090909086,0.090909086,0.090909086,0.54545456,0.090909086
2009-12-21,0.1666663,0.1666663,0.1666663,0.16666792,0.1666663,0.16666685
2009-12-22,0.37500003,0.125,0.125,0.125,0.125,0.125
2009-12-23,0.090909086,0.090909086,0.090909086,0.090909086,0.54545456,0.090909086
2009-12-24,0.1666665,0.1666665,0.1666665,0.16666722,0.1666665,0.16666675
2009-12-28,0.09090909,0.09090909,0.09090909,0.090909116,0.54545444,0.09090909
2009-12-29,0.16666591,0.16666591,0.16666591,0.16666923,0.16666591,0.16666704
2009-12-30,0.16666302,0.16666302,0.16666302,0.16667935,0.16666302,0.1666686
2009-12-31,0.09090995,0.09090995,0.09090995,0.09091085,0.545449,0.090910256
2010-01-04,0.3748983,0.12500852,0.12500852,0.12504785,0.12500854,0.12502818
2010-01-05,0.16619225,0.16619225,0.16619225,0.16831753,0.16619225,0.16691351
2010-01-06,0.37374145,0.12510528,0.12510526,0.1255934,0.12510538,0.1253492
2010-01-07,0.15727551,0.15727882,0.15727651,0.15727551,0.15727551,0.21361808
2010-01-08,0.09091778,0.09091778,0.09091778,0.09092675,0.5453991,0.09092084
2010-01-11,0.111111686,0.44444013,0.111111686,0.11111276,0.111111686,0.11111206
2010-01-12,0.15727551,0.15727882,0.15727651,0.15727551,0.15727551,0.21361808
2010-01-13,0.09091013,0.09091013,0.09091013,0.0909112,0.54544795,0.0909105
2010-01-14,0.090909295,0.090909295,0.090909295,0.0909095,0.54545325,0.09090937
2010-01-15,0.37499875,0.1250001,0.1250001,0.1250006,0.1250001,0.12500034
2010-01-19,0.11111111,0.44444445,0.11111111,0.11111111,0.11111111,0.11111111
2010-01-20,0.090909086,0.090909086,0.090909086,0.090909086,0.54545456,0.090909086
2010-01-21,0.16666666,0.16666666,0.16666666,0.16666669,0.16666666,0.16666667
2010-01-22,0.11111111,0.44444445,0.11111111,0.11111111,0.11111111,0.11111111
2010-01-25,0.15727551,0.15727882,0.15727651,0.15727551,0.15727551,0.21361808
2010-01-26,0.37500003,0.125,0.125,0.125,0.125,0.125
2010-01-27,0.11111111,0.44444445,0.11111111,0.11111111,0.11111111,0.11111111
2010-01-28,0.09091074,0.09091074,0.09091074,0.090912454,0.54544395,0.09091133
2010-01-29,0.1666134,0.1666134,0.1666134,0.1668518,0.1666134,0.1666946
2010-02-01,0.1663352,0.1663352,0.1663352,0.16781963,0.1663352,0.1668396
2010-02-02,0.09202972,0.09202974,0.09202972,0.09321506,0.53826374,0.092431985
2010-02-03,0.11124388,0.44344786,0.11124388,0.11149212,0.11124388,0.111328416
2010-02-04,0.15727551,0.15727882,0.15727651,0.15727551,0.15727551,0.21361808
2010-02-05,0.09427953,0.094279595,0.09427953,0.098002985,0.523626,0.0955323
2010-02-08,0.09364815,0.0936482,0.09364815,0.09663722,0.52776206,0.09465628
2010-02-09,0.11113964,0.4442305,0.11113964,0.11119281,0.11113964,0.11115775
2010-02-10,0.16664577,0.16664577,0.16664577,0.16673926,0.16664577,0.16667762
2010-02-11,0.15727551,0.15727882,0.15727651,0.15727551,0.15727551,0.21361808
2010-02-12,0.15727551,0.15727882,0.15727651,0.15727551,0.15727551,0.21361808
2010-02-16,0.15727551,0.15727882,0.15727651,0.15727551,0.15727551,0.21361808
2010-02-17,0.16666627,0.16666627,0.16666627,0.16666807,0.16666627,0.16666688
2010-02-18,0.09091199,0.09091199,0.09091199,0.090914994,0.5454361,0.09091301
2010-02-19,0.15727551,0.15727882,0.15727651,0.15727551,0.15727551,0.21361808
2010-02-22,0.37500003,0.125,0.125,0.125,0.125,0.125
2010-02-23,0.16666637,0.16666637,0.16666637,0.1666677,0.16666637,0.16666682
2010-02-24,0.37500003,0.125,0.125,0.125,0.125,0.125
2010-02-25,0.16666605,0.16666605,0.16666605,0.16666886,0.16666605,0.16666701
2010-02-26,0.16666459,0.16666459,0.16666459,0.16667387,0.16666459,0.16666776
2010-03-01,0.37499952,0.12500004,0.12500004,0.12500024,0.12500004,0.12500013
2010-03-02,0.37499875,0.1250001,0.1250001,0.12500063,0.1250001,0.12500037
2010-03-03,0.37499774,0.12500018,0.12500018,0.12500104,0.12500018,0.12500061
2010-03-04,0.15727551,0.15727882,0.15727651,0.15727551,0.15727551,0.21361808
2010-03-05,0.16664949,0.16664949,0.16664949,0.16672634,0.16664949,0.16667569
2010-03-08,0.090911046,0.090911046,0.090911046,0.09091309,0.545442,0.09091174
2010-03-09,0.37499768,0.1250002,0.1250002,0.1250011,0.1250002,0.12500067
2010-03-10,0.15727551,0.15727882,0.15727651,0.15727551,0.15727551,0.21361808
2010-03-11,0.11111113,0.44444445,0.11111113,0.11111113,0.11111113,0.11111113
2010-03-12,0.37491924,0.1250068,0.1250068,0.12503801,0.12500681,0.12502241
2010-03-15,0.11111114,0.44444427,0.11111114,0.111111194,0.11111114,0.11111116
2010-03-16,0.37499657,0.12500028,0.12500028,0.12500161,0.12500028,0.12500094
2010-03-17,0.16666654,0.16666654,0.16666654,0.16666713,0.16666654,0.16666673
2010-03-18,0.11111111,0.44444445,0.11111111,0.11111111,0.11111111,0.11111111
2010-03-19,0.09090909,0.09090909,0.09090909,0.090909116,0.54545444,0.09090909
2010-03-22,0.09090909,0.09090909,0.09090909,0.090909116,0.54545444,0.09090909
2010-03-23,0.09090909,0.09090909,0.09090909,0.090909116,0.54545444,0.09090909
2010-03-24,0.37500003,0.125,0.125,0.125,0.125,0.125
2010-03-25,0.11111111,0.44444445,0.11111111,0.11111111,0.11111111,0.11111111
2010-03-26,0.09090921,0.09090921,0.09090921,0.09090933,0.5454538,0.09090925
2010-03-29,0.15727551,0.15727882,0.15727651,0.15727551,0.15727551,0.21361808
2010-03-30,0.11111189,0.44443867,0.11111189,0.11111333,0.11111189,0.11111238
2010-03-31,0.37488413,0.12500972,0.12500972,0.12505454,0.12500973,0.12503214
2010-04-01,0.090981625,0.090981625,0.090981625,0.09105684,0.5449911,0.09100725
2010-04-05,0.16582051,0.16582051,0.16582051,0.16961418,0.16582051,0.16710377
2010-04-06,0.16581503,0.16581503,0.16581503,0.16963336,0.16581503,0.16710655
2010-04-07,0.3733155,0.12514073,0.12514071,0.12579477,0.12514088,0.12546745
2010-04-08,0.0909926,0.0909926,0.0909926,0.09107921,0.54492086,0.09102211
2010-04-09,0.3737008,0.12510867,0.12510866,0.12561266,0.1251088,0.1253605
2010-04-12,0.15727551,0.15727882,0.15727651,0.15727551,0.15727551,0.21361808
2010-04-13,0.16659985,0.16659985,0.16659985,0.16689888,0.16659985,0.1667017
2010-04-14,0.11111115,0.44444415,0.11111115,0.111111216,0.11111115,0.11111117
2010-04-15,0.37497818,0.12500183,0.12500183,0.12501027,0.12500183,0.12500605
2010-04-16,0.37499836,0.12500015,0.12500015,0.12500077,0.12500015,0.12500048
2010-04-19,0.090909086,0.090909086,0.090909086,0.090909086,0.54545456,0.090909086
2010-04-20,0.15727551,0.15727882,0.15727651,0.15727551,0.15727551,0.21361808
2010-04-21,0.11111111,0.44444445,0.11111111,0.11111111,0.11111111,0.11111111
2010-04-22,0.11111111,0.44444445,0.11111111,0.11111111,0.11111111,0.11111111
2010-04-23,0.37500003,0.125,0.125,0.125,0.125,0.125
2010-04-26,0.15727551,0.15727882,0.15727651,0.15727551,0.15727551,0.21361808
2010-04-27,0.15727551,0.15727882,0.15727651,0.15727551,0.15727551,0.21361808
2010-04-28,0.16666596,0.16666596,0.16666596,0.16666915,0.16666596,0.16666704
2010-04-29,0.09090971,0.09090971,0.09090971,0.09091035,0.54545057,0.09090992
2010-04-30,0.37497726,0.1250019,0.1250019,0.12501071,0.1250019,0.1250063
2010-05-03,0.11111407,0.44442213,0.11111407,0.11111961,0.11111407,0.11111597
2010-05-04,0.37466913,0.12502776,0.12502776,0.12515576,0.12502778,0.12509179
2010-05-05,0.16641444,0.16641444,0.16641444,0.1675438,0.16641444,0.16679847
2010-05-06,0.1664224,0.1664224,0.1664224,0.16751607,0.1664224,0.1667943
2010-05-07,0.3744655,0.12504481,0.12504481,0.12525173,0.12504485,0.12514827
2010-05-10,0.111117214,0.44439876,0.111117214,0.111128576,0.111117214,0.11112108
2010-05-11,0.11111954,0.44438115,0.11111954,0.111135274,0.11111954,0.11112489
2010-05-12,0.3749429,0.1250048,0.1250048,0.12502687,0.1250048,0.12501584
2010-05-13,0.16666326,0.16666326,0.16666326,0.1666785,0.16666326,0.16666846
2010-05-14,0.09090973,0.09090973,0.09090973,0.09091039,0.54545045,0.090909965
2010-05-17,0.15727551,0.15727882,0.15727651,0.15727551,0.15727551,0.21361808
2010-05-18,0.15727551,0.15727882,0.15727651,0.15727551,0.15727551,0.21361808
2010-05-19,0.37500003,0.125,0.125,0.125,0.125,0.125
2010-05-20,0.15727551,0.15727882,0.15727651,0.15727551,0.15727551,0.21361808
2010-05-21,0.09090956,0.09090956,0.09090956,0.09091005,0.5454516,0.090909734
2010-05-24,0.16666664,0.16666664,0.16666664,0.16666679,0.16666664,0.16666667
2010-05-25,0.09090926,0.09090926,0.09090926,0.090909414,0.54545355,0.0909093
2010-05-26,0.11111111,0.44444445,0.11111111,0.11111111,0.11111111,0.11111111
2010-05-27,0.15727551,0.15727882,0.15727651,0.15727551,0.15727551,0.21361808
2010-05-28,0.111111246,0.4444434,0.111111246,0.111111514,0.111111246,0.11111134
2010-06-01,0.09092295,0.09092295,0.09092295,0.0909373,0.54536605,0.09092785
2010-06-02,0.09093383,0.09093383,0.09093383,0.09095947,0.5452965,0.09094258
2010-06-03,0.15727551,0.15727882,0.15727651,0.15727551,0.15727551,0.21361808
2010-06-04,0.37499848,0.12500012,0.12500012,0.12500069,0.12500012,0.1250004
2010-06-07,0.0909454,0.0909454,0.0909454,0.090982996,0.5452227,0.09095821
2010-06-08,0.111113414,0.44442722,0.111113414,0.11111769,0.111113414,0.11111487
2010-06-09,0.16666211,0.16666211,0.16666211,0.1666825,0.16666211,0.16666907
2010-06-10,0.111112274,0.44443575,0.111112274,0.11111444,0.111112274,0.11111301
2010-06-11,0.3749996,0.12500001,0.12500001,0.12500015,0.12500001,0.1250001
2010-06-14,0.111111924,0.44443837,0.111111924,0.11111344,0.111111924,0.11111244
2010-06-15,0.15727551,0.15727882,0.15727651,0.15727551,0.15727551,0.21361808
2010-06-16,0.37500003,0.125,0.125,0.125,0.125,0.125
2010-06-17,0.15727551,0.15727882,0.15727651,0.15727551,0.15727551,0.21361808
2010-06-18,0.11111111,0.44444445,0.11111111,0.11111111,0.11111111,0.11111111
2010-06-21,0.37500003,0.125,0.125,0.125,0.125,0.125
2010-06-22,0.16666667,0.16666667,0.16666667,0.16666667,0.16666667,0.16666667
2010-06-23,0.16666667,0.16666667,0.16666667,0.16666667,0.16666667,0.16666667
2010-06-24,0.15727551,0.15727882,0.15727651,0.15727551,0.15727551,0.21361808
2010-06-25,0.15727551,0.15727882,0.15727651,0.15727551,0.15727551,0.21361808
2010-06-28,0.15727551,0.15727882,0.15727651,0.15727551,0.15727551,0.21361808
2010-06-29,0.11111111,0.44444445,0.11111111,0.11111111,0.11111111,0.11111111
2010-06-30,0.16666603,0.16666603,0.16666603,0.16666889,0.16666603,0.16666701
2010-07-01,0.3749996,0.12500003,0.12500003,0.12500018,0.12500003,0.1250001
2010-07-02,0.111111164,0.44444403,0.111111164,0.11111127,0.111111164,0.1111112
2010-07-06,0.37499952,0.12500004,0.12500004,0.12500024,0.12500004,0.12500015
2010-07-07,0.09091061,0.09091061,0.09091061,0.09091217,0.5454449,0.09091113
2010-07-08,0.15727551,0.15727882,0.15727651,0.15727551,0.15727551,0.21361808
2010-07-09,0.15727551,0.15727882,0.15727651,0.15727551,0.15727551,0.21361808
2010-07-12,0.15727551,0.15727882,0.15727651,0.15727551,0.15727551,0.21361808
2010-07-13,0.16666576,0.16666576,0.16666576,0.16666983,0.16666576,0.16666715
2010-07-14,0.09090966,0.09090966,0.09090966,0.09091024,0.5454509,0.09090985
2010-07-15,0.16666664,0.16666664,0.16666664,0.16666678,0.16666664,0.16666669
2010-07-16,0.15727551,0.15727882,0.15727651,0.15727551,0.15727551,0.21361808
2010-07-19,0.090909086,0.090909086,0.090909086,0.090909086,0.54545456,0.090909086
2010-07-20,0.16666667,0.16666667,0.16666667,0.16666667,0.16666667,0.16666667
2010-07-21,0.16666667,0.16666667,0.16666667,0.16666667,0.16666667,0.16666667
2010-07-22,0.11111111,0.44444445,0.11111111,0.11111111,0.11111111,0.11111111
2010-07-23,0.16666667,0.16666667,0.16666667,0.16666667,0.16666667,0.16666667
2010-07-26,0.37500003,0.125,0.125,0.125,0.125,0.125
2010-07-27,0.090909086,0.090909086,0.090909086,0.090909086,0.54545456,0.090909086
2010-07-28,0.090909086,0.090909086,0.090909086,0.090909086,0.54545456,0.090909086
2010-07-29,0.090909086,0.090909086,0.090909086,0.090909086,0.54545456,0.090909086
2010-07-30,0.16666502,0.16666502,0.16666502,0.16667244,0.16666502,0.16666755
2010-08-02,0.15727551,0.15727882,0.15727651,0.15727551,0.15727551,0.21361808
2010-08-03,0.09090934,0.09090934,0.09090934,0.09090959,0.545453,0.09090943
2010-08-04,0.09090938,0.09090938,0.09090938,0.09090968,0.54545265,0.09090948
2010-08-05,0.09091001,0.09091001,0.09091001,0.090910956,0.5454486,0.09091033
2010-08-06,0.3749989,0.1250001,0.1250001,0.12500054,0.1250001,0.12500033
2010-08-09,0.3749989,0.12500009,0.12500009,0.12500052,0.12500009,0.12500028
2010-08-10,0.11111114,0.44444427,0.11111114,0.11111119,0.11111114,0.11111116
2010-08-11,0.11111113,0.44444436,0.11111113,0.11111114,0.11111113,0.11111113
2010-08-12,0.09090913,0.09090913,0.09090913,0.09090918,0.5454542,0.09090915
2010-08-13,0.15727551,0.15727882,0.15727651,0.15727551,0.15727551,0.21361808
2010-08-16,0.16666634,0.16666634,0.16666634,0.16666779,0.16666634,0.16666684
2010-08-17,0.37500003,0.125,0.125,0.125,0.125,0.125
2010-08-18,0.37500003,0.125,0.125,0.125,0.125,0.125
2010-08-19,0.090909086,0.090909086,0.090909086,0.090909086,0.54545456,0.090909086
2010-08-20,0.11111111,0.44444445,0.11111111,0.11111111,0.11111111,0.11111111
2010-08-23,0.090909086,0.090909086,0.090909086,0.090909086,0.54545456,0.090909086
2010-08-24,0.37500003,0.125,0.125,0.125,0.125,0.125
2010-08-25,0.090909086,0.090909086,0.090909086,0.090909086,0.54545456,0.090909086
2010-08-26,0.09090909,0.09090909,0.09090909,0.090909116,0.54545444,0.09090909
2010-08-27,0.15727551,0.15727882,0.15727651,0.15727551,0.15727551,0.21361808
2010-08-30,0.37500003,0.125,0.125,0.125,0.125,0.125
2010-08-31,0.090909466,0.090909466,0.090909466,0.09090986,0.5454522,0.0909096
2010-09-01,0.37499988,0.12500001,0.12500001,0.12500004,0.12500001,0.12500001
2010-09-02,0.1666634,0.1666634,0.1666634,0.16667803,0.1666634,0.16666839
2010-09-03,0.37499955,0.12500004,0.12500004,0.12500021,0.12500004,0.12500013
2010-09-07,0.09091968,0.09091968,0.09091968,0.090930656,0.54538685,0.09092341
2010-09-08,0.11111139,0.44444233,0.11111139,0.11111192,0.11111139,0.111111574
2010-09-09,0.09092334,0.09092334,0.09092334,0.090938084,0.54536355,0.09092836
2010-09-10,0.090914875,0.090914875,0.090914875,0.090920866,0.5454176,0.09091691
2010-09-13,0.11111111,0.4444444,0.11111111,0.11111113,0.11111111,0.11111111
2010-09-14,0.09091157,0.09091157,0.09091157,0.09091413,0.54543877,0.09091245
2010-09-15,0.16666664,0.16666664,0.16666664,0.16666672,0.16666664,0.16666667
2010-09-16,0.37500003,0.125,0.125,0.125,0.125,0.125
2010-09-17,0.090909086,0.090909086,0.090909086,0.090909086,0.54545456,0.090909086
2010-09-20,0.37500003,0.125,0.125,0.125,0.125,0.125
2010-09-21,0.090909086,0.090909086,0.090909086,0.090909086,0.54545456,0.090909086
2010-09-22,0.15727551,0.15727882,0.15727651,0.15727551,0.15727551,0.21361808
2010-09-23,0.11111111,0.44444445,0.11111111,0.11111111,0.11111111,0.11111111
2010-09-24,0.090909086,0.090909086,0.090909086,0.090909086,0.54545456,0.090909086
2010-09-27,0.090909086,0.090909086,0.090909086,0.090909086,0.54545456,0.090909086
2010-09-28,0.11111111,0.44444445,0.11111111,0.11111111,0.11111111,0.11111111
2010-09-29,0.09090909,0.09090909,0.09090909,0.090909116,0.54545444,0.09090909
2010-09-30,0.15727551,0.15727882,0.15727651,0.15727551,0.15727551,0.21361808
2010-10-01,0.16666415,0.16666415,0.16666415,0.1666754,0.16666415,0.16666798
2010-10-04,0.16666155,0.16666155,0.16666155,0.16668448,0.16666155,0.16666937
2010-10-05,0.37498942,0.12500088,0.12500088,0.12500498,0.12500088,0.12500292
2010-10-06,0.111111425,0.44444212,0.111111425,0.11111199,0.111111425,0.11111162
2010-10-07,0.11111224,0.44443607,0.11111224,0.111114316,0.11111224,0.11111295
2010-10-08,0.111111976,0.44443798,0.111111976,0.11111358,0.111111976,0.11111252
2010-10-11,0.11111151,0.44444147,0.11111151,0.11111225,0.11111151,0.11111176
2010-10-12,0.15727551,0.15727882,0.15727651,0.15727551,0.15727551,0.21361808
2010-10-13,0.15727551,0.15727882,0.15727651,0.15727551,0.15727551,0.21361808
2010-10-14,0.15727551,0.15727882,0.15727651,0.15727551,0.15727551,0.21361808
2010-10-15,0.15727551,0.15727882,0.15727651,0.15727551,0.15727551,0.21361808
2010-10-18,0.090909116,0.090909116,0.090909116,0.09090913,0.54545444,0.090909116
2010-10-19,0.16666667,0.16666667,0.16666667,0.16666667,0.16666667,0.16666667
2010-10-20,0.11111111,0.44444445,0.11111111,0.11111111,0.11111111,0.11111111
2010-10-21,0.090909086,0.090909086,0.090909086,0.090909086,0.54545456,0.090909086
2010-10-22,0.090909086,0.090909086,0.090909086,0.090909086,0.54545456,0.090909086
2010-10-25,0.090909086,0.090909086,0.090909086,0.090909086,0.54545456,0.090909086
2010-10-26,0.37500003,0.125,0.125,0.125,0.125,0.125
2010-10-27,0.11111111,0.44444445,0.11111111,0.11111111,0.11111111,0.11111111
2010-10-28,0.09090925,0.09090925,0.09090925,0.09090943,0.5454534,0.09090931
2010-10-29,0.15727551,0.15727882,0.15727651,0.15727551,0.15727551,0.21361808
2010-11-01,0.16663237,0.16663237,0.16663237,0.16678582,0.16663237,0.16668466
2010-11-02,0.37485167,0.12501244,0.12501244,0.12506983,0.12501247,0.12504113
2010-11-03,0.15727551,0.15727882,0.15727651,0.15727551,0.15727551,0.21361808
2010-11-04,0.15727551,0.15727882,0.15727651,0.15727551,0.15727551,0.21361808
2010-11-05,0.09098238,0.09098238,0.09098238,0.09105833,0.54498637,0.09100826
2010-11-08,0.11111432,0.44442043,0.11111432,0.1111203,0.11111432,0.111116365
2010-11-09,0.0909404,0.0909404,0.0909404,0.09097285,0.5452545,0.09095146
2010-11-10,0.111111194,0.44444388,0.111111194,0.11111134,0.111111194,0.111111246
2010-11-11,0.15727551,0.15727882,0.15727651,0.15727551,0.15727551,0.21361808
2010-11-12,0.09093692,0.09093692,0.09093692,0.09096575,0.5452767,0.09094674
2010-11-15,0.3748974,0.12500863,0.12500863,0.1250483,0.12500863,0.12502846
2010-11-16,0.15727551,0.15727882,0.15727651,0.15727551,0.15727551,0.21361808
2010-11-17,0.16666667,0.16666667,0.16666667,0.16666667,0.16666667,0.16666667
2010-11-18,0.37499997,0.125,0.125,0.12500001,0.125,0.125
2010-11-19,0.09090909,0.09090909,0.09090909,0.090909116,0.54545444,0.09090909
2010-11-22,0.15727551,0.15727882,0.15727651,0.15727551,0.15727551,0.21361808
2010-11-23,0.090909116,0.090909116,0.090909116,0.09090913,0.54545444,0.09090913
2010-11-24,0.09090913,0.09090913,0.09090913,0.09090918,0.5454542,0.09090915
2010-11-26,0.11111111,0.44444445,0.11111111,0.11111111,0.11111111,0.11111111
2010-11-29,0.11111113,0.44444436,0.11111113,0.11111116,0.11111113,0.11111114
2010-11-30,0.37499774,0.12500018,0.12500018,0.12500104,0.12500018,0.12500061
2010-12-01,0.37494707,0.12500444,0.12500444,0.12502491,0.12500444,0.12501468
2010-12-02,0.09103578,0.09103578,0.09103578,0.09116727,0.54464483,0.091080576
2010-12-03,0.11111993,0.44437823,0.11111993,0.111136384,0.11111993,0.111125536
2010-12-06,0.09098617,0.09098617,0.09098617,0.091066085,0.5449619,0.0910134
2010-12-07,0.37489778,0.1250086,0.1250086,0.12504812,0.1250086,0.12502836
2010-12-08,0.15727551,0.15727882,0.15727651,0.15727551,0.15727551,0.21361808
2010-12-09,0.16666546,0.16666546,0.16666546,0.16667083,0.16666546,0.16666731
2010-12-10,0.37499633,0.12500031,0.12500031,0.12500173,0.12500031,0.12500103
2010-12-13,0.15727551,0.15727882,0.15727651,0.15727551,0.15727551,0.21361808
2010-12-14,0.11111111,0.44444445,0.11111111,0.11111111,0.11111111,0.11111111
2010-12-15,0.16666666,0.16666666,0.16666666,0.16666669,0.16666666,0.16666667
2010-12-16,0.37499997,0.125,0.125,0.12500001,0.125,0.125
2010-12-17,0.11111111,0.44444445,0.11111111,0.11111111,0.11111111,0.11111111
2010-12-20,0.16666667,0.16666667,0.16666667,0.16666667,0.16666667,0.16666667
2010-12-21,0.15727551,0.15727882,0.15727651,0.15727551,0.15727551,0.21361808
2010-12-22,0.15727551,0.15727882,0.15727651,0.15727551,0.15727551,0.21361808
2010-12-23,0.15727551,0.15727882,0.15727651,0.15727551,0.15727551,0.21361808
2010-12-27,0.11111111,0.44444445,0.11111111,0.11111111,0.11111111,0.11111111
2010-12-28,0.37500003,0.125,0.125,0.125,0.125,0.125
2010-12-29,0.37500003,0.125,0.125,0.125,0.125,0.125
2010-12-30,0.15727551,0.15727882,0.15727651,0.15727551,0.15727551,0.21361808
2010-12-31,0.15727551,0.15727882,0.15727651,0.15727551,0.15727551,0.21361808
2011-01-03,0.16665643,0.16665643,0.16665643,0.16670226,0.16665643,0.16667205
2011-01-04,0.16664125,0.16664125,0.16664125,0.16675499,0.16664125,0.16668001
2011-01-05,0.15727551,0.15727882,0.15727651,0.15727551,0.15727551,0.21361808
2011-01-06,0.11111251,0.44443405,0.11111251,0.11111509,0.11111251,0.1111134
2011-01-07,0.09093351,0.09093351,0.09093351,0.09095881,0.5452985,0.09094213
2011-01-10,0.16658154,0.16658154,0.16658154,0.1669626,0.16658154,0.1667113
2011-01-11,0.15727551,0.15727882,0.15727651,0.15727551,0.15727551,0.21361808
2011-01-12,0.16666374,0.16666374,0.16666374,0.16667685,0.16666374,0.1666682
2011-01-13,0.15727551,0.15727882,0.15727651,0.15727551,0.15727551,0.21361808
2011-01-14,0.37499982,0.12500001,0.12500001,0.12500009,0.12500001,0.12500003
2011-01-18,0.09090915,0.09090915,0.09090915,0.0909092,0.5454542,0.090909176
2011-01-19,0.11111111,0.44444445,0.11111111,0.11111111,0.11111111,0.11111111
2011-01-20,0.09090909,0.09090909,0.09090909,0.090909116,0.54545444,0.09090909
2011-01-21,0.16666667,0.16666667,0.16666667,0.16666669,0.16666667,0.16666667
2011-01-24,0.37500003,0.125,0.125,0.125,0.125,0.125
2011-01-25,0.15727551,0.15727882,0.15727651,0.15727551,0.15727551,0.21361808
2011-01-26,0.11111111,0.44444445,0.11111111,0.11111111,0.11111111,0.11111111
2011-01-27,0.16666411,0.16666411,0.16666411,0.16667554,0.16666411,0.166668
2011-01-28,0.111111164,0.44444412,0.111111164,0.11111124,0.111111164,0.11111119
2011-01-31,0.16654179,0.16654179,0.16654179,0.16710076,0.16654179,0.16673207
2011-02-01,0.37487224,0.12501071,0.12501071,0.12506013,0.12501074,0.12503542
2011-02-02,0.3748304,0.12501423,0.12501423,0.12507986,0.12501426,0.12504706
2011-02-03,0.111116946,0.44440064,0.111116946,0.11112783,0.111116946,0.11112065
2011-02-04,0.15727551,0.15727882,0.15727651,0.15727551,0.15727551,0.21361808
2011-02-07,0.1662688,0.1662688,0.1662688,0.16805081,0.1662688,0.16687398
2011-02-08,0.37496525,0.12500292,0.12500292,0.12501635,0.12500292,0.12500964
2011-02-09,0.09091854,0.09091854,0.09091854,0.09092832,0.5453941,0.09092188
2011-02-10,0.37499848,0.12500013,0.12500013,0.12500073,0.12500013,0.12500042
2011-02-11,0.16666642,0.16666642,0.16666642,0.16666755,0.16666642,0.1666668
2011-02-14,0.15727551,0.15727882,0.15727651,0.15727551,0.15727551,0.21361808
2011-02-15,0.11111111,0.44444445,0.11111111,0.11111111,0.11111111,0.11111111
2011-02-16,0.09090909,0.09090909,0.09090909,0.090909116,0.54545444,0.09090909
2011-02-17,0.11111111,0.44444445,0.11111111,0.11111111,0.11111111,0.11111111
2011-02-18,0.15727551,0.15727882,0.15727651,0.15727551,0.15727551,0.21361808
2011-02-22,0.15727551,0.15727882,0.15727651,0.15727551,0.15727551,0.21361808
2011-02-23,0.37500003,0.125,0.125,0.125,0.125,0.125
2011-02-24,0.11111111,0.44444445,0.11111111,0.11111111,0.11111111,0.11111111
2011-02-25,0.15727551,0.15727882,0.15727651,0.15727551,0.15727551,0.21361808
2011-02-28,0.15727551,0.15727882,0.15727651,0.15727551,0.15727551,0.21361808
2011-03-01,0.15727551,0.15727882,0.15727651,0.15727551,0.15727551,0.21361808
2011-03-02,0.3749996,0.12500003,0.12500003,0.12500018,0.12500003,0.1250001
2011-03-03,0.16666545,0.16666545,0.16666545,0.16667089,0.16666545,0.16666731
2011-03-04,0.37499908,0.12500006,0.12500006,0.12500042,0.12500006,0.12500024
2011-03-07,0.15727551,0.15727882,0.15727651,0.15727551,0.15727551,0.21361808
2011-03-08,0.3749993,0.12500006,0.12500006,0.1250003,0.12500006,0.1250002
2011-03-09,0.15727551,0.15727882,0.15727651,0.15727551,0.15727551,0.21361808
2011-03-10,0.09091017,0.09091017,0.09091017,0.09091128,0.5454476,0.09091055
2011-03-11,0.16666663,0.16666663,0.16666663,0.16666685,0.16666663,0.16666669
2011-03-14,0.37499416,0.12500049,0.12500049,0.12500276,0.12500049,0.12500162
2011-03-15,0.37499878,0.1250001,0.1250001,0.12500055,0.1250001,0.12500033
2011-03-16,0.15727551,0.15727882,0.15727651,0.15727551,0.15727551,0.21361808
2011-03-17,0.16666667,0.16666667,0.16666667,0.16666667,0.16666667,0.16666667
2011-03-18,0.15727551,0.15727882,0.15727651,0.15727551,0.15727551,0.21361808
2011-03-21,0.11111111,0.44444445,0.11111111,0.11111111,0.11111111,0.11111111
2011-03-22,0.16666667,0.16666667,0.16666667,0.16666667,0.16666667,0.16666667
2011-03-23,0.16666667,0.16666667,0.16666667,0.16666667,0.16666667,0.16666667
2011-03-24,0.37500003,0.125,0.125,0.125,0.125,0.125
2011-03-25,0.09090919,0.09090919,0.09090919,0.0909093,0.54545385,0.09090922
2011-03-28,0.0909094,0.0909094,0.0909094,0.090909734,0.5454524,0.09090952
2011-03-29,0.37499997,0.12500001,0.12500001,0.12500004,0.12500001,0.12500003
2011-03-30,0.37499535,0.12500039,0.12500039,0.12500218,0.12500039,0.12500127
2011-03-31,0.091046326,0.091046326,0.091046326,0.09118879,0.54457736,0.09109486
2011-04-01,0.15727551,0.15727882,0.15727651,0.15727551,0.15727551,0.21361808
2011-04-04,0.1665181,0.1665181,0.1665181,0.16718316,0.1665181,0.16674446
2011-04-05,0.11111411,0.44442198,0.11111411,0.11111968,0.11111411,0.111116014
2011-04-06,0.3713988,0.12529898,0.12529893,0.12670414,0.12529927,0.12599987
2011-04-07,0.15727551,0.15727882,0.15727651,0.15727551,0.15727551,0.21361808
2011-04-08,0.1666199,0.1666199,0.1666199,0.16682918,0.1666199,0.1666912
2011-04-11,0.09095993,0.09095993,0.09095993,0.09101261,0.5451297,0.09097787
2011-04-12,0.15727551,0.15727882,0.15727651,0.15727551,0.15727551,0.21361808
2011-04-13,0.16666646,0.16666646,0.16666646,0.16666739,0.16666646,0.16666679
2011-04-14,0.37484607,0.12501292,0.12501292,0.1250725,0.12501295,0.12504272
2011-04-15,0.09090912,0.09090912,0.09090912,0.090909146,0.5454544,0.09090912
2011-04-18,0.16666666,0.16666666,0.16666666,0.16666669,0.16666666,0.16666669
2011-04-19,0.37499997,0.125,0.125,0.12500001,0.125,0.12500001
2011-04-20,0.16666667,0.16666667,0.16666667,0.16666667,0.16666667,0.16666667
2011-04-21,0.15727551,0.15727882,0.15727651,0.15727551,0.15727551,0.21361808
2011-04-25,0.090909086,0.090909086,0.090909086,0.090909086,0.54545456,0.090909086
2011-04-26,0.11111111,0.44444445,0.11111111,0.11111111,0.11111111,0.11111111
2011-04-27,0.16666664,0.16666664,0.16666664,0.1666667,0.16666664,0.16666667
2011-04-28,0.37499997,0.12500001,0.12500001,0.12500004,0.12500001,0.12500003
2011-04-29,0.11111111,0.44444445,0.11111111,0.11111111,0.11111111,0.11111111
2011-05-02,0.090938225,0.090938225,0.090938225,0.09096839,0.5452684,0.0909485
2011-05-03,0.1666513,0.1666513,0.1666513,0.16672014,0.1666513,0.16667475
2011-05-04,0.11111123,0.44444355,0.11111123,0.111111455,0.11111123,0.11111131
2011-05-05,0.090946384,0.090946384,0.090946384,0.09098502,0.54521626,0.09095955
2011-05-06,0.090928696,0.090928696,0.090928696,0.090949,0.54532933,0.09093561
2011-05-09,0.090922825,0.090922825,0.090922825,0.09093705,0.54536676,0.09092767
2011-05-10,0.11111123,0.44444355,0.11111123,0.111111455,0.11111123,0.11111131
2011-05-11,0.16666538,0.16666538,0.16666538,0.16667117,0.16666538,0.16666734
2011-05-12,0.37499383,0.12500052,0.12500052,0.12500292,0.12500052,0.12500171
2011-05-13,0.16666621,0.16666621,0.16666621,0.1666683,0.16666621,0.16666691
2011-05-16,0.11111113,0.44444436,0.11111113,0.11111116,0.11111113,0.11111114
2011-05-17,0.37499997,0.125,0.125,0.12500001,0.125,0.125
2011-05-18,0.11111111,0.44444445,0.11111111,0.11111111,0.11111111,0.11111111
2011-05-19,0.15727551,0.15727882,0.15727651,0.15727551,0.15727551,0.21361808
2011-05-20,0.16666667,0.16666667,0.16666667,0.16666667,0.16666667,0.16666667
2011-05-23,0.16666666,0.16666666,0.16666666,0.16666669,0.16666666,0.16666669
2011-05-24,0.11111111,0.44444445,0.11111111,0.11111111,0.11111111,0.11111111
2011-05-25,0.11111111,0.44444445,0.11111111,0.11111111,0.11111111,0.11111111
2011-05-26,0.15727551,0.15727882,0.15727651,0.15727551,0.15727551,0.21361808
2011-05-27,0.15727551,0.15727882,0.15727651,0.15727551,0.15727551,0.21361808
2011-05-31,0.3749997,0.12500001,0.12500001,0.12500015,0.12500001,0.12500009
2011-06-01,0.11111158,0.44444096,0.11111158,0.11111245,0.11111158,0.11111187
2011-06-02,0.15727551,0.15727882,0.15727651,0.15727551,0.15727551,0.21361808
2011-06-03,0.111111335,0.44444284,0.111111335,0.11111173,0.111111335,0.11111146
2011-06-06,0.11111127,0.44444332,0.11111127,0.111111544,0.11111127,0.11111136
2011-06-07,0.15727551,0.15727882,0.15727651,0.15727551,0.15727551,0.21361808
2011-06-08,0.15727551,0.15727882,0.15727651,0.15727551,0.15727551,0.21361808
2011-06-09,0.15727551,0.15727882,0.15727651,0.15727551,0.15727551,0.21361808
2011-06-10,0.37499982,0.12500001,0.12500001,0.12500009,0.12500001,0.12500006
2011-06-13,0.15727551,0.15727882,0.15727651,0.15727551,0.15727551,0.21361808
2011-06-14,0.37499997,0.125,0.125,0.12500001,0.125,0.12500001
2011-06-15,0.16666664,0.16666664,0.16666664,0.16666672,0.16666664,0.16666667
2011-06-16,0.15727551,0.15727882,0.15727651,0.15727551,0.15727551,0.21361808
2011-06-17,0.11111111,0.44444445,0.11111111,0.11111111,0.11111111,0.11111111
2011-06-20,0.16666667,0.16666667,0.16666667,0.16666667,0.16666667,0.16666667
2011-06-21,0.15727551,0.15727882,0.15727651,0.15727551,0.15727551,0.21361808
2011-06-22,0.090909086,0.090909086,0.090909086,0.090909086,0.54545456,0.090909086
2011-06-23,0.37500003,0.125,0.125,0.125,0.125,0.125
2011-06-24,0.15727551,0.15727882,0.15727651,0.15727551,0.15727551,0.21361808
2011-06-27,0.15727551,0.15727882,0.15727651,0.15727551,0.15727551,0.21361808
2011-06-28,0.37500003,0.125,0.125,0.125,0.125,0.125
2011-06-29,0.11111111,0.44444445,0.11111111,0.11111111,0.11111111,0.11111111
2011-06-30,0.37499985,0.12500001,0.12500001,0.12500006,0.12500001,0.12500003
2011-07-01,0.111111246,0.4444434,0.111111246,0.111111514,0.111111246,0.11111134
2011-07-05,0.15727551,0.15727882,0.15727651,0.15727551,0.15727551,0.21361808
2011-07-06,0.16666092,0.16666092,0.16666092,0.16668667,0.16666092,0.1666697
2011-07-07,0.37499318,0.12500057,0.12500057,0.1250032,0.12500057,0.12500189
2011-07-08,0.37499535,0.12500039,0.12500039,0.12500218,0.12500039,0.12500127
2011-07-11,0.16666488,0.16666488,0.16666488,0.16667287,0.16666488,0.1666676
2011-07-12,0.15727551,0.15727882,0.15727651,0.15727551,0.15727551,0.21361808
2011-07-13,0.37499964,0.12500003,0.12500003,0.12500016,0.12500003,0.12500009
2011-07-14,0.15727551,0.15727882,0.15727651,0.15727551,0.15727551,0.21361808
2011-07-15,0.15727551,0.15727882,0.15727651,0.15727551,0.15727551,0.21361808
2011-07-18,0.37500003,0.125,0.125,0.125,0.125,0.125
2011-07-19,0.37500003,0.125,0.125,0.125,0.125,0.125
2011-07-20,0.11111111,0.44444445,0.11111111,0.11111111,0.11111111,0.11111111
2011-07-21,0.15727551,0.15727882,0.15727651,0.15727551,0.15727551,0.21361808
2011-07-22,0.37500003,0.125,0.125,0.125,0.125,0.125
2011-07-25,0.15727551,0.15727882,0.15727651,0.15727551,0.15727551,0.21361808
2011-07-26,0.090909086,0.090909086,0.090909086,0.090909086,0.54545456,0.090909086
2011-07-27,0.090909086,0.090909086,0.090909086,0.090909086,0.54545456,0.090909086
2011-07-28,0.090909086,0.090909086,0.090909086,0.090909086,0.54545456,0.090909086
2011-07-29,0.37500003,0.125,0.125,0.125,0.125,0.125
2011-08-01,0.15727551,0.15727882,0.15727651,0.15727551,0.15727551,0.21361808
2011-08-02,0.09090921,0.09090921,0.09090921,0.09090934,0.5454538,0.09090925
2011-08-03,0.15727551,0.15727882,0.15727651,0.15727551,0.15727551,0.21361808
2011-08-04,0.090909496,0.090909496,0.090909496,0.09090992,0.545452,0.09090963
2011-08-05,0.15727551,0.15727882,0.15727651,0.15727551,0.15727551,0.21361808
2011-08-08,0.15727551,0.15727882,0.15727651,0.15727551,0.15727551,0.21361808
2011-08-09,0.16666663,0.16666663,0.16666663,0.16666678,0.16666663,0.16666669
2011-08-10,0.16666666,0.16666666,0.16666666,0.1666667,0.16666666,0.16666667
2011-08-11,0.09090913,0.09090913,0.09090913,0.09090918,0.5454542,0.09090915
2011-08-12,0.37500003,0.125,0.125,0.125,0.125,0.125
2011-08-15,0.15727551,0.15727882,0.15727651,0.15727551,0.15727551,0.21361808
2011-08-16,0.11111111,0.44444445,0.11111111,0.11111111,0.11111111,0.11111111
2011-08-17,0.15727551,0.15727882,0.15727651,0.15727551,0.15727551,0.21361808
2011-08-18,0.090909116,0.090909116,0.090909116,0.09090913,0.54545444,0.09090913
2011-08-19,0.11111111,0.44444445,0.11111111,0.11111111,0.11111111,0.11111111
2011-08-22,0.37500003,0.125,0.125,0.125,0.125,0.125
2011-08-23,0.09090909,0.09090909,0.09090909,0.090909116,0.54545444,0.09090909
2011-08-24,0.15727551,0.15727882,0.15727651,0.15727551,0.15727551,0.21361808
2011-08-25,0.090909086,0.090909086,0.090909086,0.090909086,0.54545456,0.090909086
2011-08-26,0.11111111,0.44444445,0.11111111,0.11111111,0.11111111,0.11111111
2011-08-29,0.16666667,0.16666667,0.16666667,0.16666667,0.16666667,0.16666667
2011-08-30,0.16666666,0.16666666,0.16666666,0.16666669,0.16666666,0.16666667
2011-08-31,0.16666664,0.16666664,0.16666664,0.16666676,0.16666664,0.16666669
2011-09-01,0.37499982,0.12500001,0.12500001,0.12500009,0.12500001,0.12500003
2011-09-02,0.11111113,0.4444443,0.11111113,0.11111117,0.11111113,0.11111114
2011-09-06,0.3749983,0.12500015,0.12500015,0.12500082,0.12500015,0.12500049
2011-09-07,0.3749973,0.12500024,0.12500024,0.1250013,0.12500024,0.12500077
2011-09-08,0.11111113,0.44444436,0.11111113,0.11111116,0.11111113,0.11111114
2011-09-09,0.11111111,0.4444444,0.11111111,0.11111113,0.11111111,0.11111111
2011-09-12,0.16666666,0.16666666,0.16666666,0.16666669,0.16666666,0.16666667
2011-09-13,0.15727551,0.15727882,0.15727651,0.15727551,0.15727551,0.21361808
2011-09-14,0.37500003,0.125,0.125,0.125,0.125,0.125
2011-09-15,0.37500003,0.125,0.125,0.125,0.125,0.125
2011-09-16,0.090909086,0.090909086,0.090909086,0.090909086,0.54545456,0.090909086
2011-09-19,0.11111111,0.44444445,0.11111111,0.11111111,0.11111111,0.11111111
2011-09-20,0.090909086,0.090909086,0.090909086,0.090909086,0.54545456,0.090909086
2011-09-21,0.090909086,0.090909086,0.090909086,0.090909086,0.54545456,0.090909086
2011-09-22,0.11111111,0.44444445,0.11111111,0.11111111,0.11111111,0.11111111
2011-09-23,0.37500003,0.125,0.125,0.125,0.125,0.125
2011-09-26,0.37500003,0.125,0.125,0.125,0.125,0.125
2011-09-27,0.11111111,0.44444445,0.11111111,0.11111111,0.11111111,0.11111111
2011-09-28,0.090909086,0.090909086,0.090909086,0.090909086,0.54545456,0.090909086
2011-09-29,0.37500003,0.125,0.125,0.125,0.125,0.125
2011-09-30,0.16666591,0.16666591,0.16666591,0.16666923,0.16666591,0.16666704
2011-10-03,0.16666271,0.16666271,0.16666271,0.16668044,0.16666271,0.16666876
2011-10-04,0.11111182,0.4444391,0.11111182,0.11111313,0.11111182,0.111112274
2011-10-05,0.11111289,0.44443107,0.11111289,0.11111621,0.11111289,0.11111402
2011-10-06,0.11111675,0.44440216,0.11111675,0.11112725,0.11111675,0.11112033
2011-10-07,0.37498346,0.1250014,0.1250014,0.1250078,0.1250014,0.1250046
2011-10-10,0.15727551,0.15727882,0.15727651,0.15727551,0.15727551,0.21361808
2011-10-11,0.3749961,0.12500033,0.12500033,0.12500185,0.12500033,0.12500109
2011-10-12,0.09098395,0.09098395,0.09098395,0.091061555,0.5449763,0.09101038
2011-10-13,0.37499937,0.12500006,0.12500006,0.1250003,0.12500006,0.12500018
2011-10-14,0.3749996,0.12500001,0.12500001,0.12500015,0.12500001,0.1250001
2011-10-17,0.16666664,0.16666664,0.16666664,0.16666672,0.16666664,0.16666667
2011-10-18,0.09091052,0.09091052,0.09091052,0.090912,0.54544544,0.09091102
2011-10-19,0.09090915,0.09090915,0.09090915,0.09090922,0.5454541,0.090909176
2011-10-20,0.16666667,0.16666667,0.16666667,0.16666667,0.16666667,0.16666667
2011-10-21,0.15727551,0.15727882,0.15727651,0.15727551,0.15727551,0.21361808
2011-10-24,0.16666667,0.16666667,0.16666667,0.16666667,0.16666667,0.16666667
2011-10-25,0.11111111,0.44444445,0.11111111,0.11111111,0.11111111,0.11111111
2011-10-26,0.090909086,0.090909086,0.090909086,0.090909086,0.54545456,0.090909086
2011-10-27,0.16666664,0.16666664,0.16666664,0.1666667,0.16666664,0.16666667
2011-10-28,0.11111111,0.44444445,0.11111111,0.11111111,0.11111111,0.11111111
2011-10-31,0.090909265,0.090909265,0.090909265,0.09090946,0.54545337,0.09090933
2011-11-01,0.15727551,0.15727882,0.15727651,0.15727551,0.15727551,0.21361808
2011-11-02,0.15727551,0.15727882,0.15727651,0.15727551,0.15727551,0.21361808
2011-11-03,0.111111425,0.4444421,0.111111425,0.111112006,0.111111425,0.11111162
2011-11-04,0.15727551,0.15727882,0.15727651,0.15727551,0.15727551,0.21361808
2011-11-07,0.3749297,0.1250059,0.1250059,0.12503308,0.1250059,0.1250195
2011-11-08,0.111112334,0.4444353,0.111112334,0.11111461,0.111112334,0.111113116
2011-11-09,0.37499845,0.12500013,0.12500013,0.12500075,0.12500013,0.12500045
2011-11-10,0.16666664,0.16666664,0.16666664,0.16666675,0.16666664,0.16666669
2011-11-11,0.16666666,0.16666666,0.16666666,0.16666669,0.16666666,0.16666669
2011-11-14,0.37499568,0.12500037,0.12500037,0.12500206,0.12500037,0.1250012
2011-11-15,0.16666667,0.16666667,0.16666667,0.16666667,0.16666667,0.16666667
2011-11-16,0.37499997,0.125,0.125,0.12500001,0.125,0.125
2011-11-17,0.11111111,0.44444445,0.11111111,0.11111111,0.11111111,0.11111111
2011-11-18,0.15727551,0.15727882,0.15727651,0.15727551,0.15727551,0.21361808
2011-11-21,0.16666667,0.16666667,0.16666667,0.16666667,0.16666667,0.16666667
2011-11-22,0.11111111,0.44444445,0.11111111,0.11111111,0.11111111,0.11111111
2011-11-23,0.11111111,0.44444445,0.11111111,0.11111111,0.11111111,0.11111111
2011-11-25,0.11111111,0.44444445,0.11111111,0.11111111,0.11111111,0.11111111
2011-11-28,0.37500003,0.125,0.125,0.125,0.125,0.125
2011-11-29,0.37499997,0.125,0.125,0.12500001,0.125,0.125
2011-11-30,0.09091889,0.09091889,0.09091889,0.09092904,0.545392,0.090922356
2011-12-01,0.16665551,0.16665551,0.16665551,0.1667054,0.16665551,0.16667251
2011-12-02,0.3747701,0.1250193,0.1250193,0.12510826,0.12501933,0.12506379
2011-12-05,0.11111395,0.44442305,0.11111395,0.11111926,0.11111395,0.11111577
2011-12-06,0.15727551,0.15727882,0.15727651,0.15727551,0.15727551,0.21361808
2011-12-07,0.11111167,0.44444022,0.11111167,0.111112714,0.11111167,0.11111203
2011-12-08,0.37494558,0.12500457,0.12500457,0.12502563,0.12500457,0.12501511
2011-12-09,0.11111114,0.4444442,0.11111114,0.1111112,0.11111114,0.11111116
2011-12-12,0.15727551,0.15727882,0.15727651,0.15727551,0.15727551,0.21361808
2011-12-13,0.09090912,0.09090912,0.09090912,0.090909146,0.5454544,0.09090912
2011-12-14,0.37499985,0.12500001,0.12500001,0.12500006,0.12500001,0.12500003
2011-12-15,0.15727551,0.15727882,0.15727651,0.15727551,0.15727551,0.21361808
2011-12-16,0.16666664,0.16666664,0.16666664,0.1666667,0.16666664,0.16666667
2011-12-19,0.11111111,0.44444445,0.11111111,0.11111111,0.11111111,0.11111111
2011-12-20,0.090909086,0.090909086,0.090909086,0.090909086,0.54545456,0.090909086
2011-12-21,0.37500003,0.125,0.125,0.125,0.125,0.125
2011-12-22,0.16666663,0.16666663,0.16666663,0.1666668,0.16666663,0.16666669
2011-12-23,0.11111111,0.44444445,0.11111111,0.11111111,0.11111111,0.11111111
2011-12-27,0.11111111,0.44444445,0.11111111,0.11111111,0.11111111,0.11111111
2011-12-28,0.11111111,0.44444445,0.11111111,0.11111111,0.11111111,0.11111111
2011-12-29,0.11111111,0.44444445,0.11111111,0.11111111,0.11111111,0.11111111
2011-12-30,0.37500003,0.125,0.125,0.125,0.125,0.125
2012-01-03,0.09090922,0.09090922,0.09090922,0.09090937,0.5454537,0.09090927
2012-01-04,0.15727551,0.15727882,0.15727651,0.15727551,0.15727551,0.21361808
2012-01-05,0.37499657,0.12500028,0.12500028,0.1250016,0.12500028,0.12500094
2012-01-06,0.3749937,0.12500052,0.12500052,0.12500295,0.12500052,0.12500174
2012-01-09,0.15727551,0.15727882,0.15727651,0.15727551,0.15727551,0.21361808
2012-01-10,0.37499097,0.12500076,0.12500076,0.12500425,0.12500076,0.1250025
2012-01-11,0.09091272,0.09091272,0.09091272,0.09091648,0.5454313,0.090913996
2012-01-12,0.11111128,0.44444317,0.11111128,0.1111116,0.11111128,0.11111139
2012-01-13,0.15727551,0.15727882,0.15727651,0.15727551,0.15727551,0.21361808
2012-01-17,0.090909205,0.090909205,0.090909205,0.090909325,0.5454538,0.09090924
2012-01-18,0.09090913,0.09090913,0.09090913,0.09090918,0.54545426,0.09090916
2012-01-19,0.15727551,0.15727882,0.15727651,0.15727551,0.15727551,0.21361808
2012-01-20,0.37500003,0.125,0.125,0.125,0.125,0.125
2012-01-23,0.09090909,0.09090909,0.09090909,0.09090909,0.54545444,0.09090909
2012-01-24,0.15727551,0.15727882,0.15727651,0.15727551,0.15727551,0.21361808
2012-01-25,0.37500003,0.125,0.125,0.125,0.125,0.125
2012-01-26,0.37499997,0.125,0.125,0.12500001,0.125,0.125
2012-01-27,0.16666658,0.16666658,0.16666658,0.16666698,0.16666658,0.16666672
2012-01-30,0.37499365,0.12500054,0.12500054,0.125003,0.12500054,0.12500176
2012-01-31,0.09093591,0.09093591,0.09093591,0.09096371,0.5452831,0.090945385
2012-02-01,0.16666147,0.16666147,0.16666147,0.1666847,0.16666147,0.16666938
2012-02-02,0.11111712,0.44439933,0.11111712,0.11112831,0.11111712,0.11112093
2012-02-03,0.09098427,0.09098427,0.09098427,0.091062225,0.54497415,0.091010824
2012-02-06,0.37431857,0.12505712,0.12505712,0.12532103,0.12505718,0.12518905
2012-02-07,0.37475365,0.12502067,0.12502067,0.12511599,0.12502071,0.12506832
2012-02-08,0.090928614,0.090928614,0.090928614,0.09094883,0.54532987,0.0909355
2012-02-09,0.090911694,0.090911694,0.090911694,0.09091439,0.5454379,0.09091261
2012-02-10,0.09090965,0.09090965,0.09090965,0.09091025,0.54545087,0.09090986
2012-02-13,0.09090939,0.09090939,0.09090939,0.0909097,0.5454526,0.090909496
2012-02-14,0.37500003,0.125,0.125,0.125,0.125,0.125
2012-02-15,0.15727551,0.15727882,0.15727651,0.15727551,0.15727551,0.21361808
2012-02-16,0.16666667,0.16666667,0.16666667,0.16666667,0.16666667,0.16666667
2012-02-17,0.11111111,0.44444445,0.11111111,0.11111111,0.11111111,0.11111111
2012-02-21,0.37500003,0.125,0.125,0.125,0.125,0.125
2012-02-22,0.090909086,0.090909086,0.090909086,0.090909086,0.54545456,0.090909086
2012-02-23,0.15727551,0.15727882,0.15727651,0.15727551,0.15727551,0.21361808
2012-02-24,0.37500003,0.125,0.125,0.125,0.125,0.125
2012-02-27,0.37500003,0.125,0.125,0.125,0.125,0.125
2012-02-28,0.11111111,0.44444445,0.11111111,0.11111111,0.11111111,0.11111111
2012-02-29,0.15727551,0.15727882,0.15727651,0.15727551,0.15727551,0.21361808
2012-03-01,0.15727551,0.15727882,0.15727651,0.15727551,0.15727551,0.21361808
2012-03-02,0.09091522,0.09091522,0.09091522,0.09092157,0.5454154,0.09091739
2012-03-05,0.09091753,0.09091753,0.09091753,0.09092627,0.5454007,0.09092051
2012-03-06,0.1111113,0.44444314,0.1111113,0.11111164,0.1111113,0.11111142
2012-03-07,0.16666082,0.16666082,0.16666082,0.16668704,0.16666082,0.16666976
2012-03-08,0.37499553,0.12500037,0.12500037,0.1250021,0.12500037,0.12500122
2012-03-09,0.11111115,0.44444415,0.11111115,0.11111122,0.11111115,0.11111117
2012-03-12,0.15727551,0.15727882,0.15727651,0.15727551,0.15727551,0.21361808
2012-03-13,0.11111111,0.44444445,0.11111111,0.11111111,0.11111111,0.11111111
2012-03-14,0.16666654,0.16666654,0.16666654,0.16666712,0.16666654,0.16666672
2012-03-15,0.15727551,0.15727882,0.15727651,0.15727551,0.15727551,0.21361808
2012-03-16,0.16666664,0.16666664,0.16666664,0.16666679,0.16666664,0.16666667
2012-03-19,0.090909086,0.090909086,0.090909086,0.090909086,0.54545456,0.090909086
2012-03-20,0.37500003,0.125,0.125,0.125,0.125,0.125
2012-03-21,0.16666667,0.16666667,0.16666667,0.16666667,0.16666667,0.16666667
2012-03-22,0.15727551,0.15727882,0.15727651,0.15727551,0.15727551,0.21361808
2012-03-23,0.37500003,0.125,0.125,0.125,0.125,0.125
2012-03-26,0.16666666,0.16666666,0.16666666,0.1666667,0.16666666,0.16666667
2012-03-27,0.37500003,0.125,0.125,0.125,0.125,0.125
2012-03-28,0.1666664,0.1666664,0.1666664,0.16666758,0.1666664,0.1666668
2012-03-29,0.16666503,0.16666503,0.16666503,0.1666724,0.16666503,0.16666754
2012-03-30,0.16665529,0.16665529,0.16665529,0.16670625,0.16665529,0.16667265
2012-04-02,0.16661595,0.16661595,0.16661595,0.16684292,0.16661595,0.16669327
2012-04-03,0.11111614,0.44440672,0.11111614,0.11112552,0.11111614,0.11111934
2012-04-04,0.111118115,0.4443919,0.111118115,0.11113118,0.111118115,0.11112258
2012-04-05,0.09102843,0.09102843,0.09102843,0.091152266,0.5446918,0.09107061
2012-04-09,0.374564,0.12503655,0.12503655,0.12520531,0.1250366,0.12512094
2012-04-10,0.37475058,0.12502094,0.12502094,0.12511744,0.12502097,0.12506919
2012-04-11,0.15727551,0.15727882,0.15727651,0.15727551,0.15727551,0.21361808
2012-04-12,0.37498862,0.12500095,0.12500095,0.12500535,0.12500095,0.12500316
2012-04-13,0.11111113,0.44444436,0.11111113,0.11111116,0.11111113,0.11111114
2012-04-16,0.11111111,0.44444445,0.11111111,0.11111111,0.11111111,0.11111111
2012-04-17,0.16666663,0.16666663,0.16666663,0.1666668,0.16666663,0.16666669
2012-04-18,0.09090935,0.09090935,0.09090935,0.090909615,0.5454529,0.09090944
2012-04-19,0.11111111,0.44444445,0.11111111,0.11111111,0.11111111,0.11111111
2012-04-20,0.37500003,0.125,0.125,0.125,0.125,0.125
2012-04-23,0.16666667,0.16666667,0.16666667,0.16666667,0.16666667,0.16666667
2012-04-24,0.09090924,0.09090924,0.09090924,0.09090939,0.54545355,0.090909295
2012-04-25,0.16666664,0.16666664,0.16666664,0.16666672,0.16666664,0.16666667
2012-04-26,0.16666664,0.16666664,0.16666664,0.1666668,0.16666664,0.16666669
2012-04-27,0.15727551,0.15727882,0.15727651,0.15727551,0.15727551,0.21361808
2012-04-30,0.16666579,0.16666579,0.16666579,0.16666967,0.16666579,0.1666671
2012-05-01,0.09095034,0.09095034,0.09095034,0.090993084,0.545191,0.09096489
2012-05-02,0.090955354,0.090955354,0.090955354,0.09100329,0.545159,0.090971686
2012-05-03,0.09094583,0.09094583,0.09094583,0.0909839,0.5452199,0.09095879
2012-05-04,0.11111189,0.44443867,0.11111189,0.11111333,0.11111189,0.11111238
2012-05-07,0.09092539,0.09092539,0.09092539,0.09094227,0.5453504,0.09093115
2012-05-08,0.37499166,0.1250007,0.1250007,0.12500393,0.1250007,0.12500231
2012-05-09,0.09092002,0.09092002,0.09092002,0.09093134,0.54538476,0.09092388
2012-05-10,0.1666663,0.1666663,0.1666663,0.166668,0.1666663,0.16666687
2012-05-11,0.11111113,0.4444443,0.11111113,0.11111117,0.11111113,0.11111114
2012-05-14,0.09093632,0.09093632,0.09093632,0.09096451,0.54528064,0.09094592
2012-05-15,0.09091199,0.09091199,0.09091199,0.090914994,0.5454361,0.09091301
2012-05-16,0.15727551,0.15727882,0.15727651,0.15727551,0.15727551,0.21361808
2012-05-17,0.37500003,0.125,0.125,0.125,0.125,0.125
2012-05-18,0.16666666,0.16666666,0.16666666,0.1666667,0.16666666,0.16666669
2012-05-21,0.11111111,0.44444445,0.11111111,0.11111111,0.11111111,0.11111111
2012-05-22,0.16666666,0.16666666,0.16666666,0.16666669,0.16666666,0.16666669
2012-05-23,0.11111111,0.44444445,0.11111111,0.11111111,0.11111111,0.11111111
2012-05-24,0.37500003,0.125,0.125,0.125,0.125,0.125
2012-05-25,0.11111111,0.44444445,0.11111111,0.11111111,0.11111111,0.11111111
2012-05-29,0.37500003,0.125,0.125,0.125,0.125,0.125
2012-05-30,0.37499997,0.125,0.125,0.12500001,0.125,0.12500001
2012-05-31,0.15727551,0.15727882,0.15727651,0.15727551,0.15727551,0.21361808
2012-06-01,0.11111407,0.44442227,0.11111407,0.111119576,0.11111407,0.11111595
2012-06-04,0.37493506,0.12500547,0.12500547,0.12503059,0.12500547,0.12501803
2012-06-05,0.16663541,0.16663541,0.16663541,0.16677529,0.16663541,0.16668306
2012-06-06,0.11111621,0.44440624,0.11111621,0.11112571,0.11111621,0.11111944
2012-06-07,0.09095757,0.09095757,0.09095757,0.0910078,0.5451448,0.09097468
2012-06-08,0.15727551,0.15727882,0.15727651,0.15727551,0.15727551,0.21361808
2012-06-11,0.3749989,0.12500009,0.12500009,0.12500052,0.12500009,0.12500028
2012-06-12,0.3749996,0.12500001,0.12500001,0.12500015,0.12500001,0.1250001
2012-06-13,0.16666552,0.16666552,0.16666552,0.1666707,0.16666552,0.16666728
2012-06-14,0.09090951,0.09090951,0.09090951,0.090909936,0.54545194,0.09090965
2012-06-15,0.1666663,0.1666663,0.1666663,0.16666795,0.1666663,0.16666687
2012-06-18,0.16666661,0.16666661,0.16666661,0.16666688,0.16666661,0.1666667
2012-06-19,0.11111111,0.44444445,0.11111111,0.11111111,0.11111111,0.11111111
2012-06-20,0.15727551,0.15727882,0.15727651,0.15727551,0.15727551,0.21361808
2012-06-21,0.11111111,0.44444445,0.11111111,0.11111111,0.11111111,0.11111111
2012-06-22,0.15727551,0.15727882,0.15727651,0.15727551,0.15727551,0.21361808
2012-06-25,0.090909086,0.090909086,0.090909086,0.090909086,0.54545456,0.090909086
2012-06-26,0.090909086,0.090909086,0.090909086,0.090909086,0.54545456,0.090909086
2012-06-27,0.37500003,0.125,0.125,0.125,0.125,0.125
2012-06-28,0.16666664,0.16666664,0.16666664,0.1666667,0.16666664,0.16666667
2012-06-29,0.15727551,0.15727882,0.15727651,0.15727551,0.15727551,0.21361808
2012-07-02,0.37499923,0.12500006,0.12500006,0.12500037,0.12500006,0.12500021
2012-07-03,0.09090939,0.09090939,0.09090939,0.0909097,0.5454526,0.090909496
2012-07-05,0.09090939,0.09090939,0.09090939,0.0909097,0.5454526,0.090909496
2012-07-06,0.16666594,0.16666594,0.16666594,0.16666919,0.16666594,0.16666704
2012-07-09,0.15727551,0.15727882,0.15727651,0.15727551,0.15727551,0.21361808
2012-07-10,0.16666622,0.16666622,0.16666622,0.16666818,0.16666622,0.16666691
2012-07-11,0.15727551,0.15727882,0.15727651,0.15727551,0.15727551,0.21361808
2012-07-12,0.16666666,0.16666666,0.16666666,0.16666675,0.16666666,0.16666669
2012-07-13,0.09090912,0.09090912,0.09090912,0.09090917,0.5454544,0.090909146
2012-07-16,0.16666667,0.16666667,0.16666667,0.16666667,0.16666667,0.16666667
2012-07-17,0.16666667,0.16666667,0.16666667,0.16666667,0.16666667,0.16666667
2012-07-18,0.16666667,0.16666667,0.16666667,0.16666667,0.16666667,0.16666667
2012-07-19,0.090909086,0.090909086,0.090909086,0.090909086,0.54545456,0.090909086
2012-07-20,0.16666667,0.16666667,0.16666667,0.16666667,0.16666667,0.16666667
2012-07-23,0.11111111,0.44444445,0.11111111,0.11111111,0.11111111,0.11111111
2012-07-24,0.15727551,0.15727882,0.15727651,0.15727551,0.15727551,0.21361808
2012-07-25,0.15727551,0.15727882,0.15727651,0.15727551,0.15727551,0.21361808
2012-07-26,0.090909086,0.090909086,0.090909086,0.090909086,0.54545456,0.090909086
2012-07-27,0.090909086,0.090909086,0.090909086,0.090909086,0.54545456,0.090909086
2012-07-30,0.11111111,0.44444445,0.11111111,0.11111111,0.11111111,0.11111111
2012-07-31,0.11111111,0.44444445,0.11111111,0.11111111,0.11111111,0.11111111
2012-08-01,0.37499988,0.12500001,0.12500001,0.12500006,0.12500001,0.12500003
2012-08-02,0.16666616,0.16666616,0.16666616,0.1666684,0.16666616,0.16666692
2012-08-03,0.37499955,0.12500004,0.12500004,0.12500024,0.12500004,0.12500013
2012-08-06,0.090909444,0.090909444,0.090909444,0.090909794,0.54545236,0.09090956
2012-08-07,0.16666616,0.16666616,0.16666616,0.16666839,0.16666616,0.16666692
2012-08-08,0.11111113,0.4444443,0.11111113,0.11111117,0.11111113,0.11111114
2012-08-09,0.11111113,0.44444436,0.11111113,0.11111116,0.11111113,0.11111114
2012-08-10,0.37500003,0.125,0.125,0.125,0.125,0.125
2012-08-13,0.37500003,0.125,0.125,0.125,0.125,0.125
2012-08-14,0.15727551,0.15727882,0.15727651,0.15727551,0.15727551,0.21361808
2012-08-15,0.090909086,0.090909086,0.090909086,0.090909086,0.54545456,0.090909086
2012-08-16,0.15727551,0.15727882,0.15727651,0.15727551,0.15727551,0.21361808
2012-08-17,0.37500003,0.125,0.125,0.125,0.125,0.125
2012-08-20,0.090909086,0.090909086,0.090909086,0.090909086,0.54545456,0.090909086
2012-08-21,0.15727551,0.15727882,0.15727651,0.15727551,0.15727551,0.21361808
2012-08-22,0.15727551,0.15727882,0.15727651,0.15727551,0.15727551,0.21361808
2012-08-23,0.16666667,0.16666667,0.16666667,0.16666667,0.16666667,0.16666667
2012-08-24,0.16666667,0.16666667,0.16666667,0.16666667,0.16666667,0.16666667
2012-08-27,0.090909086,0.090909086,0.090909086,0.090909086,0.54545456,0.090909086
2012-08-28,0.15727551,0.15727882,0.15727651,0.15727551,0.15727551,0.21361808
2012-08-29,0.16666667,0.16666667,0.16666667,0.16666667,0.16666667,0.16666667
2012-08-30,0.15727551,0.15727882,0.15727651,0.15727551,0.15727551,0.21361808
2012-08-31,0.15727551,0.15727882,0.15727651,0.15727551,0.15727551,0.21361808
2012-09-04,0.16666651,0.16666651,0.16666651,0.16666721,0.16666651,0.16666675
2012-09-05,0.11111113,0.4444443,0.11111113,0.11111117,0.11111113,0.11111114
2012-09-06,0.0909102,0.0909102,0.0909102,0.09091134,0.5454475,0.090910584
2012-09-07,0.37499782,0.1250002,0.1250002,0.12500104,0.1250002,0.1250006
2012-09-10,0.111111194,0.44444388,0.111111194,0.11111134,0.111111194,0.111111246
2012-09-11,0.15727551,0.15727882,0.15727651,0.15727551,0.15727551,0.21361808
2012-09-12,0.090910435,0.090910435,0.090910435,0.09091183,0.545446,0.090910904
2012-09-13,0.11111111,0.4444444,0.11111111,0.11111113,0.11111111,0.11111111
2012-09-14,0.11111111,0.44444445,0.11111111,0.11111111,0.11111111,0.11111111
2012-09-17,0.15727551,0.15727882,0.15727651,0.15727551,0.15727551,0.21361808
2012-09-18,0.37500003,0.125,0.125,0.125,0.125,0.125
2012-09-19,0.16666667,0.16666667,0.16666667,0.16666667,0.16666667,0.16666667
2012-09-20,0.15727551,0.15727882,0.15727651,0.15727551,0.15727551,0.21361808
2012-09-21,0.15727551,0.15727882,0.15727651,0.15727551,0.15727551,0.21361808
2012-09-24,0.16666667,0.16666667,0.16666667,0.16666667,0.16666667,0.16666667
2012-09-25,0.15727551,0.15727882,0.15727651,0.15727551,0.15727551,0.21361808
2012-09-26,0.16666667,0.16666667,0.16666667,0.16666667,0.16666667,0.16666667
2012-09-27,0.37500003,0.125,0.125,0.125,0.125,0.125
2012-09-28,0.090909116,0.090909116,0.090909116,0.09090913,0.54545444,0.09090913
2012-10-01,0.16666663,0.16666663,0.16666663,0.16666682,0.16666663,0.1666667
2012-10-02,0.37499908,0.12500007,0.12500007,0.12500043,0.12500007,0.12500025
2012-10-03,0.111111164,0.44444406,0.111111164,0.11111125,0.111111164,0.1111112
2012-10-04,0.16666648,0.16666648,0.16666648,0.1666673,0.16666648,0.16666676
2012-10-05,0.16666639,0.16666639,0.16666639,0.16666767,0.16666639,0.16666684
2012-10-08,0.15727551,0.15727882,0.15727651,0.15727551,0.15727551,0.21361808
2012-10-09,0.37499952,0.12500004,0.12500004,0.12500024,0.12500004,0.12500015
2012-10-10,0.16666663,0.16666663,0.16666663,0.16666678,0.16666663,0.16666669
2012-10-11,0.37499976,0.12500001,0.12500001,0.1250001,0.12500001,0.12500006
2012-10-12,0.11111115,0.44444415,0.11111115,0.111111216,0.11111115,0.11111117
2012-10-15,0.1111114,0.44444224,0.1111114,0.11111195,0.1111114,0.11111159
2012-10-16,0.11111111,0.44444445,0.11111111,0.11111111,0.11111111,0.11111111
2012-10-17,0.11111111,0.44444445,0.11111111,0.11111111,0.11111111,0.11111111
2012-10-18,0.15727551,0.15727882,0.15727651,0.15727551,0.15727551,0.21361808
2012-10-19,0.15727551,0.15727882,0.15727651,0.15727551,0.15727551,0.21361808
2012-10-22,0.37500003,0.125,0.125,0.125,0.125,0.125
2012-10-23,0.090909086,0.090909086,0.090909086,0.090909086,0.54545456,0.090909086
2012-10-24,0.37500003,0.125,0.125,0.125,0.125,0.125
2012-10-25,0.16666667,0.16666667,0.16666667,0.16666669,0.16666667,0.16666667
2012-10-26,0.16666664,0.16666664,0.16666664,0.16666672,0.16666664,0.16666667
2012-10-31,0.15727551,0.15727882,0.15727651,0.15727551,0.15727551,0.21361808
2012-11-01,0.09091103,0.09091103,0.09091103,0.090913035,0.54544216,0.09091171
2012-11-02,0.37498796,0.12500101,0.12500101,0.12500568,0.12500101,0.12500335
2012-11-05,0.15727551,0.15727882,0.15727651,0.15727551,0.15727551,0.21361808
2012-11-06,0.16666414,0.16666414,0.16666414,0.16667545,0.16666414,0.16666801
2012-11-07,0.1111114,0.44444224,0.1111114,0.11111196,0.1111114,0.11111159
2012-11-08,0.16666535,0.16666535,0.16666535,0.1666713,0.16666535,0.16666737
2012-11-09,0.09091024,0.09091024,0.09091024,0.09091145,0.5454472,0.09091066
2012-11-12,0.15727551,0.15727882,0.15727651,0.15727551,0.15727551,0.21361808
2012-11-13,0.09091383,0.09091383,0.09091383,0.090918735,0.5454242,0.09091549
2012-11-14,0.16666664,0.16666664,0.16666664,0.16666678,0.16666664,0.16666669
2012-11-15,0.09092911,0.09092911,0.09092911,0.09094984,0.54532665,0.09093617
2012-11-16,0.16666667,0.16666667,0.16666667,0.16666667,0.16666667,0.16666667
2012-11-19,0.11111111,0.44444445,0.11111111,0.11111111,0.11111111,0.11111111
2012-11-20,0.11111111,0.44444445,0.11111111,0.11111111,0.11111111,0.11111111
2012-11-21,0.11111111,0.44444445,0.11111111,0.11111111,0.11111111,0.11111111
2012-11-23,0.11111111,0.44444445,0.11111111,0.11111111,0.11111111,0.11111111
2012-11-26,0.16666667,0.16666667,0.16666667,0.16666667,0.16666667,0.16666667
2012-11-27,0.16666667,0.16666667,0.16666667,0.16666667,0.16666667,0.16666667
2012-11-28,0.11111111,0.44444445,0.11111111,0.11111111,0.11111111,0.11111111
2012-11-29,0.37499976,0.12500001,0.12500001,0.1250001,0.12500001,0.12500006
2012-11-30,0.16666612,0.16666612,0.16666612,0.1666686,0.16666612,0.16666697
2012-12-03,0.11111217,0.4444365,0.11111217,0.111114144,0.11111217,0.11111284
2012-12-04,0.37449095,0.12504269,0.12504269,0.12523973,0.12504274,0.1251412
2012-12-05,0.16665399,0.16665399,0.16665399,0.16671073,0.16665399,0.16667333
2012-12-06,0.37470677,0.1250246,0.1250246,0.12513804,0.12502463,0.12508135
2012-12-07,0.111112125,0.4444369,0.111112125,0.11111401,0.111112125,0.111112766
2012-12-10,0.37495437,0.12500383,0.12500383,0.12502147,0.12500383,0.12501265
2012-12-11,0.111111306,0.444443,0.111111306,0.11111166,0.111111306,0.111111425
2012-12-12,0.16666596,0.16666596,0.16666596,0.16666916,0.16666596,0.16666704
2012-12-13,0.16666657,0.16666657,0.16666657,0.16666704,0.16666657,0.16666673
2012-12-14,0.11111111,0.44444445,0.11111111,0.11111111,0.11111111,0.11111111
2012-12-17,0.16666664,0.16666664,0.16666664,0.16666672,0.16666664,0.16666667
2012-12-18,0.15727551,0.15727882,0.15727651,0.15727551,0.15727551,0.21361808
2012-12-19,0.15727551,0.15727882,0.15727651,0.15727551,0.15727551,0.21361808
2012-12-20,0.090909086,0.090909086,0.090909086,0.090909086,0.54545456,0.090909086
2012-12-21,0.37500003,0.125,0.125,0.125,0.125,0.125
2012-12-24,0.16666667,0.16666667,0.16666667,0.16666667,0.16666667,0.16666667
2012-12-26,0.11111111,0.44444445,0.11111111,0.11111111,0.11111111,0.11111111
2012-12-27,0.15727551,0.15727882,0.15727651,0.15727551,0.15727551,0.21361808
2012-12-28,0.09090909,0.09090909,0.09090909,0.09090909,0.54545444,0.09090909
2012-12-31,0.11111114,0.44444427,0.11111114,0.11111119,0.11111114,0.11111116
2013-01-02,0.15727551,0.15727882,0.15727651,0.15727551,0.15727551,0.21361808
2013-01-03,0.15727551,0.15727882,0.15727651,0.15727551,0.15727551,0.21361808
2013-01-04,0.11111161,0.44444063,0.11111161,0.11111256,0.11111161,0.11111193
2013-01-07,0.15727551,0.15727882,0.15727651,0.15727551,0.15727551,0.21361808
2013-01-08,0.37495068,0.12500414,0.12500414,0.12502325,0.12500414,0.1250137
2013-01-09,0.16665308,0.16665308,0.16665308,0.16671386,0.16665308,0.16667378
2013-01-10,0.11111163,0.44444048,0.11111163,0.11111261,0.11111163,0.11111196
2013-01-11,0.37499937,0.12500006,0.12500006,0.1250003,0.12500006,0.12500018
2013-01-14,0.16666642,0.16666642,0.16666642,0.16666754,0.16666642,0.1666668
2013-01-15,0.37499997,0.125,0.125,0.12500001,0.125,0.125
2013-01-16,0.15727551,0.15727882,0.15727651,0.15727551,0.15727551,0.21361808
2013-01-17,0.090909086,0.090909086,0.090909086,0.090909086,0.54545456,0.090909086
2013-01-18,0.16666667,0.16666667,0.16666667,0.16666667,0.16666667,0.16666667
2013-01-22,0.090909086,0.090909086,0.090909086,0.090909086,0.54545456,0.090909086
2013-01-23,0.15727551,0.15727882,0.15727651,0.15727551,0.15727551,0.21361808
2013-01-24,0.16666667,0.16666667,0.16666667,0.16666667,0.16666667,0.16666667
2013-01-25,0.15727551,0.15727882,0.15727651,0.15727551,0.15727551,0.21361808
2013-01-28,0.37500003,0.125,0.125,0.125,0.125,0.125
2013-01-29,0.37499985,0.12500001,0.12500001,0.12500006,0.12500001,0.12500003
2013-01-30,0.16666451,0.16666451,0.16666451,0.16667417,0.16666451,0.1666678
2013-01-31,0.15727551,0.15727882,0.15727651,0.15727551,0.15727551,0.21361808
2013-02-01,0.16660787,0.16660787,0.16660787,0.166871,0.16660787,0.16669749
2013-02-04,0.372858,0.12517868,0.12517865,0.12601136,0.12517886,0.12559448
2013-02-05,0.091033176,0.091033176,0.091033176,0.09116195,0.54466146,0.09107704
2013-02-06,0.15727551,0.15727882,0.15727651,0.15727551,0.15727551,0.21361808
2013-02-07,0.37323895,0.12514707,0.12514704,0.125831,0.12514722,0.1254887
2013-02-08,0.3746153,0.12503226,0.12503226,0.12518114,0.1250323,0.12510672
2013-02-11,0.11111217,0.44443652,0.11111217,0.11111413,0.11111217,0.11111284
2013-02-12,0.37499738,0.12500022,0.12500022,0.12500127,0.12500022,0.12500073
2013-02-13,0.16666655,0.16666655,0.16666655,0.16666704,0.16666655,0.16666672
2013-02-14,0.37499997,0.12500001,0.12500001,0.12500004,0.12500001,0.12500003
2013-02-15,0.16666666,0.16666666,0.16666666,0.16666669,0.16666666,0.16666667
2013-02-19,0.11111111,0.44444445,0.11111111,0.11111111,0.11111111,0.11111111
2013-02-20,0.15727551,0.15727882,0.15727651,0.15727551,0.15727551,0.21361808
2013-02-21,0.37500003,0.125,0.125,0.125,0.125,0.125
2013-02-22,0.090909086,0.090909086,0.090909086,0.090909086,0.54545456,0.090909086
2013-02-25,0.16666666,0.16666666,0.16666666,0.16666669,0.16666666,0.16666669
2013-02-26,0.090909086,0.090909086,0.090909086,0.090909086,0.54545456,0.090909086
2013-02-27,0.11111111,0.44444445,0.11111111,0.11111111,0.11111111,0.11111111
2013-02-28,0.09090915,0.09090915,0.09090915,0.09090922,0.5454542,0.090909176
2013-03-01,0.15727551,0.15727882,0.15727651,0.15727551,0.15727551,0.21361808
2013-03-04,0.15727551,0.15727882,0.15727651,0.15727551,0.15727551,0.21361808
2013-03-05,0.16664606,0.16664606,0.16664606,0.16673826,0.16664606,0.16667749
2013-03-06,0.090917766,0.090917766,0.090917766,0.09092673,0.5453991,0.09092081
2013-03-07,0.1666604,0.1666604,0.1666604,0.16668843,0.1666604,0.16666995
2013-03-08,0.16666311,0.16666311,0.16666311,0.16667898,0.16666311,0.16666852
2013-03-11,0.11111158,0.44444078,0.11111158,0.1111125,0.11111158,0.11111189
2013-03-12,0.16666603,0.16666603,0.16666603,0.16666886,0.16666603,0.16666698
2013-03-13,0.11111113,0.44444436,0.11111113,0.11111116,0.11111113,0.11111114
2013-03-14,0.15727551,0.15727882,0.15727651,0.15727551,0.15727551,0.21361808
2013-03-15,0.15727551,0.15727882,0.15727651,0.15727551,0.15727551,0.21361808
2013-03-18,0.37500003,0.125,0.125,0.125,0.125,0.125
2013-03-19,0.090909086,0.090909086,0.090909086,0.090909086,0.54545456,0.090909086
2013-03-20,0.37500003,0.125,0.125,0.125,0.125,0.125
2013-03-21,0.15727551,0.15727882,0.15727651,0.15727551,0.15727551,0.21361808
2013-03-22,0.37500003,0.125,0.125,0.125,0.125,0.125
2013-03-25,0.15727551,0.15727882,0.15727651,0.15727551,0.15727551,0.21361808
2013-03-26,0.15727551,0.15727882,0.15727651,0.15727551,0.15727551,0.21361808
2013-03-27,0.16666664,0.16666664,0.16666664,0.16666678,0.16666664,0.16666669
2013-03-28,0.09090926,0.09090926,0.09090926,0.090909414,0.54545355,0.0909093
2013-04-01,0.15727551,0.15727882,0.15727651,0.15727551,0.15727551,0.21361808
2013-04-02,0.3749769,0.12500194,0.12500194,0.12501088,0.12500194,0.12500641
2013-04-03,0.11111173,0.44443992,0.11111173,0.111112855,0.11111173,0.11111211
2013-04-04,0.37499237,0.12500064,0.12500064,0.12500359,0.12500064,0.12500212
2013-04-05,0.3749921,0.12500066,0.12500066,0.1250037,0.12500066,0.12500218
2013-04-08,0.09091444,0.09091444,0.09091444,0.090919994,0.5454203,0.090916336
2013-04-09,0.111111425,0.44444203,0.111111425,0.11111202,0.111111425,0.111111626
2013-04-10,0.111111164,0.44444403,0.111111164,0.11111127,0.111111164,0.1111112
2013-04-11,0.37499946,0.12500004,0.12500004,0.12500024,0.12500004,0.12500015
2013-04-12,0.16666628,0.16666628,0.16666628,0.16666801,0.16666628,0.16666687
2013-04-15,0.37499875,0.1250001,0.1250001,0.12500063,0.1250001,0.12500037
2013-04-16,0.37499997,0.125,0.125,0.12500001,0.125,0.12500001
2013-04-17,0.11111111,0.44444445,0.11111111,0.11111111,0.11111111,0.11111111
2013-04-18,0.16666643,0.16666643,0.16666643,0.16666746,0.16666643,0.16666678
2013-04-19,0.16666639,0.16666639,0.16666639,0.16666764,0.16666639,0.1666668
2013-04-22,0.15727551,0.15727882,0.15727651,0.15727551,0.15727551,0.21361808
2013-04-23,0.37500003,0.125,0.125,0.125,0.125,0.125
2013-04-24,0.11111111,0.44444445,0.11111111,0.11111111,0.11111111,0.11111111
2013-04-25,0.11111111,0.44444445,0.11111111,0.11111111,0.11111111,0.11111111
2013-04-26,0.37500003,0.125,0.125,0.125,0.125,0.125
2013-04-29,0.090909205,0.090909205,0.090909205,0.090909325,0.5454538,0.09090924
2013-04-30,0.15727551,0.15727882,0.15727651,0.15727551,0.15727551,0.21361808
2013-05-01,0.16639315,0.16639315,0.16639315,0.16761784,0.16639315,0.16680951
2013-05-02,0.09092334,0.09092334,0.09092334,0.090938084,0.54536355,0.09092836
2013-05-03,0.3749419,0.12500489,0.12500489,0.12502734,0.12500489,0.12501612
2013-05-06,0.3749601,0.12500335,0.12500335,0.12501879,0.12500335,0.12501107
2013-05-07,0.37497628,0.125002,0.125002,0.12501116,0.125002,0.12500659
2013-05-08,0.16661936,0.16661936,0.16661936,0.16683106,0.16661936,0.16669148
2013-05-09,0.16664916,0.16664916,0.16664916,0.16672745,0.16664916,0.16667584
2013-05-10,0.11111158,0.44444096,0.11111158,0.11111245,0.11111158,0.11111187
2013-05-13,0.11111139,0.44444233,0.11111139,0.11111192,0.11111139,0.111111574
2013-05-14,0.15727551,0.15727882,0.15727651,0.15727551,0.15727551,0.21361808
2013-05-15,0.37500003,0.125,0.125,0.125,0.125,0.125
2013-05-16,0.16666624,0.16666624,0.16666624,0.16666815,0.16666624,0.1666669
2013-05-17,0.090909086,0.090909086,0.090909086,0.090909086,0.54545456,0.090909086
2013-05-20,0.37500003,0.125,0.125,0.125,0.125,0.125
2013-05-21,0.15727551,0.15727882,0.15727651,0.15727551,0.15727551,0.21361808
2013-05-22,0.15727551,0.15727882,0.15727651,0.15727551,0.15727551,0.21361808
2013-05-23,0.11111111,0.44444445,0.11111111,0.11111111,0.11111111,0.11111111
2013-05-24,0.11111111,0.44444445,0.11111111,0.11111111,0.11111111,0.11111111
2013-05-28,0.15727551,0.15727882,0.15727651,0.15727551,0.15727551,0.21361808
2013-05-29,0.37500003,0.125,0.125,0.125,0.125,0.125
2013-05-30,0.37499982,0.12500001,0.12500001,0.12500009,0.12500001,0.12500006
2013-05-31,0.16664813,0.16664813,0.16664813,0.16673107,0.16664813,0.1666764
2013-06-03,0.37488306,0.1250098,0.1250098,0.12505503,0.12500982,0.12503244
2013-06-04,0.16651629,0.16651629,0.16651629,0.16718945,0.16651629,0.16674541
2013-06-05,0.16654254,0.16654254,0.16654254,0.16709813,0.16654254,0.16673167
2013-06-06,0.11111383,0.4444239,0.11111383,0.111118935,0.11111383,0.11111557
2013-06-07,0.37482595,0.1250146,0.1250146,0.1250819,0.12501462,0.12504825
2013-06-10,0.09091459,0.09091459,0.09091459,0.090920284,0.5454194,0.09091653
2013-06-11,0.15727551,0.15727882,0.15727651,0.15727551,0.15727551,0.21361808
2013-06-12,0.11111135,0.4444427,0.11111135,0.11111179,0.11111135,0.1111115
2013-06-13,0.37499696,0.12500025,0.12500025,0.12500143,0.12500025,0.12500083
2013-06-14,0.16666625,0.16666625,0.16666625,0.1666681,0.16666625,0.1666669
2013-06-17,0.090909086,0.090909086,0.090909086,0.090909086,0.54545456,0.090909086
2013-06-18,0.37500003,0.125,0.125,0.125,0.125,0.125
2013-06-19,0.37500003,0.125,0.125,0.125,0.125,0.125
2013-06-20,0.11111111,0.44444445,0.11111111,0.11111111,0.11111111,0.11111111
2013-06-21,0.16666667,0.16666667,0.16666667,0.16666667,0.16666667,0.16666667
2013-06-24,0.15727551,0.15727882,0.15727651,0.15727551,0.15727551,0.21361808
2013-06-25,0.11111111,0.44444445,0.11111111,0.11111111,0.11111111,0.11111111
2013-06-26,0.090909086,0.090909086,0.090909086,0.090909086,0.54545456,0.090909086
2013-06-27,0.11111111,0.44444445,0.11111111,0.11111111,0.11111111,0.11111111
2013-06-28,0.15727551,0.15727882,0.15727651,0.15727551,0.15727551,0.21361808
2013-07-01,0.16666022,0.16666022,0.16666022,0.16668902,0.16666022,0.16667004
2013-07-02,0.16665323,0.16665323,0.16665323,0.16671336,0.16665323,0.16667372
2013-07-03,0.09090938,0.09090938,0.09090938,0.09090967,0.5454528,0.09090947
2013-07-05,0.37499171,0.12500069,0.12500069,0.12500389,0.12500069,0.1250023
2013-07-08,0.15727551,0.15727882,0.15727651,0.15727551,0.15727551,0.21361808
2013-07-09,0.15727551,0.15727882,0.15727651,0.15727551,0.15727551,0.21361808
2013-07-10,0.09090935,0.09090935,0.09090935,0.09090964,0.5454529,0.09090945
2013-07-11,0.3749988,0.1250001,0.1250001,0.12500055,0.1250001,0.12500031
2013-07-12,0.11111111,0.4444444,0.11111111,0.11111113,0.11111111,0.11111111
2013-07-15,0.15727551,0.15727882,0.15727651,0.15727551,0.15727551,0.21361808
2013-07-16,0.11111111,0.44444445,0.11111111,0.11111111,0.11111111,0.11111111
2013-07-17,0.11111111,0.44444445,0.11111111,0.11111111,0.11111111,0.11111111
2013-07-18,0.15727551,0.15727882,0.15727651,0.15727551,0.15727551,0.21361808
2013-07-19,0.37500003,0.125,0.125,0.125,0.125,0.125
2013-07-22,0.15727551,0.15727882,0.15727651,0.15727551,0.15727551,0.21361808
2013-07-23,0.37500003,0.125,0.125,0.125,0.125,0.125
2013-07-24,0.11111111,0.44444445,0.11111111,0.11111111,0.11111111,0.11111111
2013-07-25,0.11111111,0.44444445,0.11111111,0.11111111,0.11111111,0.11111111
2013-07-26,0.090909086,0.090909086,0.090909086,0.090909086,0.54545456,0.090909086
2013-07-29,0.15727551,0.15727882,0.15727651,0.15727551,0.15727551,0.21361808
2013-07-30,0.15727551,0.15727882,0.15727651,0.15727551,0.15727551,0.21361808
2013-07-31,0.15727551,0.15727882,0.15727651,0.15727551,0.15727551,0.21361808
2013-08-01,0.37499982,0.12500001,0.12500001,0.12500009,0.12500001,0.12500003
2013-08-02,0.15727551,0.15727882,0.15727651,0.15727551,0.15727551,0.21361808
2013-08-05,0.09090923,0.09090923,0.09090923,0.09090938,0.54545367,0.09090928
2013-08-06,0.090909325,0.090909325,0.090909325,0.09090956,0.54545313,0.0909094
2013-08-07,0.16666579,0.16666579,0.16666579,0.16666967,0.16666579,0.16666712
2013-08-08,0.090909325,0.090909325,0.090909325,0.09090957,0.5454531,0.090909414
2013-08-09,0.16666618,0.16666618,0.16666618,0.16666839,0.16666618,0.16666694
2013-08-12,0.37499976,0.12500003,0.12500003,0.12500015,0.12500003,0.12500007
2013-08-13,0.37499997,0.125,0.125,0.12500001,0.125,0.125
2013-08-14,0.11111111,0.44444445,0.11111111,0.11111111,0.11111111,0.11111111
2013-08-15,0.15727551,0.15727882,0.15727651,0.15727551,0.15727551,0.21361808
2013-08-16,0.16666667,0.16666667,0.16666667,0.16666667,0.16666667,0.16666667
2013-08-19,0.16666667,0.16666667,0.16666667,0.16666667,0.16666667,0.16666667
2013-08-20,0.11111111,0.44444445,0.11111111,0.11111111,0.11111111,0.11111111
2013-08-21,0.15727551,0.15727882,0.15727651,0.15727551,0.15727551,0.21361808
2013-08-22,0.16666667,0.16666667,0.16666667,0.16666667,0.16666667,0.16666667
2013-08-23,0.37500003,0.125,0.125,0.125,0.125,0.125
2013-08-26,0.16666667,0.16666667,0.16666667,0.16666667,0.16666667,0.16666667
2013-08-27,0.37500003,0.125,0.125,0.125,0.125,0.125
2013-08-28,0.37500003,0.125,0.125,0.125,0.125,0.125
2013-08-29,0.090909086,0.090909086,0.090909086,0.090909086,0.54545456,0.090909086
2013-08-30,0.16666661,0.16666661,0.16666661,0.16666685,0.16666661,0.16666669
2013-09-03,0.15727551,0.15727882,0.15727651,0.15727551,0.15727551,0.21361808
2013-09-04,0.11111111,0.4444444,0.11111111,0.11111113,0.11111111,0.11111111
2013-09-05,0.09090982,0.09090982,0.09090982,0.09091057,0.54545,0.09091008
2013-09-06,0.090910286,0.090910286,0.090910286,0.09091154,0.5454468,0.09091071
2013-09-09,0.09091044,0.09091044,0.09091044,0.09091182,0.545446,0.09091091
2013-09-10,0.0909109,0.0909109,0.0909109,0.09091276,0.545443,0.09091153
2013-09-11,0.15727551,0.15727882,0.15727651,0.15727551,0.15727551,0.21361808
2013-09-12,0.37499708,0.12500025,0.12500025,0.1250014,0.12500025,0.12500083
2013-09-13,0.16666663,0.16666663,0.16666663,0.1666668,0.16666663,0.1666667
2013-09-16,0.090909116,0.090909116,0.090909116,0.09090913,0.54545444,0.090909116
2013-09-17,0.37499982,0.12500001,0.12500001,0.12500009,0.12500001,0.12500003
2013-09-18,0.11111111,0.44444445,0.11111111,0.11111111,0.11111111,0.11111111
2013-09-19,0.090909086,0.090909086,0.090909086,0.090909086,0.54545456,0.090909086
2013-09-20,0.11111111,0.44444445,0.11111111,0.11111111,0.11111111,0.11111111
2013-09-23,0.37500003,0.125,0.125,0.125,0.125,0.125
2013-09-24,0.16666666,0.16666666,0.16666666,0.1666667,0.16666666,0.16666667
2013-09-25,0.16666666,0.16666666,0.16666666,0.16666675,0.16666666,0.16666669
2013-09-26,0.15727551,0.15727882,0.15727651,0.15727551,0.15727551,0.21361808
2013-09-27,0.090909086,0.090909086,0.090909086,0.090909086,0.54545456,0.090909086
2013-09-30,0.37500003,0.125,0.125,0.125,0.125,0.125
2013-10-01,0.09090921,0.09090921,0.09090921,0.09090934,0.5454538,0.09090925
2013-10-02,0.15727551,0.15727882,0.15727651,0.15727551,0.15727551,0.21361808
2013-10-03,0.16665049,0.16665049,0.16665049,0.16672288,0.16665049,0.16667517
2013-10-04,0.15727551,0.15727882,0.15727651,0.15727551,0.15727551,0.21361808
2013-10-07,0.15727551,0.15727882,0.15727651,0.15727551,0.15727551,0.21361808
2013-10-08,0.16664654,0.16664654,0.16664654,0.16673663,0.16664654,0.16667724
2013-10-09,0.090910785,0.090910785,0.090910785,0.090912536,0.5454437,0.09091139
2013-10-10,0.37499997,0.12500001,0.12500001,0.12500004,0.12500001,0.12500003
2013-10-11,0.09091173,0.09091173,0.09091173,0.090914465,0.5454377,0.09091266
2013-10-14,0.166662,0.166662,0.166662,0.16668291,0.166662,0.16666913
2013-10-15,0.09091809,0.09091809,0.09091809,0.09092739,0.5453971,0.09092125
2013-10-16,0.15727551,0.15727882,0.15727651,0.15727551,0.15727551,0.21361808
2013-10-17,0.16666657,0.16666657,0.16666657,0.16666701,0.16666657,0.16666672
2013-10-18,0.15727551,0.15727882,0.15727651,0.15727551,0.15727551,0.21361808
2013-10-21,0.37500003,0.125,0.125,0.125,0.125,0.125
2013-10-22,0.16666666,0.16666666,0.16666666,0.16666669,0.16666666,0.16666669
2013-10-23,0.15727551,0.15727882,0.15727651,0.15727551,0.15727551,0.21361808
2013-10-24,0.37500003,0.125,0.125,0.125,0.125,0.125
2013-10-25,0.090909086,0.090909086,0.090909086,0.090909086,0.54545456,0.090909086
2013-10-28,0.15727551,0.15727882,0.15727651,0.15727551,0.15727551,0.21361808
2013-10-29,0.1666664,0.1666664,0.1666664,0.16666763,0.1666664,0.16666682
2013-10-30,0.11111124,0.4444434,0.11111124,0.111111484,0.11111124,0.11111131
2013-10-31,0.15727551,0.15727882,0.15727651,0.15727551,0.15727551,0.21361808
2013-11-01,0.3749936,0.12500055,0.12500055,0.12500301,0.12500055,0.12500177
2013-11-04,0.09091196,0.09091196,0.09091196,0.09091493,0.54543626,0.09091296
2013-11-05,0.3749612,0.12500325,0.12500325,0.12501825,0.12500325,0.12501076
2013-11-06,0.3749447,0.12500465,0.12500465,0.12502603,0.12500465,0.12501535
2013-11-07,0.37492356,0.12500642,0.12500642,0.125036,0.12500642,0.12502122
2013-11-08,0.11117653,0.4439536,0.11117653,0.111298636,0.11117653,0.111218125
2013-11-11,0.09091129,0.09091129,0.09091129,0.09091357,0.5454405,0.090912074
2013-11-12,0.37499732,0.12500021,0.12500021,0.12500125,0.12500021,0.12500073
2013-11-13,0.15727551,0.15727882,0.15727651,0.15727551,0.15727551,0.21361808
2013-11-14,0.16666606,0.16666606,0.16666606,0.16666879,0.16666606,0.16666698
2013-11-15,0.37499815,0.12500015,0.12500015,0.12500086,0.12500015,0.1250005
2013-11-18,0.16666646,0.16666646,0.16666646,0.1666674,0.16666646,0.16666678
2013-11-19,0.37499997,0.12500001,0.12500001,0.12500004,0.12500001,0.12500003
2013-11-20,0.37499997,0.125,0.125,0.12500001,0.125,0.12500001
2013-11-21,0.090909086,0.090909086,0.090909086,0.090909086,0.54545456,0.090909086
2013-11-22,0.16666661,0.16666661,0.16666661,0.16666685,0.16666661,0.16666669
2013-11-25,0.16666652,0.16666652,0.16666652,0.16666716,0.16666652,0.16666673
2013-11-26,0.37500003,0.125,0.125,0.125,0.125,0.125
2013-11-27,0.37500003,0.125,0.125,0.125,0.125,0.125
2013-11-29,0.37499997,0.125,0.125,0.12500001,0.125,0.125
2013-12-02,0.09090935,0.09090935,0.09090935,0.0909096,0.54545295,0.09090943
2013-12-03,0.15727551,0.15727882,0.15727651,0.15727551,0.15727551,0.21361808
2013-12-04,0.3749963,0.12500031,0.12500031,0.12500176,0.12500031,0.12500104
2013-12-05,0.15727551,0.15727882,0.15727651,0.15727551,0.15727551,0.21361808
2013-12-06,0.09090929,0.09090929,0.09090929,0.090909496,0.54545325,0.09090935
2013-12-09,0.16663866,0.16663866,0.16663866,0.16676402,0.16663866,0.16668138
2013-12-10,0.111111246,0.4444434,0.111111246,0.111111514,0.111111246,0.11111134
2013-12-11,0.111111164,0.44444406,0.111111164,0.11111125,0.111111164,0.11111119
2013-12-12,0.15727551,0.15727882,0.15727651,0.15727551,0.15727551,0.21361808
2013-12-13,0.37499785,0.12500018,0.12500018,0.125001,0.12500018,0.1250006
2013-12-16,0.15727551,0.15727882,0.15727651,0.15727551,0.15727551,0.21361808
2013-12-17,0.16666535,0.16666535,0.16666535,0.16667125,0.16666535,0.16666736
2013-12-18,0.11111111,0.44444445,0.11111111,0.11111111,0.11111111,0.11111111
2013-12-19,0.11111111,0.44444445,0.11111111,0.11111111,0.11111111,0.11111111
2013-12-20,0.15727551,0.15727882,0.15727651,0.15727551,0.15727551,0.21361808
2013-12-23,0.090909086,0.090909086,0.090909086,0.090909086,0.54545456,0.090909086
2013-12-24,0.090909086,0.090909086,0.090909086,0.090909086,0.54545456,0.090909086
2013-12-26,0.090909086,0.090909086,0.090909086,0.090909086,0.54545456,0.090909086
2013-12-27,0.090909086,0.090909086,0.090909086,0.090909086,0.54545456,0.090909086
2013-12-30,0.09090909,0.09090909,0.09090909,0.090909116,0.54545444,0.09090909
2013-12-31,0.37499997,0.125,0.125,0.12500001,0.125,0.125
2014-01-02,0.15727551,0.15727882,0.15727651,0.15727551,0.15727551,0.21361808
2014-01-03,0.111113116,0.44442946,0.111113116,0.111116834,0.111113116,0.11111439
2014-01-06,0.37496766,0.12500271,0.12500271,0.12501524,0.12500271,0.12500897
2014-01-07,0.15727551,0.15727882,0.15727651,0.15727551,0.15727551,0.21361808
2014-01-08,0.1665958,0.1665958,0.1665958,0.166913,0.1665958,0.16670382
2014-01-09,0.11111313,0.44442937,0.11111313,0.11111688,0.11111313,0.111114405
2014-01-10,0.09090936,0.09090936,0.09090936,0.090909645,0.5454528,0.09090946
2014-01-13,0.09090915,0.09090915,0.09090915,0.09090922,0.5454541,0.090909176
2014-01-14,0.090909086,0.090909086,0.090909086,0.090909086,0.54545456,0.090909086
2014-01-15,0.11111111,0.44444445,0.11111111,0.11111111,0.11111111,0.11111111
2014-01-16,0.37500003,0.125,0.125,0.125,0.125,0.125
2014-01-17,0.090909086,0.090909086,0.090909086,0.090909086,0.54545456,0.090909086
2014-01-21,0.090909086,0.090909086,0.090909086,0.090909086,0.54545456,0.090909086
2014-01-22,0.15727551,0.15727882,0.15727651,0.15727551,0.15727551,0.21361808
2014-01-23,0.15727551,0.15727882,0.15727651,0.15727551,0.15727551,0.21361808
2014-01-24,0.11111111,0.44444445,0.11111111,0.11111111,0.11111111,0.11111111
2014-01-27,0.37500003,0.125,0.125,0.125,0.125,0.125
2014-01-28,0.11111113,0.4444443,0.11111113,0.11111117,0.11111113,0.11111114
2014-01-29,0.090909205,0.090909205,0.090909205,0.090909325,0.5454538,0.09090924
2014-01-30,0.37499875,0.1250001,0.1250001,0.1250006,0.1250001,0.12500034
2014-01-31,0.15727551,0.15727882,0.15727651,0.15727551,0.15727551,0.21361808
2014-02-03,0.11116539,0.44403717,0.11116539,0.11126668,0.11116539,0.111199915
2014-02-04,0.09131598,0.091315985,0.09131598,0.091740504,0.54285115,0.09146043
2014-02-05,0.3746409,0.12503013,0.12503013,0.12516908,0.12503016,0.12509961
2014-02-06,0.11141114,0.44218913,0.11141114,0.11197462,0.11141114,0.11160286
2014-02-07,0.09351219,0.09351225,0.09351219,0.09634543,0.5286496,0.09446827
2014-02-10,0.3749729,0.12500226,0.12500226,0.12501276,0.12500226,0.12500753
2014-02-11,0.374996,0.12500033,0.12500033,0.12500189,0.12500033,0.1250011
2014-02-12,0.090913154,0.090913154,0.090913154,0.09091738,0.5454285,0.09091461
2014-02-13,0.09090934,0.09090934,0.09090934,0.09090959,0.545453,0.09090943
2014-02-14,0.11111111,0.44444445,0.11111111,0.11111111,0.11111111,0.11111111
2014-02-18,0.11111111,0.44444445,0.11111111,0.11111111,0.11111111,0.11111111
2014-02-19,0.11111111,0.44444445,0.11111111,0.11111111,0.11111111,0.11111111
2014-02-20,0.15727551,0.15727882,0.15727651,0.15727551,0.15727551,0.21361808
2014-02-21,0.11111111,0.44444445,0.11111111,0.11111111,0.11111111,0.11111111
2014-02-24,0.090909086,0.090909086,0.090909086,0.090909086,0.54545456,0.090909086
2014-02-25,0.090909086,0.090909086,0.090909086,0.090909086,0.54545456,0.090909086
2014-02-26,0.37500003,0.125,0.125,0.125,0.125,0.125
2014-02-27,0.15727551,0.15727882,0.15727651,0.15727551,0.15727551,0.21361808
2014-02-28,0.15727551,0.15727882,0.15727651,0.15727551,0.15727551,0.21361808
2014-03-03,0.11111139,0.44444227,0.11111139,0.11111193,0.11111139,0.111111574
2014-03-04,0.11111215,0.44443664,0.11111215,0.111114085,0.11111215,0.11111281
2014-03-05,0.3749959,0.12500034,0.12500034,0.12500194,0.12500034,0.12500113
2014-03-06,0.15727551,0.15727882,0.15727651,0.15727551,0.15727551,0.21361808
2014-03-07,0.16665949,0.16665949,0.16665949,0.16669163,0.16665949,0.16667043
2014-03-10,0.15727551,0.15727882,0.15727651,0.15727551,0.15727551,0.21361808
2014-03-11,0.3749989,0.1250001,0.1250001,0.12500055,0.1250001,0.12500033
2014-03-12,0.15727551,0.15727882,0.15727651,0.15727551,0.15727551,0.21361808
2014-03-13,0.37499985,0.12500001,0.12500001,0.12500006,0.12500001,0.12500003
2014-03-14,0.16666663,0.16666663,0.16666663,0.16666682,0.16666663,0.1666667
2014-03-17,0.11111111,0.44444445,0.11111111,0.11111111,0.11111111,0.11111111
2014-03-18,0.15727551,0.15727882,0.15727651,0.15727551,0.15727551,0.21361808
2014-03-19,0.090909086,0.090909086,0.090909086,0.090909086,0.54545456,0.090909086
2014-03-20,0.11111111,0.44444445,0.11111111,0.11111111,0.11111111,0.11111111
2014-03-21,0.16666667,0.16666667,0.16666667,0.16666667,0.16666667,0.16666667
2014-03-24,0.090909086,0.090909086,0.090909086,0.090909086,0.54545456,0.090909086
2014-03-25,0.11111111,0.44444445,0.11111111,0.11111111,0.11111111,0.11111111
2014-03-26,0.16666658,0.16666658,0.16666658,0.16666695,0.16666658,0.1666667
2014-03-27,0.37500003,0.125,0.125,0.125,0.125,0.125
2014-03-28,0.37499973,0.12500001,0.12500001,0.12500013,0.12500001,0.12500009
2014-03-31,0.11111431,0.44442043,0.11111431,0.11112027,0.11111431,0.11111635
2014-04-01,0.15727551,0.15727882,0.15727651,0.15727551,0.15727551,0.21361808
2014-04-02,0.16630238,0.16630238,0.16630238,0.16793387,0.16630238,0.16685659
2014-04-03,0.15727551,0.15727882,0.15727651,0.15727551,0.15727551,0.21361808
2014-04-04,0.16619247,0.16619247,0.16619247,0.16831669,0.16619247,0.16691338
2014-04-07,0.0909315,0.0909315,0.0909315,0.0909547,0.5453114,0.0909394
2014-04-08,0.15727551,0.15727882,0.15727651,0.15727551,0.15727551,0.21361808
2014-04-09,0.3749752,0.12500207,0.12500207,0.12501165,0.12500207,0.12500687
2014-04-10,0.3749913,0.12500073,0.12500073,0.12500407,0.12500073,0.12500238
2014-04-11,0.090909295,0.090909295,0.090909295,0.0909095,0.54545325,0.09090937
2014-04-14,0.15727551,0.15727882,0.15727651,0.15727551,0.15727551,0.21361808
2014-04-15,0.16665854,0.16665854,0.16665854,0.16669494,0.16665854,0.16667093
2014-04-16,0.11111111,0.44444445,0.11111111,0.11111111,0.11111111,0.11111111
2014-04-17,0.11111111,0.44444445,0.11111111,0.11111111,0.11111111,0.11111111
2014-04-21,0.15727551,0.15727882,0.15727651,0.15727551,0.15727551,0.21361808
2014-04-22,0.16666666,0.16666666,0.16666666,0.16666675,0.16666666,0.16666669
2014-04-23,0.090909086,0.090909086,0.090909086,0.090909086,0.54545456,0.090909086
2014-04-24,0.11111111,0.44444445,0.11111111,0.11111111,0.11111111,0.11111111
2014-04-25,0.37500003,0.125,0.125,0.125,0.125,0.125
2014-04-28,0.37500003,0.125,0.125,0.125,0.125,0.125
2014-04-29,0.37500003,0.125,0.125,0.125,0.125,0.125
2014-04-30,0.09090925,0.09090925,0.09090925,0.09090943,0.5454534,0.09090932
2014-05-01,0.11111158,0.44444078,0.11111158,0.1111125,0.11111158,0.11111189
2014-05-02,0.16658372,0.16658372,0.16658372,0.16695501,0.16658372,0.16671017
2014-05-05,0.09091333,0.09091333,0.09091333,0.09091772,0.5454275,0.09091483
2014-05-06,0.11111297,0.4444305,0.11111297,0.111116424,0.11111297,0.111114144
2014-05-07,0.16654073,0.16654073,0.16654073,0.16710444,0.16654073,0.16673262
2014-05-08,0.090911455,0.090911455,0.090911455,0.0909139,0.5454395,0.09091229
2014-05-09,0.16663481,0.16663481,0.16663481,0.16677734,0.16663481,0.16668338
2014-05-12,0.1111117,0.44444,0.1111117,0.111112796,0.1111117,0.11111207
2014-05-13,0.16666104,0.16666104,0.16666104,0.16668624,0.16666104,0.1666696
2014-05-14,0.090909116,0.090909116,0.090909116,0.09090913,0.54545444,0.09090913
2014-05-15,0.1666664,0.1666664,0.1666664,0.16666757,0.1666664,0.1666668
2014-05-16,0.16666661,0.16666661,0.16666661,0.16666682,0.16666661,0.1666667
2014-05-19,0.15727551,0.15727882,0.15727651,0.15727551,0.15727551,0.21361808
2014-05-20,0.11111111,0.44444445,0.11111111,0.11111111,0.11111111,0.11111111
2014-05-21,0.15727551,0.15727882,0.15727651,0.15727551,0.15727551,0.21361808
2014-05-22,0.15727551,0.15727882,0.15727651,0.15727551,0.15727551,0.21361808
2014-05-23,0.15727551,0.15727882,0.15727651,0.15727551,0.15727551,0.21361808
2014-05-27,0.090909086,0.090909086,0.090909086,0.090909086,0.54545456,0.090909086
2014-05-28,0.090909086,0.090909086,0.090909086,0.090909086,0.54545456,0.090909086
2014-05-29,0.15727551,0.15727882,0.15727651,0.15727551,0.15727551,0.21361808
2014-05-30,0.090909116,0.090909116,0.090909116,0.09090913,0.54545444,0.09090913
2014-06-02,0.15727551,0.15727882,0.15727651,0.15727551,0.15727551,0.21361808
2014-06-03,0.15727551,0.15727882,0.15727651,0.15727551,0.15727551,0.21361808
2014-06-04,0.15727551,0.15727882,0.15727651,0.15727551,0.15727551,0.21361808
2014-06-05,0.15727551,0.15727882,0.15727651,0.15727551,0.15727551,0.21361808
2014-06-06,0.37499648,0.12500028,0.12500028,0.12500167,0.12500028,0.12500097
2014-06-09,0.37499785,0.12500018,0.12500018,0.125001,0.12500018,0.1250006
2014-06-10,0.11111255,0.4444336,0.11111255,0.11111524,0.11111255,0.11111347
2014-06-11,0.3749997,0.12500001,0.12500001,0.12500015,0.12500001,0.12500009
2014-06-12,0.111111216,0.44444358,0.111111216,0.11111142,0.111111216,0.11111128
2014-06-13,0.15727551,0.15727882,0.15727651,0.15727551,0.15727551,0.21361808
2014-06-16,0.11111111,0.44444445,0.11111111,0.11111111,0.11111111,0.11111111
2014-06-17,0.16666618,0.16666618,0.16666618,0.16666837,0.16666618,0.16666692
2014-06-18,0.16666654,0.16666654,0.16666654,0.16666712,0.16666654,0.16666672
2014-06-19,0.15727551,0.15727882,0.15727651,0.15727551,0.15727551,0.21361808
2014-06-20,0.37500003,0.125,0.125,0.125,0.125,0.125
2014-06-23,0.090909086,0.090909086,0.090909086,0.090909086,0.54545456,0.090909086
2014-06-24,0.15727551,0.15727882,0.15727651,0.15727551,0.15727551,0.21361808
2014-06-25,0.37500003,0.125,0.125,0.125,0.125,0.125
2014-06-26,0.16666664,0.16666664,0.16666664,0.16666672,0.16666664,0.16666667
2014-06-27,0.37500003,0.125,0.125,0.125,0.125,0.125
2014-06-30,0.11111111,0.4444444,0.11111111,0.11111113,0.11111111,0.11111111
2014-07-01,0.16666551,0.16666551,0.16666551,0.16667067,0.16666551,0.16666725
2014-07-02,0.111111164,0.44444403,0.111111164,0.11111127,0.111111164,0.1111112
2014-07-03,0.3749996,0.12500001,0.12500001,0.12500016,0.12500001,0.1250001
2014-07-07,0.09090913,0.09090913,0.09090913,0.09090918,0.5454542,0.09090915
2014-07-08,0.09090912,0.09090912,0.09090912,0.090909146,0.5454544,0.09090912
2014-07-09,0.37499982,0.12500001,0.12500001,0.1250001,0.12500001,0.12500006
2014-07-10,0.11111113,0.44444436,0.11111113,0.11111116,0.11111113,0.11111114
2014-07-11,0.090909086,0.090909086,0.090909086,0.090909086,0.54545456,0.090909086
2014-07-14,0.37500003,0.125,0.125,0.125,0.125,0.125
2014-07-15,0.090909086,0.090909086,0.090909086,0.090909086,0.54545456,0.090909086
2014-07-16,0.16666667,0.16666667,0.16666667,0.16666667,0.16666667,0.16666667
2014-07-17,0.15727551,0.15727882,0.15727651,0.15727551,0.15727551,0.21361808
2014-07-18,0.15727551,0.15727882,0.15727651,0.15727551,0.15727551,0.21361808
2014-07-21,0.37500003,0.125,0.125,0.125,0.125,0.125
2014-07-22,0.37500003,0.125,0.125,0.125,0.125,0.125
2014-07-23,0.11111111,0.44444445,0.11111111,0.11111111,0.11111111,0.11111111
2014-07-24,0.37500003,0.125,0.125,0.125,0.125,0.125
2014-07-25,0.16666667,0.16666667,0.16666667,0.16666667,0.16666667,0.16666667
2014-07-28,0.16666667,0.16666667,0.16666667,0.16666667,0.16666667,0.16666667
2014-07-29,0.16666666,0.16666666,0.16666666,0.16666675,0.16666666,0.16666669
2014-07-30,0.15727551,0.15727882,0.15727651,0.15727551,0.15727551,0.21361808
2014-07-31,0.1666657,0.1666657,0.1666657,0.16667002,0.1666657,0.16666718
2014-08-01,0.09090915,0.09090915,0.09090915,0.09090922,0.5454541,0.090909176
2014-08-04,0.15727551,0.15727882,0.15727651,0.15727551,0.15727551,0.21361808
2014-08-05,0.37499866,0.1250001,0.1250001,0.12500064,0.1250001,0.12500037
2014-08-06,0.090909325,0.090909325,0.090909325,0.09090956,0.54545313,0.0909094
2014-08-07,0.0909094,0.0909094,0.0909094,0.09090973,0.5454526,0.09090951
2014-08-08,0.15727551,0.15727882,0.15727651,0.15727551,0.15727551,0.21361808
2014-08-11,0.37499982,0.12500001,0.12500001,0.12500009,0.12500001,0.12500006
2014-08-12,0.37499997,0.125,0.125,0.12500001,0.125,0.125
2014-08-13,0.090909086,0.090909086,0.090909086,0.090909086,0.54545456,0.090909086
2014-08-14,0.11111111,0.44444445,0.11111111,0.11111111,0.11111111,0.11111111
2014-08-15,0.15727551,0.15727882,0.15727651,0.15727551,0.15727551,0.21361808
2014-08-18,0.15727551,0.15727882,0.15727651,0.15727551,0.15727551,0.21361808
2014-08-19,0.16666667,0.16666667,0.16666667,0.16666667,0.16666667,0.16666667
2014-08-20,0.16666667,0.16666667,0.16666667,0.16666667,0.16666667,0.16666667
2014-08-21,0.37500003,0.125,0.125,0.125,0.125,0.125
2014-08-22,0.37500003,0.125,0.125,0.125,0.125,0.125
2014-08-25,0.11111111,0.44444445,0.11111111,0.11111111,0.11111111,0.11111111
2014-08-26,0.15727551,0.15727882,0.15727651,0.15727551,0.15727551,0.21361808
2014-08-27,0.090909086,0.090909086,0.090909086,0.090909086,0.54545456,0.090909086
2014-08-28,0.15727551,0.15727882,0.15727651,0.15727551,0.15727551,0.21361808
2014-08-29,0.11111111,0.44444445,0.11111111,0.11111111,0.11111111,0.11111111
2014-09-02,0.37499997,0.125,0.125,0.12500001,0.125,0.125
2014-09-03,0.37499997,0.125,0.125,0.12500001,0.125,0.12500001
2014-09-04,0.15727551,0.15727882,0.15727651,0.15727551,0.15727551,0.21361808
2014-09-05,0.09090909,0.09090909,0.09090909,0.090909116,0.54545444,0.09090909
2014-09-08,0.37499973,0.12500001,0.12500001,0.12500013,0.12500001,0.12500009
2014-09-09,0.15727551,0.15727882,0.15727651,0.15727551,0.15727551,0.21361808
2014-09-10,0.37499997,0.125,0.125,0.12500001,0.125,0.12500001
2014-09-11,0.37500003,0.125,0.125,0.125,0.125,0.125
2014-09-12,0.11111113,0.44444436,0.11111113,0.11111114,0.11111113,0.11111113
2014-09-15,0.37500003,0.125,0.125,0.125,0.125,0.125
2014-09-16,0.16666588,0.16666588,0.16666588,0.16666943,0.16666588,0.16666709
2014-09-17,0.11111111,0.44444445,0.11111111,0.11111111,0.11111111,0.11111111
2014-09-18,0.11111111,0.44444445,0.11111111,0.11111111,0.11111111,0.11111111
2014-09-19,0.37500003,0.125,0.125,0.125,0.125,0.125
2014-09-22,0.11111111,0.44444445,0.11111111,0.11111111,0.11111111,0.11111111
2014-09-23,0.090909086,0.090909086,0.090909086,0.090909086,0.54545456,0.090909086
2014-09-24,0.11111111,0.44444445,0.11111111,0.11111111,0.11111111,0.11111111
2014-09-25,0.090909086,0.090909086,0.090909086,0.090909086,0.54545456,0.090909086
2014-09-26,0.11111111,0.44444445,0.11111111,0.11111111,0.11111111,0.11111111
2014-09-29,0.16666628,0.16666628,0.16666628,0.16666797,0.16666628,0.16666685
2014-09-30,0.16666462,0.16666462,0.16666462,0.16667381,0.16666462,0.16666773
2014-10-01,0.16665639,0.16665639,0.16665639,0.16670236,0.16665639,0.16667205
2014-10-02,0.111111544,0.44444123,0.111111544,0.11111235,0.111111544,0.11111182
2014-10-03,0.3749818,0.12500153,0.12500153,0.1250086,0.12500153,0.12500507
2014-10-06,0.15727551,0.15727882,0.15727651,0.15727551,0.15727551,0.21361808
2014-10-07,0.11111305,0.44442993,0.11111305,0.11111666,0.11111305,0.11111428
2014-10-08,0.16661759,0.16661759,0.16661759,0.16683723,0.16661759,0.1666924
2014-10-09,0.16664036,0.16664036,0.16664036,0.1667581,0.16664036,0.16668047
2014-10-10,0.37499988,0.12500001,0.12500001,0.12500004,0.12500001,0.12500003
2014-10-13,0.16665143,0.16665143,0.16665143,0.16671962,0.16665143,0.16667466
2014-10-14,0.11111367,0.44442528,0.11111367,0.11111843,0.11111367,0.111115284
2014-10-15,0.090909086,0.090909086,0.090909086,0.090909086,0.54545456,0.090909086
2014-10-16,0.090909086,0.090909086,0.090909086,0.090909086,0.54545456,0.090909086
2014-10-17,0.090909086,0.090909086,0.090909086,0.090909086,0.54545456,0.090909086
2014-10-20,0.11111111,0.44444445,0.11111111,0.11111111,0.11111111,0.11111111
2014-10-21,0.11111111,0.44444445,0.11111111,0.11111111,0.11111111,0.11111111
2014-10-22,0.16666667,0.16666667,0.16666667,0.16666667,0.16666667,0.16666667
2014-10-23,0.15727551,0.15727882,0.15727651,0.15727551,0.15727551,0.21361808
2014-10-24,0.16666666,0.16666666,0.16666666,0.16666669,0.16666666,0.16666669
2014-10-27,0.15727551,0.15727882,0.15727651,0.15727551,0.15727551,0.21361808
2014-10-28,0.11111111,0.4444444,0.11111111,0.11111113,0.11111111,0.11111111
2014-10-29,0.16666625,0.16666625,0.16666625,0.16666812,0.16666625,0.1666669
2014-10-30,0.37499976,0.12500001,0.12500001,0.12500012,0.12500001,0.12500006
2014-10-31,0.1111169,0.44440112,0.1111169,0.11112767,0.1111169,0.11112057
2014-11-03,0.090911426,0.090911426,0.090911426,0.090913825,0.54543966,0.09091224
2014-11-04,0.3748858,0.12500958,0.12500958,0.12505373,0.12500958,0.12503166
2014-11-05,0.1664562,0.1664562,0.1664562,0.16739845,0.1664562,0.16677673
2014-11-06,0.090912625,0.090912625,0.090912625,0.09091629,0.545432,0.09091388
2014-11-07,0.09091136,0.09091136,0.09091136,0.09091373,0.54543996,0.09091216
2014-11-10,0.09090989,0.09090989,0.09090989,0.09091072,0.54544944,0.09091017
2014-11-11,0.37490422,0.12500803,0.12500803,0.12504505,0.12500805,0.12502655
2014-11-12,0.111122265,0.44436082,0.111122265,0.11114303,0.111122265,0.11112932
2014-11-13,0.1662977,0.1662977,0.1662977,0.16795018,0.1662977,0.16685902
2014-11-14,0.090909086,0.090909086,0.090909086,0.090909086,0.54545456,0.090909086
2014-11-17,0.15727551,0.15727882,0.15727651,0.15727551,0.15727551,0.21361808
2014-11-18,0.15727551,0.15727882,0.15727651,0.15727551,0.15727551,0.21361808
2014-11-19,0.16666338,0.16666338,0.16666338,0.16667813,0.16666338,0.16666839
2014-11-20,0.16666627,0.16666627,0.16666627,0.16666806,0.16666627,0.16666688
2014-11-21,0.37500003,0.125,0.125,0.125,0.125,0.125
2014-11-24,0.37500003,0.125,0.125,0.125,0.125,0.125
2014-11-25,0.111111194,0.44444397,0.111111194,0.11111131,0.111111194,0.11111123
2014-11-26,0.15727551,0.15727882,0.15727651,0.15727551,0.15727551,0.21361808
2014-11-28,0.11111151,0.44444144,0.11111151,0.11111227,0.11111151,0.11111176
2014-12-01,0.16666552,0.16666552,0.16666552,0.16667062,0.16666552,0.16666725
2014-12-02,0.16666342,0.16666342,0.16666342,0.16667794,0.16666342,0.16666837
2014-12-03,0.15727551,0.15727882,0.15727651,0.15727551,0.15727551,0.21361808
2014-12-04,0.15727551,0.15727882,0.15727651,0.15727551,0.15727551,0.21361808
2014-12-05,0.09090913,0.09090913,0.09090913,0.09090918,0.5454542,0.09090915
2014-12-08,0.1666654,0.1666654,0.1666654,0.1666711,0.1666654,0.16666734
2014-12-09,0.11111274,0.4444321,0.11111274,0.1111158,0.11111274,0.11111379
2014-12-10,0.11111467,0.4444178,0.11111467,0.1111213,0.11111467,0.11111694
2014-12-11,0.15727551,0.15727882,0.15727651,0.15727551,0.15727551,0.21361808
2014-12-12,0.090909086,0.090909086,0.090909086,0.090909086,0.54545456,0.090909086
2014-12-15,0.16666657,0.16666657,0.16666657,0.16666701,0.16666657,0.16666672
2014-12-16,0.11112101,0.44437024,0.11112101,0.11113947,0.11112101,0.11112731
2014-12-17,0.37500003,0.125,0.125,0.125,0.125,0.125
2014-12-18,0.11111175,0.44443965,0.11111175,0.111112945,0.11111175,0.11111216
2014-12-19,0.1111112,0.4444438,0.1111112,0.11111136,0.1111112,0.11111125
2014-12-22,0.11111123,0.44444358,0.11111123,0.11111144,0.11111123,0.1111113
2014-12-23,0.15727551,0.15727882,0.15727651,0.15727551,0.15727551,0.21361808
2014-12-24,0.090909086,0.090909086,0.090909086,0.090909086,0.54545456,0.090909086
2014-12-26,0.15727551,0.15727882,0.15727651,0.15727551,0.15727551,0.21361808
2014-12-29,0.11111125,0.44444332,0.11111125,0.11111153,0.11111125,0.11111134
2014-12-30,0.15727551,0.15727882,0.15727651,0.15727551,0.15727551,0.21361808
2014-12-31,0.11111848,0.44438916,0.11111848,0.111132205,0.11111848,0.11112315
2015-01-02,0.1111475,0.44417155,0.1111475,0.11121536,0.1111475,0.11117063
2015-01-05,0.37495562,0.12500373,0.12500373,0.12502089,0.12500373,0.12501231
2015-01-06,0.16660024,0.16660024,0.16660024,0.16689754,0.16660024,0.16670151
2015-01-07,0.37473246,0.12502246,0.12502246,0.12512597,0.12502249,0.12507422
2015-01-08,0.16657545,0.16657545,0.16657545,0.16698368,0.16657545,0.16671446
2015-01-09,0.111275285,0.44321173,0.111275285,0.111582495,0.111275285,0.11137989
2015-01-12,0.16665184,0.16665184,0.16665184,0.16671813,0.16665184,0.16667442
2015-01-13,0.37499988,0.12500001,0.12500001,0.12500004,0.12500001,0.12500001
2015-01-14,0.090909086,0.090909086,0.090909086,0.090909086,0.54545456,0.090909086
2015-01-15,0.111112185,0.44443643,0.111112185,0.11111417,0.111112185,0.111112855
2015-01-16,0.37500003,0.125,0.125,0.125,0.125,0.125
2015-01-20,0.11111113,0.4444443,0.11111113,0.11111117,0.11111113,0.11111114
2015-01-21,0.16666667,0.16666667,0.16666667,0.16666667,0.16666667,0.16666667
2015-01-22,0.15727551,0.15727882,0.15727651,0.15727551,0.15727551,0.21361808
2015-01-23,0.090909086,0.090909086,0.090909086,0.090909086,0.54545456,0.090909086
2015-01-26,0.16666667,0.16666667,0.16666667,0.16666667,0.16666667,0.16666667
2015-01-27,0.37500003,0.125,0.125,0.125,0.125,0.125
2015-01-28,0.09090909,0.09090909,0.09090909,0.090909116,0.54545444,0.09090909
2015-01-29,0.11112314,0.44435424,0.11112314,0.111145556,0.11112314,0.11113079
2015-01-30,0.37499925,0.12500006,0.12500006,0.12500034,0.12500006,0.12500021
2015-02-02,0.11162167,0.44059953,0.11162167,0.11258603,0.11162167,0.11194939
2015-02-03,0.11232415,0.43525293,0.11232415,0.114659846,0.11232416,0.11311475
2015-02-04,0.3749596,0.12500341,0.12500341,0.12501904,0.12500341,0.12501124
2015-02-05,0.37495238,0.125004,0.125004,0.12502243,0.125004,0.1250132
2015-02-06,0.16663061,0.16663061,0.16663061,0.16679198,0.16663061,0.16668558
2015-02-09,0.09092934,0.09092934,0.09092934,0.0909503,0.5453252,0.090936475
2015-02-10,0.11158816,0.440853,0.11158816,0.11248839,0.11158816,0.11189414
2015-02-11,0.15727551,0.15727882,0.15727651,0.15727551,0.15727551,0.21361808
2015-02-12,0.15727551,0.15727882,0.15727651,0.15727551,0.15727551,0.21361808
2015-02-13,0.37500003,0.125,0.125,0.125,0.125,0.125
2015-02-17,0.111111194,0.44444382,0.111111194,0.11111136,0.111111194,0.111111246
2015-02-18,0.15727551,0.15727882,0.15727651,0.15727551,0.15727551,0.21361808
2015-02-19,0.16666664,0.16666664,0.16666664,0.1666668,0.16666664,0.16666669
2015-02-20,0.090909086,0.090909086,0.090909086,0.090909086,0.54545456,0.090909086
2015-02-23,0.11111111,0.44444445,0.11111111,0.11111111,0.11111111,0.11111111
2015-02-24,0.15727551,0.15727882,0.15727651,0.15727551,0.15727551,0.21361808
2015-02-25,0.15727551,0.15727882,0.15727651,0.15727551,0.15727551,0.21361808
2015-02-26,0.16666482,0.16666482,0.16666482,0.16667308,0.16666482,0.16666764
2015-02-27,0.37499976,0.12500001,0.12500001,0.1250001,0.12500001,0.12500006
2015-03-02,0.11111279,0.4444318,0.11111279,0.11111592,0.11111279,0.11111386
2015-03-03,0.16662173,0.16662173,0.16662173,0.16682284,0.16662173,0.16669025
2015-03-04,0.11111504,0.44441506,0.11111504,0.11112235,0.11111504,0.11111753
2015-03-05,0.16662723,0.16662723,0.16662723,0.16680375,0.16662723,0.16668735
2015-03-06,0.16663247,0.16663247,0.16663247,0.16678554,0.16663247,0.16668463
2015-03-09,0.11111305,0.44442993,0.11111305,0.11111665,0.11111305,0.11111428
2015-03-10,0.090909116,0.090909116,0.090909116,0.09090913,0.54545444,0.09090913
2015-03-11,0.16662754,0.16662754,0.16662754,0.16680263,0.16662754,0.16668719
2015-03-12,0.090909086,0.090909086,0.090909086,0.090909086,0.54545456,0.090909086
2015-03-13,0.090909086,0.090909086,0.090909086,0.090909086,0.54545456,0.090909086
2015-03-16,0.111112066,0.4444373,0.111112066,0.11111384,0.111112066,0.11111267
2015-03-17,0.37500003,0.125,0.125,0.125,0.125,0.125
2015-03-18,0.090909086,0.090909086,0.090909086,0.090909086,0.54545456,0.090909086
2015-03-19,0.15727551,0.15727882,0.15727651,0.15727551,0.15727551,0.21361808
2015-03-20,0.1666658,0.1666658,0.1666658,0.16666965,0.1666658,0.16666712
2015-03-23,0.090909086,0.090909086,0.090909086,0.090909086,0.54545456,0.090909086
2015-03-24,0.090909086,0.090909086,0.090909086,0.090909086,0.54545456,0.090909086
2015-03-25,0.11111147,0.44444177,0.11111147,0.11111213,0.11111147,0.1111117
2015-03-26,0.09090909,0.09090909,0.09090909,0.090909116,0.54545444,0.09090909
2015-03-27,0.37500003,0.125,0.125,0.125,0.125,0.125
2015-03-30,0.15727551,0.15727882,0.15727651,0.15727551,0.15727551,0.21361808
2015-03-31,0.16658635,0.16658635,0.16658635,0.16694583,0.16658635,0.16670878
2015-04-01,0.16649385,0.16649385,0.16649385,0.16726749,0.16649385,0.1667571
2015-04-02,0.15727551,0.15727882,0.15727651,0.15727551,0.15727551,0.21361808
2015-04-06,0.15727551,0.15727882,0.15727651,0.15727551,0.15727551,0.21361808
2015-04-07,0.37492812,0.12500602,0.12500602,0.12503383,0.12500602,0.12501994
2015-04-08,0.090928085,0.090928085,0.090928085,0.09094776,0.54533315,0.0909348
2015-04-09,0.16662869,0.16662869,0.16662869,0.16679867,0.16662869,0.1666866
2015-04-10,0.16664815,0.16664815,0.16664815,0.166731,0.16664815,0.16667639
2015-04-13,0.09090957,0.09090957,0.09090957,0.09091008,0.5454514,0.09090975
2015-04-14,0.16666308,0.16666308,0.16666308,0.16667913,0.16666308,0.16666856
2015-04-15,0.16666606,0.16666606,0.16666606,0.16666874,0.16666606,0.16666698
2015-04-16,0.37500003,0.125,0.125,0.125,0.125,0.125
2015-04-17,0.090909086,0.090909086,0.090909086,0.090909086,0.54545456,0.090909086
2015-04-20,0.37500003,0.125,0.125,0.125,0.125,0.125
2015-04-21,0.090909086,0.090909086,0.090909086,0.090909086,0.54545456,0.090909086
2015-04-22,0.11111111,0.44444445,0.11111111,0.11111111,0.11111111,0.11111111
2015-04-23,0.090909086,0.090909086,0.090909086,0.090909086,0.54545456,0.090909086
2015-04-24,0.11111111,0.44444445,0.11111111,0.11111111,0.11111111,0.11111111
2015-04-27,0.15727551,0.15727882,0.15727651,0.15727551,0.15727551,0.21361808
2015-04-28,0.15727551,0.15727882,0.15727651,0.15727551,0.15727551,0.21361808
2015-04-29,0.15727551,0.15727882,0.15727651,0.15727551,0.15727551,0.21361808
2015-04-30,0.111113,0.44443032,0.111113,0.111116506,0.111113,0.11111419
2015-05-01,0.15727551,0.15727882,0.15727651,0.15727551,0.15727551,0.21361808
2015-05-04,0.37494105,0.12500495,0.12500495,0.12502773,0.12500495,0.12501635
2015-05-05,0.15727551,0.15727882,0.15727651,0.15727551,0.15727551,0.21361808
2015-05-06,0.37492755,0.1250061,0.1250061,0.12503411,0.1250061,0.1250201
2015-05-07,0.111146584,0.44417846,0.111146584,0.11121269,0.111146584,0.1111691
2015-05-08,0.15727551,0.15727882,0.15727651,0.15727551,0.15727551,0.21361808
2015-05-11,0.111131795,0.44428933,0.111131795,0.11117035,0.111131795,0.111144945
2015-05-12,0.374999,0.12500009,0.12500009,0.12500049,0.12500009,0.12500028
2015-05-13,0.15727551,0.15727882,0.15727651,0.15727551,0.15727551,0.21361808
2015-05-14,0.37500003,0.125,0.125,0.125,0.125,0.125
2015-05-15,0.37500003,0.125,0.125,0.125,0.125,0.125
2015-05-18,0.11111111,0.44444445,0.11111111,0.11111111,0.11111111,0.11111111
2015-05-19,0.37500003,0.125,0.125,0.125,0.125,0.125
2015-05-20,0.37500003,0.125,0.125,0.125,0.125,0.125
2015-05-21,0.16666664,0.16666664,0.16666664,0.1666667,0.16666664,0.16666667
2015-05-22,0.11111111,0.44444445,0.11111111,0.11111111,0.11111111,0.11111111
2015-05-26,0.11111111,0.44444445,0.11111111,0.11111111,0.11111111,0.11111111
2015-05-27,0.37500003,0.125,0.125,0.125,0.125,0.125
2015-05-28,0.090909086,0.090909086,0.090909086,0.090909086,0.54545456,0.090909086
2015-05-29,0.16666608,0.16666608,0.16666608,0.16666871,0.16666608,0.16666698
2015-06-01,0.11111216,0.44443664,0.11111216,0.11111412,0.11111216,0.111112826
2015-06-02,0.09090922,0.09090922,0.09090922,0.09090937,0.5454537,0.09090927
2015-06-03,0.09090921,0.09090921,0.09090921,0.09090934,0.5454538,0.09090925
2015-06-04,0.09090921,0.09090921,0.09090921,0.09090934,0.5454538,0.09090925
2015-06-05,0.37499708,0.12500024,0.12500024,0.1250014,0.12500024,0.1250008
2015-06-08,0.37499812,0.12500016,0.12500016,0.12500091,0.12500016,0.12500055
2015-06-09,0.37499875,0.1250001,0.1250001,0.12500063,0.1250001,0.12500037
2015-06-10,0.37499985,0.12500001,0.12500001,0.12500007,0.12500001,0.12500003
2015-06-11,0.15727551,0.15727882,0.15727651,0.15727551,0.15727551,0.21361808
2015-06-12,0.15727551,0.15727882,0.15727651,0.15727551,0.15727551,0.21361808
2015-06-15,0.090909086,0.090909086,0.090909086,0.090909086,0.54545456,0.090909086
2015-06-16,0.090909086,0.090909086,0.090909086,0.090909086,0.54545456,0.090909086
2015-06-17,0.111111164,0.44444412,0.111111164,0.11111124,0.111111164,0.11111119
2015-06-18,0.16666655,0.16666655,0.16666655,0.16666704,0.16666655,0.16666672
2015-06-19,0.090909086,0.090909086,0.090909086,0.090909086,0.54545456,0.090909086
2015-06-22,0.16666664,0.16666664,0.16666664,0.16666679,0.16666664,0.16666667
2015-06-23,0.16666664,0.16666664,0.16666664,0.1666668,0.16666664,0.16666669
2015-06-24,0.090909086,0.090909086,0.090909086,0.090909086,0.54545456,0.090909086
2015-06-25,0.090909086,0.090909086,0.090909086,0.090909086,0.54545456,0.090909086
2015-06-26,0.16666663,0.16666663,0.16666663,0.16666688,0.16666663,0.1666667
2015-06-29,0.090909086,0.090909086,0.090909086,0.090909086,0.54545456,0.090909086
2015-06-30,0.15727551,0.15727882,0.15727651,0.15727551,0.15727551,0.21361808
2015-07-01,0.37499878,0.1250001,0.1250001,0.12500055,0.1250001,0.12500033
2015-07-02,0.11111288,0.44443116,0.11111288,0.11111618,0.11111288,0.111114
2015-07-06,0.15727551,0.15727882,0.15727651,0.15727551,0.15727551,0.21361808
2015-07-07,0.37499171,0.12500069,0.12500069,0.12500389,0.12500069,0.12500228
2015-07-08,0.37499332,0.12500057,0.12500057,0.12500316,0.12500057,0.12500186
2015-07-09,0.16665702,0.16665702,0.16665702,0.16670026,0.16665702,0.16667175
2015-07-10,0.09090909,0.09090909,0.09090909,0.090909116,0.54545444,0.09090909
2015-07-13,0.1666575,0.1666575,0.1666575,0.16669853,0.1666575,0.16667148
2015-07-14,0.15727551,0.15727882,0.15727651,0.15727551,0.15727551,0.21361808
2015-07-15,0.15727551,0.15727882,0.15727651,0.15727551,0.15727551,0.21361808
2015-07-16,0.090909086,0.090909086,0.090909086,0.090909086,0.54545456,0.090909086
2015-07-17,0.11111111,0.44444445,0.11111111,0.11111111,0.11111111,0.11111111
2015-07-20,0.37500003,0.125,0.125,0.125,0.125,0.125
2015-07-21,0.16666667,0.16666667,0.16666667,0.16666667,0.16666667,0.16666667
2015-07-22,0.37500003,0.125,0.125,0.125,0.125,0.125
2015-07-23,0.15727551,0.15727882,0.15727651,0.15727551,0.15727551,0.21361808
2015-07-24,0.090909086,0.090909086,0.090909086,0.090909086,0.54545456,0.090909086
2015-07-27,0.11111111,0.44444445,0.11111111,0.11111111,0.11111111,0.11111111
2015-07-28,0.11111111,0.44444445,0.11111111,0.11111111,0.11111111,0.11111111
2015-07-29,0.11111111,0.4444444,0.11111111,0.11111113,0.11111111,0.11111111
2015-07-30,0.37500003,0.125,0.125,0.125,0.125,0.125
2015-07-31,0.37499997,0.125,0.125,0.12500001,0.125,0.125
2015-08-03,0.11111348,0.44442675,0.11111348,0.11111789,0.11111348,0.11111498
2015-08-04,0.15727551,0.15727882,0.15727651,0.15727551,0.15727551,0.21361808
2015-08-05,0.090909205,0.090909205,0.090909205,0.090909325,0.5454538,0.09090924
2015-08-06,0.15727551,0.15727882,0.15727651,0.15727551,0.15727551,0.21361808
2015-08-07,0.1111482,0.44416624,0.1111482,0.111217365,0.1111482,0.111171775
2015-08-10,0.09090918,0.09090918,0.09090918,0.09090928,0.54545397,0.09090923
2015-08-11,0.15727551,0.15727882,0.15727651,0.15727551,0.15727551,0.21361808
2015-08-12,0.37500003,0.125,0.125,0.125,0.125,0.125
2015-08-13,0.37500003,0.125,0.125,0.125,0.125,0.125
2015-08-14,0.16666359,0.16666359,0.16666359,0.16667737,0.16666359,0.1666683
2015-08-17,0.090909086,0.090909086,0.090909086,0.090909086,0.54545456,0.090909086
2015-08-18,0.090909086,0.090909086,0.090909086,0.090909086,0.54545456,0.090909086
2015-08-19,0.15727551,0.15727882,0.15727651,0.15727551,0.15727551,0.21361808
2015-08-20,0.090909086,0.090909086,0.090909086,0.090909086,0.54545456,0.090909086
2015-08-21,0.11111111,0.4444444,0.11111111,0.11111113,0.11111111,0.11111111
2015-08-24,0.15727551,0.15727882,0.15727651,0.15727551,0.15727551,0.21361808
2015-08-25,0.16666667,0.16666667,0.16666667,0.16666667,0.16666667,0.16666667
2015-08-26,0.16666666,0.16666666,0.16666666,0.16666669,0.16666666,0.16666669
2015-08-27,0.15727551,0.15727882,0.15727651,0.15727551,0.15727551,0.21361808
2015-08-28,0.11111115,0.44444415,0.11111115,0.111111216,0.11111115,0.11111117
2015-08-31,0.16666622,0.16666622,0.16666622,0.16666819,0.16666622,0.1666669
2015-09-01,0.16666514,0.16666514,0.16666514,0.16667202,0.16666514,0.16666748
2015-09-02,0.15727551,0.15727882,0.15727651,0.15727551,0.15727551,0.21361808
2015-09-03,0.16666172,0.16666172,0.16666172,0.16668382,0.16666172,0.16666925
2015-09-04,0.09090963,0.09090963,0.09090963,0.09091019,0.54545105,0.090909824
2015-09-08,0.37499288,0.1250006,0.1250006,0.12500337,0.1250006,0.12500198
2015-09-09,0.11111222,0.4444361,0.11111222,0.111114286,0.11111222,0.11111292
2015-09-10,0.11111167,0.44444022,0.11111167,0.111112714,0.11111167,0.11111203
2015-09-11,0.37499997,0.125,0.125,0.12500001,0.125,0.125
2015-09-14,0.09090909,0.09090909,0.09090909,0.090909116,0.54545444,0.09090909
2015-09-15,0.11111113,0.4444443,0.11111113,0.11111117,0.11111113,0.11111114
2015-09-16,0.11111113,0.4444443,0.11111113,0.11111117,0.11111113,0.11111114
2015-09-17,0.090909086,0.090909086,0.090909086,0.090909086,0.54545456,0.090909086
2015-09-18,0.37500003,0.125,0.125,0.125,0.125,0.125
2015-09-21,0.15727551,0.15727882,0.15727651,0.15727551,0.15727551,0.21361808
2015-09-22,0.090909086,0.090909086,0.090909086,0.090909086,0.54545456,0.090909086
2015-09-23,0.37500003,0.125,0.125,0.125,0.125,0.125
2015-09-24,0.16666664,0.16666664,0.16666664,0.1666668,0.16666664,0.16666669
2015-09-25,0.090909086,0.090909086,0.090909086,0.090909086,0.54545456,0.090909086
2015-09-28,0.16666655,0.16666655,0.16666655,0.16666706,0.16666655,0.1666667
2015-09-29,0.15727551,0.15727882,0.15727651,0.15727551,0.15727551,0.21361808
2015-09-30,0.15727551,0.15727882,0.15727651,0.15727551,0.15727551,0.21361808
2015-10-01,0.16665922,0.16665922,0.16665922,0.16669255,0.16665922,0.16667058
2015-10-02,0.111113206,0.4444288,0.111113206,0.111117095,0.111113206,0.111114524
2015-10-05,0.16664658,0.16664658,0.16664658,0.16673644,0.16664658,0.1666772
2015-10-06,0.16663486,0.16663486,0.16663486,0.1667772,0.16663486,0.16668336
2015-10-07,0.37498415,0.12500134,0.12500134,0.12500748,0.12500134,0.1250044
2015-10-08,0.1666235,0.1666235,0.1666235,0.16681667,0.1666235,0.1666893
2015-10-09,0.11113601,0.4442577,0.11113601,0.11118243,0.11113601,0.11115184
2015-10-12,0.090909116,0.090909116,0.090909116,0.09090913,0.54545444,0.090909116
2015-10-13,0.16665909,0.16665909,0.16665909,0.16669302,0.16665909,0.16667065
2015-10-14,0.090909086,0.090909086,0.090909086,0.090909086,0.54545456,0.090909086
2015-10-15,0.16666524,0.16666524,0.16666524,0.16667168,0.16666524,0.16666742
2015-10-16,0.090909086,0.090909086,0.090909086,0.090909086,0.54545456,0.090909086
2015-10-19,0.090909086,0.090909086,0.090909086,0.090909086,0.54545456,0.090909086
2015-10-20,0.090909086,0.090909086,0.090909086,0.090909086,0.54545456,0.090909086
2015-10-21,0.37500003,0.125,0.125,0.125,0.125,0.125
2015-10-22,0.37500003,0.125,0.125,0.125,0.125,0.125
2015-10-23,0.090909086,0.090909086,0.090909086,0.090909086,0.54545456,0.090909086
2015-10-26,0.16666667,0.16666667,0.16666667,0.16666667,0.16666667,0.16666667
2015-10-27,0.37500003,0.125,0.125,0.125,0.125,0.125
2015-10-28,0.37500003,0.125,0.125,0.125,0.125,0.125
2015-10-29,0.37500003,0.125,0.125,0.125,0.125,0.125
2015-10-30,0.15727551,0.15727882,0.15727651,0.15727551,0.15727551,0.21361808
2015-11-02,0.15727551,0.15727882,0.15727651,0.15727551,0.15727551,0.21361808
2015-11-03,0.16662471,0.16662471,0.16662471,0.16681243,0.16662471,0.16668867
2015-11-04,0.15727551,0.15727882,0.15727651,0.15727551,0.15727551,0.21361808
2015-11-05,0.3745367,0.12503885,0.12503885,0.12521817,0.12503889,0.12512852
2015-11-06,0.15727551,0.15727882,0.15727651,0.15727551,0.15727551,0.21361808
2015-11-09,0.15727551,0.15727882,0.15727651,0.15727551,0.15727551,0.21361808
2015-11-10,0.11132635,0.4428277,0.11132635,0.11172966,0.11132635,0.11146363
2015-11-11,0.15727551,0.15727882,0.15727651,0.15727551,0.15727551,0.21361808
2015-11-12,0.15727551,0.15727882,0.15727651,0.15727551,0.15727551,0.21361808
2015-11-13,0.09090909,0.09090909,0.09090909,0.090909116,0.54545444,0.09090909
2015-11-16,0.090909086,0.090909086,0.090909086,0.090909086,0.54545456,0.090909086
2015-11-17,0.11114063,0.44422308,0.11114063,0.111195646,0.11114063,0.11115938
2015-11-18,0.37498876,0.12500095,0.12500095,0.1250053,0.12500095,0.12500311
2015-11-19,0.15727551,0.15727882,0.15727651,0.15727551,0.15727551,0.21361808
2015-11-20,0.090909086,0.090909086,0.090909086,0.090909086,0.54545456,0.090909086
2015-11-23,0.37499496,0.12500042,0.12500042,0.12500235,0.12500042,0.12500139
2015-11-24,0.111126736,0.4443272,0.111126736,0.11115585,0.111126736,0.11113665
2015-11-25,0.11111852,0.44438893,0.11111852,0.11113232,0.11111852,0.11112322
2015-11-27,0.11112894,0.4443107,0.11112894,0.11116219,0.11112894,0.11114028
2015-11-30,0.09090912,0.09090912,0.09090912,0.09090917,0.5454544,0.090909146
2015-12-01,0.15727551,0.15727882,0.15727651,0.15727551,0.15727551,0.21361808
2015-12-02,0.15727551,0.15727882,0.15727651,0.15727551,0.15727551,0.21361808
2015-12-03,0.15727551,0.15727882,0.15727651,0.15727551,0.15727551,0.21361808
2015-12-04,0.15727551,0.15727882,0.15727651,0.15727551,0.15727551,0.21361808
2015-12-07,0.09090916,0.09090916,0.09090916,0.09090924,0.5454541,0.090909176
2015-12-08,0.37499303,0.1250006,0.1250006,0.12500328,0.1250006,0.12500194
2015-12-09,0.37499902,0.12500006,0.12500006,0.12500046,0.12500006,0.12500027
2015-12-10,0.11111238,0.44443485,0.11111238,0.11111476,0.11111238,0.11111318
2015-12-11,0.11111414,0.4444218,0.11111414,0.11111977,0.11111414,0.11111606
2015-12-14,0.37499997,0.12500001,0.12500001,0.12500004,0.12500001,0.12500003
2015-12-15,0.37500003,0.125,0.125,0.125,0.125,0.125
2015-12-16,0.090909086,0.090909086,0.090909086,0.090909086,0.54545456,0.090909086
2015-12-17,0.090909086,0.090909086,0.090909086,0.090909086,0.54545456,0.090909086
2015-12-18,0.15727551,0.15727882,0.15727651,0.15727551,0.15727551,0.21361808
2015-12-21,0.15727551,0.15727882,0.15727651,0.15727551,0.15727551,0.21361808
2015-12-22,0.37500003,0.125,0.125,0.125,0.125,0.125
2015-12-23,0.15727551,0.15727882,0.15727651,0.15727551,0.15727551,0.21361808
2015-12-24,0.15727551,0.15727882,0.15727651,0.15727551,0.15727551,0.21361808
2015-12-28,0.37500003,0.125,0.125,0.125,0.125,0.125
2015-12-29,0.15727551,0.15727882,0.15727651,0.15727551,0.15727551,0.21361808
2015-12-30,0.16666625,0.16666625,0.16666625,0.16666812,0.16666625,0.1666669
2015-12-31,0.15727551,0.15727882,0.15727651,0.15727551,0.15727551,0.21361808
2016-01-04,0.16664954,0.16664954,0.16664954,0.1667262,0.16664954,0.16667567
2016-01-05,0.15727551,0.15727882,0.15727651,0.15727551,0.15727551,0.21361808
2016-01-06,0.37450448,0.12504156,0.12504156,0.12523335,0.12504159,0.12513746
2016-01-07,0.09091298,0.09091298,0.09091298,0.090917006,0.54542965,0.09091436
2016-01-08,0.37443244,0.12504758,0.12504758,0.12526731,0.12504764,0.12515745
2016-01-11,0.37478197,0.1250183,0.1250183,0.12510264,0.12501831,0.12506048
2016-01-12,0.37494484,0.12500462,0.12500462,0.12502594,0.12500462,0.12501529
2016-01-13,0.090909526,0.090909526,0.090909526,0.09090997,0.5454518,0.090909675
2016-01-14,0.090909086,0.090909086,0.090909086,0.090909086,0.54545456,0.090909086
2016-01-15,0.37500003,0.125,0.125,0.125,0.125,0.125
2016-01-19,0.15727551,0.15727882,0.15727651,0.15727551,0.15727551,0.21361808
2016-01-20,0.37500003,0.125,0.125,0.125,0.125,0.125
2016-01-21,0.16666664,0.16666664,0.16666664,0.1666667,0.16666664,0.16666666
2016-01-22,0.15727551,0.15727882,0.15727651,0.15727551,0.15727551,0.21361808
2016-01-25,0.16666666,0.16666666,0.16666666,0.16666669,0.16666666,0.16666667
2016-01-26,0.090909086,0.090909086,0.090909086,0.090909086,0.54545456,0.090909086
2016-01-27,0.16666654,0.16666654,0.16666654,0.16666709,0.16666654,0.16666672
2016-01-28,0.15727551,0.15727882,0.15727651,0.15727551,0.15727551,0.21361808
2016-01-29,0.11133794,0.4427404,0.11133794,0.11176307,0.11133794,0.11148264
2016-02-01,0.37495705,0.1250036,0.1250036,0.12502022,0.1250036,0.12501192
2016-02-02,0.16657425,0.16657425,0.16657425,0.16698787,0.16657425,0.16671512
2016-02-03,0.091083586,0.091083586,0.091083586,0.091264844,0.54433906,0.09114532
2016-02-04,0.16661662,0.16661662,0.16661662,0.16684057,0.16661662,0.16669293
2016-02-05,0.09096194,0.09096194,0.09096194,0.09101672,0.5451168,0.09098061
2016-02-08,0.3749523,0.125004,0.125004,0.12502246,0.125004,0.12501323
2016-02-09,0.09091026,0.09091026,0.09091026,0.09091147,0.5454471,0.090910666
2016-02-10,0.37499985,0.12500001,0.12500001,0.12500007,0.12500001,0.12500003
2016-02-11,0.16666618,0.16666618,0.16666618,0.16666839,0.16666618,0.16666694
2016-02-12,0.11111241,0.44443485,0.11111241,0.1111148,0.11111241,0.11111323
2016-02-16,0.16666663,0.16666663,0.16666663,0.1666668,0.16666663,0.16666669
2016-02-17,0.111111246,0.4444435,0.111111246,0.111111484,0.111111246,0.11111133
2016-02-18,0.090909086,0.090909086,0.090909086,0.090909086,0.54545456,0.090909086
2016-02-19,0.37500003,0.125,0.125,0.125,0.125,0.125
2016-02-22,0.090909086,0.090909086,0.090909086,0.090909086,0.54545456,0.090909086
2016-02-23,0.16666664,0.16666664,0.16666664,0.1666667,0.16666664,0.16666667
2016-02-24,0.16666664,0.16666664,0.16666664,0.1666667,0.16666664,0.16666667
2016-02-25,0.090909086,0.090909086,0.090909086,0.090909086,0.54545456,0.090909086
2016-02-26,0.1666662,0.1666662,0.1666662,0.16666831,0.1666662,0.16666692
2016-02-29,0.11111666,0.4444029,0.11111666,0.11112699,0.11111666,0.11112019
2016-03-01,0.09090939,0.09090939,0.09090939,0.09090969,0.5454526,0.090909496
2016-03-02,0.11114752,0.4441713,0.11114752,0.11121542,0.11114752,0.111170664
2016-03-03,0.3749941,0.1250005,0.1250005,0.12500277,0.1250005,0.12500165
2016-03-04,0.09090926,0.09090926,0.09090926,0.090909414,0.54545355,0.0909093
2016-03-07,0.15727551,0.15727882,0.15727651,0.15727551,0.15727551,0.21361808
2016-03-08,0.11112713,0.44432428,0.11112713,0.111156985,0.11112713,0.1111373
2016-03-09,0.11112175,0.44436464,0.11112175,0.111141585,0.11112175,0.11112852
2016-03-10,0.11112225,0.444361,0.11112225,0.111143,0.11112225,0.11112932
2016-03-11,0.16666657,0.16666657,0.16666657,0.16666704,0.16666657,0.16666673
2016-03-14,0.15727551,0.15727882,0.15727651,0.15727551,0.15727551,0.21361808
2016-03-15,0.37500003,0.125,0.125,0.125,0.125,0.125
2016-03-16,0.37500003,0.125,0.125,0.125,0.125,0.125
2016-03-17,0.11111113,0.44444436,0.11111113,0.11111114,0.11111113,0.11111114
2016-03-18,0.16666667,0.16666667,0.16666667,0.16666667,0.16666667,0.16666667
2016-03-21,0.37500003,0.125,0.125,0.125,0.125,0.125
2016-03-22,0.11111111,0.4444444,0.11111111,0.11111113,0.11111111,0.11111111
2016-03-23,0.090909086,0.090909086,0.090909086,0.090909086,0.54545456,0.090909086
2016-03-24,0.16666666,0.16666666,0.16666666,0.1666667,0.16666666,0.16666667
2016-03-28,0.37500003,0.125,0.125,0.125,0.125,0.125
2016-03-29,0.090909086,0.090909086,0.090909086,0.090909086,0.54545456,0.090909086
2016-03-30,0.37499988,0.12500001,0.12500001,0.12500004,0.12500001,0.12500001
2016-03-31,0.37499478,0.12500043,0.12500043,0.12500244,0.12500043,0.12500145
2016-04-01,0.1112145,0.44366854,0.1112145,0.111407675,0.1112145,0.1112803
2016-04-04,0.15727551,0.15727882,0.15727651,0.15727551,0.15727551,0.21361808
2016-04-05,0.37483475,0.12501386,0.12501386,0.12507778,0.12501387,0.12504584
2016-04-06,0.15727551,0.15727882,0.15727651,0.15727551,0.15727551,0.21361808
2016-04-07,0.1661704,0.1661704,0.1661704,0.16839366,0.1661704,0.16692476
2016-04-08,0.37498346,0.12500139,0.12500139,0.12500778,0.12500139,0.12500457
2016-04-11,0.15727551,0.15727882,0.15727651,0.15727551,0.15727551,0.21361808
2016-04-12,0.09090923,0.09090923,0.09090923,0.09090938,0.54545367,0.09090929
2016-04-13,0.1666611,0.1666611,0.1666611,0.16668601,0.1666611,0.16666958
2016-04-14,0.11131421,0.44291902,0.11131421,0.111694664,0.11131421,0.11144373
2016-04-15,0.11112956,0.44430622,0.11112956,0.11116392,0.11112956,0.111141264
2016-04-18,0.15727551,0.15727882,0.15727651,0.15727551,0.15727551,0.21361808
2016-04-19,0.090909086,0.090909086,0.090909086,0.090909086,0.54545456,0.090909086
2016-04-20,0.37500003,0.125,0.125,0.125,0.125,0.125
2016-04-21,0.15727551,0.15727882,0.15727651,0.15727551,0.15727551,0.21361808
2016-04-22,0.16666663,0.16666663,0.16666663,0.16666678,0.16666663,0.16666669
2016-04-25,0.15727551,0.15727882,0.15727651,0.15727551,0.15727551,0.21361808
2016-04-26,0.1111112,0.4444437,0.1111112,0.11111137,0.1111112,0.11111127
2016-04-27,0.15727551,0.15727882,0.15727651,0.15727551,0.15727551,0.21361808
2016-04-28,0.090909086,0.090909086,0.090909086,0.090909086,0.54545456,0.090909086
2016-04-29,0.16665041,0.16665041,0.16665041,0.16672315,0.16665041,0.1666752
2016-05-02,0.09090989,0.09090989,0.09090989,0.0909107,0.54544955,0.090910174
2016-05-03,0.16652668,0.16652668,0.16652668,0.16715336,0.16652668,0.16673999
2016-05-04,0.16657339,0.16657339,0.16657339,0.16699088,0.16657339,0.16671555
2016-05-05,0.3749667,0.12500279,0.12500279,0.12501569,0.12500279,0.12500922
2016-05-06,0.16662043,0.16662043,0.16662043,0.1668273,0.16662043,0.1666909
2016-05-09,0.15727551,0.15727882,0.15727651,0.15727551,0.15727551,0.21361808
2016-05-10,0.09091017,0.09091017,0.09091017,0.0909113,0.5454476,0.09091055
2016-05-11,0.111118786,0.4443869,0.111118786,0.11113309,0.111118786,0.111123666
2016-05-12,0.111118965,0.44438553,0.111118965,0.1111336,0.111118965,0.11112396
2016-05-13,0.37500003,0.125,0.125,0.125,0.125,0.125
2016-05-16,0.37500003,0.125,0.125,0.125,0.125,0.125
2016-05-17,0.37500003,0.125,0.125,0.125,0.125,0.125
2016-05-18,0.090909086,0.090909086,0.090909086,0.090909086,0.54545456,0.090909086
2016-05-19,0.11111114,0.44444427,0.11111114,0.11111119,0.11111114,0.11111116
2016-05-20,0.16666664,0.16666664,0.16666664,0.1666667,0.16666664,0.16666667
2016-05-23,0.37500003,0.125,0.125,0.125,0.125,0.125
2016-05-24,0.090909086,0.090909086,0.090909086,0.090909086,0.54545456,0.090909086
2016-05-25,0.37500003,0.125,0.125,0.125,0.125,0.125
2016-05-26,0.16666654,0.16666654,0.16666654,0.16666713,0.16666654,0.16666673
2016-05-27,0.15727551,0.15727882,0.15727651,0.15727551,0.15727551,0.21361808
2016-05-31,0.09090912,0.09090912,0.09090912,0.090909176,0.5454544,0.090909146
2016-06-01,0.1666434,0.1666434,0.1666434,0.16674751,0.1666434,0.16667886
2016-06-02,0.090909466,0.090909466,0.090909466,0.09090986,0.54545206,0.09090961
2016-06-03,0.15727551,0.15727882,0.15727651,0.15727551,0.15727551,0.21361808
2016-06-06,0.37499395,0.1250005,0.1250005,0.12500286,0.1250005,0.12500168
2016-06-07,0.09090921,0.09090921,0.09090921,0.09090934,0.5454538,0.09090925
2016-06-08,0.16662058,0.16662058,0.16662058,0.1668268,0.16662058,0.16669083
2016-06-09,0.11111424,0.44442105,0.11111424,0.11112005,0.11111424,0.11111622
2016-06-10,0.11111566,0.44441035,0.11111566,0.111124136,0.11111566,0.11111855
2016-06-13,0.16665946,0.16665946,0.16665946,0.16669175,0.16665946,0.16667047
2016-06-14,0.16666374,0.16666374,0.16666374,0.16667682,0.16666374,0.1666682
2016-06-15,0.15727551,0.15727882,0.15727651,0.15727551,0.15727551,0.21361808
2016-06-16,0.15727551,0.15727882,0.15727651,0.15727551,0.15727551,0.21361808
2016-06-17,0.090909086,0.090909086,0.090909086,0.090909086,0.54545456,0.090909086
2016-06-20,0.090909086,0.090909086,0.090909086,0.090909086,0.54545456,0.090909086
2016-06-21,0.090909086,0.090909086,0.090909086,0.090909086,0.54545456,0.090909086
2016-06-22,0.15727551,0.15727882,0.15727651,0.15727551,0.15727551,0.21361808
2016-06-23,0.11111111,0.44444445,0.11111111,0.11111111,0.11111111,0.11111111
2016-06-24,0.37500003,0.125,0.125,0.125,0.125,0.125
2016-06-27,0.16666667,0.16666667,0.16666667,0.16666667,0.16666667,0.16666667
2016-06-28,0.15727551,0.15727882,0.15727651,0.15727551,0.15727551,0.21361808
2016-06-29,0.11111111,0.4444444,0.11111111,0.11111113,0.11111111,0.11111111
2016-06-30,0.37500003,0.125,0.125,0.125,0.125,0.125
2016-07-01,0.11111249,0.44443414,0.11111249,0.11111506,0.11111249,0.11111337
2016-07-05,0.09090935,0.09090935,0.09090935,0.09090964,0.5454529,0.09090945
2016-07-06,0.09090935,0.09090935,0.09090935,0.090909615,0.54545295,0.09090943
2016-07-07,0.11111177,0.44443965,0.11111177,0.11111297,0.11111177,0.11111218
2016-07-08,0.15727551,0.15727882,0.15727651,0.15727551,0.15727551,0.21361808
2016-07-11,0.16666555,0.16666555,0.16666555,0.16667055,0.16666555,0.16666725
2016-07-12,0.16666622,0.16666622,0.16666622,0.16666819,0.16666622,0.1666669
2016-07-13,0.16666661,0.16666661,0.16666661,0.16666688,0.16666661,0.1666667
2016-07-14,0.090909086,0.090909086,0.090909086,0.090909086,0.54545456,0.090909086
2016-07-15,0.15727551,0.15727882,0.15727651,0.15727551,0.15727551,0.21361808
2016-07-18,0.11111111,0.44444445,0.11111111,0.11111111,0.11111111,0.11111111
2016-07-19,0.16666667,0.16666667,0.16666667,0.16666667,0.16666667,0.16666667
2016-07-20,0.090909086,0.090909086,0.090909086,0.090909086,0.54545456,0.090909086
2016-07-21,0.090909086,0.090909086,0.090909086,0.090909086,0.54545456,0.090909086
2016-07-22,0.11111111,0.44444445,0.11111111,0.11111111,0.11111111,0.11111111
2016-07-25,0.37500003,0.125,0.125,0.125,0.125,0.125
2016-07-26,0.11111111,0.44444445,0.11111111,0.11111111,0.11111111,0.11111111
2016-07-27,0.15727551,0.15727882,0.15727651,0.15727551,0.15727551,0.21361808
2016-07-28,0.37500003,0.125,0.125,0.125,0.125,0.125
2016-07-29,0.16666643,0.16666643,0.16666643,0.16666749,0.16666643,0.16666679
2016-08-01,0.15727551,0.15727882,0.15727651,0.15727551,0.15727551,0.21361808
2016-08-02,0.37499997,0.125,0.125,0.12500001,0.125,0.12500001
2016-08-03,0.111112095,0.444437,0.111112095,0.11111395,0.111112095,0.111112736
2016-08-04,0.15727551,0.15727882,0.15727651,0.15727551,0.15727551,0.21361808
2016-08-05,0.37499997,0.12500001,0.12500001,0.12500004,0.12500001,0.12500003
2016-08-08,0.11113723,0.44424862,0.11113723,0.11118593,0.11113723,0.111153826
2016-08-09,0.16666517,0.16666517,0.16666517,0.16667187,0.16666517,0.16666745
2016-08-10,0.16666618,0.16666618,0.16666618,0.16666839,0.16666618,0.16666694
2016-08-11,0.090909086,0.090909086,0.090909086,0.090909086,0.54545456,0.090909086
2016-08-12,0.090909086,0.090909086,0.090909086,0.090909086,0.54545456,0.090909086
2016-08-15,0.37500003,0.125,0.125,0.125,0.125,0.125
2016-08-16,0.11111239,0.44443473,0.11111239,0.11111479,0.11111239,0.11111321
2016-08-17,0.37500003,0.125,0.125,0.125,0.125,0.125
2016-08-18,0.16666667,0.16666667,0.16666667,0.16666667,0.16666667,0.16666667
2016-08-19,0.090909086,0.090909086,0.090909086,0.090909086,0.54545456,0.090909086
2016-08-22,0.15727551,0.15727882,0.15727651,0.15727551,0.15727551,0.21361808
2016-08-23,0.15727551,0.15727882,0.15727651,0.15727551,0.15727551,0.21361808
2016-08-24,0.090909086,0.090909086,0.090909086,0.090909086,0.54545456,0.090909086
2016-08-25,0.15727551,0.15727882,0.15727651,0.15727551,0.15727551,0.21361808
2016-08-26,0.37500003,0.125,0.125,0.125,0.125,0.125
2016-08-29,0.16666663,0.16666663,0.16666663,0.16666678,0.16666663,0.16666669
2016-08-30,0.090909086,0.090909086,0.090909086,0.090909086,0.54545456,0.090909086
2016-08-31,0.09090909,0.09090909,0.09090909,0.09090909,0.54545444,0.09090909
2016-09-01,0.15727551,0.15727882,0.15727651,0.15727551,0.15727551,0.21361808
2016-09-02,0.16665632,0.16665632,0.16665632,0.1667027,0.16665632,0.16667213
2016-09-06,0.15727551,0.15727882,0.15727651,0.15727551,0.15727551,0.21361808
2016-09-07,0.11111262,0.44443318,0.11111262,0.11111541,0.11111262,0.11111357
2016-09-08,0.09090915,0.09090915,0.09090915,0.09090922,0.5454541,0.090909176
2016-09-09,0.37499988,0.12500001,0.12500001,0.12500004,0.12500001,0.12500001
2016-09-12,0.37500003,0.125,0.125,0.125,0.125,0.125
2016-09-13,0.11115756,0.44409612,0.11115756,0.11124418,0.11115756,0.11118707
2016-09-14,0.090909086,0.090909086,0.090909086,0.090909086,0.54545456,0.090909086
2016-09-15,0.37500003,0.125,0.125,0.125,0.125,0.125
2016-09-16,0.16666666,0.16666666,0.16666666,0.1666667,0.16666666,0.16666667
2016-09-19,0.090909086,0.090909086,0.090909086,0.090909086,0.54545456,0.090909086
2016-09-20,0.16666667,0.16666667,0.16666667,0.16666667,0.16666667,0.16666667
2016-09-21,0.15727551,0.15727882,0.15727651,0.15727551,0.15727551,0.21361808
2016-09-22,0.15727551,0.15727882,0.15727651,0.15727551,0.15727551,0.21361808
2016-09-23,0.37500003,0.125,0.125,0.125,0.125,0.125
2016-09-26,0.37500003,0.125,0.125,0.125,0.125,0.125
2016-09-27,0.090909086,0.090909086,0.090909086,0.090909086,0.54545456,0.090909086
2016-09-28,0.090909086,0.090909086,0.090909086,0.090909086,0.54545456,0.090909086
2016-09-29,0.111111335,0.4444427,0.111111335,0.111111775,0.111111335,0.111111484
2016-09-30,0.15727551,0.15727882,0.15727651,0.15727551,0.15727551,0.21361808
2016-10-03,0.37499943,0.12500003,0.12500003,0.12500028,0.12500003,0.12500016
2016-10-04,0.15727551,0.15727882,0.15727651,0.15727551,0.15727551,0.21361808
2016-10-05,0.37499708,0.12500024,0.12500024,0.1250014,0.12500024,0.1250008
2016-10-06,0.37499526,0.12500039,0.12500039,0.1250022,0.12500039,0.1250013
2016-10-07,0.15727551,0.15727882,0.15727651,0.15727551,0.15727551,0.21361808
2016-10-10,0.15727551,0.15727882,0.15727651,0.15727551,0.15727551,0.21361808
2016-10-11,0.37499952,0.12500004,0.12500004,0.12500024,0.12500004,0.12500015
2016-10-12,0.16664602,0.16664602,0.16664602,0.16673838,0.16664602,0.16667749
2016-10-13,0.37499997,0.125,0.125,0.12500001,0.125,0.125
2016-10-14,0.15727551,0.15727882,0.15727651,0.15727551,0.15727551,0.21361808
2016-10-17,0.15727551,0.15727882,0.15727651,0.15727551,0.15727551,0.21361808
2016-10-18,0.16666402,0.16666402,0.16666402,0.16667588,0.16666402,0.16666806
2016-10-19,0.16666554,0.16666554,0.16666554,0.16667064,0.16666554,0.16666727
2016-10-20,0.37500003,0.125,0.125,0.125,0.125,0.125
2016-10-21,0.16666646,0.16666646,0.16666646,0.16666737,0.16666646,0.16666678
2016-10-24,0.15727551,0.15727882,0.15727651,0.15727551,0.15727551,0.21361808
2016-10-25,0.37500003,0.125,0.125,0.125,0.125,0.125
2016-10-26,0.090909086,0.090909086,0.090909086,0.090909086,0.54545456,0.090909086
2016-10-27,0.37500003,0.125,0.125,0.125,0.125,0.125
2016-10-28,0.1666635,0.1666635,0.1666635,0.16667768,0.1666635,0.16666833
2016-10-31,0.15727551,0.15727882,0.15727651,0.15727551,0.15727551,0.21361808
2016-11-01,0.11113721,0.44424862,0.11113721,0.11118588,0.11113721,0.1111538
2016-11-02,0.11114417,0.44419643,0.11114417,0.11120584,0.11114417,0.11116518
2016-11-03,0.09091082,0.09091082,0.09091082,0.09091261,0.5454435,0.09091143
2016-11-04,0.374852,0.12501241,0.12501241,0.12506965,0.12501243,0.12504105
2016-11-07,0.16657184,0.16657184,0.16657184,0.16699626,0.16657184,0.16671637
2016-11-08,0.15727551,0.15727882,0.15727651,0.15727551,0.15727551,0.21361808
2016-11-09,0.16665469,0.16665469,0.16665469,0.16670829,0.16665469,0.16667297
2016-11-10,0.15727551,0.15727882,0.15727651,0.15727551,0.15727551,0.21361808
2016-11-11,0.11147824,0.441683,0.11147824,0.112169005,0.11147824,0.11171318
2016-11-14,0.11209059,0.43703806,0.11209059,0.11396448,0.112090595,0.11272571
2016-11-15,0.37499985,0.12500001,0.12500001,0.12500006,0.12500001,0.12500003
2016-11-16,0.1120959,0.43699744,0.1120959,0.11398025,0.112095915,0.11273456
2016-11-17,0.15727551,0.15727882,0.15727651,0.15727551,0.15727551,0.21361808
2016-11-18,0.15727551,0.15727882,0.15727651,0.15727551,0.15727551,0.21361808
2016-11-21,0.090909086,0.090909086,0.090909086,0.090909086,0.54545456,0.090909086
2016-11-22,0.11111277,0.44443202,0.11111277,0.11111587,0.11111277,0.11111383
2016-11-23,0.15727551,0.15727882,0.15727651,0.15727551,0.15727551,0.21361808
2016-11-25,0.15727551,0.15727882,0.15727651,0.15727551,0.15727551,0.21361808
2016-11-28,0.15727551,0.15727882,0.15727651,0.15727551,0.15727551,0.21361808
2016-11-29,0.090909086,0.090909086,0.090909086,0.090909086,0.54545456,0.090909086
2016-11-30,0.1666453,0.1666453,0.1666453,0.16674088,0.1666453,0.16667788
2016-12-01,0.111134246,0.44427103,0.111134246,0.111177355,0.111134246,0.11114893
2016-12-02,0.090909295,0.090909295,0.090909295,0.090909496,0.54545325,0.09090937
2016-12-05,0.11118428,0.4438955,0.11118428,0.11132087,0.11118428,0.11123082
2016-12-06,0.16622737,0.16622737,0.16622737,0.1681952,0.16622737,0.16689539
2016-12-07,0.373989,0.12508465,0.12508464,0.12547654,0.12508473,0.12528051
2016-12-08,0.15727551,0.15727882,0.15727651,0.15727551,0.15727551,0.21361808
2016-12-09,0.090909116,0.090909116,0.090909116,0.09090913,0.54545444,0.09090913
2016-12-12,0.37497535,0.12500207,0.12500207,0.1250116,0.12500207,0.12500682
2016-12-13,0.37499043,0.1250008,0.1250008,0.12500452,0.1250008,0.12500265
2016-12-14,0.090909086,0.090909086,0.090909086,0.090909086,0.54545456,0.090909086
2016-12-15,0.15727551,0.15727882,0.15727651,0.15727551,0.15727551,0.21361808
2016-12-16,0.090909086,0.090909086,0.090909086,0.090909086,0.54545456,0.090909086
2016-12-19,0.090909086,0.090909086,0.090909086,0.090909086,0.54545456,0.090909086
2016-12-20,0.37500003,0.125,0.125,0.125,0.125,0.125
2016-12-21,0.15727551,0.15727882,0.15727651,0.15727551,0.15727551,0.21361808
2016-12-22,0.16666664,0.16666664,0.16666664,0.16666676,0.16666664,0.16666669
2016-12-23,0.090909086,0.090909086,0.090909086,0.090909086,0.54545456,0.090909086
2016-12-27,0.37500003,0.125,0.125,0.125,0.125,0.125
2016-12-28,0.37500003,0.125,0.125,0.125,0.125,0.125
2016-12-29,0.090909086,0.090909086,0.090909086,0.090909086,0.54545456,0.090909086
2016-12-30,0.15727551,0.15727882,0.15727651,0.15727551,0.15727551,0.21361808
2017-01-03,0.1666528,0.1666528,0.1666528,0.16671485,0.1666528,0.16667396
2017-01-04,0.37490004,0.1250084,0.1250084,0.12504706,0.1250084,0.12502773
2017-01-05,0.1666236,0.1666236,0.1666236,0.1668163,0.1666236,0.16668923
2017-01-06,0.16662022,0.16662022,0.16662022,0.16682805,0.16662022,0.16669102
2017-01-09,0.15727551,0.15727882,0.15727651,0.15727551,0.15727551,0.21361808
2017-01-10,0.11143566,0.44200435,0.11143566,0.11204556,0.11143566,0.11164314
2017-01-11,0.16663796,0.16663796,0.16663796,0.1667664,0.16663796,0.16668172
2017-01-12,0.15727551,0.15727882,0.15727651,0.15727551,0.15727551,0.21361808
2017-01-13,0.37499997,0.12500001,0.12500001,0.12500004,0.12500001,0.12500003
2017-01-17,0.37500003,0.125,0.125,0.125,0.125,0.125
2017-01-18,0.16666639,0.16666639,0.16666639,0.16666764,0.16666639,0.1666668
2017-01-19,0.11111225,0.44443592,0.11111225,0.11111437,0.11111225,0.11111297
2017-01-20,0.37500003,0.125,0.125,0.125,0.125,0.125
2017-01-23,0.37500003,0.125,0.125,0.125,0.125,0.125
2017-01-24,0.11111174,0.44443974,0.11111174,0.1111129,0.11111174,0.11111213
2017-01-25,0.37500003,0.125,0.125,0.125,0.125,0.125
2017-01-26,0.090909086,0.090909086,0.090909086,0.090909086,0.54545456,0.090909086
2017-01-27,0.37499988,0.12500001,0.12500001,0.12500004,0.12500001,0.12500003
2017-01-30,0.09090934,0.09090934,0.09090934,0.0909096,0.545453,0.09090943
2017-01-31,0.15727551,0.15727882,0.15727651,0.15727551,0.15727551,0.21361808
2017-02-01,0.09091995,0.09091995,0.09091995,0.09093119,0.5453852,0.09092378
2017-02-02,0.09091998,0.09091998,0.09091998,0.09093127,0.5453848,0.09092383
2017-02-03,0.3743643,0.12505329,0.12505329,0.12529947,0.12505335,0.12517636
2017-02-06,0.1665277,0.1665277,0.1665277,0.16714974,0.1665277,0.16673943
2017-02-07,0.11186323,0.43876842,0.11186323,0.113293245,0.11186324,0.112348534
2017-02-08,0.16662866,0.16662866,0.16662866,0.16679876,0.16662866,0.16668661
2017-02-09,0.09090913,0.09090913,0.09090913,0.09090918,0.5454542,0.09090915
2017-02-10,0.37499955,0.12500003,0.12500003,0.1250002,0.12500003,0.1250001
2017-02-13,0.090909086,0.090909086,0.090909086,0.090909086,0.54545456,0.090909086
2017-02-14,0.15727551,0.15727882,0.15727651,0.15727551,0.15727551,0.21361808
2017-02-15,0.11111127,0.44444332,0.11111127,0.11111156,0.11111127,0.11111136
2017-02-16,0.11111113,0.4444443,0.11111113,0.11111116,0.11111113,0.11111114
2017-02-17,0.11111111,0.44444445,0.11111111,0.11111111,0.11111111,0.11111111
2017-02-21,0.16666667,0.16666667,0.16666667,0.16666667,0.16666667,0.16666667
2017-02-22,0.11111111,0.44444445,0.11111111,0.11111111,0.11111111,0.11111111
2017-02-23,0.11111111,0.44444445,0.11111111,0.11111111,0.11111111,0.11111111
2017-02-24,0.37500003,0.125,0.125,0.125,0.125,0.125
2017-02-27,0.37500003,0.125,0.125,0.125,0.125,0.125
2017-02-28,0.111111246,0.4444435,0.111111246,0.111111484,0.111111246,0.11111133
2017-03-01,0.16666615,0.16666615,0.16666615,0.16666846,0.16666615,0.16666694
2017-03-02,0.15727551,0.15727882,0.15727651,0.15727551,0.15727551,0.21361808
2017-03-03,0.15727551,0.15727882,0.15727651,0.15727551,0.15727551,0.21361808
2017-03-06,0.16666292,0.16666292,0.16666292,0.16667973,0.16666292,0.16666865
2017-03-07,0.16666298,0.16666298,0.16666298,0.16667953,0.16666298,0.16666861
2017-03-08,0.090909086,0.090909086,0.090909086,0.090909086,0.54545456,0.090909086
2017-03-09,0.11112195,0.44436318,0.11112195,0.111142136,0.11112195,0.111128815
2017-03-10,0.37499997,0.12500001,0.12500001,0.12500004,0.12500001,0.12500003
2017-03-13,0.37499997,0.12500001,0.12500001,0.12500004,0.12500001,0.12500003
2017-03-14,0.37499997,0.125,0.125,0.12500001,0.125,0.125
2017-03-15,0.15727551,0.15727882,0.15727651,0.15727551,0.15727551,0.21361808
2017-03-16,0.16666655,0.16666655,0.16666655,0.16666706,0.16666655,0.16666673
2017-03-17,0.15727551,0.15727882,0.15727651,0.15727551,0.15727551,0.21361808
2017-03-20,0.15727551,0.15727882,0.15727651,0.15727551,0.15727551,0.21361808
2017-03-21,0.37500003,0.125,0.125,0.125,0.125,0.125
2017-03-22,0.37500003,0.125,0.125,0.125,0.125,0.125
2017-03-23,0.1111112,0.4444438,0.1111112,0.11111136,0.1111112,0.11111125
2017-03-24,0.090909086,0.090909086,0.090909086,0.090909086,0.54545456,0.090909086
2017-03-27,0.15727551,0.15727882,0.15727651,0.15727551,0.15727551,0.21361808
2017-03-28,0.16666642,0.16666642,0.16666642,0.16666752,0.16666642,0.16666679
2017-03-29,0.15727551,0.15727882,0.15727651,0.15727551,0.15727551,0.21361808
2017-03-30,0.09090935,0.09090935,0.09090935,0.0909096,0.54545295,0.09090943
2017-03-31,0.090911925,0.090911925,0.090911925,0.09091487,0.5454364,0.09091293
2017-04-03,0.090922914,0.090922914,0.090922914,0.09093722,0.5453663,0.09092779
2017-04-04,0.15727551,0.15727882,0.15727651,0.15727551,0.15727551,0.21361808
2017-04-05,0.1663785,0.1663785,0.1663785,0.16766886,0.1663785,0.16681714
2017-04-06,0.09095416,0.09095416,0.09095416,0.091000855,0.5451666,0.09097007
2017-04-07,0.1664015,0.1664015,0.1664015,0.16758879,0.1664015,0.1668052
2017-04-10,0.11418171,0.4207732,0.11418171,0.1204133,0.11418173,0.11626834
2017-04-11,0.113402024,0.42691422,0.113402024,0.11794836,0.11340205,0.114931375
2017-04-12,0.16663666,0.16663666,0.16663666,0.16677098,0.16663666,0.16668242
2017-04-13,0.11120023,0.44377577,0.11120023,0.11136665,0.11120023,0.11125692
2017-04-17,0.37500003,0.125,0.125,0.125,0.125,0.125
2017-04-18,0.37500003,0.125,0.125,0.125,0.125,0.125
2017-04-19,0.37500003,0.125,0.125,0.125,0.125,0.125
2017-04-20,0.37500003,0.125,0.125,0.125,0.125,0.125
2017-04-21,0.16666661,0.16666661,0.16666661,0.16666687,0.16666661,0.1666667
2017-04-24,0.090909086,0.090909086,0.090909086,0.090909086,0.54545456,0.090909086
2017-04-25,0.37500003,0.125,0.125,0.125,0.125,0.125
2017-04-26,0.11111128,0.44444323,0.11111128,0.11111159,0.11111128,0.11111139
2017-04-27,0.15727551,0.15727882,0.15727651,0.15727551,0.15727551,0.21361808
2017-04-28,0.37499988,0.12500001,0.12500001,0.12500004,0.12500001,0.12500001
2017-05-01,0.11112484,0.44434148,0.11112484,0.11115044,0.11112484,0.11113357
2017-05-02,0.15727551,0.15727882,0.15727651,0.15727551,0.15727551,0.21361808
2017-05-03,0.09090924,0.09090924,0.09090924,0.09090941,0.54545355,0.090909295
2017-05-04,0.15727551,0.15727882,0.15727651,0.15727551,0.15727551,0.21361808
2017-05-05,0.15727551,0.15727882,0.15727651,0.15727551,0.15727551,0.21361808
2017-05-08,0.09090917,0.09090917,0.09090917,0.090909265,0.545454,0.090909205
2017-05-09,0.37499923,0.12500006,0.12500006,0.12500037,0.12500006,0.12500021
2017-05-10,0.11204321,0.4373992,0.11204321,0.113824144,0.11204321,0.112647004
2017-05-11,0.090909086,0.090909086,0.090909086,0.090909086,0.54545456,0.090909086
2017-05-12,0.16662897,0.16662897,0.16662897,0.16679765,0.16662897,0.16668643
2017-05-15,0.16662127,0.16662127,0.16662127,0.16682442,0.16662127,0.16669047
2017-05-16,0.11125094,0.44339478,0.11125094,0.111512415,0.11125094,0.11133999
2017-05-17,0.16666484,0.16666484,0.16666484,0.16667305,0.16666484,0.16666763
2017-05-18,0.1111154,0.44441223,0.1111154,0.111123405,0.1111154,0.11111813
2017-05-19,0.37500003,0.125,0.125,0.125,0.125,0.125
2017-05-22,0.11111212,0.4444369,0.11111212,0.11111398,0.11111212,0.11111275
2017-05-23,0.15727551,0.15727882,0.15727651,0.15727551,0.15727551,0.21361808
2017-05-24,0.11111153,0.44444135,0.11111153,0.1111123,0.11111153,0.11111179
2017-05-25,0.090909086,0.090909086,0.090909086,0.090909086,0.54545456,0.090909086
2017-05-26,0.090909086,0.090909086,0.090909086,0.090909086,0.54545456,0.090909086
2017-05-30,0.090909086,0.090909086,0.090909086,0.090909086,0.54545456,0.090909086
2017-05-31,0.37499997,0.125,0.125,0.12500001,0.125,0.125
2017-06-01,0.111115694,0.44441018,0.111115694,0.11112421,0.111115694,0.11111859
2017-06-02,0.11111564,0.4444105,0.11111564,0.111124076,0.11111564,0.11111852
2017-06-05,0.37499717,0.12500024,0.12500024,0.12500131,0.12500024,0.12500077
2017-06-06,0.15727551,0.15727882,0.15727651,0.15727551,0.15727551,0.21361808
2017-06-07,0.16663806,0.16663806,0.16663806,0.16676605,0.16663806,0.16668166
2017-06-08,0.090909116,0.090909116,0.090909116,0.09090913,0.54545444,0.09090913
2017-06-09,0.11111585,0.4444089,0.11111585,0.11112469,0.11111585,0.11111886
2017-06-12,0.090909086,0.090909086,0.090909086,0.090909086,0.54545456,0.090909086
2017-06-13,0.090909086,0.090909086,0.090909086,0.090909086,0.54545456,0.090909086
2017-06-14,0.37500003,0.125,0.125,0.125,0.125,0.125
2017-06-15,0.15727551,0.15727882,0.15727651,0.15727551,0.15727551,0.21361808
2017-06-16,0.11111115,0.44444415,0.11111115,0.111111216,0.11111115,0.11111117
2017-06-19,0.11111111,0.4444444,0.11111111,0.11111113,0.11111111,0.11111111
2017-06-20,0.37500003,0.125,0.125,0.125,0.125,0.125
2017-06-21,0.11111111,0.44444445,0.11111111,0.11111111,0.11111111,0.11111111
2017-06-22,0.16666667,0.16666667,0.16666667,0.16666667,0.16666667,0.16666667
2017-06-23,0.090909086,0.090909086,0.090909086,0.090909086,0.54545456,0.090909086
2017-06-26,0.37500003,0.125,0.125,0.125,0.125,0.125
2017-06-27,0.37500003,0.125,0.125,0.125,0.125,0.125
2017-06-28,0.090909086,0.090909086,0.090909086,0.090909086,0.54545456,0.090909086
2017-06-29,0.16666615,0.16666615,0.16666615,0.16666846,0.16666615,0.16666694
2017-06-30,0.090909086,0.090909086,0.090909086,0.090909086,0.54545456,0.090909086
2017-07-03,0.37499964,0.12500003,0.12500003,0.12500016,0.12500003,0.12500009
2017-07-05,0.16665195,0.16665195,0.16665195,0.1667178,0.16665195,0.16667439
2017-07-06,0.16665049,0.16665049,0.16665049,0.16672288,0.16665049,0.16667515
2017-07-07,0.11111713,0.4443993,0.11111713,0.11112835,0.11111713,0.11112096
2017-07-10,0.11111495,0.44441572,0.11111495,0.11112209,0.11111495,0.111117385
2017-07-11,0.11111767,0.44439518,0.11111767,0.11112991,0.11111767,0.11112184
2017-07-12,0.16665497,0.16665497,0.16665497,0.16670729,0.16665497,0.16667281
2017-07-13,0.15727551,0.15727882,0.15727651,0.15727551,0.15727551,0.21361808
2017-07-14,0.1111113,0.44444314,0.1111113,0.111111626,0.1111113,0.11111142
2017-07-17,0.37500003,0.125,0.125,0.125,0.125,0.125
2017-07-18,0.090909086,0.090909086,0.090909086,0.090909086,0.54545456,0.090909086
2017-07-19,0.15727551,0.15727882,0.15727651,0.15727551,0.15727551,0.21361808
2017-07-20,0.16666664,0.16666664,0.16666664,0.16666678,0.16666664,0.16666669
2017-07-21,0.37500003,0.125,0.125,0.125,0.125,0.125
2017-07-24,0.16666666,0.16666666,0.16666666,0.1666667,0.16666666,0.16666667
2017-07-25,0.15727551,0.15727882,0.15727651,0.15727551,0.15727551,0.21361808
2017-07-26,0.15727551,0.15727882,0.15727651,0.15727551,0.15727551,0.21361808
2017-07-27,0.37500003,0.125,0.125,0.125,0.125,0.125
2017-07-28,0.16666658,0.16666658,0.16666658,0.16666694,0.16666658,0.1666667
2017-07-31,0.37500003,0.125,0.125,0.125,0.125,0.125
2017-08-01,0.16666533,0.16666533,0.16666533,0.1666713,0.16666533,0.16666737
2017-08-02,0.37499997,0.12500001,0.12500001,0.12500004,0.12500001,0.12500003
2017-08-03,0.090909086,0.090909086,0.090909086,0.090909086,0.54545456,0.090909086
2017-08-04,0.37499982,0.12500001,0.12500001,0.12500009,0.12500001,0.12500006
2017-08-07,0.37499973,0.12500001,0.12500001,0.12500013,0.12500001,0.12500009
2017-08-08,0.111112304,0.44443554,0.111112304,0.11111452,0.111112304,0.11111306
2017-08-09,0.111112565,0.4444335,0.111112565,0.11111527,0.111112565,0.11111349
2017-08-10,0.37500003,0.125,0.125,0.125,0.125,0.125
2017-08-11,0.37500003,0.125,0.125,0.125,0.125,0.125
2017-08-14,0.090909086,0.090909086,0.090909086,0.090909086,0.54545456,0.090909086
2017-08-15,0.090909086,0.090909086,0.090909086,0.090909086,0.54545456,0.090909086
2017-08-16,0.37500003,0.125,0.125,0.125,0.125,0.125
2017-08-17,0.16666667,0.16666667,0.16666667,0.16666667,0.16666667,0.16666667
2017-08-18,0.15727551,0.15727882,0.15727651,0.15727551,0.15727551,0.21361808
2017-08-21,0.15727551,0.15727882,0.15727651,0.15727551,0.15727551,0.21361808
2017-08-22,0.37500003,0.125,0.125,0.125,0.125,0.125
2017-08-23,0.37500003,0.125,0.125,0.125,0.125,0.125
2017-08-24,0.37500003,0.125,0.125,0.125,0.125,0.125
2017-08-25,0.15727551,0.15727882,0.15727651,0.15727551,0.15727551,0.21361808
2017-08-28,0.37500003,0.125,0.125,0.125,0.125,0.125
2017-08-29,0.16666664,0.16666664,0.16666664,0.16666676,0.16666664,0.16666669
2017-08-30,0.15727551,0.15727882,0.15727651,0.15727551,0.15727551,0.21361808
2017-08-31,0.37500003,0.125,0.125,0.125,0.125,0.125
2017-09-01,0.11111201,0.44443762,0.11111201,0.11111371,0.11111201,0.111112595
2017-09-05,0.11111241,0.44443485,0.11111241,0.1111148,0.11111241,0.11111323
2017-09-06,0.37499937,0.12500006,0.12500006,0.1250003,0.12500006,0.12500018
2017-09-07,0.37499917,0.12500007,0.12500007,0.1250004,0.12500007,0.12500024
2017-09-08,0.111114934,0.44441578,0.111114934,0.11112206,0.111114934,0.111117356
2017-09-11,0.09090909,0.09090909,0.09090909,0.09090909,0.54545444,0.09090909
2017-09-12,0.11111763,0.44439566,0.11111763,0.111129746,0.11111763,0.11112176
2017-09-13,0.16666645,0.16666645,0.16666645,0.16666742,0.16666645,0.16666678
2017-09-14,0.37500003,0.125,0.125,0.125,0.125,0.125
2017-09-15,0.090909086,0.090909086,0.090909086,0.090909086,0.54545456,0.090909086
2017-09-18,0.15727551,0.15727882,0.15727651,0.15727551,0.15727551,0.21361808
2017-09-19,0.090909086,0.090909086,0.090909086,0.090909086,0.54545456,0.090909086
2017-09-20,0.37500003,0.125,0.125,0.125,0.125,0.125
2017-09-21,0.11111111,0.44444445,0.11111111,0.11111111,0.11111111,0.11111111
2017-09-22,0.16666667,0.16666667,0.16666667,0.16666667,0.16666667,0.16666667
2017-09-25,0.15727551,0.15727882,0.15727651,0.15727551,0.15727551,0.21361808
2017-09-26,0.090909086,0.090909086,0.090909086,0.090909086,0.54545456,0.090909086
2017-09-27,0.090909086,0.090909086,0.090909086,0.090909086,0.54545456,0.090909086
2017-09-28,0.16666645,0.16666645,0.16666645,0.1666674,0.16666645,0.16666678
2017-09-29,0.11111156,0.44444114,0.11111156,0.11111238,0.11111156,0.111111835
2017-10-02,0.11111265,0.44443294,0.11111265,0.11111551,0.11111265,0.11111363
2017-10-03,0.1666509,0.1666509,0.1666509,0.1667215,0.1666509,0.16667496
2017-10-04,0.15727551,0.15727882,0.15727651,0.15727551,0.15727551,0.21361808
2017-10-05,0.16662584,0.16662584,0.16662584,0.16680853,0.16662584,0.16668808
2017-10-06,0.15727551,0.15727882,0.15727651,0.15727551,0.15727551,0.21361808
2017-10-09,0.1666098,0.1666098,0.1666098,0.16686437,0.1666098,0.1666965
2017-10-10,0.37499878,0.1250001,0.1250001,0.12500057,0.1250001,0.12500033
2017-10-11,0.090909086,0.090909086,0.090909086,0.090909086,0.54545456,0.090909086
2017-10-12,0.090909086,0.090909086,0.090909086,0.090909086,0.54545456,0.090909086
2017-10-13,0.111952156,0.43809244,0.111952156,0.11355512,0.111952186,0.11249589
2017-10-16,0.11253327,0.4336481,0.11253327,0.115287565,0.112533286,0.11346445
2017-10-17,0.15727551,0.15727882,0.15727651,0.15727551,0.15727551,0.21361808
2017-10-18,0.111113966,0.44442302,0.111113966,0.11111929,0.111113966,0.11111578
2017-10-19,0.15727551,0.15727882,0.15727651,0.15727551,0.15727551,0.21361808
2017-10-20,0.16666663,0.16666663,0.16666663,0.16666688,0.16666663,0.1666667
2017-10-23,0.16666661,0.16666661,0.16666661,0.16666688,0.16666661,0.1666667
2017-10-24,0.1666666,0.1666666,0.1666666,0.16666695,0.1666666,0.16666672
2017-10-25,0.16666654,0.16666654,0.16666654,0.16666709,0.16666654,0.16666672
2017-10-26,0.16666642,0.16666642,0.16666642,0.16666757,0.16666642,0.1666668
2017-10-27,0.11111601,0.4444077,0.11111601,0.111125134,0.11111601,0.11111912
2017-10-30,0.15727551,0.15727882,0.15727651,0.15727551,0.15727551,0.21361808
2017-10-31,0.15727551,0.15727882,0.15727651,0.15727551,0.15727551,0.21361808
2017-11-01,0.090909526,0.090909526,0.090909526,0.09090997,0.5454518,0.090909675
2017-11-02,0.15727551,0.15727882,0.15727651,0.15727551,0.15727551,0.21361808
2017-11-03,0.15727551,0.15727882,0.15727651,0.15727551,0.15727551,0.21361808
2017-11-06,0.09091011,0.09091011,0.09091011,0.09091116,0.54544806,0.090910465
2017-11-07,0.3747916,0.1250175,0.1250175,0.12509811,0.12501751,0.12505782
2017-11-08,0.11120811,0.44371653,0.11120811,0.1113893,0.11120811,0.11126984
2017-11-09,0.16664685,0.16664685,0.16664685,0.16673553,0.16664685,0.16667707
2017-11-10,0.090909086,0.090909086,0.090909086,0.090909086,0.54545456,0.090909086
2017-11-13,0.37499917,0.12500007,0.12500007,0.1250004,0.12500007,0.12500024
2017-11-14,0.15727551,0.15727882,0.15727651,0.15727551,0.15727551,0.21361808
2017-11-15,0.37499997,0.12500001,0.12500001,0.12500004,0.12500001,0.12500003
2017-11-16,0.37500003,0.125,0.125,0.125,0.125,0.125
2017-11-17,0.16666664,0.16666664,0.16666664,0.1666668,0.16666664,0.16666669
2017-11-20,0.37500003,0.125,0.125,0.125,0.125,0.125
2017-11-21,0.15727551,0.15727882,0.15727651,0.15727551,0.15727551,0.21361808
2017-11-22,0.37500003,0.125,0.125,0.125,0.125,0.125
2017-11-24,0.090909086,0.090909086,0.090909086,0.090909086,0.54545456,0.090909086
2017-11-27,0.090909086,0.090909086,0.090909086,0.090909086,0.54545456,0.090909086
2017-11-28,0.090909086,0.090909086,0.090909086,0.090909086,0.54545456,0.090909086
2017-11-29,0.090909086,0.090909086,0.090909086,0.090909086,0.54545456,0.090909086
2017-11-30,0.09090909,0.09090909,0.09090909,0.090909116,0.54545444,0.09090909
2017-12-01,0.16665256,0.16665256,0.16665256,0.1667157,0.16665256,0.16667409
2017-12-04,0.16663724,0.16663724,0.16663724,0.16676894,0.16663724,0.16668212
2017-12-05,0.16662955,0.16662955,0.16662955,0.16679564,0.16662955,0.16668615
2017-12-06,0.16662489,0.16662489,0.16662489,0.16681185,0.16662489,0.16668859
2017-12-07,0.11112693,0.4443259,0.11112693,0.1111564,0.11112693,0.11113697
2017-12-08,0.16664724,0.16664724,0.16664724,0.16673419,0.16664724,0.16667686
2017-12-11,0.11111663,0.44440305,0.11111663,0.11112691,0.11111663,0.11112014
2017-12-12,0.15727551,0.15727882,0.15727651,0.15727551,0.15727551,0.21361808
2017-12-13,0.15727551,0.15727882,0.15727651,0.15727551,0.15727551,0.21361808
2017-12-14,0.11111166,0.44444034,0.11111166,0.111112684,0.11111166,0.111112006
2017-12-15,0.11111144,0.4444419,0.11111144,0.111112066,0.11111144,0.111111656
2017-12-18,0.37500003,0.125,0.125,0.125,0.125,0.125
2017-12-19,0.15727551,0.15727882,0.15727651,0.15727551,0.15727551,0.21361808
2017-12-20,0.15727551,0.15727882,0.15727651,0.15727551,0.15727551,0.21361808
2017-12-21,0.37500003,0.125,0.125,0.125,0.125,0.125
2017-12-22,0.16666663,0.16666663,0.16666663,0.16666678,0.16666663,0.16666669
2017-12-26,0.090909086,0.090909086,0.090909086,0.090909086,0.54545456,0.090909086
2017-12-27,0.16666664,0.16666664,0.16666664,0.16666679,0.16666664,0.16666667
2017-12-28,0.11111158,0.44444078,0.11111158,0.1111125,0.11111158,0.11111189
2017-12-29,0.090909086,0.090909086,0.090909086,0.090909086,0.54545456,0.090909086
2018-01-02,0.15727551,0.15727882,0.15727651,0.15727551,0.15727551,0.21361808
2018-01-03,0.1666639,0.1666639,0.1666639,0.16667625,0.1666639,0.16666812
2018-01-04,0.11112859,0.44431338,0.11112859,0.11116118,0.11112859,0.11113969
2018-01-05,0.1666624,0.1666624,0.1666624,0.16668156,0.1666624,0.16666892
2018-01-08,0.16666178,0.16666178,0.16666178,0.1666836,0.16666178,0.16666922
2018-01-09,0.3749916,0.1250007,0.1250007,0.12500395,0.1250007,0.12500232
2018-01-10,0.16666262,0.16666262,0.16666262,0.16668072,0.16666262,0.16666879
2018-01-11,0.15727551,0.15727882,0.15727651,0.15727551,0.15727551,0.21361808
2018-01-12,0.16666622,0.16666622,0.16666622,0.16666825,0.16666622,0.16666691
2018-01-16,0.090909086,0.090909086,0.090909086,0.090909086,0.54545456,0.090909086
2018-01-17,0.16666663,0.16666663,0.16666663,0.1666668,0.16666663,0.16666669
2018-01-18,0.16666664,0.16666664,0.16666664,0.1666667,0.16666664,0.16666667
2018-01-19,0.11111124,0.4444434,0.11111124,0.111111484,0.11111124,0.11111131
2018-01-22,0.16666667,0.16666667,0.16666667,0.16666669,0.16666667,0.16666667
2018-01-23,0.15727551,0.15727882,0.15727651,0.15727551,0.15727551,0.21361808
2018-01-24,0.16666664,0.16666664,0.16666664,0.16666672,0.16666664,0.16666667
2018-01-25,0.37500003,0.125,0.125,0.125,0.125,0.125
2018-01-26,0.15727551,0.15727882,0.15727651,0.15727551,0.15727551,0.21361808
2018-01-29,0.090909086,0.090909086,0.090909086,0.090909086,0.54545456,0.090909086
2018-01-30,0.37498775,0.12500101,0.12500101,0.12500574,0.12500101,0.12500337
2018-01-31,0.1111696,0.44400576,0.1111696,0.11127871,0.1111696,0.111206785
2018-02-01,0.37423435,0.12506415,0.12506413,0.12536071,0.12506421,0.1252124
2018-02-02,0.15727551,0.15727882,0.15727651,0.15727551,0.15727551,0.21361808
2018-02-05,0.3733376,0.12513886,0.12513886,0.12578432,0.12513903,0.12546133
2018-02-06,0.37308642,0.12515974,0.12515973,0.12590316,0.12515989,0.12553105
2018-02-07,0.09091056,0.09091056,0.09091056,0.090912074,0.54544514,0.090911075
2018-02-08,0.090910524,0.090910524,0.090910524,0.09091202,0.5454453,0.09091103
2018-02-09,0.09090946,0.09090946,0.09090946,0.09090984,0.5454522,0.090909585
2018-02-12,0.09090915,0.09090915,0.09090915,0.0909092,0.5454542,0.090909176
2018-02-13,0.11113165,0.44429037,0.11113165,0.11116995,0.11113165,0.111144714
2018-02-14,0.11111437,0.44441995,0.11111437,0.11112045,0.11111437,0.11111645
2018-02-15,0.090909086,0.090909086,0.090909086,0.090909086,0.54545456,0.090909086
2018-02-16,0.090909086,0.090909086,0.090909086,0.090909086,0.54545456,0.090909086
2018-02-20,0.090909086,0.090909086,0.090909086,0.090909086,0.54545456,0.090909086
2018-02-21,0.090909086,0.090909086,0.090909086,0.090909086,0.54545456,0.090909086
2018-02-22,0.11111111,0.44444445,0.11111111,0.11111111,0.11111111,0.11111111
2018-02-23,0.15727551,0.15727882,0.15727651,0.15727551,0.15727551,0.21361808
2018-02-26,0.15727551,0.15727882,0.15727651,0.15727551,0.15727551,0.21361808
2018-02-27,0.11111158,0.44444096,0.11111158,0.11111245,0.11111158,0.11111187
2018-02-28,0.37499997,0.125,0.125,0.12500001,0.125,0.12500001
2018-03-01,0.11111475,0.44441712,0.11111475,0.11112153,0.11111475,0.111117065
2018-03-02,0.37499258,0.12500061,0.12500061,0.12500347,0.12500061,0.12500206
2018-03-05,0.11112382,0.4443491,0.11112382,0.111147515,0.11112382,0.1111319
2018-03-06,0.1666584,0.1666584,0.1666584,0.16669542,0.1666584,0.16667101
2018-03-07,0.37497133,0.12500241,0.12500241,0.12501352,0.12500241,0.12500797
2018-03-08,0.090909086,0.090909086,0.090909086,0.090909086,0.54545456,0.090909086
2018-03-09,0.11111777,0.44439453,0.11111777,0.11113018,0.11111777,0.111122
2018-03-12,0.374998,0.12500016,0.12500016,0.12500094,0.12500016,0.12500055
2018-03-13,0.16666596,0.16666596,0.16666596,0.16666915,0.16666596,0.16666704
2018-03-14,0.37499997,0.12500001,0.12500001,0.12500004,0.12500001,0.12500003
2018-03-15,0.090909086,0.090909086,0.090909086,0.090909086,0.54545456,0.090909086
2018-03-16,0.11111111,0.4444444,0.11111111,0.11111113,0.11111111,0.11111111
2018-03-19,0.16666666,0.16666666,0.16666666,0.16666669,0.16666666,0.16666667
2018-03-20,0.090909086,0.090909086,0.090909086,0.090909086,0.54545456,0.090909086
2018-03-21,0.090909086,0.090909086,0.090909086,0.090909086,0.54545456,0.090909086
2018-03-22,0.37500003,0.125,0.125,0.125,0.125,0.125
2018-03-23,0.11111111,0.4444444,0.11111111,0.11111113,0.11111111,0.11111111
2018-03-26,0.11111111,0.4444444,0.11111111,0.11111113,0.11111111,0.11111111
2018-03-27,0.16666664,0.16666664,0.16666664,0.16666678,0.16666664,0.16666669
2018-03-28,0.111111596,0.44444087,0.111111596,0.1111125,0.111111596,0.1111119
2018-03-29,0.15727551,0.15727882,0.15727651,0.15727551,0.15727551,0.21361808
2018-04-02,0.16664103,0.16664103,0.16664103,0.1667558,0.16664103,0.16668013
2018-04-03,0.16661806,0.16661806,0.16661806,0.1668356,0.16661806,0.16669217
2018-04-04,0.11117303,0.44397992,0.11117303,0.111288585,0.11117303,0.1112124
2018-04-05,0.16662039,0.16662039,0.16662039,0.16682753,0.16662039,0.16669095
2018-04-06,0.15727551,0.15727882,0.15727651,0.15727551,0.15727551,0.21361808
2018-04-09,0.11117066,0.44399768,0.11117066,0.11128178,0.11117066,0.11120851
2018-04-10,0.11123603,0.44350678,0.11123603,0.11146956,0.11123603,0.111315556
2018-04-11,0.37499365,0.12500052,0.12500052,0.12500297,0.12500052,0.12500174
2018-04-12,0.15727551,0.15727882,0.15727651,0.15727551,0.15727551,0.21361808
2018-04-13,0.16666235,0.16666235,0.16666235,0.16668169,0.16666235,0.16666894
2018-04-16,0.16666448,0.16666448,0.16666448,0.16667421,0.16666448,0.1666678
2018-04-17,0.090909086,0.090909086,0.090909086,0.090909086,0.54545456,0.090909086
2018-04-18,0.15727551,0.15727882,0.15727651,0.15727551,0.15727551,0.21361808
2018-04-19,0.1111114,0.44444233,0.1111114,0.11111193,0.1111114,0.11111159
2018-04-20,0.15727551,0.15727882,0.15727651,0.15727551,0.15727551,0.21361808
2018-04-23,0.15727551,0.15727882,0.15727651,0.15727551,0.15727551,0.21361808
2018-04-24,0.15727551,0.15727882,0.15727651,0.15727551,0.15727551,0.21361808
2018-04-25,0.37499997,0.125,0.125,0.12500001,0.125,0.125
2018-04-26,0.37499997,0.125,0.125,0.12500001,0.125,0.125
2018-04-27,0.1666654,0.1666654,0.1666654,0.16667102,0.1666654,0.16666733
2018-04-30,0.15727551,0.15727882,0.15727651,0.15727551,0.15727551,0.21361808
2018-05-01,0.11112055,0.44437364,0.11112055,0.11113816,0.11112055,0.111126564
2018-05-02,0.09090917,0.09090917,0.09090917,0.090909265,0.545454,0.090909205
2018-05-03,0.11112073,0.44437236,0.11112073,0.11113866,0.11112073,0.11112683
2018-05-04,0.09090917,0.09090917,0.09090917,0.090909265,0.545454,0.090909205
2018-05-07,0.09090919,0.09090919,0.09090919,0.0909093,0.54545385,0.09090922
2018-05-08,0.111119434,0.44438204,0.111119434,0.11113492,0.111119434,0.1111247
2018-05-09,0.11112013,0.44437683,0.11112013,0.11113693,0.11112013,0.11112584
2018-05-10,0.090909086,0.090909086,0.090909086,0.090909086,0.54545456,0.090909086
2018-05-11,0.11114463,0.44419307,0.11114463,0.11120712,0.11114463,0.111165926
2018-05-14,0.090909086,0.090909086,0.090909086,0.090909086,0.54545456,0.090909086
2018-05-15,0.111113675,0.4444252,0.111113675,0.11111846,0.111113675,0.1111153
2018-05-16,0.15727551,0.15727882,0.15727651,0.15727551,0.15727551,0.21361808
2018-05-17,0.090909086,0.090909086,0.090909086,0.090909086,0.54545456,0.090909086
2018-05-18,0.16666664,0.16666664,0.16666664,0.16666679,0.16666664,0.16666667
2018-05-21,0.37500003,0.125,0.125,0.125,0.125,0.125
2018-05-22,0.11111111,0.44444445,0.11111111,0.11111111,0.11111111,0.11111111
2018-05-23,0.37500003,0.125,0.125,0.125,0.125,0.125
2018-05-24,0.16666663,0.16666663,0.16666663,0.16666682,0.16666663,0.1666667
2018-05-25,0.090909086,0.090909086,0.090909086,0.090909086,0.54545456,0.090909086
2018-05-29,0.11111111,0.4444444,0.11111111,0.11111113,0.11111111,0.11111111
2018-05-30,0.37499997,0.12500001,0.12500001,0.12500004,0.12500001,0.12500003
2018-05-31,0.09090909,0.09090909,0.09090909,0.09090909,0.54545444,0.09090909
2018-06-01,0.09090916,0.09090916,0.09090916,0.09090924,0.5454541,0.090909176
2018-06-04,0.37481204,0.12501578,0.12501578,0.12508848,0.1250158,0.12505214
2018-06-05,0.15727551,0.15727882,0.15727651,0.15727551,0.15727551,0.21361808
2018-06-06,0.11111466,0.4444179,0.11111466,0.11112127,0.11111466,0.11111691
2018-06-07,0.15727551,0.15727882,0.15727651,0.15727551,0.15727551,0.21361808
2018-06-08,0.15727551,0.15727882,0.15727651,0.15727551,0.15727551,0.21361808
2018-06-11,0.1111222,0.4443614,0.1111222,0.11114285,0.1111222,0.111129224
2018-06-12,0.111173056,0.44397962,0.111173056,0.111288704,0.111173056,0.11121246
2018-06-13,0.11113321,0.44427863,0.11113321,0.111174434,0.11113321,0.11114726
2018-06-14,0.37499997,0.125,0.125,0.12500001,0.125,0.125
2018-06-15,0.090909086,0.090909086,0.090909086,0.090909086,0.54545456,0.090909086
2018-06-18,0.11111111,0.44444445,0.11111111,0.11111111,0.11111111,0.11111111
2018-06-19,0.16666664,0.16666664,0.16666664,0.16666672,0.16666664,0.16666667
2018-06-20,0.16666666,0.16666666,0.16666666,0.1666667,0.16666666,0.16666667
2018-06-21,0.37500003,0.125,0.125,0.125,0.125,0.125
2018-06-22,0.11111111,0.44444445,0.11111111,0.11111111,0.11111111,0.11111111
2018-06-25,0.11111111,0.44444445,0.11111111,0.11111111,0.11111111,0.11111111
2018-06-26,0.11111111,0.44444445,0.11111111,0.11111111,0.11111111,0.11111111
2018-06-27,0.11111111,0.4444444,0.11111111,0.11111113,0.11111111,0.11111111
2018-06-28,0.37500003,0.125,0.125,0.125,0.125,0.125
2018-06-29,0.16666548,0.16666548,0.16666548,0.1666708,0.16666548,0.1666673
2018-07-02,0.090909086,0.090909086,0.090909086,0.090909086,0.54545456,0.090909086
2018-07-03,0.15727551,0.15727882,0.15727651,0.15727551,0.15727551,0.21361808
2018-07-05,0.11111279,0.44443193,0.11111279,0.11111591,0.11111279,0.11111385
2018-07-06,0.16665074,0.16665074,0.16665074,0.166722,0.16665074,0.16667503
2018-07-09,0.16665287,0.16665287,0.16665287,0.16671458,0.16665287,0.1666739
2018-07-10,0.090909086,0.090909086,0.090909086,0.090909086,0.54545456,0.090909086
2018-07-11,0.16665496,0.16665496,0.16665496,0.16670735,0.16665496,0.16667281
2018-07-12,0.111112736,0.4444323,0.111112736,0.11111577,0.111112736,0.11111377
2018-07-13,0.090909086,0.090909086,0.090909086,0.090909086,0.54545456,0.090909086
2018-07-16,0.111111164,0.44444406,0.111111164,0.11111125,0.111111164,0.11111119
2018-07-17,0.090909086,0.090909086,0.090909086,0.090909086,0.54545456,0.090909086
2018-07-18,0.090909086,0.090909086,0.090909086,0.090909086,0.54545456,0.090909086
2018-07-19,0.37500003,0.125,0.125,0.125,0.125,0.125
2018-07-20,0.15727551,0.15727882,0.15727651,0.15727551,0.15727551,0.21361808
2018-07-23,0.37500003,0.125,0.125,0.125,0.125,0.125
2018-07-24,0.37500003,0.125,0.125,0.125,0.125,0.125
2018-07-25,0.15727551,0.15727882,0.15727651,0.15727551,0.15727551,0.21361808
2018-07-26,0.15727551,0.15727882,0.15727651,0.15727551,0.15727551,0.21361808
2018-07-27,0.11111113,0.44444436,0.11111113,0.11111116,0.11111113,0.11111114
2018-07-30,0.15727551,0.15727882,0.15727651,0.15727551,0.15727551,0.21361808
2018-07-31,0.15727551,0.15727882,0.15727651,0.15727551,0.15727551,0.21361808
2018-08-01,0.090909086,0.090909086,0.090909086,0.090909086,0.54545456,0.090909086
2018-08-02,0.15727551,0.15727882,0.15727651,0.15727551,0.15727551,0.21361808
2018-08-03,0.16665223,0.16665223,0.16665223,0.16671683,0.16665223,0.16667423
2018-08-06,0.16664584,0.16664584,0.16664584,0.166739,0.16664584,0.16667758
2018-08-07,0.37499246,0.12500064,0.12500064,0.12500358,0.12500064,0.12500212
2018-08-08,0.37499675,0.12500025,0.12500025,0.12500153,0.12500025,0.1250009
2018-08-09,0.15727551,0.15727882,0.15727651,0.15727551,0.15727551,0.21361808
2018-08-10,0.11111291,0.44443107,0.11111291,0.111116245,0.11111291,0.11111405
2018-08-13,0.11111275,0.4444322,0.11111275,0.1111158,0.11111275,0.11111379
2018-08-14,0.090909086,0.090909086,0.090909086,0.090909086,0.54545456,0.090909086
2018-08-15,0.16666642,0.16666642,0.16666642,0.16666757,0.16666642,0.1666668
2018-08-16,0.16666663,0.16666663,0.16666663,0.1666668,0.16666663,0.16666669
2018-08-17,0.11111111,0.44444445,0.11111111,0.11111111,0.11111111,0.11111111
2018-08-20,0.37500003,0.125,0.125,0.125,0.125,0.125
2018-08-21,0.15727551,0.15727882,0.15727651,0.15727551,0.15727551,0.21361808
2018-08-22,0.11111111,0.44444445,0.11111111,0.11111111,0.11111111,0.11111111
2018-08-23,0.090909086,0.090909086,0.090909086,0.090909086,0.54545456,0.090909086
2018-08-24,0.16666666,0.16666666,0.16666666,0.16666669,0.16666666,0.16666669
2018-08-27,0.15727551,0.15727882,0.15727651,0.15727551,0.15727551,0.21361808
2018-08-28,0.15727551,0.15727882,0.15727651,0.15727551,0.15727551,0.21361808
2018-08-29,0.090909086,0.090909086,0.090909086,0.090909086,0.54545456,0.090909086
2018-08-30,0.090909086,0.090909086,0.090909086,0.090909086,0.54545456,0.090909086
2018-08-31,0.090909086,0.090909086,0.090909086,0.090909086,0.54545456,0.090909086
2018-09-04,0.37499988,0.12500001,0.12500001,0.12500004,0.12500001,0.12500003
2018-09-05,0.090909086,0.090909086,0.090909086,0.090909086,0.54545456,0.090909086
2018-09-06,0.111111715,0.44443998,0.111111715,0.111112826,0.111111715,0.111112095
2018-09-07,0.090909086,0.090909086,0.090909086,0.090909086,0.54545456,0.090909086
2018-09-10,0.15727551,0.15727882,0.15727651,0.15727551,0.15727551,0.21361808
2018-09-11,0.15727551,0.15727882,0.15727651,0.15727551,0.15727551,0.21361808
2018-09-12,0.37499747,0.12500021,0.12500021,0.12500119,0.12500021,0.1250007
2018-09-13,0.1111122,0.4444363,0.1111122,0.11111423,0.1111122,0.11111289
2018-09-14,0.15727551,0.15727882,0.15727651,0.15727551,0.15727551,0.21361808
2018-09-17,0.090909086,0.090909086,0.090909086,0.090909086,0.54545456,0.090909086
2018-09-18,0.090909086,0.090909086,0.090909086,0.090909086,0.54545456,0.090909086
2018-09-19,0.37500003,0.125,0.125,0.125,0.125,0.125
2018-09-20,0.37500003,0.125,0.125,0.125,0.125,0.125
2018-09-21,0.37500003,0.125,0.125,0.125,0.125,0.125
2018-09-24,0.16666666,0.16666666,0.16666666,0.16666669,0.16666666,0.16666667
2018-09-25,0.16666664,0.16666664,0.16666664,0.16666672,0.16666664,0.16666667
2018-09-26,0.37500003,0.125,0.125,0.125,0.125,0.125
2018-09-27,0.37500003,0.125,0.125,0.125,0.125,0.125
2018-09-28,0.16666594,0.16666594,0.16666594,0.16666919,0.16666594,0.16666704
2018-10-01,0.15727551,0.15727882,0.15727651,0.15727551,0.15727551,0.21361808
2018-10-02,0.16665831,0.16665831,0.16665831,0.1666957,0.16665831,0.16667105
2018-10-03,0.11111314,0.4444292,0.11111314,0.11111692,0.11111314,0.11111442
2018-10-04,0.37498927,0.1250009,0.1250009,0.12500507,0.1250009,0.12500297
2018-10-05,0.090909086,0.090909086,0.090909086,0.090909086,0.54545456,0.090909086
2018-10-08,0.090909086,0.090909086,0.090909086,0.090909086,0.54545456,0.090909086
2018-10-09,0.37496468,0.12500297,0.12500297,0.12501664,0.12500297,0.12500982
2018-10-10,0.090909086,0.090909086,0.090909086,0.090909086,0.54545456,0.090909086
2018-10-11,0.090909086,0.090909086,0.090909086,0.090909086,0.54545456,0.090909086
2018-10-12,0.16661555,0.16661555,0.16661555,0.16684434,0.16661555,0.1666935
2018-10-15,0.15727551,0.15727882,0.15727651,0.15727551,0.15727551,0.21361808
2018-10-16,0.090909086,0.090909086,0.090909086,0.090909086,0.54545456,0.090909086
2018-10-17,0.15727551,0.15727882,0.15727651,0.15727551,0.15727551,0.21361808
2018-10-18,0.090909086,0.090909086,0.090909086,0.090909086,0.54545456,0.090909086
2018-10-19,0.11111111,0.44444445,0.11111111,0.11111111,0.11111111,0.11111111
2018-10-22,0.37498775,0.12500103,0.12500103,0.12500574,0.12500103,0.12500338
2018-10-23,0.11111113,0.44444436,0.11111113,0.11111116,0.11111113,0.11111114
2018-10-24,0.1666666,0.1666666,0.1666666,0.1666669,0.1666666,0.16666669
2018-10-25,0.090909086,0.090909086,0.090909086,0.090909086,0.54545456,0.090909086
2018-10-26,0.1111114,0.44444233,0.1111114,0.11111193,0.1111114,0.11111159
2018-10-29,0.11111234,0.44443527,0.11111234,0.11111463,0.11111234,0.11111312
2018-10-30,0.11111784,0.44439387,0.11111784,0.11113041,0.11111784,0.111122124
2018-10-31,0.11113723,0.44424862,0.11113723,0.11118593,0.11113723,0.111153826
2018-11-01,0.3747606,0.12502009,0.12502009,0.1251127,0.1250201,0.1250664
2018-11-02,0.11118828,0.44386557,0.11118828,0.111332305,0.11118828,0.11123734
2018-11-05,0.111233756,0.44352385,0.111233756,0.11146301,0.111233756,0.11131183
2018-11-06,0.3714188,0.12529734,0.1252973,0.12669459,0.12529764,0.12599428
2018-11-07,0.37123853,0.12531212,0.12531209,0.12678042,0.12531245,0.12604441
2018-11-08,0.16654088,0.16654088,0.16654088,0.16710392,0.16654088,0.16673255
2018-11-09,0.37379098,0.12510115,0.12510113,0.12557003,0.12510127,0.12533545
2018-11-12,0.16665019,0.16665019,0.16665019,0.16672394,0.16665019,0.16667531
2018-11-13,0.3741978,0.12506722,0.12506719,0.12537797,0.12506726,0.12522256
2018-11-14,0.16666093,0.16666093,0.16666093,0.16668656,0.16666093,0.16666967
2018-11-15,0.1666605,0.1666605,0.1666605,0.16668813,0.1666605,0.16666992
2018-11-16,0.111119434,0.44438204,0.111119434,0.11113494,0.111119434,0.11112473
2018-11-19,0.090909086,0.090909086,0.090909086,0.090909086,0.54545456,0.090909086
2018-11-20,0.37499982,0.12500001,0.12500001,0.12500009,0.12500001,0.12500006
2018-11-21,0.15727551,0.15727882,0.15727651,0.15727551,0.15727551,0.21361808
2018-11-23,0.090909086,0.090909086,0.090909086,0.090909086,0.54545456,0.090909086
2018-11-26,0.11111113,0.4444443,0.11111113,0.11111116,0.11111113,0.11111114
2018-11-27,0.15727551,0.15727882,0.15727651,0.15727551,0.15727551,0.21361808
2018-11-28,0.111111686,0.44444013,0.111111686,0.11111276,0.111111686,0.11111204
2018-11-29,0.15727551,0.15727882,0.15727651,0.15727551,0.15727551,0.21361808
2018-11-30,0.11116218,0.44406137,0.11116218,0.11125746,0.11116218,0.11119464
2018-12-03,0.15727551,0.15727882,0.15727651,0.15727551,0.15727551,0.21361808
2018-12-04,0.3745613,0.12503679,0.12503679,0.1252066,0.12503684,0.1251217
2018-12-06,0.37452725,0.12503964,0.12503964,0.12522265,0.1250397,0.12513115
2018-12-07,0.15727551,0.15727882,0.15727651,0.15727551,0.15727551,0.21361808
2018-12-10,0.16663271,0.16663271,0.16663271,0.16678464,0.16663271,0.16668448
2018-12-11,0.11143756,0.44199002,0.11143756,0.11205106,0.11143756,0.11164627
2018-12-12,0.37489143,0.1250091,0.1250091,0.12505111,0.12500913,0.12503012
2018-12-13,0.16666475,0.16666475,0.16666475,0.16667332,0.16666475,0.16666767
2018-12-14,0.16666628,0.16666628,0.16666628,0.16666794,0.16666628,0.16666685
2018-12-17,0.111111514,0.44444135,0.111111514,0.11111228,0.111111514,0.111111775
2018-12-18,0.15727551,0.15727882,0.15727651,0.15727551,0.15727551,0.21361808
2018-12-19,0.11111111,0.44444445,0.11111111,0.11111111,0.11111111,0.11111111
2018-12-20,0.11111111,0.44444445,0.11111111,0.11111111,0.11111111,0.11111111
2018-12-21,0.16666667,0.16666667,0.16666667,0.16666669,0.16666667,0.16666667
2018-12-24,0.16666667,0.16666667,0.16666667,0.16666669,0.16666667,0.16666667
2018-12-26,0.16666666,0.16666666,0.16666666,0.16666669,0.16666666,0.16666667
2018-12-27,0.15727551,0.15727882,0.15727651,0.15727551,0.15727551,0.21361808
2018-12-28,0.090909086,0.090909086,0.090909086,0.090909086,0.54545456,0.090909086
2018-12-31,0.09090909,0.09090909,0.09090909,0.090909116,0.54545444,0.09090909
2019-01-02,0.16666333,0.16666333,0.16666333,0.16667823,0.16666333,0.1666684
2019-01-03,0.16665985,0.16665985,0.16665985,0.1666904,0.16665985,0.16667025
2019-01-04,0.16665106,0.16665106,0.16665106,0.1667209,0.16665106,0.16667485
2019-01-07,0.3749812,0.12500158,0.12500158,0.1250089,0.12500158,0.12500525
2019-01-08,0.15727551,0.15727882,0.15727651,0.15727551,0.15727551,0.21361808
2019-01-09,0.09091172,0.09091172,0.09091172,0.09091445,0.5454377,0.090912655
2019-01-10,0.37499192,0.12500069,0.12500069,0.12500381,0.12500069,0.12500225
2019-01-11,0.15727551,0.15727882,0.15727651,0.15727551,0.15727551,0.21361808
2019-01-14,0.090909086,0.090909086,0.090909086,0.090909086,0.54545456,0.090909086
2019-01-15,0.090909086,0.090909086,0.090909086,0.090909086,0.54545456,0.090909086
2019-01-16,0.11113496,0.4442656,0.11113496,0.111179404,0.11113496,0.11115011
2019-01-17,0.37500003,0.125,0.125,0.125,0.125,0.125
2019-01-18,0.37500003,0.125,0.125,0.125,0.125,0.125
2019-01-22,0.090909086,0.090909086,0.090909086,0.090909086,0.54545456,0.090909086
2019-01-23,0.11111111,0.4444444,0.11111111,0.11111113,0.11111111,0.11111111
2019-01-24,0.37500003,0.125,0.125,0.125,0.125,0.125
2019-01-25,0.15727551,0.15727882,0.15727651,0.15727551,0.15727551,0.21361808
2019-01-28,0.11111118,0.44444394,0.11111118,0.11111131,0.11111118,0.11111122
2019-01-29,0.37499973,0.12500001,0.12500001,0.12500013,0.12500001,0.12500009
2019-01-30,0.15727551,0.15727882,0.15727651,0.15727551,0.15727551,0.21361808
2019-01-31,0.11113364,0.44427553,0.11113364,0.11117561,0.11113364,0.11114794
2019-02-01,0.09090944,0.09090944,0.09090944,0.0909098,0.54545224,0.09090957
2019-02-04,0.11130826,0.44296375,0.11130826,0.111677505,0.11130826,0.11143397
2019-02-05,0.37411752,0.12507391,0.1250739,0.12541586,0.12507398,0.12524483
2019-02-06,0.11198949,0.43780845,0.11198949,0.1136653,0.111989506,0.112557806
2019-02-07,0.11287614,0.43100375,0.11287614,0.11632727,0.11287615,0.11404062
2019-02-08,0.16657884,0.16657884,0.16657884,0.16697189,0.16657884,0.16671269
2019-02-11,0.09090909,0.09090909,0.09090909,0.090909116,0.54545444,0.09090909
2019-02-12,0.16666317,0.16666317,0.16666317,0.1666788,0.16666317,0.16666849
2019-02-13,0.090909086,0.090909086,0.090909086,0.090909086,0.54545456,0.090909086
2019-02-14,0.111111514,0.44444135,0.111111514,0.11111227,0.111111514,0.11111177
2019-02-15,0.15727551,0.15727882,0.15727651,0.15727551,0.15727551,0.21361808
2019-02-19,0.37500003,0.125,0.125,0.125,0.125,0.125
2019-02-20,0.15727551,0.15727882,0.15727651,0.15727551,0.15727551,0.21361808
2019-02-21,0.16666667,0.16666667,0.16666667,0.16666667,0.16666667,0.16666667
2019-02-22,0.090909086,0.090909086,0.090909086,0.090909086,0.54545456,0.090909086
2019-02-25,0.090909086,0.090909086,0.090909086,0.090909086,0.54545456,0.090909086
2019-02-26,0.11111114,0.44444427,0.11111114,0.11111119,0.11111114,0.11111116
2019-02-27,0.15727551,0.15727882,0.15727651,0.15727551,0.15727551,0.21361808
2019-02-28,0.37499997,0.125,0.125,0.12500001,0.125,0.125
2019-03-01,0.090909086,0.090909086,0.090909086,0.090909086,0.54545456,0.090909086
2019-03-04,0.111114986,0.44441545,0.111114986,0.111122206,0.111114986,0.111117445
2019-03-05,0.09090909,0.09090909,0.09090909,0.09090909,0.54545444,0.09090909
2019-03-06,0.090909086,0.090909086,0.090909086,0.090909086,0.54545456,0.090909086
2019-03-07,0.090909086,0.090909086,0.090909086,0.090909086,0.54545456,0.090909086
2019-03-08,0.37499118,0.12500075,0.12500075,0.12500417,0.12500075,0.12500246
2019-03-11,0.11111496,0.44441554,0.11111496,0.11112213,0.11111496,0.11111741
2019-03-12,0.090909086,0.090909086,0.090909086,0.090909086,0.54545456,0.090909086
2019-03-13,0.090909086,0.090909086,0.090909086,0.090909086,0.54545456,0.090909086
2019-03-14,0.15727551,0.15727882,0.15727651,0.15727551,0.15727551,0.21361808
2019-03-15,0.37500003,0.125,0.125,0.125,0.125,0.125
2019-03-18,0.090909086,0.090909086,0.090909086,0.090909086,0.54545456,0.090909086
2019-03-19,0.16666663,0.16666663,0.16666663,0.16666684,0.16666663,0.16666669
2019-03-20,0.16666664,0.16666664,0.16666664,0.16666676,0.16666664,0.16666669
2019-03-21,0.090909086,0.090909086,0.090909086,0.090909086,0.54545456,0.090909086
2019-03-22,0.37500003,0.125,0.125,0.125,0.125,0.125
2019-03-25,0.090909086,0.090909086,0.090909086,0.090909086,0.54545456,0.090909086
2019-03-26,0.37500003,0.125,0.125,0.125,0.125,0.125
2019-03-27,0.16666652,0.16666652,0.16666652,0.16666715,0.16666652,0.16666673
2019-03-28,0.15727551,0.15727882,0.15727651,0.15727551,0.15727551,0.21361808
2019-03-29,0.16665566,0.16665566,0.16665566,0.16670488,0.16665566,0.16667244
2019-04-01,0.37499434,0.12500048,0.12500048,0.12500268,0.12500048,0.12500158
2019-04-02,0.37498915,0.12500091,0.12500091,0.12500511,0.12500091,0.12500301
2019-04-03,0.15727551,0.15727882,0.15727651,0.15727551,0.15727551,0.21361808
2019-04-04,0.09090919,0.09090919,0.09090919,0.0909093,0.54545385,0.09090922
2019-04-05,0.09090919,0.09090919,0.09090919,0.0909093,0.54545385,0.09090922
2019-04-08,0.1113232,0.4428514,0.1113232,0.11172057,0.1113232,0.11145848
2019-04-09,0.15727551,0.15727882,0.15727651,0.15727551,0.15727551,0.21361808
2019-04-10,0.15727551,0.15727882,0.15727651,0.15727551,0.15727551,0.21361808
2019-04-11,0.15727551,0.15727882,0.15727651,0.15727551,0.15727551,0.21361808
2019-04-12,0.090909086,0.090909086,0.090909086,0.090909086,0.54545456,0.090909086
2019-04-15,0.15727551,0.15727882,0.15727651,0.15727551,0.15727551,0.21361808
2019-04-16,0.16666077,0.16666077,0.16666077,0.16668718,0.16666077,0.16666977
2019-04-17,0.15727551,0.15727882,0.15727651,0.15727551,0.15727551,0.21361808
2019-04-18,0.37500003,0.125,0.125,0.125,0.125,0.125
2019-04-22,0.16666654,0.16666654,0.16666654,0.16666709,0.16666654,0.16666672
2019-04-23,0.16666652,0.16666652,0.16666652,0.16666715,0.16666652,0.16666673
2019-04-24,0.11111118,0.44444394,0.11111118,0.11111131,0.11111118,0.11111122
2019-04-25,0.16666633,0.16666633,0.16666633,0.16666788,0.16666633,0.16666685
2019-04-26,0.15727551,0.15727882,0.15727651,0.15727551,0.15727551,0.21361808
2019-04-29,0.15727551,0.15727882,0.15727651,0.15727551,0.15727551,0.21361808
2019-04-30,0.111113325,0.44442782,0.111113325,0.11111746,0.111113325,0.11111473
2019-05-01,0.111123234,0.44435358,0.111123234,0.11114582,0.111123234,0.11113093
2019-05-02,0.15727551,0.15727882,0.15727651,0.15727551,0.15727551,0.21361808
2019-05-03,0.15727551,0.15727882,0.15727651,0.15727551,0.15727551,0.21361808
2019-05-06,0.3749468,0.12500446,0.12500446,0.12502505,0.12500446,0.12501477
2019-05-07,0.15727551,0.15727882,0.15727651,0.15727551,0.15727551,0.21361808
2019-05-08,0.111130826,0.44429663,0.111130826,0.11116758,0.111130826,0.11114335
2019-05-09,0.15727551,0.15727882,0.15727651,0.15727551,0.15727551,0.21361808
2019-05-10,0.090909086,0.090909086,0.090909086,0.090909086,0.54545456,0.090909086
2019-05-13,0.090909086,0.090909086,0.090909086,0.090909086,0.54545456,0.090909086
2019-05-14,0.11117982,0.443929,0.11117982,0.111308075,0.11117982,0.11122352
2019-05-15,0.16666406,0.16666406,0.16666406,0.16667567,0.16666406,0.16666803
2019-05-16,0.15727551,0.15727882,0.15727651,0.15727551,0.15727551,0.21361808
2019-05-17,0.11111114,0.4444442,0.11111114,0.11111121,0.11111114,0.11111117
2019-05-20,0.15727551,0.15727882,0.15727651,0.15727551,0.15727551,0.21361808
2019-05-21,0.15727551,0.15727882,0.15727651,0.15727551,0.15727551,0.21361808
2019-05-22,0.11111111,0.4444444,0.11111111,0.11111113,0.11111111,0.11111111
2019-05-23,0.16666666,0.16666666,0.16666666,0.16666669,0.16666666,0.16666667
2019-05-24,0.16666666,0.16666666,0.16666666,0.1666667,0.16666666,0.16666667
2019-05-28,0.11111111,0.44444445,0.11111111,0.11111111,0.11111111,0.11111111
2019-05-29,0.1666666,0.1666666,0.1666666,0.16666692,0.1666666,0.16666672
2019-05-30,0.1111113,0.44444314,0.1111113,0.111111626,0.1111113,0.11111142
2019-05-31,0.090909116,0.090909116,0.090909116,0.09090913,0.54545444,0.09090913
2019-06-03,0.111115515,0.4444115,0.111115515,0.11112372,0.111115515,0.11111832
2019-06-04,0.15727551,0.15727882,0.15727651,0.15727551,0.15727551,0.21361808
2019-06-05,0.15727551,0.15727882,0.15727651,0.15727551,0.15727551,0.21361808
2019-06-06,0.1111229,0.44435593,0.1111229,0.11114489,0.1111229,0.1111304
2019-06-07,0.09090963,0.09090963,0.09090963,0.09091019,0.54545105,0.090909824
2019-06-10,0.37499952,0.12500004,0.12500004,0.12500024,0.12500004,0.12500013
2019-06-11,0.16665098,0.16665098,0.16665098,0.16672121,0.16665098,0.16667491
2019-06-12,0.16666159,0.16666159,0.16666159,0.16668431,0.16666159,0.16666932
2019-06-13,0.16666555,0.16666555,0.16666555,0.16667056,0.16666555,0.16666727
2019-06-14,0.37500003,0.125,0.125,0.125,0.125,0.125
2019-06-17,0.37500003,0.125,0.125,0.125,0.125,0.125
2019-06-18,0.16666666,0.16666666,0.16666666,0.16666669,0.16666666,0.16666667
2019-06-19,0.090909086,0.090909086,0.090909086,0.090909086,0.54545456,0.090909086
2019-06-20,0.15727551,0.15727882,0.15727651,0.15727551,0.15727551,0.21361808
2019-06-21,0.37500003,0.125,0.125,0.125,0.125,0.125
2019-06-24,0.090909086,0.090909086,0.090909086,0.090909086,0.54545456,0.090909086
2019-06-25,0.16666667,0.16666667,0.16666667,0.16666667,0.16666667,0.16666667
2019-06-26,0.15727551,0.15727882,0.15727651,0.15727551,0.15727551,0.21361808
2019-06-27,0.16666667,0.16666667,0.16666667,0.16666669,0.16666667,0.16666667
2019-06-28,0.37500003,0.125,0.125,0.125,0.125,0.125
2019-07-01,0.090909086,0.090909086,0.090909086,0.090909086,0.54545456,0.090909086
2019-07-02,0.090909086,0.090909086,0.090909086,0.090909086,0.54545456,0.090909086
2019-07-03,0.111111194,0.44444388,0.111111194,0.11111134,0.111111194,0.111111246
2019-07-05,0.1666663,0.1666663,0.1666663,0.16666792,0.1666663,0.16666685
2019-07-08,0.090909086,0.090909086,0.090909086,0.090909086,0.54545456,0.090909086
2019-07-09,0.37500003,0.125,0.125,0.125,0.125,0.125
2019-07-10,0.111111216,0.4444437,0.111111216,0.11111141,0.111111216,0.11111128
2019-07-11,0.090909086,0.090909086,0.090909086,0.090909086,0.54545456,0.090909086
2019-07-12,0.37500003,0.125,0.125,0.125,0.125,0.125
2019-07-15,0.15727551,0.15727882,0.15727651,0.15727551,0.15727551,0.21361808
2019-07-16,0.15727551,0.15727882,0.15727651,0.15727551,0.15727551,0.21361808
2019-07-17,0.090909086,0.090909086,0.090909086,0.090909086,0.54545456,0.090909086
2019-07-18,0.16666667,0.16666667,0.16666667,0.16666667,0.16666667,0.16666667
2019-07-19,0.090909086,0.090909086,0.090909086,0.090909086,0.54545456,0.090909086
2019-07-22,0.16666667,0.16666667,0.16666667,0.16666667,0.16666667,0.16666667
